label,class_id,confidence,x1,y1,x2,y2,domain,video_stem,frame_file,frame_id,source
person,0,0.7107711434364319,1051.5234375,66.38241577148438,1918.51318359375,1067.59619140625,artificial_jewellery,video_20260404_115542,frame_000030.jpg,000030,yolo
small_object_proposal,-1,1.0,1370.0,627.0,1443.0,695.0,artificial_jewellery,video_20260404_115542,frame_000030.jpg,000030,heuristic
small_object_proposal,-1,1.0,1501.0,568.0,1570.0,639.0,artificial_jewellery,video_20260404_115542,frame_000030.jpg,000030,heuristic
small_object_proposal,-1,1.0,31.0,269.0,90.0,351.0,artificial_jewellery,video_20260404_115542,frame_000030.jpg,000030,heuristic
small_object_proposal,-1,1.0,1372.0,822.0,1405.0,939.0,artificial_jewellery,video_20260404_115542,frame_000030.jpg,000030,heuristic
small_object_proposal,-1,1.0,1397.0,900.0,1441.0,982.0,artificial_jewellery,video_20260404_115542,frame_000030.jpg,000030,heuristic
small_object_proposal,-1,1.0,1076.0,1014.0,1145.0,1064.0,artificial_jewellery,video_20260404_115542,frame_000030.jpg,000030,heuristic
small_object_proposal,-1,1.0,1344.0,633.0,1403.0,691.0,artificial_jewellery,video_20260404_115542,frame_000030.jpg,000030,heuristic
small_object_proposal,-1,1.0,1701.0,806.0,1776.0,850.0,artificial_jewellery,video_20260404_115542,frame_000030.jpg,000030,heuristic
small_object_proposal,-1,1.0,1428.0,682.0,1500.0,724.0,artificial_jewellery,video_20260404_115542,frame_000030.jpg,000030,heuristic
small_object_proposal,-1,1.0,287.0,223.0,341.0,278.0,artificial_jewellery,video_20260404_115542,frame_000030.jpg,000030,heuristic
small_object_proposal,-1,1.0,1458.0,321.0,1511.0,375.0,artificial_jewellery,video_20260404_115542,frame_000030.jpg,000030,heuristic
small_object_proposal,-1,1.0,1311.0,136.0,1388.0,173.0,artificial_jewellery,video_20260404_115542,frame_000030.jpg,000030,heuristic
small_object_proposal,-1,1.0,441.0,597.0,467.0,703.0,artificial_jewellery,video_20260404_115542,frame_000030.jpg,000030,heuristic
small_object_proposal,-1,1.0,126.0,437.0,186.0,475.0,artificial_jewellery,video_20260404_115542,frame_000030.jpg,000030,heuristic
small_object_proposal,-1,1.0,627.0,236.0,674.0,283.0,artificial_jewellery,video_20260404_115542,frame_000030.jpg,000030,heuristic
small_object_proposal,-1,1.0,502.0,340.0,539.0,396.0,artificial_jewellery,video_20260404_115542,frame_000030.jpg,000030,heuristic
small_object_proposal,-1,1.0,1390.0,646.0,1430.0,697.0,artificial_jewellery,video_20260404_115542,frame_000030.jpg,000030,heuristic
small_object_proposal,-1,1.0,1200.0,982.0,1248.0,1023.0,artificial_jewellery,video_20260404_115542,frame_000030.jpg,000030,heuristic
small_object_proposal,-1,1.0,1327.0,989.0,1357.0,1051.0,artificial_jewellery,video_20260404_115542,frame_000030.jpg,000030,heuristic
small_object_proposal,-1,1.0,1408.0,680.0,1467.0,711.0,artificial_jewellery,video_20260404_115542,frame_000030.jpg,000030,heuristic
small_object_proposal,-1,1.0,917.0,218.0,1019.0,235.0,artificial_jewellery,video_20260404_115542,frame_000030.jpg,000030,heuristic
small_object_proposal,-1,1.0,350.0,177.0,389.0,220.0,artificial_jewellery,video_20260404_115542,frame_000030.jpg,000030,heuristic
small_object_proposal,-1,1.0,223.0,248.0,241.0,340.0,artificial_jewellery,video_20260404_115542,frame_000030.jpg,000030,heuristic
small_object_proposal,-1,1.0,1199.0,378.0,1243.0,415.0,artificial_jewellery,video_20260404_115542,frame_000030.jpg,000030,heuristic
small_object_proposal,-1,1.0,1047.0,729.0,1093.0,763.0,artificial_jewellery,video_20260404_115542,frame_000030.jpg,000030,heuristic
small_object_proposal,-1,1.0,425.0,439.0,459.0,485.0,artificial_jewellery,video_20260404_115542,frame_000030.jpg,000030,heuristic
small_object_proposal,-1,1.0,1121.0,749.0,1177.0,776.0,artificial_jewellery,video_20260404_115542,frame_000030.jpg,000030,heuristic
small_object_proposal,-1,1.0,411.0,235.0,443.0,282.0,artificial_jewellery,video_20260404_115542,frame_000030.jpg,000030,heuristic
small_object_proposal,-1,1.0,1560.0,550.0,1620.0,575.0,artificial_jewellery,video_20260404_115542,frame_000030.jpg,000030,heuristic
small_object_proposal,-1,1.0,1417.0,663.0,1468.0,692.0,artificial_jewellery,video_20260404_115542,frame_000030.jpg,000030,heuristic
person,0,0.4790762960910797,543.6307983398438,46.994384765625,1878.44970703125,1063.330322265625,artificial_jewellery,video_20260404_115542,frame_000060.jpg,000060,yolo
bowl,45,0.33105185627937317,1700.6268310546875,2.1370468139648438,1919.1060791015625,302.56982421875,artificial_jewellery,video_20260404_115542,frame_000060.jpg,000060,yolo
donut,54,0.28996264934539795,38.574440002441406,466.20147705078125,218.4806671142578,593.2406005859375,artificial_jewellery,video_20260404_115542,frame_000060.jpg,000060,yolo
small_object_proposal,-1,1.0,602.0,720.0,735.0,757.0,artificial_jewellery,video_20260404_115542,frame_000060.jpg,000060,heuristic
small_object_proposal,-1,1.0,1359.0,836.0,1396.0,960.0,artificial_jewellery,video_20260404_115542,frame_000060.jpg,000060,heuristic
small_object_proposal,-1,1.0,1687.0,831.0,1776.0,878.0,artificial_jewellery,video_20260404_115542,frame_000060.jpg,000060,heuristic
small_object_proposal,-1,1.0,1489.0,37.0,1554.0,100.0,artificial_jewellery,video_20260404_115542,frame_000060.jpg,000060,heuristic
small_object_proposal,-1,1.0,656.0,214.0,708.0,284.0,artificial_jewellery,video_20260404_115542,frame_000060.jpg,000060,heuristic
small_object_proposal,-1,1.0,1499.0,595.0,1557.0,657.0,artificial_jewellery,video_20260404_115542,frame_000060.jpg,000060,heuristic
small_object_proposal,-1,1.0,569.0,955.0,731.0,977.0,artificial_jewellery,video_20260404_115542,frame_000060.jpg,000060,heuristic
small_object_proposal,-1,1.0,1605.0,706.0,1655.0,775.0,artificial_jewellery,video_20260404_115542,frame_000060.jpg,000060,heuristic
small_object_proposal,-1,1.0,1327.0,648.0,1377.0,713.0,artificial_jewellery,video_20260404_115542,frame_000060.jpg,000060,heuristic
small_object_proposal,-1,1.0,1518.0,758.0,1619.0,790.0,artificial_jewellery,video_20260404_115542,frame_000060.jpg,000060,heuristic
small_object_proposal,-1,1.0,1075.0,1018.0,1138.0,1067.0,artificial_jewellery,video_20260404_115542,frame_000060.jpg,000060,heuristic
small_object_proposal,-1,1.0,1402.0,646.0,1491.0,679.0,artificial_jewellery,video_20260404_115542,frame_000060.jpg,000060,heuristic
small_object_proposal,-1,1.0,1181.0,939.0,1237.0,990.0,artificial_jewellery,video_20260404_115542,frame_000060.jpg,000060,heuristic
small_object_proposal,-1,1.0,1449.0,795.0,1505.0,845.0,artificial_jewellery,video_20260404_115542,frame_000060.jpg,000060,heuristic
small_object_proposal,-1,1.0,1462.0,350.0,1516.0,401.0,artificial_jewellery,video_20260404_115542,frame_000060.jpg,000060,heuristic
small_object_proposal,-1,1.0,1437.0,735.0,1504.0,765.0,artificial_jewellery,video_20260404_115542,frame_000060.jpg,000060,heuristic
small_object_proposal,-1,1.0,1558.0,563.0,1611.0,600.0,artificial_jewellery,video_20260404_115542,frame_000060.jpg,000060,heuristic
small_object_proposal,-1,1.0,942.0,227.0,1035.0,248.0,artificial_jewellery,video_20260404_115542,frame_000060.jpg,000060,heuristic
small_object_proposal,-1,1.0,1428.0,106.0,1487.0,139.0,artificial_jewellery,video_20260404_115542,frame_000060.jpg,000060,heuristic
small_object_proposal,-1,1.0,1322.0,1004.0,1353.0,1064.0,artificial_jewellery,video_20260404_115542,frame_000060.jpg,000060,heuristic
small_object_proposal,-1,1.0,914.0,1010.0,964.0,1047.0,artificial_jewellery,video_20260404_115542,frame_000060.jpg,000060,heuristic
small_object_proposal,-1,1.0,1193.0,988.0,1238.0,1029.0,artificial_jewellery,video_20260404_115542,frame_000060.jpg,000060,heuristic
small_object_proposal,-1,1.0,1406.0,81.0,1438.0,133.0,artificial_jewellery,video_20260404_115542,frame_000060.jpg,000060,heuristic
small_object_proposal,-1,1.0,1402.0,673.0,1458.0,701.0,artificial_jewellery,video_20260404_115542,frame_000060.jpg,000060,heuristic
small_object_proposal,-1,1.0,1099.0,783.0,1137.0,824.0,artificial_jewellery,video_20260404_115542,frame_000060.jpg,000060,heuristic
small_object_proposal,-1,1.0,1112.0,267.0,1144.0,313.0,artificial_jewellery,video_20260404_115542,frame_000060.jpg,000060,heuristic
small_object_proposal,-1,1.0,125.0,405.0,169.0,434.0,artificial_jewellery,video_20260404_115542,frame_000060.jpg,000060,heuristic
small_object_proposal,-1,1.0,412.0,66.0,459.0,93.0,artificial_jewellery,video_20260404_115542,frame_000060.jpg,000060,heuristic
small_object_proposal,-1,1.0,1129.0,960.0,1168.0,992.0,artificial_jewellery,video_20260404_115542,frame_000060.jpg,000060,heuristic
small_object_proposal,-1,1.0,1053.0,1014.0,1103.0,1037.0,artificial_jewellery,video_20260404_115542,frame_000060.jpg,000060,heuristic
person,0,0.6144738793373108,438.7935791015625,42.405303955078125,1875.5936279296875,1067.0654296875,artificial_jewellery,video_20260404_115542,frame_000090.jpg,000090,yolo
small_object_proposal,-1,1.0,967.0,52.0,1031.0,130.0,artificial_jewellery,video_20260404_115542,frame_000090.jpg,000090,heuristic
small_object_proposal,-1,1.0,1403.0,2.0,1463.0,84.0,artificial_jewellery,video_20260404_115542,frame_000090.jpg,000090,heuristic
small_object_proposal,-1,1.0,870.0,556.0,970.0,603.0,artificial_jewellery,video_20260404_115542,frame_000090.jpg,000090,heuristic
small_object_proposal,-1,1.0,1074.0,995.0,1136.0,1062.0,artificial_jewellery,video_20260404_115542,frame_000090.jpg,000090,heuristic
small_object_proposal,-1,1.0,1495.0,873.0,1616.0,906.0,artificial_jewellery,video_20260404_115542,frame_000090.jpg,000090,heuristic
small_object_proposal,-1,1.0,863.0,978.0,924.0,1037.0,artificial_jewellery,video_20260404_115542,frame_000090.jpg,000090,heuristic
small_object_proposal,-1,1.0,66.0,239.0,121.0,304.0,artificial_jewellery,video_20260404_115542,frame_000090.jpg,000090,heuristic
small_object_proposal,-1,1.0,1567.0,883.0,1643.0,929.0,artificial_jewellery,video_20260404_115542,frame_000090.jpg,000090,heuristic
small_object_proposal,-1,1.0,1785.0,13.0,1859.0,60.0,artificial_jewellery,video_20260404_115542,frame_000090.jpg,000090,heuristic
small_object_proposal,-1,1.0,635.0,177.0,685.0,244.0,artificial_jewellery,video_20260404_115542,frame_000090.jpg,000090,heuristic
small_object_proposal,-1,1.0,728.0,674.0,775.0,745.0,artificial_jewellery,video_20260404_115542,frame_000090.jpg,000090,heuristic
small_object_proposal,-1,1.0,254.0,184.0,290.0,269.0,artificial_jewellery,video_20260404_115542,frame_000090.jpg,000090,heuristic
small_object_proposal,-1,1.0,562.0,762.0,620.0,810.0,artificial_jewellery,video_20260404_115542,frame_000090.jpg,000090,heuristic
small_object_proposal,-1,1.0,1023.0,218.0,1080.0,262.0,artificial_jewellery,video_20260404_115542,frame_000090.jpg,000090,heuristic
small_object_proposal,-1,1.0,1293.0,941.0,1325.0,1019.0,artificial_jewellery,video_20260404_115542,frame_000090.jpg,000090,heuristic
small_object_proposal,-1,1.0,872.0,750.0,903.0,828.0,artificial_jewellery,video_20260404_115542,frame_000090.jpg,000090,heuristic
small_object_proposal,-1,1.0,1093.0,868.0,1159.0,904.0,artificial_jewellery,video_20260404_115542,frame_000090.jpg,000090,heuristic
small_object_proposal,-1,1.0,1309.0,16.0,1346.0,80.0,artificial_jewellery,video_20260404_115542,frame_000090.jpg,000090,heuristic
small_object_proposal,-1,1.0,1559.0,856.0,1618.0,893.0,artificial_jewellery,video_20260404_115542,frame_000090.jpg,000090,heuristic
small_object_proposal,-1,1.0,816.0,678.0,876.0,714.0,artificial_jewellery,video_20260404_115542,frame_000090.jpg,000090,heuristic
small_object_proposal,-1,1.0,1191.0,968.0,1239.0,1011.0,artificial_jewellery,video_20260404_115542,frame_000090.jpg,000090,heuristic
small_object_proposal,-1,1.0,1072.0,844.0,1121.0,885.0,artificial_jewellery,video_20260404_115542,frame_000090.jpg,000090,heuristic
small_object_proposal,-1,1.0,1543.0,775.0,1589.0,818.0,artificial_jewellery,video_20260404_115542,frame_000090.jpg,000090,heuristic
small_object_proposal,-1,1.0,533.0,825.0,577.0,865.0,artificial_jewellery,video_20260404_115542,frame_000090.jpg,000090,heuristic
small_object_proposal,-1,1.0,896.0,955.0,954.0,985.0,artificial_jewellery,video_20260404_115542,frame_000090.jpg,000090,heuristic
small_object_proposal,-1,1.0,62.0,310.0,120.0,340.0,artificial_jewellery,video_20260404_115542,frame_000090.jpg,000090,heuristic
small_object_proposal,-1,1.0,1443.0,309.0,1475.0,359.0,artificial_jewellery,video_20260404_115542,frame_000090.jpg,000090,heuristic
small_object_proposal,-1,1.0,1814.0,57.0,1861.0,91.0,artificial_jewellery,video_20260404_115542,frame_000090.jpg,000090,heuristic
small_object_proposal,-1,1.0,1812.0,242.0,1875.0,267.0,artificial_jewellery,video_20260404_115542,frame_000090.jpg,000090,heuristic
small_object_proposal,-1,1.0,1395.0,504.0,1435.0,543.0,artificial_jewellery,video_20260404_115542,frame_000090.jpg,000090,heuristic
small_object_proposal,-1,1.0,513.0,856.0,589.0,921.0,artificial_jewellery,video_20260404_115542,frame_000120.jpg,000120,heuristic
small_object_proposal,-1,1.0,1769.0,100.0,1832.0,177.0,artificial_jewellery,video_20260404_115542,frame_000120.jpg,000120,heuristic
small_object_proposal,-1,1.0,1112.0,800.0,1179.0,864.0,artificial_jewellery,video_20260404_115542,frame_000120.jpg,000120,heuristic
small_object_proposal,-1,1.0,1262.0,329.0,1300.0,441.0,artificial_jewellery,video_20260404_115542,frame_000120.jpg,000120,heuristic
small_object_proposal,-1,1.0,606.0,268.0,659.0,333.0,artificial_jewellery,video_20260404_115542,frame_000120.jpg,000120,heuristic
small_object_proposal,-1,1.0,1272.0,96.0,1303.0,200.0,artificial_jewellery,video_20260404_115542,frame_000120.jpg,000120,heuristic
small_object_proposal,-1,1.0,93.0,452.0,154.0,496.0,artificial_jewellery,video_20260404_115542,frame_000120.jpg,000120,heuristic
small_object_proposal,-1,1.0,1769.0,323.0,1842.0,355.0,artificial_jewellery,video_20260404_115542,frame_000120.jpg,000120,heuristic
small_object_proposal,-1,1.0,1250.0,224.0,1304.0,263.0,artificial_jewellery,video_20260404_115542,frame_000120.jpg,000120,heuristic
small_object_proposal,-1,1.0,1585.0,807.0,1682.0,824.0,artificial_jewellery,video_20260404_115542,frame_000120.jpg,000120,heuristic
small_object_proposal,-1,1.0,1069.0,996.0,1125.0,1025.0,artificial_jewellery,video_20260404_115542,frame_000120.jpg,000120,heuristic
small_object_proposal,-1,1.0,1474.0,673.0,1523.0,706.0,artificial_jewellery,video_20260404_115542,frame_000120.jpg,000120,heuristic
small_object_proposal,-1,1.0,128.0,961.0,146.0,1041.0,artificial_jewellery,video_20260404_115542,frame_000120.jpg,000120,heuristic
small_object_proposal,-1,1.0,1603.0,678.0,1644.0,713.0,artificial_jewellery,video_20260404_115542,frame_000120.jpg,000120,heuristic
small_object_proposal,-1,1.0,812.0,586.0,869.0,610.0,artificial_jewellery,video_20260404_115542,frame_000120.jpg,000120,heuristic
small_object_proposal,-1,1.0,1190.0,761.0,1225.0,800.0,artificial_jewellery,video_20260404_115542,frame_000120.jpg,000120,heuristic
small_object_proposal,-1,1.0,1322.0,466.0,1355.0,507.0,artificial_jewellery,video_20260404_115542,frame_000120.jpg,000120,heuristic
small_object_proposal,-1,1.0,62.0,102.0,78.0,186.0,artificial_jewellery,video_20260404_115542,frame_000120.jpg,000120,heuristic
small_object_proposal,-1,1.0,1249.0,42.0,1296.0,70.0,artificial_jewellery,video_20260404_115542,frame_000120.jpg,000120,heuristic
small_object_proposal,-1,1.0,377.0,130.0,423.0,156.0,artificial_jewellery,video_20260404_115542,frame_000120.jpg,000120,heuristic
small_object_proposal,-1,1.0,1045.0,932.0,1083.0,963.0,artificial_jewellery,video_20260404_115542,frame_000120.jpg,000120,heuristic
small_object_proposal,-1,1.0,1009.0,857.0,1040.0,892.0,artificial_jewellery,video_20260404_115542,frame_000120.jpg,000120,heuristic
small_object_proposal,-1,1.0,1518.0,826.0,1553.0,857.0,artificial_jewellery,video_20260404_115542,frame_000120.jpg,000120,heuristic
small_object_proposal,-1,1.0,953.0,29.0,979.0,70.0,artificial_jewellery,video_20260404_115542,frame_000120.jpg,000120,heuristic
small_object_proposal,-1,1.0,896.0,285.0,967.0,299.0,artificial_jewellery,video_20260404_115542,frame_000120.jpg,000120,heuristic
small_object_proposal,-1,1.0,1840.0,813.0,1863.0,854.0,artificial_jewellery,video_20260404_115542,frame_000120.jpg,000120,heuristic
small_object_proposal,-1,1.0,109.0,491.0,158.0,510.0,artificial_jewellery,video_20260404_115542,frame_000120.jpg,000120,heuristic
small_object_proposal,-1,1.0,1182.0,544.0,1220.0,568.0,artificial_jewellery,video_20260404_115542,frame_000120.jpg,000120,heuristic
small_object_proposal,-1,1.0,1021.0,1050.0,1062.0,1072.0,artificial_jewellery,video_20260404_115542,frame_000120.jpg,000120,heuristic
small_object_proposal,-1,1.0,75.0,286.0,104.0,317.0,artificial_jewellery,video_20260404_115542,frame_000120.jpg,000120,heuristic
person,0,0.4690355956554413,197.811767578125,6.111968994140625,1756.479248046875,1068.0355224609375,artificial_jewellery,video_20260404_115542,frame_000150.jpg,000150,yolo
small_object_proposal,-1,1.0,1354.0,424.0,1433.0,477.0,artificial_jewellery,video_20260404_115542,frame_000150.jpg,000150,heuristic
small_object_proposal,-1,1.0,1061.0,979.0,1114.0,1040.0,artificial_jewellery,video_20260404_115542,frame_000150.jpg,000150,heuristic
small_object_proposal,-1,1.0,1157.0,862.0,1190.0,957.0,artificial_jewellery,video_20260404_115542,frame_000150.jpg,000150,heuristic
small_object_proposal,-1,1.0,549.0,1006.0,594.0,1073.0,artificial_jewellery,video_20260404_115542,frame_000150.jpg,000150,heuristic
small_object_proposal,-1,1.0,22.0,205.0,70.0,263.0,artificial_jewellery,video_20260404_115542,frame_000150.jpg,000150,heuristic
small_object_proposal,-1,1.0,44.0,56.0,95.0,101.0,artificial_jewellery,video_20260404_115542,frame_000150.jpg,000150,heuristic
small_object_proposal,-1,1.0,1261.0,404.0,1313.0,448.0,artificial_jewellery,video_20260404_115542,frame_000150.jpg,000150,heuristic
small_object_proposal,-1,1.0,1763.0,120.0,1856.0,144.0,artificial_jewellery,video_20260404_115542,frame_000150.jpg,000150,heuristic
small_object_proposal,-1,1.0,1241.0,397.0,1274.0,464.0,artificial_jewellery,video_20260404_115542,frame_000150.jpg,000150,heuristic
small_object_proposal,-1,1.0,1184.0,817.0,1220.0,876.0,artificial_jewellery,video_20260404_115542,frame_000150.jpg,000150,heuristic
small_object_proposal,-1,1.0,1298.0,678.0,1360.0,712.0,artificial_jewellery,video_20260404_115542,frame_000150.jpg,000150,heuristic
small_object_proposal,-1,1.0,985.0,947.0,1031.0,992.0,artificial_jewellery,video_20260404_115542,frame_000150.jpg,000150,heuristic
small_object_proposal,-1,1.0,72.0,101.0,112.0,148.0,artificial_jewellery,video_20260404_115542,frame_000150.jpg,000150,heuristic
small_object_proposal,-1,1.0,1046.0,814.0,1070.0,889.0,artificial_jewellery,video_20260404_115542,frame_000150.jpg,000150,heuristic
small_object_proposal,-1,1.0,1016.0,809.0,1038.0,881.0,artificial_jewellery,video_20260404_115542,frame_000150.jpg,000150,heuristic
small_object_proposal,-1,1.0,1233.0,343.0,1265.0,384.0,artificial_jewellery,video_20260404_115542,frame_000150.jpg,000150,heuristic
small_object_proposal,-1,1.0,1156.0,2.0,1194.0,33.0,artificial_jewellery,video_20260404_115542,frame_000150.jpg,000150,heuristic
small_object_proposal,-1,1.0,1738.0,622.0,1774.0,654.0,artificial_jewellery,video_20260404_115542,frame_000150.jpg,000150,heuristic
small_object_proposal,-1,1.0,1275.0,203.0,1304.0,242.0,artificial_jewellery,video_20260404_115542,frame_000150.jpg,000150,heuristic
small_object_proposal,-1,1.0,979.0,114.0,1068.0,126.0,artificial_jewellery,video_20260404_115542,frame_000150.jpg,000150,heuristic
small_object_proposal,-1,1.0,1317.0,634.0,1338.0,680.0,artificial_jewellery,video_20260404_115542,frame_000150.jpg,000150,heuristic
small_object_proposal,-1,1.0,1175.0,377.0,1202.0,412.0,artificial_jewellery,video_20260404_115542,frame_000150.jpg,000150,heuristic
small_object_proposal,-1,1.0,1023.0,927.0,1054.0,956.0,artificial_jewellery,video_20260404_115542,frame_000150.jpg,000150,heuristic
small_object_proposal,-1,1.0,527.0,972.0,560.0,999.0,artificial_jewellery,video_20260404_115542,frame_000150.jpg,000150,heuristic
small_object_proposal,-1,1.0,1059.0,909.0,1092.0,936.0,artificial_jewellery,video_20260404_115542,frame_000150.jpg,000150,heuristic
small_object_proposal,-1,1.0,1800.0,150.0,1888.0,160.0,artificial_jewellery,video_20260404_115542,frame_000150.jpg,000150,heuristic
small_object_proposal,-1,1.0,934.0,1016.0,964.0,1042.0,artificial_jewellery,video_20260404_115542,frame_000150.jpg,000150,heuristic
small_object_proposal,-1,1.0,1456.0,135.0,1508.0,150.0,artificial_jewellery,video_20260404_115542,frame_000150.jpg,000150,heuristic
small_object_proposal,-1,1.0,495.0,952.0,531.0,972.0,artificial_jewellery,video_20260404_115542,frame_000150.jpg,000150,heuristic
small_object_proposal,-1,1.0,1117.0,582.0,1137.0,616.0,artificial_jewellery,video_20260404_115542,frame_000150.jpg,000150,heuristic
person,0,0.5234902501106262,486.56268310546875,234.49008178710938,1745.0203857421875,1068.6387939453125,artificial_jewellery,video_20260404_115542,frame_000180.jpg,000180,yolo
small_object_proposal,-1,1.0,1687.0,94.0,1821.0,128.0,artificial_jewellery,video_20260404_115542,frame_000180.jpg,000180,heuristic
small_object_proposal,-1,1.0,382.0,607.0,450.0,660.0,artificial_jewellery,video_20260404_115542,frame_000180.jpg,000180,heuristic
small_object_proposal,-1,1.0,1080.0,953.0,1132.0,1008.0,artificial_jewellery,video_20260404_115542,frame_000180.jpg,000180,heuristic
small_object_proposal,-1,1.0,1340.0,368.0,1417.0,405.0,artificial_jewellery,video_20260404_115542,frame_000180.jpg,000180,heuristic
small_object_proposal,-1,1.0,990.0,998.0,1029.0,1069.0,artificial_jewellery,video_20260404_115542,frame_000180.jpg,000180,heuristic
small_object_proposal,-1,1.0,400.0,942.0,471.0,977.0,artificial_jewellery,video_20260404_115542,frame_000180.jpg,000180,heuristic
small_object_proposal,-1,1.0,1032.0,369.0,1069.0,434.0,artificial_jewellery,video_20260404_115542,frame_000180.jpg,000180,heuristic
small_object_proposal,-1,1.0,1830.0,29.0,1870.0,85.0,artificial_jewellery,video_20260404_115542,frame_000180.jpg,000180,heuristic
small_object_proposal,-1,1.0,1258.0,173.0,1293.0,235.0,artificial_jewellery,video_20260404_115542,frame_000180.jpg,000180,heuristic
small_object_proposal,-1,1.0,1004.0,923.0,1051.0,965.0,artificial_jewellery,video_20260404_115542,frame_000180.jpg,000180,heuristic
small_object_proposal,-1,1.0,2.0,160.0,21.0,259.0,artificial_jewellery,video_20260404_115542,frame_000180.jpg,000180,heuristic
small_object_proposal,-1,1.0,1053.0,799.0,1079.0,871.0,artificial_jewellery,video_20260404_115542,frame_000180.jpg,000180,heuristic
small_object_proposal,-1,1.0,1134.0,916.0,1163.0,977.0,artificial_jewellery,video_20260404_115542,frame_000180.jpg,000180,heuristic
small_object_proposal,-1,1.0,644.0,1026.0,684.0,1069.0,artificial_jewellery,video_20260404_115542,frame_000180.jpg,000180,heuristic
small_object_proposal,-1,1.0,28.0,543.0,83.0,574.0,artificial_jewellery,video_20260404_115542,frame_000180.jpg,000180,heuristic
small_object_proposal,-1,1.0,567.0,950.0,612.0,986.0,artificial_jewellery,video_20260404_115542,frame_000180.jpg,000180,heuristic
small_object_proposal,-1,1.0,936.0,991.0,987.0,1021.0,artificial_jewellery,video_20260404_115542,frame_000180.jpg,000180,heuristic
small_object_proposal,-1,1.0,1135.0,557.0,1170.0,599.0,artificial_jewellery,video_20260404_115542,frame_000180.jpg,000180,heuristic
small_object_proposal,-1,1.0,1082.0,288.0,1115.0,332.0,artificial_jewellery,video_20260404_115542,frame_000180.jpg,000180,heuristic
small_object_proposal,-1,1.0,1167.0,194.0,1203.0,234.0,artificial_jewellery,video_20260404_115542,frame_000180.jpg,000180,heuristic
small_object_proposal,-1,1.0,414.0,122.0,472.0,146.0,artificial_jewellery,video_20260404_115542,frame_000180.jpg,000180,heuristic
small_object_proposal,-1,1.0,1001.0,529.0,1031.0,575.0,artificial_jewellery,video_20260404_115542,frame_000180.jpg,000180,heuristic
small_object_proposal,-1,1.0,1308.0,371.0,1336.0,416.0,artificial_jewellery,video_20260404_115542,frame_000180.jpg,000180,heuristic
small_object_proposal,-1,1.0,135.0,323.0,154.0,383.0,artificial_jewellery,video_20260404_115542,frame_000180.jpg,000180,heuristic
small_object_proposal,-1,1.0,1625.0,103.0,1686.0,121.0,artificial_jewellery,video_20260404_115542,frame_000180.jpg,000180,heuristic
small_object_proposal,-1,1.0,1029.0,809.0,1048.0,866.0,artificial_jewellery,video_20260404_115542,frame_000180.jpg,000180,heuristic
small_object_proposal,-1,1.0,245.0,678.0,264.0,731.0,artificial_jewellery,video_20260404_115542,frame_000180.jpg,000180,heuristic
small_object_proposal,-1,1.0,1039.0,317.0,1063.0,358.0,artificial_jewellery,video_20260404_115542,frame_000180.jpg,000180,heuristic
small_object_proposal,-1,1.0,1075.0,895.0,1106.0,925.0,artificial_jewellery,video_20260404_115542,frame_000180.jpg,000180,heuristic
small_object_proposal,-1,1.0,1329.0,261.0,1359.0,292.0,artificial_jewellery,video_20260404_115542,frame_000180.jpg,000180,heuristic
person,0,0.6389034390449524,146.63983154296875,30.895843505859375,1730.680419921875,1070.5263671875,artificial_jewellery,video_20260404_115542,frame_000210.jpg,000210,yolo
small_object_proposal,-1,1.0,406.0,991.0,494.0,1031.0,artificial_jewellery,video_20260404_115542,frame_000210.jpg,000210,heuristic
small_object_proposal,-1,1.0,845.0,869.0,910.0,920.0,artificial_jewellery,video_20260404_115542,frame_000210.jpg,000210,heuristic
small_object_proposal,-1,1.0,1038.0,788.0,1072.0,877.0,artificial_jewellery,video_20260404_115542,frame_000210.jpg,000210,heuristic
small_object_proposal,-1,1.0,1064.0,943.0,1117.0,1000.0,artificial_jewellery,video_20260404_115542,frame_000210.jpg,000210,heuristic
small_object_proposal,-1,1.0,1843.0,40.0,1915.0,78.0,artificial_jewellery,video_20260404_115542,frame_000210.jpg,000210,heuristic
small_object_proposal,-1,1.0,17.0,545.0,78.0,588.0,artificial_jewellery,video_20260404_115542,frame_000210.jpg,000210,heuristic
small_object_proposal,-1,1.0,1315.0,515.0,1400.0,543.0,artificial_jewellery,video_20260404_115542,frame_000210.jpg,000210,heuristic
small_object_proposal,-1,1.0,641.0,970.0,686.0,1022.0,artificial_jewellery,video_20260404_115542,frame_000210.jpg,000210,heuristic
small_object_proposal,-1,1.0,1818.0,14.0,1857.0,70.0,artificial_jewellery,video_20260404_115542,frame_000210.jpg,000210,heuristic
small_object_proposal,-1,1.0,1727.0,73.0,1813.0,97.0,artificial_jewellery,video_20260404_115542,frame_000210.jpg,000210,heuristic
small_object_proposal,-1,1.0,1262.0,424.0,1292.0,491.0,artificial_jewellery,video_20260404_115542,frame_000210.jpg,000210,heuristic
small_object_proposal,-1,1.0,986.0,918.0,1034.0,959.0,artificial_jewellery,video_20260404_115542,frame_000210.jpg,000210,heuristic
small_object_proposal,-1,1.0,976.0,994.0,1014.0,1045.0,artificial_jewellery,video_20260404_115542,frame_000210.jpg,000210,heuristic
small_object_proposal,-1,1.0,1245.0,176.0,1282.0,225.0,artificial_jewellery,video_20260404_115542,frame_000210.jpg,000210,heuristic
small_object_proposal,-1,1.0,922.0,986.0,973.0,1016.0,artificial_jewellery,video_20260404_115542,frame_000210.jpg,000210,heuristic
small_object_proposal,-1,1.0,1155.0,522.0,1178.0,577.0,artificial_jewellery,video_20260404_115542,frame_000210.jpg,000210,heuristic
small_object_proposal,-1,1.0,1154.0,185.0,1189.0,221.0,artificial_jewellery,video_20260404_115542,frame_000210.jpg,000210,heuristic
small_object_proposal,-1,1.0,386.0,1042.0,421.0,1075.0,artificial_jewellery,video_20260404_115542,frame_000210.jpg,000210,heuristic
small_object_proposal,-1,1.0,1191.0,409.0,1222.0,446.0,artificial_jewellery,video_20260404_115542,frame_000210.jpg,000210,heuristic
small_object_proposal,-1,1.0,1202.0,608.0,1217.0,675.0,artificial_jewellery,video_20260404_115542,frame_000210.jpg,000210,heuristic
small_object_proposal,-1,1.0,1130.0,234.0,1162.0,263.0,artificial_jewellery,video_20260404_115542,frame_000210.jpg,000210,heuristic
small_object_proposal,-1,1.0,343.0,335.0,370.0,369.0,artificial_jewellery,video_20260404_115542,frame_000210.jpg,000210,heuristic
small_object_proposal,-1,1.0,1334.0,409.0,1372.0,433.0,artificial_jewellery,video_20260404_115542,frame_000210.jpg,000210,heuristic
small_object_proposal,-1,1.0,1063.0,878.0,1093.0,908.0,artificial_jewellery,video_20260404_115542,frame_000210.jpg,000210,heuristic
small_object_proposal,-1,1.0,1023.0,897.0,1055.0,923.0,artificial_jewellery,video_20260404_115542,frame_000210.jpg,000210,heuristic
small_object_proposal,-1,1.0,1756.0,100.0,1848.0,109.0,artificial_jewellery,video_20260404_115542,frame_000210.jpg,000210,heuristic
small_object_proposal,-1,1.0,1301.0,201.0,1338.0,223.0,artificial_jewellery,video_20260404_115542,frame_000210.jpg,000210,heuristic
small_object_proposal,-1,1.0,1315.0,536.0,1342.0,566.0,artificial_jewellery,video_20260404_115542,frame_000210.jpg,000210,heuristic
small_object_proposal,-1,1.0,1423.0,102.0,1473.0,116.0,artificial_jewellery,video_20260404_115542,frame_000210.jpg,000210,heuristic
small_object_proposal,-1,1.0,699.0,1013.0,735.0,1032.0,artificial_jewellery,video_20260404_115542,frame_000210.jpg,000210,heuristic
person,0,0.46104708313941956,195.7584228515625,250.12921142578125,1748.7322998046875,1070.5023193359375,artificial_jewellery,video_20260404_115542,frame_000240.jpg,000240,yolo
small_object_proposal,-1,1.0,641.0,919.0,690.0,1000.0,artificial_jewellery,video_20260404_115542,frame_000240.jpg,000240,heuristic
small_object_proposal,-1,1.0,1378.0,633.0,1435.0,691.0,artificial_jewellery,video_20260404_115542,frame_000240.jpg,000240,heuristic
small_object_proposal,-1,1.0,1234.0,178.0,1294.0,232.0,artificial_jewellery,video_20260404_115542,frame_000240.jpg,000240,heuristic
small_object_proposal,-1,1.0,1169.0,187.0,1221.0,247.0,artificial_jewellery,video_20260404_115542,frame_000240.jpg,000240,heuristic
small_object_proposal,-1,1.0,1081.0,311.0,1118.0,394.0,artificial_jewellery,video_20260404_115542,frame_000240.jpg,000240,heuristic
small_object_proposal,-1,1.0,1087.0,945.0,1137.0,1001.0,artificial_jewellery,video_20260404_115542,frame_000240.jpg,000240,heuristic
small_object_proposal,-1,1.0,1352.0,547.0,1409.0,596.0,artificial_jewellery,video_20260404_115542,frame_000240.jpg,000240,heuristic
small_object_proposal,-1,1.0,25.0,541.0,86.0,585.0,artificial_jewellery,video_20260404_115542,frame_000240.jpg,000240,heuristic
small_object_proposal,-1,1.0,1145.0,411.0,1178.0,490.0,artificial_jewellery,video_20260404_115542,frame_000240.jpg,000240,heuristic
small_object_proposal,-1,1.0,1247.0,402.0,1295.0,455.0,artificial_jewellery,video_20260404_115542,frame_000240.jpg,000240,heuristic
small_object_proposal,-1,1.0,990.0,991.0,1036.0,1043.0,artificial_jewellery,video_20260404_115542,frame_000240.jpg,000240,heuristic
small_object_proposal,-1,1.0,1720.0,81.0,1826.0,103.0,artificial_jewellery,video_20260404_115542,frame_000240.jpg,000240,heuristic
small_object_proposal,-1,1.0,1009.0,916.0,1057.0,958.0,artificial_jewellery,video_20260404_115542,frame_000240.jpg,000240,heuristic
small_object_proposal,-1,1.0,1055.0,793.0,1082.0,865.0,artificial_jewellery,video_20260404_115542,frame_000240.jpg,000240,heuristic
small_object_proposal,-1,1.0,1391.0,683.0,1419.0,752.0,artificial_jewellery,video_20260404_115542,frame_000240.jpg,000240,heuristic
small_object_proposal,-1,1.0,1176.0,813.0,1229.0,848.0,artificial_jewellery,video_20260404_115542,frame_000240.jpg,000240,heuristic
small_object_proposal,-1,1.0,1283.0,484.0,1309.0,555.0,artificial_jewellery,video_20260404_115542,frame_000240.jpg,000240,heuristic
small_object_proposal,-1,1.0,1831.0,25.0,1866.0,77.0,artificial_jewellery,video_20260404_115542,frame_000240.jpg,000240,heuristic
small_object_proposal,-1,1.0,701.0,942.0,742.0,984.0,artificial_jewellery,video_20260404_115542,frame_000240.jpg,000240,heuristic
small_object_proposal,-1,1.0,1380.0,645.0,1411.0,687.0,artificial_jewellery,video_20260404_115542,frame_000240.jpg,000240,heuristic
small_object_proposal,-1,1.0,1342.0,614.0,1381.0,644.0,artificial_jewellery,video_20260404_115542,frame_000240.jpg,000240,heuristic
small_object_proposal,-1,1.0,1421.0,459.0,1471.0,482.0,artificial_jewellery,video_20260404_115542,frame_000240.jpg,000240,heuristic
small_object_proposal,-1,1.0,1218.0,206.0,1254.0,237.0,artificial_jewellery,video_20260404_115542,frame_000240.jpg,000240,heuristic
small_object_proposal,-1,1.0,984.0,517.0,1016.0,547.0,artificial_jewellery,video_20260404_115542,frame_000240.jpg,000240,heuristic
small_object_proposal,-1,1.0,1077.0,886.0,1108.0,916.0,artificial_jewellery,video_20260404_115542,frame_000240.jpg,000240,heuristic
small_object_proposal,-1,1.0,1220.0,469.0,1250.0,499.0,artificial_jewellery,video_20260404_115542,frame_000240.jpg,000240,heuristic
small_object_proposal,-1,1.0,984.0,464.0,1013.0,495.0,artificial_jewellery,video_20260404_115542,frame_000240.jpg,000240,heuristic
small_object_proposal,-1,1.0,1040.0,514.0,1067.0,546.0,artificial_jewellery,video_20260404_115542,frame_000240.jpg,000240,heuristic
small_object_proposal,-1,1.0,1362.0,301.0,1416.0,316.0,artificial_jewellery,video_20260404_115542,frame_000240.jpg,000240,heuristic
small_object_proposal,-1,1.0,1125.0,236.0,1164.0,256.0,artificial_jewellery,video_20260404_115542,frame_000240.jpg,000240,heuristic
person,0,0.5477555394172668,200.78704833984375,219.8221435546875,1781.6473388671875,1070.2501220703125,artificial_jewellery,video_20260404_115542,frame_000270.jpg,000270,yolo
small_object_proposal,-1,1.0,740.0,830.0,798.0,907.0,artificial_jewellery,video_20260404_115542,frame_000270.jpg,000270,heuristic
small_object_proposal,-1,1.0,956.0,988.0,1034.0,1045.0,artificial_jewellery,video_20260404_115542,frame_000270.jpg,000270,heuristic
small_object_proposal,-1,1.0,1240.0,154.0,1300.0,221.0,artificial_jewellery,video_20260404_115542,frame_000270.jpg,000270,heuristic
small_object_proposal,-1,1.0,422.0,894.0,538.0,925.0,artificial_jewellery,video_20260404_115542,frame_000270.jpg,000270,heuristic
small_object_proposal,-1,1.0,1406.0,684.0,1440.0,776.0,artificial_jewellery,video_20260404_115542,frame_000270.jpg,000270,heuristic
small_object_proposal,-1,1.0,174.0,875.0,244.0,919.0,artificial_jewellery,video_20260404_115542,frame_000270.jpg,000270,heuristic
small_object_proposal,-1,1.0,743.0,997.0,819.0,1037.0,artificial_jewellery,video_20260404_115542,frame_000270.jpg,000270,heuristic
small_object_proposal,-1,1.0,1310.0,405.0,1329.0,562.0,artificial_jewellery,video_20260404_115542,frame_000270.jpg,000270,heuristic
small_object_proposal,-1,1.0,954.0,491.0,1019.0,536.0,artificial_jewellery,video_20260404_115542,frame_000270.jpg,000270,heuristic
small_object_proposal,-1,1.0,1086.0,942.0,1137.0,998.0,artificial_jewellery,video_20260404_115542,frame_000270.jpg,000270,heuristic
small_object_proposal,-1,1.0,1401.0,624.0,1444.0,685.0,artificial_jewellery,video_20260404_115542,frame_000270.jpg,000270,heuristic
small_object_proposal,-1,1.0,976.0,450.0,1025.0,499.0,artificial_jewellery,video_20260404_115542,frame_000270.jpg,000270,heuristic
small_object_proposal,-1,1.0,1400.0,538.0,1447.0,589.0,artificial_jewellery,video_20260404_115542,frame_000270.jpg,000270,heuristic
small_object_proposal,-1,1.0,1179.0,801.0,1231.0,847.0,artificial_jewellery,video_20260404_115542,frame_000270.jpg,000270,heuristic
small_object_proposal,-1,1.0,1842.0,25.0,1878.0,89.0,artificial_jewellery,video_20260404_115542,frame_000270.jpg,000270,heuristic
small_object_proposal,-1,1.0,1270.0,405.0,1309.0,464.0,artificial_jewellery,video_20260404_115542,frame_000270.jpg,000270,heuristic
small_object_proposal,-1,1.0,1016.0,437.0,1073.0,475.0,artificial_jewellery,video_20260404_115542,frame_000270.jpg,000270,heuristic
small_object_proposal,-1,1.0,719.0,1006.0,770.0,1046.0,artificial_jewellery,video_20260404_115542,frame_000270.jpg,000270,heuristic
small_object_proposal,-1,1.0,1350.0,617.0,1404.0,654.0,artificial_jewellery,video_20260404_115542,frame_000270.jpg,000270,heuristic
small_object_proposal,-1,1.0,19.0,539.0,75.0,574.0,artificial_jewellery,video_20260404_115542,frame_000270.jpg,000270,heuristic
small_object_proposal,-1,1.0,1010.0,914.0,1056.0,955.0,artificial_jewellery,video_20260404_115542,frame_000270.jpg,000270,heuristic
small_object_proposal,-1,1.0,1058.0,790.0,1084.0,862.0,artificial_jewellery,video_20260404_115542,frame_000270.jpg,000270,heuristic
small_object_proposal,-1,1.0,1445.0,344.0,1519.0,369.0,artificial_jewellery,video_20260404_115542,frame_000270.jpg,000270,heuristic
small_object_proposal,-1,1.0,410.0,945.0,474.0,973.0,artificial_jewellery,video_20260404_115542,frame_000270.jpg,000270,heuristic
small_object_proposal,-1,1.0,1136.0,925.0,1175.0,970.0,artificial_jewellery,video_20260404_115542,frame_000270.jpg,000270,heuristic
small_object_proposal,-1,1.0,1366.0,356.0,1413.0,392.0,artificial_jewellery,video_20260404_115542,frame_000270.jpg,000270,heuristic
small_object_proposal,-1,1.0,724.0,939.0,762.0,983.0,artificial_jewellery,video_20260404_115542,frame_000270.jpg,000270,heuristic
small_object_proposal,-1,1.0,1225.0,373.0,1259.0,422.0,artificial_jewellery,video_20260404_115542,frame_000270.jpg,000270,heuristic
small_object_proposal,-1,1.0,1266.0,462.0,1296.0,517.0,artificial_jewellery,video_20260404_115542,frame_000270.jpg,000270,heuristic
small_object_proposal,-1,1.0,1729.0,86.0,1832.0,102.0,artificial_jewellery,video_20260404_115542,frame_000270.jpg,000270,heuristic
person,0,0.4689631164073944,241.480224609375,272.95513916015625,1755.2542724609375,1068.78369140625,artificial_jewellery,video_20260404_115542,frame_000300.jpg,000300,yolo
bed,59,0.36998239159584045,98.1925048828125,10.9244384765625,1769.578857421875,1075.408935546875,artificial_jewellery,video_20260404_115542,frame_000300.jpg,000300,yolo
small_object_proposal,-1,1.0,1242.0,204.0,1309.0,263.0,artificial_jewellery,video_20260404_115542,frame_000300.jpg,000300,heuristic
small_object_proposal,-1,1.0,1096.0,404.0,1183.0,449.0,artificial_jewellery,video_20260404_115542,frame_000300.jpg,000300,heuristic
small_object_proposal,-1,1.0,1638.0,1020.0,1719.0,1055.0,artificial_jewellery,video_20260404_115542,frame_000300.jpg,000300,heuristic
small_object_proposal,-1,1.0,1598.0,756.0,1637.0,827.0,artificial_jewellery,video_20260404_115542,frame_000300.jpg,000300,heuristic
small_object_proposal,-1,1.0,1382.0,704.0,1415.0,784.0,artificial_jewellery,video_20260404_115542,frame_000300.jpg,000300,heuristic
small_object_proposal,-1,1.0,1105.0,957.0,1155.0,1009.0,artificial_jewellery,video_20260404_115542,frame_000300.jpg,000300,heuristic
small_object_proposal,-1,1.0,1252.0,478.0,1299.0,531.0,artificial_jewellery,video_20260404_115542,frame_000300.jpg,000300,heuristic
small_object_proposal,-1,1.0,1082.0,280.0,1121.0,343.0,artificial_jewellery,video_20260404_115542,frame_000300.jpg,000300,heuristic
small_object_proposal,-1,1.0,1008.0,999.0,1053.0,1051.0,artificial_jewellery,video_20260404_115542,frame_000300.jpg,000300,heuristic
small_object_proposal,-1,1.0,1737.0,108.0,1843.0,130.0,artificial_jewellery,video_20260404_115542,frame_000300.jpg,000300,heuristic
small_object_proposal,-1,1.0,734.0,995.0,785.0,1040.0,artificial_jewellery,video_20260404_115542,frame_000300.jpg,000300,heuristic
small_object_proposal,-1,1.0,1191.0,218.0,1225.0,282.0,artificial_jewellery,video_20260404_115542,frame_000300.jpg,000300,heuristic
small_object_proposal,-1,1.0,786.0,1009.0,845.0,1045.0,artificial_jewellery,video_20260404_115542,frame_000300.jpg,000300,heuristic
small_object_proposal,-1,1.0,1055.0,526.0,1108.0,563.0,artificial_jewellery,video_20260404_115542,frame_000300.jpg,000300,heuristic
small_object_proposal,-1,1.0,1072.0,810.0,1098.0,882.0,artificial_jewellery,video_20260404_115542,frame_000300.jpg,000300,heuristic
small_object_proposal,-1,1.0,345.0,843.0,388.0,885.0,artificial_jewellery,video_20260404_115542,frame_000300.jpg,000300,heuristic
small_object_proposal,-1,1.0,1030.0,927.0,1075.0,966.0,artificial_jewellery,video_20260404_115542,frame_000300.jpg,000300,heuristic
small_object_proposal,-1,1.0,1364.0,605.0,1403.0,648.0,artificial_jewellery,video_20260404_115542,frame_000300.jpg,000300,heuristic
small_object_proposal,-1,1.0,1207.0,822.0,1244.0,867.0,artificial_jewellery,video_20260404_115542,frame_000300.jpg,000300,heuristic
small_object_proposal,-1,1.0,1151.0,926.0,1180.0,981.0,artificial_jewellery,video_20260404_115542,frame_000300.jpg,000300,heuristic
small_object_proposal,-1,1.0,28.0,220.0,50.0,281.0,artificial_jewellery,video_20260404_115542,frame_000300.jpg,000300,heuristic
small_object_proposal,-1,1.0,1376.0,407.0,1409.0,440.0,artificial_jewellery,video_20260404_115542,frame_000300.jpg,000300,heuristic
small_object_proposal,-1,1.0,185.0,4.0,222.0,31.0,artificial_jewellery,video_20260404_115542,frame_000300.jpg,000300,heuristic
small_object_proposal,-1,1.0,1140.0,258.0,1173.0,288.0,artificial_jewellery,video_20260404_115542,frame_000300.jpg,000300,heuristic
small_object_proposal,-1,1.0,1790.0,134.0,1880.0,145.0,artificial_jewellery,video_20260404_115542,frame_000300.jpg,000300,heuristic
small_object_proposal,-1,1.0,1016.0,524.0,1050.0,552.0,artificial_jewellery,video_20260404_115542,frame_000300.jpg,000300,heuristic
small_object_proposal,-1,1.0,207.0,102.0,250.0,124.0,artificial_jewellery,video_20260404_115542,frame_000300.jpg,000300,heuristic
small_object_proposal,-1,1.0,1096.0,904.0,1126.0,935.0,artificial_jewellery,video_20260404_115542,frame_000300.jpg,000300,heuristic
small_object_proposal,-1,1.0,1159.0,7.0,1190.0,35.0,artificial_jewellery,video_20260404_115542,frame_000300.jpg,000300,heuristic
small_object_proposal,-1,1.0,1365.0,585.0,1391.0,616.0,artificial_jewellery,video_20260404_115542,frame_000300.jpg,000300,heuristic
person,0,0.5885012745857239,243.9561767578125,3.889801025390625,1897.2528076171875,1064.3255615234375,artificial_jewellery,video_20260404_115542,frame_000330.jpg,000330,yolo
small_object_proposal,-1,1.0,995.0,1002.0,1062.0,1072.0,artificial_jewellery,video_20260404_115542,frame_000330.jpg,000330,heuristic
small_object_proposal,-1,1.0,1368.0,984.0,1494.0,1016.0,artificial_jewellery,video_20260404_115542,frame_000330.jpg,000330,heuristic
small_object_proposal,-1,1.0,406.0,944.0,474.0,1002.0,artificial_jewellery,video_20260404_115542,frame_000330.jpg,000330,heuristic
small_object_proposal,-1,1.0,474.0,165.0,531.0,232.0,artificial_jewellery,video_20260404_115542,frame_000330.jpg,000330,heuristic
small_object_proposal,-1,1.0,1534.0,907.0,1586.0,978.0,artificial_jewellery,video_20260404_115542,frame_000330.jpg,000330,heuristic
small_object_proposal,-1,1.0,440.0,760.0,516.0,808.0,artificial_jewellery,video_20260404_115542,frame_000330.jpg,000330,heuristic
small_object_proposal,-1,1.0,380.0,847.0,433.0,899.0,artificial_jewellery,video_20260404_115542,frame_000330.jpg,000330,heuristic
small_object_proposal,-1,1.0,1777.0,962.0,1917.0,980.0,artificial_jewellery,video_20260404_115542,frame_000330.jpg,000330,heuristic
small_object_proposal,-1,1.0,251.0,907.0,313.0,947.0,artificial_jewellery,video_20260404_115542,frame_000330.jpg,000330,heuristic
small_object_proposal,-1,1.0,1113.0,962.0,1161.0,1012.0,artificial_jewellery,video_20260404_115542,frame_000330.jpg,000330,heuristic
small_object_proposal,-1,1.0,1265.0,364.0,1297.0,429.0,artificial_jewellery,video_20260404_115542,frame_000330.jpg,000330,heuristic
small_object_proposal,-1,1.0,1285.0,206.0,1312.0,277.0,artificial_jewellery,video_20260404_115542,frame_000330.jpg,000330,heuristic
small_object_proposal,-1,1.0,1088.0,821.0,1113.0,892.0,artificial_jewellery,video_20260404_115542,frame_000330.jpg,000330,heuristic
small_object_proposal,-1,1.0,1041.0,932.0,1085.0,972.0,artificial_jewellery,video_20260404_115542,frame_000330.jpg,000330,heuristic
small_object_proposal,-1,1.0,751.0,968.0,793.0,1009.0,artificial_jewellery,video_20260404_115542,frame_000330.jpg,000330,heuristic
small_object_proposal,-1,1.0,1604.0,688.0,1694.0,706.0,artificial_jewellery,video_20260404_115542,frame_000330.jpg,000330,heuristic
small_object_proposal,-1,1.0,68.0,83.0,110.0,120.0,artificial_jewellery,video_20260404_115542,frame_000330.jpg,000330,heuristic
small_object_proposal,-1,1.0,84.0,250.0,108.0,312.0,artificial_jewellery,video_20260404_115542,frame_000330.jpg,000330,heuristic
small_object_proposal,-1,1.0,1162.0,942.0,1193.0,989.0,artificial_jewellery,video_20260404_115542,frame_000330.jpg,000330,heuristic
small_object_proposal,-1,1.0,1058.0,818.0,1081.0,881.0,artificial_jewellery,video_20260404_115542,frame_000330.jpg,000330,heuristic
small_object_proposal,-1,1.0,1344.0,625.0,1365.0,689.0,artificial_jewellery,video_20260404_115542,frame_000330.jpg,000330,heuristic
small_object_proposal,-1,1.0,235.0,46.0,282.0,72.0,artificial_jewellery,video_20260404_115542,frame_000330.jpg,000330,heuristic
small_object_proposal,-1,1.0,980.0,996.0,1023.0,1023.0,artificial_jewellery,video_20260404_115542,frame_000330.jpg,000330,heuristic
small_object_proposal,-1,1.0,1159.0,42.0,1195.0,71.0,artificial_jewellery,video_20260404_115542,frame_000330.jpg,000330,heuristic
small_object_proposal,-1,1.0,994.0,465.0,1032.0,490.0,artificial_jewellery,video_20260404_115542,frame_000330.jpg,000330,heuristic
small_object_proposal,-1,1.0,16.0,407.0,47.0,436.0,artificial_jewellery,video_20260404_115542,frame_000330.jpg,000330,heuristic
small_object_proposal,-1,1.0,128.0,55.0,144.0,106.0,artificial_jewellery,video_20260404_115542,frame_000330.jpg,000330,heuristic
small_object_proposal,-1,1.0,1200.0,243.0,1228.0,270.0,artificial_jewellery,video_20260404_115542,frame_000330.jpg,000330,heuristic
small_object_proposal,-1,1.0,1250.0,225.0,1283.0,247.0,artificial_jewellery,video_20260404_115542,frame_000330.jpg,000330,heuristic
small_object_proposal,-1,1.0,1173.0,377.0,1218.0,392.0,artificial_jewellery,video_20260404_115542,frame_000330.jpg,000330,heuristic
person,0,0.6478391885757446,233.0570068359375,25.4146728515625,1907.1075439453125,1067.1580810546875,artificial_jewellery,video_20260404_115542,frame_000360.jpg,000360,yolo
small_object_proposal,-1,1.0,18.0,165.0,112.0,214.0,artificial_jewellery,video_20260404_115542,frame_000360.jpg,000360,heuristic
small_object_proposal,-1,1.0,988.0,819.0,1059.0,883.0,artificial_jewellery,video_20260404_115542,frame_000360.jpg,000360,heuristic
small_object_proposal,-1,1.0,1299.0,374.0,1401.0,412.0,artificial_jewellery,video_20260404_115542,frame_000360.jpg,000360,heuristic
small_object_proposal,-1,1.0,479.0,178.0,536.0,245.0,artificial_jewellery,video_20260404_115542,frame_000360.jpg,000360,heuristic
small_object_proposal,-1,1.0,1362.0,992.0,1493.0,1018.0,artificial_jewellery,video_20260404_115542,frame_000360.jpg,000360,heuristic
small_object_proposal,-1,1.0,999.0,1019.0,1063.0,1071.0,artificial_jewellery,video_20260404_115542,frame_000360.jpg,000360,heuristic
small_object_proposal,-1,1.0,1378.0,1007.0,1478.0,1034.0,artificial_jewellery,video_20260404_115542,frame_000360.jpg,000360,heuristic
small_object_proposal,-1,1.0,1537.0,927.0,1575.0,998.0,artificial_jewellery,video_20260404_115542,frame_000360.jpg,000360,heuristic
small_object_proposal,-1,1.0,1114.0,979.0,1163.0,1028.0,artificial_jewellery,video_20260404_115542,frame_000360.jpg,000360,heuristic
small_object_proposal,-1,1.0,1265.0,239.0,1323.0,279.0,artificial_jewellery,video_20260404_115542,frame_000360.jpg,000360,heuristic
small_object_proposal,-1,1.0,1599.0,776.0,1635.0,836.0,artificial_jewellery,video_20260404_115542,frame_000360.jpg,000360,heuristic
small_object_proposal,-1,1.0,1339.0,469.0,1389.0,510.0,artificial_jewellery,video_20260404_115542,frame_000360.jpg,000360,heuristic
small_object_proposal,-1,1.0,1089.0,837.0,1115.0,911.0,artificial_jewellery,video_20260404_115542,frame_000360.jpg,000360,heuristic
small_object_proposal,-1,1.0,1756.0,145.0,1843.0,167.0,artificial_jewellery,video_20260404_115542,frame_000360.jpg,000360,heuristic
small_object_proposal,-1,1.0,1165.0,961.0,1200.0,1011.0,artificial_jewellery,video_20260404_115542,frame_000360.jpg,000360,heuristic
small_object_proposal,-1,1.0,1496.0,917.0,1548.0,950.0,artificial_jewellery,video_20260404_115542,frame_000360.jpg,000360,heuristic
small_object_proposal,-1,1.0,1575.0,588.0,1627.0,621.0,artificial_jewellery,video_20260404_115542,frame_000360.jpg,000360,heuristic
small_object_proposal,-1,1.0,1279.0,409.0,1324.0,446.0,artificial_jewellery,video_20260404_115542,frame_000360.jpg,000360,heuristic
small_object_proposal,-1,1.0,1042.0,949.0,1086.0,986.0,artificial_jewellery,video_20260404_115542,frame_000360.jpg,000360,heuristic
small_object_proposal,-1,1.0,242.0,53.0,288.0,85.0,artificial_jewellery,video_20260404_115542,frame_000360.jpg,000360,heuristic
small_object_proposal,-1,1.0,1282.0,879.0,1316.0,922.0,artificial_jewellery,video_20260404_115542,frame_000360.jpg,000360,heuristic
small_object_proposal,-1,1.0,975.0,1012.0,1023.0,1041.0,artificial_jewellery,video_20260404_115542,frame_000360.jpg,000360,heuristic
small_object_proposal,-1,1.0,1211.0,864.0,1260.0,892.0,artificial_jewellery,video_20260404_115542,frame_000360.jpg,000360,heuristic
small_object_proposal,-1,1.0,1062.0,834.0,1083.0,899.0,artificial_jewellery,video_20260404_115542,frame_000360.jpg,000360,heuristic
small_object_proposal,-1,1.0,1363.0,639.0,1392.0,686.0,artificial_jewellery,video_20260404_115542,frame_000360.jpg,000360,heuristic
small_object_proposal,-1,1.0,790.0,29.0,822.0,64.0,artificial_jewellery,video_20260404_115542,frame_000360.jpg,000360,heuristic
small_object_proposal,-1,1.0,1164.0,54.0,1200.0,84.0,artificial_jewellery,video_20260404_115542,frame_000360.jpg,000360,heuristic
small_object_proposal,-1,1.0,1353.0,357.0,1399.0,380.0,artificial_jewellery,video_20260404_115542,frame_000360.jpg,000360,heuristic
small_object_proposal,-1,1.0,1342.0,379.0,1392.0,397.0,artificial_jewellery,video_20260404_115542,frame_000360.jpg,000360,heuristic
small_object_proposal,-1,1.0,976.0,860.0,1007.0,889.0,artificial_jewellery,video_20260404_115542,frame_000360.jpg,000360,heuristic
person,0,0.7127431631088257,230.7777099609375,42.896484375,1912.6790771484375,1071.519287109375,artificial_jewellery,video_20260404_115542,frame_000390.jpg,000390,yolo
small_object_proposal,-1,1.0,1398.0,974.0,1528.0,1005.0,artificial_jewellery,video_20260404_115542,frame_000390.jpg,000390,heuristic
small_object_proposal,-1,1.0,482.0,150.0,540.0,217.0,artificial_jewellery,video_20260404_115542,frame_000390.jpg,000390,heuristic
small_object_proposal,-1,1.0,1630.0,603.0,1759.0,627.0,artificial_jewellery,video_20260404_115542,frame_000390.jpg,000390,heuristic
small_object_proposal,-1,1.0,1280.0,221.0,1336.0,275.0,artificial_jewellery,video_20260404_115542,frame_000390.jpg,000390,heuristic
small_object_proposal,-1,1.0,1294.0,850.0,1338.0,916.0,artificial_jewellery,video_20260404_115542,frame_000390.jpg,000390,heuristic
small_object_proposal,-1,1.0,1132.0,974.0,1181.0,1024.0,artificial_jewellery,video_20260404_115542,frame_000390.jpg,000390,heuristic
small_object_proposal,-1,1.0,1586.0,575.0,1647.0,615.0,artificial_jewellery,video_20260404_115542,frame_000390.jpg,000390,heuristic
small_object_proposal,-1,1.0,1219.0,843.0,1271.0,885.0,artificial_jewellery,video_20260404_115542,frame_000390.jpg,000390,heuristic
small_object_proposal,-1,1.0,412.0,811.0,464.0,853.0,artificial_jewellery,video_20260404_115542,frame_000390.jpg,000390,heuristic
small_object_proposal,-1,1.0,1098.0,827.0,1124.0,902.0,artificial_jewellery,video_20260404_115542,frame_000390.jpg,000390,heuristic
small_object_proposal,-1,1.0,1176.0,954.0,1214.0,1004.0,artificial_jewellery,video_20260404_115542,frame_000390.jpg,000390,heuristic
small_object_proposal,-1,1.0,738.0,941.0,788.0,976.0,artificial_jewellery,video_20260404_115542,frame_000390.jpg,000390,heuristic
small_object_proposal,-1,1.0,1061.0,940.0,1104.0,980.0,artificial_jewellery,video_20260404_115542,frame_000390.jpg,000390,heuristic
small_object_proposal,-1,1.0,729.0,960.0,784.0,990.0,artificial_jewellery,video_20260404_115542,frame_000390.jpg,000390,heuristic
small_object_proposal,-1,1.0,1873.0,81.0,1905.0,132.0,artificial_jewellery,video_20260404_115542,frame_000390.jpg,000390,heuristic
small_object_proposal,-1,1.0,983.0,1004.0,1039.0,1033.0,artificial_jewellery,video_20260404_115542,frame_000390.jpg,000390,heuristic
small_object_proposal,-1,1.0,1071.0,823.0,1092.0,894.0,artificial_jewellery,video_20260404_115542,frame_000390.jpg,000390,heuristic
small_object_proposal,-1,1.0,1112.0,447.0,1172.0,470.0,artificial_jewellery,video_20260404_115542,frame_000390.jpg,000390,heuristic
small_object_proposal,-1,1.0,1776.0,141.0,1862.0,157.0,artificial_jewellery,video_20260404_115542,frame_000390.jpg,000390,heuristic
small_object_proposal,-1,1.0,1220.0,261.0,1253.0,302.0,artificial_jewellery,video_20260404_115542,frame_000390.jpg,000390,heuristic
small_object_proposal,-1,1.0,1780.0,693.0,1817.0,729.0,artificial_jewellery,video_20260404_115542,frame_000390.jpg,000390,heuristic
small_object_proposal,-1,1.0,71.0,60.0,104.0,98.0,artificial_jewellery,video_20260404_115542,frame_000390.jpg,000390,heuristic
small_object_proposal,-1,1.0,429.0,928.0,475.0,954.0,artificial_jewellery,video_20260404_115542,frame_000390.jpg,000390,heuristic
small_object_proposal,-1,1.0,244.0,801.0,362.0,811.0,artificial_jewellery,video_20260404_115542,frame_000390.jpg,000390,heuristic
small_object_proposal,-1,1.0,1182.0,33.0,1217.0,65.0,artificial_jewellery,video_20260404_115542,frame_000390.jpg,000390,heuristic
small_object_proposal,-1,1.0,1683.0,148.0,1728.0,166.0,artificial_jewellery,video_20260404_115542,frame_000390.jpg,000390,heuristic
small_object_proposal,-1,1.0,1216.0,230.0,1238.0,266.0,artificial_jewellery,video_20260404_115542,frame_000390.jpg,000390,heuristic
small_object_proposal,-1,1.0,1095.0,924.0,1125.0,950.0,artificial_jewellery,video_20260404_115542,frame_000390.jpg,000390,heuristic
small_object_proposal,-1,1.0,1239.0,332.0,1265.0,361.0,artificial_jewellery,video_20260404_115542,frame_000390.jpg,000390,heuristic
small_object_proposal,-1,1.0,487.0,78.0,520.0,99.0,artificial_jewellery,video_20260404_115542,frame_000390.jpg,000390,heuristic
person,0,0.6979380249977112,259.290283203125,30.1160888671875,1732.2430419921875,1062.359375,artificial_jewellery,video_20260404_115542,frame_000420.jpg,000420,yolo
small_object_proposal,-1,1.0,1523.0,349.0,1616.0,399.0,artificial_jewellery,video_20260404_115542,frame_000420.jpg,000420,heuristic
small_object_proposal,-1,1.0,1447.0,716.0,1506.0,789.0,artificial_jewellery,video_20260404_115542,frame_000420.jpg,000420,heuristic
small_object_proposal,-1,1.0,462.0,157.0,519.0,225.0,artificial_jewellery,video_20260404_115542,frame_000420.jpg,000420,heuristic
small_object_proposal,-1,1.0,1677.0,458.0,1707.0,568.0,artificial_jewellery,video_20260404_115542,frame_000420.jpg,000420,heuristic
small_object_proposal,-1,1.0,1391.0,420.0,1426.0,495.0,artificial_jewellery,video_20260404_115542,frame_000420.jpg,000420,heuristic
small_object_proposal,-1,1.0,1108.0,971.0,1158.0,1023.0,artificial_jewellery,video_20260404_115542,frame_000420.jpg,000420,heuristic
small_object_proposal,-1,1.0,718.0,932.0,763.0,987.0,artificial_jewellery,video_20260404_115542,frame_000420.jpg,000420,heuristic
small_object_proposal,-1,1.0,1200.0,840.0,1252.0,886.0,artificial_jewellery,video_20260404_115542,frame_000420.jpg,000420,heuristic
small_object_proposal,-1,1.0,1259.0,226.0,1311.0,270.0,artificial_jewellery,video_20260404_115542,frame_000420.jpg,000420,heuristic
small_object_proposal,-1,1.0,1015.0,1012.0,1057.0,1064.0,artificial_jewellery,video_20260404_115542,frame_000420.jpg,000420,heuristic
small_object_proposal,-1,1.0,1733.0,138.0,1836.0,159.0,artificial_jewellery,video_20260404_115542,frame_000420.jpg,000420,heuristic
small_object_proposal,-1,1.0,1080.0,829.0,1107.0,902.0,artificial_jewellery,video_20260404_115542,frame_000420.jpg,000420,heuristic
small_object_proposal,-1,1.0,1035.0,941.0,1080.0,981.0,artificial_jewellery,video_20260404_115542,frame_000420.jpg,000420,heuristic
small_object_proposal,-1,1.0,1539.0,459.0,1586.0,496.0,artificial_jewellery,video_20260404_115542,frame_000420.jpg,000420,heuristic
small_object_proposal,-1,1.0,35.0,69.0,84.0,104.0,artificial_jewellery,video_20260404_115542,frame_000420.jpg,000420,heuristic
small_object_proposal,-1,1.0,1842.0,85.0,1876.0,135.0,artificial_jewellery,video_20260404_115542,frame_000420.jpg,000420,heuristic
small_object_proposal,-1,1.0,63.0,194.0,80.0,289.0,artificial_jewellery,video_20260404_115542,frame_000420.jpg,000420,heuristic
small_object_proposal,-1,1.0,965.0,1005.0,1017.0,1036.0,artificial_jewellery,video_20260404_115542,frame_000420.jpg,000420,heuristic
small_object_proposal,-1,1.0,423.0,981.0,487.0,1006.0,artificial_jewellery,video_20260404_115542,frame_000420.jpg,000420,heuristic
small_object_proposal,-1,1.0,34.0,46.0,82.0,79.0,artificial_jewellery,video_20260404_115542,frame_000420.jpg,000420,heuristic
small_object_proposal,-1,1.0,1154.0,390.0,1218.0,414.0,artificial_jewellery,video_20260404_115542,frame_000420.jpg,000420,heuristic
small_object_proposal,-1,1.0,1372.0,1029.0,1434.0,1050.0,artificial_jewellery,video_20260404_115542,frame_000420.jpg,000420,heuristic
small_object_proposal,-1,1.0,214.0,33.0,262.0,60.0,artificial_jewellery,video_20260404_115542,frame_000420.jpg,000420,heuristic
small_object_proposal,-1,1.0,358.0,857.0,394.0,892.0,artificial_jewellery,video_20260404_115542,frame_000420.jpg,000420,heuristic
small_object_proposal,-1,1.0,454.0,1017.0,495.0,1047.0,artificial_jewellery,video_20260404_115542,frame_000420.jpg,000420,heuristic
small_object_proposal,-1,1.0,1398.0,1044.0,1496.0,1056.0,artificial_jewellery,video_20260404_115542,frame_000420.jpg,000420,heuristic
small_object_proposal,-1,1.0,1235.0,642.0,1250.0,712.0,artificial_jewellery,video_20260404_115542,frame_000420.jpg,000420,heuristic
small_object_proposal,-1,1.0,1057.0,840.0,1075.0,892.0,artificial_jewellery,video_20260404_115542,frame_000420.jpg,000420,heuristic
small_object_proposal,-1,1.0,1162.0,957.0,1186.0,995.0,artificial_jewellery,video_20260404_115542,frame_000420.jpg,000420,heuristic
small_object_proposal,-1,1.0,233.0,164.0,268.0,190.0,artificial_jewellery,video_20260404_115542,frame_000420.jpg,000420,heuristic
person,0,0.5915001034736633,179.17803955078125,5.2547607421875,1752.3743896484375,1064.9879150390625,artificial_jewellery,video_20260404_115542,frame_000450.jpg,000450,yolo
small_object_proposal,-1,1.0,838.0,824.0,876.0,950.0,artificial_jewellery,video_20260404_115542,frame_000450.jpg,000450,heuristic
small_object_proposal,-1,1.0,1124.0,37.0,1185.0,108.0,artificial_jewellery,video_20260404_115542,frame_000450.jpg,000450,heuristic
small_object_proposal,-1,1.0,1121.0,372.0,1260.0,400.0,artificial_jewellery,video_20260404_115542,frame_000450.jpg,000450,heuristic
small_object_proposal,-1,1.0,1405.0,262.0,1431.0,379.0,artificial_jewellery,video_20260404_115542,frame_000450.jpg,000450,heuristic
small_object_proposal,-1,1.0,1673.0,192.0,1719.0,255.0,artificial_jewellery,video_20260404_115542,frame_000450.jpg,000450,heuristic
small_object_proposal,-1,1.0,1346.0,170.0,1420.0,206.0,artificial_jewellery,video_20260404_115542,frame_000450.jpg,000450,heuristic
small_object_proposal,-1,1.0,1272.0,221.0,1321.0,273.0,artificial_jewellery,video_20260404_115542,frame_000450.jpg,000450,heuristic
small_object_proposal,-1,1.0,1290.0,392.0,1385.0,418.0,artificial_jewellery,video_20260404_115542,frame_000450.jpg,000450,heuristic
small_object_proposal,-1,1.0,32.0,935.0,53.0,1050.0,artificial_jewellery,video_20260404_115542,frame_000450.jpg,000450,heuristic
small_object_proposal,-1,1.0,469.0,175.0,520.0,221.0,artificial_jewellery,video_20260404_115542,frame_000450.jpg,000450,heuristic
small_object_proposal,-1,1.0,1842.0,99.0,1875.0,159.0,artificial_jewellery,video_20260404_115542,frame_000450.jpg,000450,heuristic
small_object_proposal,-1,1.0,110.0,17.0,149.0,66.0,artificial_jewellery,video_20260404_115542,frame_000450.jpg,000450,heuristic
small_object_proposal,-1,1.0,1212.0,841.0,1260.0,880.0,artificial_jewellery,video_20260404_115542,frame_000450.jpg,000450,heuristic
small_object_proposal,-1,1.0,1165.0,499.0,1227.0,529.0,artificial_jewellery,video_20260404_115542,frame_000450.jpg,000450,heuristic
small_object_proposal,-1,1.0,1034.0,1018.0,1076.0,1061.0,artificial_jewellery,video_20260404_115542,frame_000450.jpg,000450,heuristic
small_object_proposal,-1,1.0,1385.0,492.0,1422.0,536.0,artificial_jewellery,video_20260404_115542,frame_000450.jpg,000450,heuristic
small_object_proposal,-1,1.0,361.0,863.0,401.0,902.0,artificial_jewellery,video_20260404_115542,frame_000450.jpg,000450,heuristic
small_object_proposal,-1,1.0,1755.0,152.0,1836.0,171.0,artificial_jewellery,video_20260404_115542,frame_000450.jpg,000450,heuristic
small_object_proposal,-1,1.0,8.0,423.0,40.0,470.0,artificial_jewellery,video_20260404_115542,frame_000450.jpg,000450,heuristic
small_object_proposal,-1,1.0,1230.0,443.0,1318.0,460.0,artificial_jewellery,video_20260404_115542,frame_000450.jpg,000450,heuristic
small_object_proposal,-1,1.0,1473.0,494.0,1528.0,520.0,artificial_jewellery,video_20260404_115542,frame_000450.jpg,000450,heuristic
small_object_proposal,-1,1.0,55.0,25.0,92.0,61.0,artificial_jewellery,video_20260404_115542,frame_000450.jpg,000450,heuristic
small_object_proposal,-1,1.0,470.0,152.0,527.0,175.0,artificial_jewellery,video_20260404_115542,frame_000450.jpg,000450,heuristic
small_object_proposal,-1,1.0,308.0,340.0,356.0,367.0,artificial_jewellery,video_20260404_115542,frame_000450.jpg,000450,heuristic
small_object_proposal,-1,1.0,987.0,1010.0,1034.0,1037.0,artificial_jewellery,video_20260404_115542,frame_000450.jpg,000450,heuristic
small_object_proposal,-1,1.0,1060.0,952.0,1099.0,984.0,artificial_jewellery,video_20260404_115542,frame_000450.jpg,000450,heuristic
small_object_proposal,-1,1.0,1003.0,154.0,1082.0,167.0,artificial_jewellery,video_20260404_115542,frame_000450.jpg,000450,heuristic
small_object_proposal,-1,1.0,16.0,15.0,58.0,39.0,artificial_jewellery,video_20260404_115542,frame_000450.jpg,000450,heuristic
small_object_proposal,-1,1.0,1646.0,162.0,1700.0,179.0,artificial_jewellery,video_20260404_115542,frame_000450.jpg,000450,heuristic
small_object_proposal,-1,1.0,1462.0,478.0,1509.0,496.0,artificial_jewellery,video_20260404_115542,frame_000450.jpg,000450,heuristic
person,0,0.631456196308136,205.67138671875,1.773651123046875,1913.9410400390625,1058.7037353515625,artificial_jewellery,video_20260404_115542,frame_000480.jpg,000480,yolo
small_object_proposal,-1,1.0,1519.0,771.0,1600.0,831.0,artificial_jewellery,video_20260404_115542,frame_000480.jpg,000480,heuristic
small_object_proposal,-1,1.0,1110.0,380.0,1220.0,421.0,artificial_jewellery,video_20260404_115542,frame_000480.jpg,000480,heuristic
small_object_proposal,-1,1.0,1634.0,592.0,1687.0,676.0,artificial_jewellery,video_20260404_115542,frame_000480.jpg,000480,heuristic
small_object_proposal,-1,1.0,1527.0,925.0,1589.0,996.0,artificial_jewellery,video_20260404_115542,frame_000480.jpg,000480,heuristic
small_object_proposal,-1,1.0,1639.0,580.0,1687.0,653.0,artificial_jewellery,video_20260404_115542,frame_000480.jpg,000480,heuristic
small_object_proposal,-1,1.0,1443.0,480.0,1518.0,526.0,artificial_jewellery,video_20260404_115542,frame_000480.jpg,000480,heuristic
small_object_proposal,-1,1.0,1533.0,416.0,1630.0,448.0,artificial_jewellery,video_20260404_115542,frame_000480.jpg,000480,heuristic
small_object_proposal,-1,1.0,1204.0,875.0,1236.0,969.0,artificial_jewellery,video_20260404_115542,frame_000480.jpg,000480,heuristic
small_object_proposal,-1,1.0,1274.0,234.0,1332.0,278.0,artificial_jewellery,video_20260404_115542,frame_000480.jpg,000480,heuristic
small_object_proposal,-1,1.0,1611.0,425.0,1710.0,450.0,artificial_jewellery,video_20260404_115542,frame_000480.jpg,000480,heuristic
small_object_proposal,-1,1.0,1131.0,968.0,1180.0,1016.0,artificial_jewellery,video_20260404_115542,frame_000480.jpg,000480,heuristic
small_object_proposal,-1,1.0,1479.0,923.0,1538.0,961.0,artificial_jewellery,video_20260404_115542,frame_000480.jpg,000480,heuristic
small_object_proposal,-1,1.0,1379.0,1004.0,1468.0,1029.0,artificial_jewellery,video_20260404_115542,frame_000480.jpg,000480,heuristic
small_object_proposal,-1,1.0,488.0,167.0,537.0,212.0,artificial_jewellery,video_20260404_115542,frame_000480.jpg,000480,heuristic
small_object_proposal,-1,1.0,200.0,114.0,236.0,175.0,artificial_jewellery,video_20260404_115542,frame_000480.jpg,000480,heuristic
small_object_proposal,-1,1.0,1587.0,689.0,1621.0,749.0,artificial_jewellery,video_20260404_115542,frame_000480.jpg,000480,heuristic
small_object_proposal,-1,1.0,1037.0,1002.0,1078.0,1051.0,artificial_jewellery,video_20260404_115542,frame_000480.jpg,000480,heuristic
small_object_proposal,-1,1.0,371.0,837.0,415.0,882.0,artificial_jewellery,video_20260404_115542,frame_000480.jpg,000480,heuristic
small_object_proposal,-1,1.0,1832.0,118.0,1866.0,172.0,artificial_jewellery,video_20260404_115542,frame_000480.jpg,000480,heuristic
small_object_proposal,-1,1.0,1304.0,397.0,1380.0,420.0,artificial_jewellery,video_20260404_115542,frame_000480.jpg,000480,heuristic
small_object_proposal,-1,1.0,1060.0,934.0,1104.0,973.0,artificial_jewellery,video_20260404_115542,frame_000480.jpg,000480,heuristic
small_object_proposal,-1,1.0,1733.0,167.0,1828.0,185.0,artificial_jewellery,video_20260404_115542,frame_000480.jpg,000480,heuristic
small_object_proposal,-1,1.0,268.0,159.0,305.0,204.0,artificial_jewellery,video_20260404_115542,frame_000480.jpg,000480,heuristic
small_object_proposal,-1,1.0,1076.0,357.0,1110.0,401.0,artificial_jewellery,video_20260404_115542,frame_000480.jpg,000480,heuristic
small_object_proposal,-1,1.0,986.0,995.0,1039.0,1023.0,artificial_jewellery,video_20260404_115542,frame_000480.jpg,000480,heuristic
small_object_proposal,-1,1.0,1422.0,487.0,1448.0,541.0,artificial_jewellery,video_20260404_115542,frame_000480.jpg,000480,heuristic
small_object_proposal,-1,1.0,1055.0,413.0,1102.0,440.0,artificial_jewellery,video_20260404_115542,frame_000480.jpg,000480,heuristic
small_object_proposal,-1,1.0,32.0,307.0,86.0,330.0,artificial_jewellery,video_20260404_115542,frame_000480.jpg,000480,heuristic
small_object_proposal,-1,1.0,1466.0,507.0,1513.0,533.0,artificial_jewellery,video_20260404_115542,frame_000480.jpg,000480,heuristic
small_object_proposal,-1,1.0,489.0,145.0,544.0,167.0,artificial_jewellery,video_20260404_115542,frame_000480.jpg,000480,heuristic
person,0,0.6442935466766357,234.65240478515625,1.10888671875,1896.4984130859375,1064.9521484375,artificial_jewellery,video_20260404_115542,frame_000510.jpg,000510,yolo
small_object_proposal,-1,1.0,1338.0,974.0,1476.0,1007.0,artificial_jewellery,video_20260404_115542,frame_000510.jpg,000510,heuristic
small_object_proposal,-1,1.0,1422.0,480.0,1497.0,539.0,artificial_jewellery,video_20260404_115542,frame_000510.jpg,000510,heuristic
small_object_proposal,-1,1.0,1724.0,690.0,1818.0,726.0,artificial_jewellery,video_20260404_115542,frame_000510.jpg,000510,heuristic
small_object_proposal,-1,1.0,1260.0,212.0,1320.0,258.0,artificial_jewellery,video_20260404_115542,frame_000510.jpg,000510,heuristic
small_object_proposal,-1,1.0,1100.0,960.0,1150.0,1011.0,artificial_jewellery,video_20260404_115542,frame_000510.jpg,000510,heuristic
small_object_proposal,-1,1.0,454.0,149.0,505.0,196.0,artificial_jewellery,video_20260404_115542,frame_000510.jpg,000510,heuristic
small_object_proposal,-1,1.0,701.0,960.0,764.0,998.0,artificial_jewellery,video_20260404_115542,frame_000510.jpg,000510,heuristic
small_object_proposal,-1,1.0,33.0,170.0,57.0,267.0,artificial_jewellery,video_20260404_115542,frame_000510.jpg,000510,heuristic
small_object_proposal,-1,1.0,1602.0,756.0,1631.0,836.0,artificial_jewellery,video_20260404_115542,frame_000510.jpg,000510,heuristic
small_object_proposal,-1,1.0,1355.0,600.0,1395.0,657.0,artificial_jewellery,video_20260404_115542,frame_000510.jpg,000510,heuristic
small_object_proposal,-1,1.0,1409.0,643.0,1448.0,699.0,artificial_jewellery,video_20260404_115542,frame_000510.jpg,000510,heuristic
small_object_proposal,-1,1.0,1362.0,1027.0,1494.0,1043.0,artificial_jewellery,video_20260404_115542,frame_000510.jpg,000510,heuristic
small_object_proposal,-1,1.0,1729.0,134.0,1832.0,154.0,artificial_jewellery,video_20260404_115542,frame_000510.jpg,000510,heuristic
small_object_proposal,-1,1.0,1008.0,999.0,1046.0,1050.0,artificial_jewellery,video_20260404_115542,frame_000510.jpg,000510,heuristic
small_object_proposal,-1,1.0,1073.0,815.0,1100.0,886.0,artificial_jewellery,video_20260404_115542,frame_000510.jpg,000510,heuristic
small_object_proposal,-1,1.0,1025.0,926.0,1071.0,967.0,artificial_jewellery,video_20260404_115542,frame_000510.jpg,000510,heuristic
small_object_proposal,-1,1.0,1638.0,145.0,1700.0,174.0,artificial_jewellery,video_20260404_115542,frame_000510.jpg,000510,heuristic
small_object_proposal,-1,1.0,121.0,231.0,149.0,293.0,artificial_jewellery,video_20260404_115542,frame_000510.jpg,000510,heuristic
small_object_proposal,-1,1.0,1047.0,811.0,1069.0,880.0,artificial_jewellery,video_20260404_115542,frame_000510.jpg,000510,heuristic
small_object_proposal,-1,1.0,957.0,991.0,1007.0,1019.0,artificial_jewellery,video_20260404_115542,frame_000510.jpg,000510,heuristic
small_object_proposal,-1,1.0,342.0,835.0,379.0,872.0,artificial_jewellery,video_20260404_115542,frame_000510.jpg,000510,heuristic
small_object_proposal,-1,1.0,1184.0,507.0,1230.0,534.0,artificial_jewellery,video_20260404_115542,frame_000510.jpg,000510,heuristic
small_object_proposal,-1,1.0,455.0,127.0,511.0,149.0,artificial_jewellery,video_20260404_115542,frame_000510.jpg,000510,heuristic
small_object_proposal,-1,1.0,1554.0,401.0,1598.0,427.0,artificial_jewellery,video_20260404_115542,frame_000510.jpg,000510,heuristic
small_object_proposal,-1,1.0,1141.0,522.0,1181.0,550.0,artificial_jewellery,video_20260404_115542,frame_000510.jpg,000510,heuristic
small_object_proposal,-1,1.0,344.0,363.0,377.0,391.0,artificial_jewellery,video_20260404_115542,frame_000510.jpg,000510,heuristic
small_object_proposal,-1,1.0,1061.0,909.0,1092.0,935.0,artificial_jewellery,video_20260404_115542,frame_000510.jpg,000510,heuristic
small_object_proposal,-1,1.0,664.0,894.0,682.0,937.0,artificial_jewellery,video_20260404_115542,frame_000510.jpg,000510,heuristic
small_object_proposal,-1,1.0,1338.0,243.0,1376.0,262.0,artificial_jewellery,video_20260404_115542,frame_000510.jpg,000510,heuristic
small_object_proposal,-1,1.0,743.0,988.0,788.0,1004.0,artificial_jewellery,video_20260404_115542,frame_000510.jpg,000510,heuristic
person,0,0.6693453192710876,58.6278076171875,10.8709716796875,1910.9107666015625,1066.3927001953125,artificial_jewellery,video_20260404_115542,frame_000540.jpg,000540,yolo
cake,55,0.3069547116756439,0.1077117919921875,481.2984924316406,235.95443725585938,779.2257080078125,artificial_jewellery,video_20260404_115542,frame_000540.jpg,000540,yolo
small_object_proposal,-1,1.0,1521.0,527.0,1596.0,590.0,artificial_jewellery,video_20260404_115542,frame_000540.jpg,000540,heuristic
small_object_proposal,-1,1.0,1202.0,520.0,1287.0,568.0,artificial_jewellery,video_20260404_115542,frame_000540.jpg,000540,heuristic
small_object_proposal,-1,1.0,1507.0,804.0,1576.0,857.0,artificial_jewellery,video_20260404_115542,frame_000540.jpg,000540,heuristic
small_object_proposal,-1,1.0,1843.0,46.0,1900.0,105.0,artificial_jewellery,video_20260404_115542,frame_000540.jpg,000540,heuristic
small_object_proposal,-1,1.0,1355.0,516.0,1404.0,581.0,artificial_jewellery,video_20260404_115542,frame_000540.jpg,000540,heuristic
small_object_proposal,-1,1.0,1509.0,895.0,1552.0,967.0,artificial_jewellery,video_20260404_115542,frame_000540.jpg,000540,heuristic
small_object_proposal,-1,1.0,1425.0,584.0,1472.0,648.0,artificial_jewellery,video_20260404_115542,frame_000540.jpg,000540,heuristic
small_object_proposal,-1,1.0,1175.0,813.0,1237.0,858.0,artificial_jewellery,video_20260404_115542,frame_000540.jpg,000540,heuristic
small_object_proposal,-1,1.0,1344.0,958.0,1475.0,979.0,artificial_jewellery,video_20260404_115542,frame_000540.jpg,000540,heuristic
small_object_proposal,-1,1.0,1087.0,946.0,1137.0,999.0,artificial_jewellery,video_20260404_115542,frame_000540.jpg,000540,heuristic
small_object_proposal,-1,1.0,1252.0,189.0,1308.0,235.0,artificial_jewellery,video_20260404_115542,frame_000540.jpg,000540,heuristic
small_object_proposal,-1,1.0,1385.0,527.0,1419.0,588.0,artificial_jewellery,video_20260404_115542,frame_000540.jpg,000540,heuristic
small_object_proposal,-1,1.0,995.0,989.0,1035.0,1040.0,artificial_jewellery,video_20260404_115542,frame_000540.jpg,000540,heuristic
small_object_proposal,-1,1.0,616.0,939.0,653.0,992.0,artificial_jewellery,video_20260404_115542,frame_000540.jpg,000540,heuristic
small_object_proposal,-1,1.0,1063.0,801.0,1090.0,872.0,artificial_jewellery,video_20260404_115542,frame_000540.jpg,000540,heuristic
small_object_proposal,-1,1.0,1013.0,917.0,1057.0,955.0,artificial_jewellery,video_20260404_115542,frame_000540.jpg,000540,heuristic
small_object_proposal,-1,1.0,38.0,525.0,91.0,556.0,artificial_jewellery,video_20260404_115542,frame_000540.jpg,000540,heuristic
small_object_proposal,-1,1.0,638.0,944.0,686.0,977.0,artificial_jewellery,video_20260404_115542,frame_000540.jpg,000540,heuristic
small_object_proposal,-1,1.0,1717.0,659.0,1748.0,710.0,artificial_jewellery,video_20260404_115542,frame_000540.jpg,000540,heuristic
small_object_proposal,-1,1.0,1756.0,110.0,1837.0,129.0,artificial_jewellery,video_20260404_115542,frame_000540.jpg,000540,heuristic
small_object_proposal,-1,1.0,1107.0,734.0,1147.0,768.0,artificial_jewellery,video_20260404_115542,frame_000540.jpg,000540,heuristic
small_object_proposal,-1,1.0,1429.0,480.0,1466.0,515.0,artificial_jewellery,video_20260404_115542,frame_000540.jpg,000540,heuristic
small_object_proposal,-1,1.0,951.0,981.0,993.0,1009.0,artificial_jewellery,video_20260404_115542,frame_000540.jpg,000540,heuristic
small_object_proposal,-1,1.0,1417.0,466.0,1475.0,486.0,artificial_jewellery,video_20260404_115542,frame_000540.jpg,000540,heuristic
small_object_proposal,-1,1.0,667.0,1023.0,700.0,1057.0,artificial_jewellery,video_20260404_115542,frame_000540.jpg,000540,heuristic
small_object_proposal,-1,1.0,340.0,32.0,366.0,74.0,artificial_jewellery,video_20260404_115542,frame_000540.jpg,000540,heuristic
small_object_proposal,-1,1.0,734.0,58.0,780.0,81.0,artificial_jewellery,video_20260404_115542,frame_000540.jpg,000540,heuristic
small_object_proposal,-1,1.0,1159.0,240.0,1194.0,269.0,artificial_jewellery,video_20260404_115542,frame_000540.jpg,000540,heuristic
small_object_proposal,-1,1.0,17.0,192.0,34.0,246.0,artificial_jewellery,video_20260404_115542,frame_000540.jpg,000540,heuristic
small_object_proposal,-1,1.0,1015.0,806.0,1037.0,847.0,artificial_jewellery,video_20260404_115542,frame_000540.jpg,000540,heuristic
person,0,0.43913087248802185,63.262939453125,4.436187744140625,1914.029296875,1069.429931640625,artificial_jewellery,video_20260404_115542,frame_000570.jpg,000570,yolo
donut,54,0.28437548875808716,0.6036758422851562,452.8040771484375,234.58177185058594,754.8643798828125,artificial_jewellery,video_20260404_115542,frame_000570.jpg,000570,yolo
small_object_proposal,-1,1.0,1349.0,943.0,1479.0,970.0,artificial_jewellery,video_20260404_115542,frame_000570.jpg,000570,heuristic
small_object_proposal,-1,1.0,1154.0,916.0,1206.0,982.0,artificial_jewellery,video_20260404_115542,frame_000570.jpg,000570,heuristic
small_object_proposal,-1,1.0,1355.0,956.0,1477.0,984.0,artificial_jewellery,video_20260404_115542,frame_000570.jpg,000570,heuristic
small_object_proposal,-1,1.0,659.0,912.0,717.0,967.0,artificial_jewellery,video_20260404_115542,frame_000570.jpg,000570,heuristic
small_object_proposal,-1,1.0,1260.0,164.0,1323.0,213.0,artificial_jewellery,video_20260404_115542,frame_000570.jpg,000570,heuristic
small_object_proposal,-1,1.0,732.0,943.0,823.0,976.0,artificial_jewellery,video_20260404_115542,frame_000570.jpg,000570,heuristic
small_object_proposal,-1,1.0,1515.0,881.0,1557.0,950.0,artificial_jewellery,video_20260404_115542,frame_000570.jpg,000570,heuristic
small_object_proposal,-1,1.0,1863.0,31.0,1907.0,95.0,artificial_jewellery,video_20260404_115542,frame_000570.jpg,000570,heuristic
small_object_proposal,-1,1.0,1098.0,930.0,1148.0,983.0,artificial_jewellery,video_20260404_115542,frame_000570.jpg,000570,heuristic
small_object_proposal,-1,1.0,1007.0,897.0,1068.0,940.0,artificial_jewellery,video_20260404_115542,frame_000570.jpg,000570,heuristic
small_object_proposal,-1,1.0,1002.0,970.0,1045.0,1025.0,artificial_jewellery,video_20260404_115542,frame_000570.jpg,000570,heuristic
small_object_proposal,-1,1.0,1649.0,96.0,1723.0,125.0,artificial_jewellery,video_20260404_115542,frame_000570.jpg,000570,heuristic
small_object_proposal,-1,1.0,594.0,837.0,624.0,897.0,artificial_jewellery,video_20260404_115542,frame_000570.jpg,000570,heuristic
small_object_proposal,-1,1.0,672.0,1001.0,721.0,1034.0,artificial_jewellery,video_20260404_115542,frame_000570.jpg,000570,heuristic
small_object_proposal,-1,1.0,1602.0,741.0,1634.0,791.0,artificial_jewellery,video_20260404_115542,frame_000570.jpg,000570,heuristic
small_object_proposal,-1,1.0,1507.0,611.0,1558.0,641.0,artificial_jewellery,video_20260404_115542,frame_000570.jpg,000570,heuristic
small_object_proposal,-1,1.0,1751.0,94.0,1853.0,109.0,artificial_jewellery,video_20260404_115542,frame_000570.jpg,000570,heuristic
small_object_proposal,-1,1.0,424.0,835.0,464.0,871.0,artificial_jewellery,video_20260404_115542,frame_000570.jpg,000570,heuristic
small_object_proposal,-1,1.0,828.0,16.0,879.0,41.0,artificial_jewellery,video_20260404_115542,frame_000570.jpg,000570,heuristic
small_object_proposal,-1,1.0,32.0,505.0,78.0,529.0,artificial_jewellery,video_20260404_115542,frame_000570.jpg,000570,heuristic
small_object_proposal,-1,1.0,1022.0,248.0,1048.0,286.0,artificial_jewellery,video_20260404_115542,frame_000570.jpg,000570,heuristic
small_object_proposal,-1,1.0,967.0,965.0,1002.0,991.0,artificial_jewellery,video_20260404_115542,frame_000570.jpg,000570,heuristic
small_object_proposal,-1,1.0,78.0,77.0,101.0,116.0,artificial_jewellery,video_20260404_115542,frame_000570.jpg,000570,heuristic
small_object_proposal,-1,1.0,1138.0,1040.0,1169.0,1068.0,artificial_jewellery,video_20260404_115542,frame_000570.jpg,000570,heuristic
small_object_proposal,-1,1.0,1257.0,195.0,1285.0,226.0,artificial_jewellery,video_20260404_115542,frame_000570.jpg,000570,heuristic
small_object_proposal,-1,1.0,1057.0,880.0,1089.0,907.0,artificial_jewellery,video_20260404_115542,frame_000570.jpg,000570,heuristic
small_object_proposal,-1,1.0,1066.0,298.0,1085.0,339.0,artificial_jewellery,video_20260404_115542,frame_000570.jpg,000570,heuristic
small_object_proposal,-1,1.0,1470.0,103.0,1520.0,118.0,artificial_jewellery,video_20260404_115542,frame_000570.jpg,000570,heuristic
small_object_proposal,-1,1.0,895.0,1049.0,923.0,1075.0,artificial_jewellery,video_20260404_115542,frame_000570.jpg,000570,heuristic
small_object_proposal,-1,1.0,484.0,328.0,522.0,345.0,artificial_jewellery,video_20260404_115542,frame_000570.jpg,000570,heuristic
person,0,0.6755982041358948,204.963134765625,27.80877685546875,1910.404541015625,1067.5880126953125,artificial_jewellery,video_20260404_115542,frame_000630.jpg,000630,yolo
person,0,0.2841218113899231,205.8380126953125,192.6097412109375,1278.4013671875,991.5421142578125,artificial_jewellery,video_20260404_115542,frame_000630.jpg,000630,yolo
small_object_proposal,-1,1.0,958.0,734.0,1027.0,800.0,artificial_jewellery,video_20260404_115542,frame_000630.jpg,000630,heuristic
small_object_proposal,-1,1.0,1499.0,866.0,1560.0,939.0,artificial_jewellery,video_20260404_115542,frame_000630.jpg,000630,heuristic
small_object_proposal,-1,1.0,913.0,709.0,985.0,766.0,artificial_jewellery,video_20260404_115542,frame_000630.jpg,000630,heuristic
small_object_proposal,-1,1.0,1225.0,489.0,1243.0,703.0,artificial_jewellery,video_20260404_115542,frame_000630.jpg,000630,heuristic
small_object_proposal,-1,1.0,1581.0,741.0,1626.0,826.0,artificial_jewellery,video_20260404_115542,frame_000630.jpg,000630,heuristic
small_object_proposal,-1,1.0,967.0,950.0,1034.0,1005.0,artificial_jewellery,video_20260404_115542,frame_000630.jpg,000630,heuristic
small_object_proposal,-1,1.0,638.0,957.0,694.0,1009.0,artificial_jewellery,video_20260404_115542,frame_000630.jpg,000630,heuristic
small_object_proposal,-1,1.0,1090.0,912.0,1141.0,968.0,artificial_jewellery,video_20260404_115542,frame_000630.jpg,000630,heuristic
small_object_proposal,-1,1.0,725.0,892.0,793.0,934.0,artificial_jewellery,video_20260404_115542,frame_000630.jpg,000630,heuristic
small_object_proposal,-1,1.0,467.0,562.0,551.0,592.0,artificial_jewellery,video_20260404_115542,frame_000630.jpg,000630,heuristic
small_object_proposal,-1,1.0,1054.0,754.0,1082.0,841.0,artificial_jewellery,video_20260404_115542,frame_000630.jpg,000630,heuristic
small_object_proposal,-1,1.0,1340.0,980.0,1461.0,998.0,artificial_jewellery,video_20260404_115542,frame_000630.jpg,000630,heuristic
small_object_proposal,-1,1.0,1848.0,818.0,1891.0,868.0,artificial_jewellery,video_20260404_115542,frame_000630.jpg,000630,heuristic
small_object_proposal,-1,1.0,1419.0,593.0,1459.0,645.0,artificial_jewellery,video_20260404_115542,frame_000630.jpg,000630,heuristic
small_object_proposal,-1,1.0,1015.0,877.0,1061.0,920.0,artificial_jewellery,video_20260404_115542,frame_000630.jpg,000630,heuristic
small_object_proposal,-1,1.0,1715.0,342.0,1767.0,380.0,artificial_jewellery,video_20260404_115542,frame_000630.jpg,000630,heuristic
small_object_proposal,-1,1.0,509.0,726.0,547.0,775.0,artificial_jewellery,video_20260404_115542,frame_000630.jpg,000630,heuristic
small_object_proposal,-1,1.0,1799.0,372.0,1839.0,417.0,artificial_jewellery,video_20260404_115542,frame_000630.jpg,000630,heuristic
small_object_proposal,-1,1.0,938.0,940.0,991.0,973.0,artificial_jewellery,video_20260404_115542,frame_000630.jpg,000630,heuristic
small_object_proposal,-1,1.0,770.0,941.0,810.0,981.0,artificial_jewellery,video_20260404_115542,frame_000630.jpg,000630,heuristic
small_object_proposal,-1,1.0,759.0,857.0,814.0,885.0,artificial_jewellery,video_20260404_115542,frame_000630.jpg,000630,heuristic
small_object_proposal,-1,1.0,1143.0,895.0,1188.0,929.0,artificial_jewellery,video_20260404_115542,frame_000630.jpg,000630,heuristic
small_object_proposal,-1,1.0,1028.0,749.0,1049.0,819.0,artificial_jewellery,video_20260404_115542,frame_000630.jpg,000630,heuristic
small_object_proposal,-1,1.0,707.0,874.0,743.0,913.0,artificial_jewellery,video_20260404_115542,frame_000630.jpg,000630,heuristic
small_object_proposal,-1,1.0,1317.0,131.0,1351.0,172.0,artificial_jewellery,video_20260404_115542,frame_000630.jpg,000630,heuristic
small_object_proposal,-1,1.0,128.0,22.0,186.0,46.0,artificial_jewellery,video_20260404_115542,frame_000630.jpg,000630,heuristic
small_object_proposal,-1,1.0,1512.0,401.0,1583.0,420.0,artificial_jewellery,video_20260404_115542,frame_000630.jpg,000630,heuristic
small_object_proposal,-1,1.0,1219.0,412.0,1269.0,436.0,artificial_jewellery,video_20260404_115542,frame_000630.jpg,000630,heuristic
small_object_proposal,-1,1.0,1163.0,180.0,1211.0,205.0,artificial_jewellery,video_20260404_115542,frame_000630.jpg,000630,heuristic
small_object_proposal,-1,1.0,1140.0,222.0,1173.0,258.0,artificial_jewellery,video_20260404_115542,frame_000630.jpg,000630,heuristic
person,0,0.290741890668869,9.78167724609375,5.01104736328125,1908.281982421875,1067.718505859375,artificial_jewellery,video_20260404_115542,frame_000690.jpg,000690,yolo
small_object_proposal,-1,1.0,1020.0,887.0,1095.0,951.0,artificial_jewellery,video_20260404_115542,frame_000690.jpg,000690,heuristic
small_object_proposal,-1,1.0,1240.0,920.0,1301.0,992.0,artificial_jewellery,video_20260404_115542,frame_000690.jpg,000690,heuristic
small_object_proposal,-1,1.0,1104.0,584.0,1188.0,636.0,artificial_jewellery,video_20260404_115542,frame_000690.jpg,000690,heuristic
small_object_proposal,-1,1.0,1453.0,727.0,1504.0,808.0,artificial_jewellery,video_20260404_115542,frame_000690.jpg,000690,heuristic
small_object_proposal,-1,1.0,497.0,175.0,568.0,232.0,artificial_jewellery,video_20260404_115542,frame_000690.jpg,000690,heuristic
small_object_proposal,-1,1.0,1203.0,845.0,1245.0,921.0,artificial_jewellery,video_20260404_115542,frame_000690.jpg,000690,heuristic
small_object_proposal,-1,1.0,810.0,850.0,890.0,888.0,artificial_jewellery,video_20260404_115542,frame_000690.jpg,000690,heuristic
small_object_proposal,-1,1.0,671.0,960.0,733.0,1009.0,artificial_jewellery,video_20260404_115542,frame_000690.jpg,000690,heuristic
small_object_proposal,-1,1.0,974.0,633.0,1017.0,701.0,artificial_jewellery,video_20260404_115542,frame_000690.jpg,000690,heuristic
small_object_proposal,-1,1.0,61.0,687.0,86.0,796.0,artificial_jewellery,video_20260404_115542,frame_000690.jpg,000690,heuristic
small_object_proposal,-1,1.0,443.0,899.0,500.0,946.0,artificial_jewellery,video_20260404_115542,frame_000690.jpg,000690,heuristic
small_object_proposal,-1,1.0,1068.0,819.0,1129.0,862.0,artificial_jewellery,video_20260404_115542,frame_000690.jpg,000690,heuristic
small_object_proposal,-1,1.0,850.0,779.0,888.0,848.0,artificial_jewellery,video_20260404_115542,frame_000690.jpg,000690,heuristic
small_object_proposal,-1,1.0,1176.0,573.0,1224.0,626.0,artificial_jewellery,video_20260404_115542,frame_000690.jpg,000690,heuristic
small_object_proposal,-1,1.0,1042.0,638.0,1089.0,692.0,artificial_jewellery,video_20260404_115542,frame_000690.jpg,000690,heuristic
small_object_proposal,-1,1.0,870.0,1016.0,917.0,1068.0,artificial_jewellery,video_20260404_115542,frame_000690.jpg,000690,heuristic
small_object_proposal,-1,1.0,20.0,915.0,62.0,972.0,artificial_jewellery,video_20260404_115542,frame_000690.jpg,000690,heuristic
small_object_proposal,-1,1.0,7.0,119.0,33.0,208.0,artificial_jewellery,video_20260404_115542,frame_000690.jpg,000690,heuristic
small_object_proposal,-1,1.0,1336.0,582.0,1359.0,679.0,artificial_jewellery,video_20260404_115542,frame_000690.jpg,000690,heuristic
small_object_proposal,-1,1.0,397.0,929.0,448.0,972.0,artificial_jewellery,video_20260404_115542,frame_000690.jpg,000690,heuristic
small_object_proposal,-1,1.0,215.0,967.0,250.0,1029.0,artificial_jewellery,video_20260404_115542,frame_000690.jpg,000690,heuristic
small_object_proposal,-1,1.0,1088.0,693.0,1161.0,722.0,artificial_jewellery,video_20260404_115542,frame_000690.jpg,000690,heuristic
small_object_proposal,-1,1.0,640.0,272.0,686.0,313.0,artificial_jewellery,video_20260404_115542,frame_000690.jpg,000690,heuristic
small_object_proposal,-1,1.0,1580.0,527.0,1619.0,573.0,artificial_jewellery,video_20260404_115542,frame_000690.jpg,000690,heuristic
small_object_proposal,-1,1.0,328.0,878.0,375.0,916.0,artificial_jewellery,video_20260404_115542,frame_000690.jpg,000690,heuristic
small_object_proposal,-1,1.0,1552.0,820.0,1635.0,841.0,artificial_jewellery,video_20260404_115542,frame_000690.jpg,000690,heuristic
small_object_proposal,-1,1.0,130.0,948.0,170.0,991.0,artificial_jewellery,video_20260404_115542,frame_000690.jpg,000690,heuristic
small_object_proposal,-1,1.0,28.0,670.0,47.0,760.0,artificial_jewellery,video_20260404_115542,frame_000690.jpg,000690,heuristic
small_object_proposal,-1,1.0,814.0,936.0,851.0,981.0,artificial_jewellery,video_20260404_115542,frame_000690.jpg,000690,heuristic
small_object_proposal,-1,1.0,1155.0,868.0,1193.0,911.0,artificial_jewellery,video_20260404_115542,frame_000690.jpg,000690,heuristic
pizza,53,0.27784743905067444,1.21197509765625,898.3538818359375,213.62681579589844,1080.0,artificial_jewellery,video_20260404_115542,frame_000720.jpg,000720,yolo
small_object_proposal,-1,1.0,94.0,591.0,129.0,723.0,artificial_jewellery,video_20260404_115542,frame_000720.jpg,000720,heuristic
small_object_proposal,-1,1.0,71.0,465.0,171.0,509.0,artificial_jewellery,video_20260404_115542,frame_000720.jpg,000720,heuristic
small_object_proposal,-1,1.0,183.0,353.0,227.0,446.0,artificial_jewellery,video_20260404_115542,frame_000720.jpg,000720,heuristic
small_object_proposal,-1,1.0,1388.0,940.0,1462.0,992.0,artificial_jewellery,video_20260404_115542,frame_000720.jpg,000720,heuristic
small_object_proposal,-1,1.0,1637.0,352.0,1696.0,416.0,artificial_jewellery,video_20260404_115542,frame_000720.jpg,000720,heuristic
small_object_proposal,-1,1.0,1499.0,735.0,1554.0,793.0,artificial_jewellery,video_20260404_115542,frame_000720.jpg,000720,heuristic
small_object_proposal,-1,1.0,1274.0,318.0,1325.0,380.0,artificial_jewellery,video_20260404_115542,frame_000720.jpg,000720,heuristic
small_object_proposal,-1,1.0,1369.0,411.0,1417.0,476.0,artificial_jewellery,video_20260404_115542,frame_000720.jpg,000720,heuristic
small_object_proposal,-1,1.0,813.0,1003.0,886.0,1044.0,artificial_jewellery,video_20260404_115542,frame_000720.jpg,000720,heuristic
small_object_proposal,-1,1.0,155.0,658.0,203.0,711.0,artificial_jewellery,video_20260404_115542,frame_000720.jpg,000720,heuristic
small_object_proposal,-1,1.0,102.0,994.0,150.0,1045.0,artificial_jewellery,video_20260404_115542,frame_000720.jpg,000720,heuristic
small_object_proposal,-1,1.0,1263.0,933.0,1289.0,1026.0,artificial_jewellery,video_20260404_115542,frame_000720.jpg,000720,heuristic
small_object_proposal,-1,1.0,546.0,27.0,611.0,63.0,artificial_jewellery,video_20260404_115542,frame_000720.jpg,000720,heuristic
small_object_proposal,-1,1.0,594.0,559.0,650.0,595.0,artificial_jewellery,video_20260404_115542,frame_000720.jpg,000720,heuristic
small_object_proposal,-1,1.0,1483.0,790.0,1523.0,840.0,artificial_jewellery,video_20260404_115542,frame_000720.jpg,000720,heuristic
small_object_proposal,-1,1.0,687.0,221.0,732.0,265.0,artificial_jewellery,video_20260404_115542,frame_000720.jpg,000720,heuristic
small_object_proposal,-1,1.0,72.0,482.0,118.0,523.0,artificial_jewellery,video_20260404_115542,frame_000720.jpg,000720,heuristic
small_object_proposal,-1,1.0,174.0,451.0,217.0,492.0,artificial_jewellery,video_20260404_115542,frame_000720.jpg,000720,heuristic
small_object_proposal,-1,1.0,1355.0,649.0,1420.0,675.0,artificial_jewellery,video_20260404_115542,frame_000720.jpg,000720,heuristic
small_object_proposal,-1,1.0,1083.0,130.0,1114.0,184.0,artificial_jewellery,video_20260404_115542,frame_000720.jpg,000720,heuristic
small_object_proposal,-1,1.0,463.0,150.0,505.0,185.0,artificial_jewellery,video_20260404_115542,frame_000720.jpg,000720,heuristic
small_object_proposal,-1,1.0,34.0,666.0,75.0,701.0,artificial_jewellery,video_20260404_115542,frame_000720.jpg,000720,heuristic
small_object_proposal,-1,1.0,1044.0,106.0,1072.0,157.0,artificial_jewellery,video_20260404_115542,frame_000720.jpg,000720,heuristic
small_object_proposal,-1,1.0,47.0,952.0,80.0,995.0,artificial_jewellery,video_20260404_115542,frame_000720.jpg,000720,heuristic
small_object_proposal,-1,1.0,1804.0,730.0,1890.0,746.0,artificial_jewellery,video_20260404_115542,frame_000720.jpg,000720,heuristic
small_object_proposal,-1,1.0,1255.0,541.0,1346.0,556.0,artificial_jewellery,video_20260404_115542,frame_000720.jpg,000720,heuristic
small_object_proposal,-1,1.0,1596.0,337.0,1625.0,383.0,artificial_jewellery,video_20260404_115542,frame_000720.jpg,000720,heuristic
small_object_proposal,-1,1.0,514.0,293.0,543.0,336.0,artificial_jewellery,video_20260404_115542,frame_000720.jpg,000720,heuristic
small_object_proposal,-1,1.0,548.0,62.0,597.0,87.0,artificial_jewellery,video_20260404_115542,frame_000720.jpg,000720,heuristic
small_object_proposal,-1,1.0,1562.0,838.0,1592.0,875.0,artificial_jewellery,video_20260404_115542,frame_000720.jpg,000720,heuristic
person,0,0.7085174322128296,105.781494140625,54.3372802734375,1814.6865234375,1066.60107421875,artificial_jewellery,video_20260404_115542,frame_000750.jpg,000750,yolo
small_object_proposal,-1,1.0,736.0,980.0,814.0,1041.0,artificial_jewellery,video_20260404_115542,frame_000750.jpg,000750,heuristic
small_object_proposal,-1,1.0,997.0,809.0,1079.0,867.0,artificial_jewellery,video_20260404_115542,frame_000750.jpg,000750,heuristic
small_object_proposal,-1,1.0,1561.0,874.0,1645.0,930.0,artificial_jewellery,video_20260404_115542,frame_000750.jpg,000750,heuristic
small_object_proposal,-1,1.0,1061.0,58.0,1161.0,103.0,artificial_jewellery,video_20260404_115542,frame_000750.jpg,000750,heuristic
small_object_proposal,-1,1.0,126.0,424.0,192.0,492.0,artificial_jewellery,video_20260404_115542,frame_000750.jpg,000750,heuristic
small_object_proposal,-1,1.0,1031.0,277.0,1108.0,332.0,artificial_jewellery,video_20260404_115542,frame_000750.jpg,000750,heuristic
small_object_proposal,-1,1.0,1780.0,164.0,1824.0,255.0,artificial_jewellery,video_20260404_115542,frame_000750.jpg,000750,heuristic
small_object_proposal,-1,1.0,969.0,684.0,1044.0,737.0,artificial_jewellery,video_20260404_115542,frame_000750.jpg,000750,heuristic
small_object_proposal,-1,1.0,1233.0,290.0,1293.0,356.0,artificial_jewellery,video_20260404_115542,frame_000750.jpg,000750,heuristic
small_object_proposal,-1,1.0,1800.0,642.0,1847.0,723.0,artificial_jewellery,video_20260404_115542,frame_000750.jpg,000750,heuristic
small_object_proposal,-1,1.0,1128.0,276.0,1159.0,392.0,artificial_jewellery,video_20260404_115542,frame_000750.jpg,000750,heuristic
small_object_proposal,-1,1.0,523.0,265.0,548.0,408.0,artificial_jewellery,video_20260404_115542,frame_000750.jpg,000750,heuristic
small_object_proposal,-1,1.0,1453.0,133.0,1536.0,176.0,artificial_jewellery,video_20260404_115542,frame_000750.jpg,000750,heuristic
small_object_proposal,-1,1.0,1548.0,339.0,1597.0,411.0,artificial_jewellery,video_20260404_115542,frame_000750.jpg,000750,heuristic
small_object_proposal,-1,1.0,1752.0,187.0,1805.0,252.0,artificial_jewellery,video_20260404_115542,frame_000750.jpg,000750,heuristic
small_object_proposal,-1,1.0,1707.0,315.0,1751.0,383.0,artificial_jewellery,video_20260404_115542,frame_000750.jpg,000750,heuristic
small_object_proposal,-1,1.0,1264.0,691.0,1301.0,771.0,artificial_jewellery,video_20260404_115542,frame_000750.jpg,000750,heuristic
small_object_proposal,-1,1.0,803.0,636.0,885.0,671.0,artificial_jewellery,video_20260404_115542,frame_000750.jpg,000750,heuristic
small_object_proposal,-1,1.0,501.0,78.0,558.0,128.0,artificial_jewellery,video_20260404_115542,frame_000750.jpg,000750,heuristic
small_object_proposal,-1,1.0,1699.0,179.0,1742.0,245.0,artificial_jewellery,video_20260404_115542,frame_000750.jpg,000750,heuristic
small_object_proposal,-1,1.0,1227.0,60.0,1318.0,90.0,artificial_jewellery,video_20260404_115542,frame_000750.jpg,000750,heuristic
small_object_proposal,-1,1.0,721.0,654.0,783.0,698.0,artificial_jewellery,video_20260404_115542,frame_000750.jpg,000750,heuristic
small_object_proposal,-1,1.0,202.0,69.0,270.0,109.0,artificial_jewellery,video_20260404_115542,frame_000750.jpg,000750,heuristic
small_object_proposal,-1,1.0,772.0,515.0,817.0,569.0,artificial_jewellery,video_20260404_115542,frame_000750.jpg,000750,heuristic
small_object_proposal,-1,1.0,506.0,298.0,527.0,411.0,artificial_jewellery,video_20260404_115542,frame_000750.jpg,000750,heuristic
small_object_proposal,-1,1.0,969.0,818.0,1019.0,865.0,artificial_jewellery,video_20260404_115542,frame_000750.jpg,000750,heuristic
small_object_proposal,-1,1.0,1672.0,817.0,1710.0,877.0,artificial_jewellery,video_20260404_115542,frame_000750.jpg,000750,heuristic
small_object_proposal,-1,1.0,1090.0,849.0,1117.0,928.0,artificial_jewellery,video_20260404_115542,frame_000750.jpg,000750,heuristic
small_object_proposal,-1,1.0,206.0,11.0,250.0,59.0,artificial_jewellery,video_20260404_115542,frame_000750.jpg,000750,heuristic
small_object_proposal,-1,1.0,1119.0,187.0,1156.0,243.0,artificial_jewellery,video_20260404_115542,frame_000750.jpg,000750,heuristic
person,0,0.6752294301986694,225.087158203125,0.0,1878.4171142578125,1069.55859375,artificial_jewellery,video_20260404_115542,frame_000810.jpg,000810,yolo
small_object_proposal,-1,1.0,1751.0,703.0,1802.0,799.0,artificial_jewellery,video_20260404_115542,frame_000810.jpg,000810,heuristic
small_object_proposal,-1,1.0,985.0,921.0,1067.0,980.0,artificial_jewellery,video_20260404_115542,frame_000810.jpg,000810,heuristic
small_object_proposal,-1,1.0,471.0,575.0,531.0,653.0,artificial_jewellery,video_20260404_115542,frame_000810.jpg,000810,heuristic
small_object_proposal,-1,1.0,1180.0,107.0,1245.0,172.0,artificial_jewellery,video_20260404_115542,frame_000810.jpg,000810,heuristic
small_object_proposal,-1,1.0,1294.0,830.0,1347.0,905.0,artificial_jewellery,video_20260404_115542,frame_000810.jpg,000810,heuristic
small_object_proposal,-1,1.0,1176.0,581.0,1227.0,656.0,artificial_jewellery,video_20260404_115542,frame_000810.jpg,000810,heuristic
small_object_proposal,-1,1.0,1033.0,842.0,1102.0,891.0,artificial_jewellery,video_20260404_115542,frame_000810.jpg,000810,heuristic
small_object_proposal,-1,1.0,517.0,653.0,586.0,700.0,artificial_jewellery,video_20260404_115542,frame_000810.jpg,000810,heuristic
small_object_proposal,-1,1.0,525.0,728.0,620.0,762.0,artificial_jewellery,video_20260404_115542,frame_000810.jpg,000810,heuristic
small_object_proposal,-1,1.0,1491.0,283.0,1611.0,309.0,artificial_jewellery,video_20260404_115542,frame_000810.jpg,000810,heuristic
small_object_proposal,-1,1.0,326.0,60.0,346.0,213.0,artificial_jewellery,video_20260404_115542,frame_000810.jpg,000810,heuristic
small_object_proposal,-1,1.0,1132.0,890.0,1185.0,945.0,artificial_jewellery,video_20260404_115542,frame_000810.jpg,000810,heuristic
small_object_proposal,-1,1.0,1460.0,218.0,1530.0,259.0,artificial_jewellery,video_20260404_115542,frame_000810.jpg,000810,heuristic
small_object_proposal,-1,1.0,474.0,1016.0,546.0,1051.0,artificial_jewellery,video_20260404_115542,frame_000810.jpg,000810,heuristic
small_object_proposal,-1,1.0,1126.0,503.0,1173.0,556.0,artificial_jewellery,video_20260404_115542,frame_000810.jpg,000810,heuristic
small_object_proposal,-1,1.0,1324.0,33.0,1392.0,69.0,artificial_jewellery,video_20260404_115542,frame_000810.jpg,000810,heuristic
small_object_proposal,-1,1.0,1271.0,45.0,1324.0,87.0,artificial_jewellery,video_20260404_115542,frame_000810.jpg,000810,heuristic
small_object_proposal,-1,1.0,1065.0,746.0,1105.0,800.0,artificial_jewellery,video_20260404_115542,frame_000810.jpg,000810,heuristic
small_object_proposal,-1,1.0,960.0,907.0,1022.0,940.0,artificial_jewellery,video_20260404_115542,frame_000810.jpg,000810,heuristic
small_object_proposal,-1,1.0,780.0,771.0,820.0,822.0,artificial_jewellery,video_20260404_115542,frame_000810.jpg,000810,heuristic
small_object_proposal,-1,1.0,1117.0,791.0,1144.0,861.0,artificial_jewellery,video_20260404_115542,frame_000810.jpg,000810,heuristic
small_object_proposal,-1,1.0,1652.0,896.0,1683.0,949.0,artificial_jewellery,video_20260404_115542,frame_000810.jpg,000810,heuristic
small_object_proposal,-1,1.0,1221.0,1017.0,1257.0,1061.0,artificial_jewellery,video_20260404_115542,frame_000810.jpg,000810,heuristic
small_object_proposal,-1,1.0,1069.0,675.0,1121.0,704.0,artificial_jewellery,video_20260404_115542,frame_000810.jpg,000810,heuristic
small_object_proposal,-1,1.0,1183.0,79.0,1209.0,135.0,artificial_jewellery,video_20260404_115542,frame_000810.jpg,000810,heuristic
small_object_proposal,-1,1.0,1221.0,42.0,1251.0,90.0,artificial_jewellery,video_20260404_115542,frame_000810.jpg,000810,heuristic
small_object_proposal,-1,1.0,327.0,782.0,345.0,858.0,artificial_jewellery,video_20260404_115542,frame_000810.jpg,000810,heuristic
small_object_proposal,-1,1.0,938.0,591.0,996.0,613.0,artificial_jewellery,video_20260404_115542,frame_000810.jpg,000810,heuristic
small_object_proposal,-1,1.0,1316.0,134.0,1351.0,170.0,artificial_jewellery,video_20260404_115542,frame_000810.jpg,000810,heuristic
small_object_proposal,-1,1.0,1566.0,805.0,1614.0,831.0,artificial_jewellery,video_20260404_115542,frame_000810.jpg,000810,heuristic
backpack,24,0.3036099970340729,936.74267578125,456.83563232421875,1799.474853515625,1067.0006103515625,artificial_jewellery,video_20260404_115542,frame_002850.jpg,002850,yolo
suitcase,28,0.26129281520843506,937.76220703125,458.6778564453125,1798.771728515625,1067.410888671875,artificial_jewellery,video_20260404_115542,frame_002850.jpg,002850,yolo
small_object_proposal,-1,1.0,432.0,300.0,475.0,405.0,artificial_jewellery,video_20260404_115542,frame_002850.jpg,002850,heuristic
small_object_proposal,-1,1.0,1326.0,209.0,1374.0,301.0,artificial_jewellery,video_20260404_115542,frame_002850.jpg,002850,heuristic
small_object_proposal,-1,1.0,1271.0,380.0,1325.0,460.0,artificial_jewellery,video_20260404_115542,frame_002850.jpg,002850,heuristic
small_object_proposal,-1,1.0,1102.0,332.0,1145.0,427.0,artificial_jewellery,video_20260404_115542,frame_002850.jpg,002850,heuristic
small_object_proposal,-1,1.0,126.0,29.0,179.0,104.0,artificial_jewellery,video_20260404_115542,frame_002850.jpg,002850,heuristic
small_object_proposal,-1,1.0,1292.0,809.0,1347.0,880.0,artificial_jewellery,video_20260404_115542,frame_002850.jpg,002850,heuristic
small_object_proposal,-1,1.0,753.0,963.0,804.0,1038.0,artificial_jewellery,video_20260404_115542,frame_002850.jpg,002850,heuristic
small_object_proposal,-1,1.0,433.0,40.0,495.0,98.0,artificial_jewellery,video_20260404_115542,frame_002850.jpg,002850,heuristic
small_object_proposal,-1,1.0,726.0,1037.0,815.0,1077.0,artificial_jewellery,video_20260404_115542,frame_002850.jpg,002850,heuristic
small_object_proposal,-1,1.0,1120.0,905.0,1158.0,989.0,artificial_jewellery,video_20260404_115542,frame_002850.jpg,002850,heuristic
small_object_proposal,-1,1.0,919.0,880.0,984.0,928.0,artificial_jewellery,video_20260404_115542,frame_002850.jpg,002850,heuristic
small_object_proposal,-1,1.0,880.0,756.0,934.0,813.0,artificial_jewellery,video_20260404_115542,frame_002850.jpg,002850,heuristic
small_object_proposal,-1,1.0,1007.0,987.0,1073.0,1032.0,artificial_jewellery,video_20260404_115542,frame_002850.jpg,002850,heuristic
small_object_proposal,-1,1.0,1272.0,251.0,1332.0,297.0,artificial_jewellery,video_20260404_115542,frame_002850.jpg,002850,heuristic
small_object_proposal,-1,1.0,1835.0,217.0,1855.0,355.0,artificial_jewellery,video_20260404_115542,frame_002850.jpg,002850,heuristic
small_object_proposal,-1,1.0,1099.0,798.0,1127.0,895.0,artificial_jewellery,video_20260404_115542,frame_002850.jpg,002850,heuristic
small_object_proposal,-1,1.0,1112.0,644.0,1152.0,711.0,artificial_jewellery,video_20260404_115542,frame_002850.jpg,002850,heuristic
small_object_proposal,-1,1.0,1054.0,905.0,1088.0,978.0,artificial_jewellery,video_20260404_115542,frame_002850.jpg,002850,heuristic
small_object_proposal,-1,1.0,77.0,99.0,129.0,145.0,artificial_jewellery,video_20260404_115542,frame_002850.jpg,002850,heuristic
small_object_proposal,-1,1.0,900.0,764.0,945.0,814.0,artificial_jewellery,video_20260404_115542,frame_002850.jpg,002850,heuristic
small_object_proposal,-1,1.0,483.0,860.0,542.0,896.0,artificial_jewellery,video_20260404_115542,frame_002850.jpg,002850,heuristic
small_object_proposal,-1,1.0,86.0,852.0,121.0,911.0,artificial_jewellery,video_20260404_115542,frame_002850.jpg,002850,heuristic
small_object_proposal,-1,1.0,11.0,437.0,60.0,479.0,artificial_jewellery,video_20260404_115542,frame_002850.jpg,002850,heuristic
small_object_proposal,-1,1.0,212.0,264.0,270.0,298.0,artificial_jewellery,video_20260404_115542,frame_002850.jpg,002850,heuristic
small_object_proposal,-1,1.0,1157.0,286.0,1196.0,336.0,artificial_jewellery,video_20260404_115542,frame_002850.jpg,002850,heuristic
small_object_proposal,-1,1.0,1537.0,949.0,1594.0,982.0,artificial_jewellery,video_20260404_115542,frame_002850.jpg,002850,heuristic
small_object_proposal,-1,1.0,1016.0,860.0,1051.0,912.0,artificial_jewellery,video_20260404_115542,frame_002850.jpg,002850,heuristic
small_object_proposal,-1,1.0,137.0,145.0,165.0,210.0,artificial_jewellery,video_20260404_115542,frame_002850.jpg,002850,heuristic
small_object_proposal,-1,1.0,1221.0,259.0,1267.0,298.0,artificial_jewellery,video_20260404_115542,frame_002850.jpg,002850,heuristic
small_object_proposal,-1,1.0,38.0,74.0,64.0,143.0,artificial_jewellery,video_20260404_115542,frame_002850.jpg,002850,heuristic
person,0,0.6612676382064819,69.2596435546875,12.74560546875,1917.35888671875,1064.546875,artificial_jewellery,video_20260404_115542,frame_003060.jpg,003060,yolo
pizza,53,0.25492823123931885,1011.71484375,456.1559143066406,1282.8768310546875,585.5962524414062,artificial_jewellery,video_20260404_115542,frame_003060.jpg,003060,yolo
small_object_proposal,-1,1.0,1189.0,212.0,1242.0,294.0,artificial_jewellery,video_20260404_115542,frame_003060.jpg,003060,heuristic
small_object_proposal,-1,1.0,1182.0,516.0,1230.0,603.0,artificial_jewellery,video_20260404_115542,frame_003060.jpg,003060,heuristic
small_object_proposal,-1,1.0,1470.0,67.0,1560.0,112.0,artificial_jewellery,video_20260404_115542,frame_003060.jpg,003060,heuristic
small_object_proposal,-1,1.0,1311.0,344.0,1402.0,387.0,artificial_jewellery,video_20260404_115542,frame_003060.jpg,003060,heuristic
small_object_proposal,-1,1.0,1266.0,660.0,1352.0,701.0,artificial_jewellery,video_20260404_115542,frame_003060.jpg,003060,heuristic
small_object_proposal,-1,1.0,1218.0,359.0,1310.0,397.0,artificial_jewellery,video_20260404_115542,frame_003060.jpg,003060,heuristic
small_object_proposal,-1,1.0,1426.0,449.0,1495.0,498.0,artificial_jewellery,video_20260404_115542,frame_003060.jpg,003060,heuristic
small_object_proposal,-1,1.0,1146.0,724.0,1197.0,790.0,artificial_jewellery,video_20260404_115542,frame_003060.jpg,003060,heuristic
small_object_proposal,-1,1.0,1078.0,805.0,1159.0,842.0,artificial_jewellery,video_20260404_115542,frame_003060.jpg,003060,heuristic
small_object_proposal,-1,1.0,1064.0,886.0,1108.0,943.0,artificial_jewellery,video_20260404_115542,frame_003060.jpg,003060,heuristic
small_object_proposal,-1,1.0,1640.0,835.0,1752.0,857.0,artificial_jewellery,video_20260404_115542,frame_003060.jpg,003060,heuristic
small_object_proposal,-1,1.0,1134.0,605.0,1190.0,648.0,artificial_jewellery,video_20260404_115542,frame_003060.jpg,003060,heuristic
small_object_proposal,-1,1.0,1671.0,405.0,1719.0,454.0,artificial_jewellery,video_20260404_115542,frame_003060.jpg,003060,heuristic
small_object_proposal,-1,1.0,1163.0,639.0,1194.0,710.0,artificial_jewellery,video_20260404_115542,frame_003060.jpg,003060,heuristic
small_object_proposal,-1,1.0,493.0,951.0,528.0,1012.0,artificial_jewellery,video_20260404_115542,frame_003060.jpg,003060,heuristic
small_object_proposal,-1,1.0,1810.0,51.0,1885.0,78.0,artificial_jewellery,video_20260404_115542,frame_003060.jpg,003060,heuristic
small_object_proposal,-1,1.0,85.0,63.0,119.0,122.0,artificial_jewellery,video_20260404_115542,frame_003060.jpg,003060,heuristic
small_object_proposal,-1,1.0,1207.0,539.0,1253.0,581.0,artificial_jewellery,video_20260404_115542,frame_003060.jpg,003060,heuristic
small_object_proposal,-1,1.0,1049.0,993.0,1097.0,1032.0,artificial_jewellery,video_20260404_115542,frame_003060.jpg,003060,heuristic
small_object_proposal,-1,1.0,1133.0,306.0,1161.0,371.0,artificial_jewellery,video_20260404_115542,frame_003060.jpg,003060,heuristic
small_object_proposal,-1,1.0,1122.0,933.0,1147.0,1001.0,artificial_jewellery,video_20260404_115542,frame_003060.jpg,003060,heuristic
small_object_proposal,-1,1.0,1304.0,599.0,1387.0,619.0,artificial_jewellery,video_20260404_115542,frame_003060.jpg,003060,heuristic
small_object_proposal,-1,1.0,1404.0,154.0,1437.0,203.0,artificial_jewellery,video_20260404_115542,frame_003060.jpg,003060,heuristic
small_object_proposal,-1,1.0,101.0,335.0,140.0,376.0,artificial_jewellery,video_20260404_115542,frame_003060.jpg,003060,heuristic
small_object_proposal,-1,1.0,347.0,210.0,357.0,367.0,artificial_jewellery,video_20260404_115542,frame_003060.jpg,003060,heuristic
small_object_proposal,-1,1.0,1366.0,181.0,1400.0,225.0,artificial_jewellery,video_20260404_115542,frame_003060.jpg,003060,heuristic
small_object_proposal,-1,1.0,101.0,396.0,158.0,420.0,artificial_jewellery,video_20260404_115542,frame_003060.jpg,003060,heuristic
small_object_proposal,-1,1.0,1367.0,143.0,1401.0,182.0,artificial_jewellery,video_20260404_115542,frame_003060.jpg,003060,heuristic
small_object_proposal,-1,1.0,938.0,801.0,978.0,834.0,artificial_jewellery,video_20260404_115542,frame_003060.jpg,003060,heuristic
small_object_proposal,-1,1.0,1751.0,821.0,1794.0,848.0,artificial_jewellery,video_20260404_115542,frame_003060.jpg,003060,heuristic
person,0,0.7369299530982971,392.5810546875,45.807861328125,1914.2410888671875,1061.0174560546875,artificial_jewellery,video_20260404_115542,frame_003090.jpg,003090,yolo
person,0,0.3160710334777832,421.694580078125,2.690826416015625,664.4497680664062,488.66802978515625,artificial_jewellery,video_20260404_115542,frame_003090.jpg,003090,yolo
small_object_proposal,-1,1.0,795.0,673.0,857.0,750.0,artificial_jewellery,video_20260404_115542,frame_003090.jpg,003090,heuristic
small_object_proposal,-1,1.0,444.0,345.0,479.0,481.0,artificial_jewellery,video_20260404_115542,frame_003090.jpg,003090,heuristic
small_object_proposal,-1,1.0,1313.0,630.0,1336.0,823.0,artificial_jewellery,video_20260404_115542,frame_003090.jpg,003090,heuristic
small_object_proposal,-1,1.0,1073.0,669.0,1144.0,728.0,artificial_jewellery,video_20260404_115542,frame_003090.jpg,003090,heuristic
small_object_proposal,-1,1.0,1080.0,745.0,1154.0,801.0,artificial_jewellery,video_20260404_115542,frame_003090.jpg,003090,heuristic
small_object_proposal,-1,1.0,1307.0,847.0,1351.0,939.0,artificial_jewellery,video_20260404_115542,frame_003090.jpg,003090,heuristic
small_object_proposal,-1,1.0,558.0,803.0,614.0,873.0,artificial_jewellery,video_20260404_115542,frame_003090.jpg,003090,heuristic
small_object_proposal,-1,1.0,66.0,18.0,108.0,95.0,artificial_jewellery,video_20260404_115542,frame_003090.jpg,003090,heuristic
small_object_proposal,-1,1.0,1689.0,414.0,1749.0,463.0,artificial_jewellery,video_20260404_115542,frame_003090.jpg,003090,heuristic
small_object_proposal,-1,1.0,1149.0,1007.0,1196.0,1062.0,artificial_jewellery,video_20260404_115542,frame_003090.jpg,003090,heuristic
small_object_proposal,-1,1.0,1220.0,558.0,1270.0,608.0,artificial_jewellery,video_20260404_115542,frame_003090.jpg,003090,heuristic
small_object_proposal,-1,1.0,1167.0,801.0,1191.0,903.0,artificial_jewellery,video_20260404_115542,frame_003090.jpg,003090,heuristic
small_object_proposal,-1,1.0,1568.0,807.0,1616.0,854.0,artificial_jewellery,video_20260404_115542,frame_003090.jpg,003090,heuristic
small_object_proposal,-1,1.0,1362.0,730.0,1386.0,824.0,artificial_jewellery,video_20260404_115542,frame_003090.jpg,003090,heuristic
small_object_proposal,-1,1.0,1083.0,877.0,1129.0,926.0,artificial_jewellery,video_20260404_115542,frame_003090.jpg,003090,heuristic
small_object_proposal,-1,1.0,950.0,783.0,1000.0,828.0,artificial_jewellery,video_20260404_115542,frame_003090.jpg,003090,heuristic
small_object_proposal,-1,1.0,1129.0,921.0,1162.0,981.0,artificial_jewellery,video_20260404_115542,frame_003090.jpg,003090,heuristic
small_object_proposal,-1,1.0,84.0,298.0,116.0,358.0,artificial_jewellery,video_20260404_115542,frame_003090.jpg,003090,heuristic
small_object_proposal,-1,1.0,966.0,787.0,1011.0,829.0,artificial_jewellery,video_20260404_115542,frame_003090.jpg,003090,heuristic
small_object_proposal,-1,1.0,1864.0,397.0,1896.0,454.0,artificial_jewellery,video_20260404_115542,frame_003090.jpg,003090,heuristic
small_object_proposal,-1,1.0,1074.0,972.0,1119.0,1011.0,artificial_jewellery,video_20260404_115542,frame_003090.jpg,003090,heuristic
small_object_proposal,-1,1.0,588.0,806.0,628.0,849.0,artificial_jewellery,video_20260404_115542,frame_003090.jpg,003090,heuristic
small_object_proposal,-1,1.0,1182.0,645.0,1210.0,706.0,artificial_jewellery,video_20260404_115542,frame_003090.jpg,003090,heuristic
small_object_proposal,-1,1.0,1601.0,526.0,1644.0,565.0,artificial_jewellery,video_20260404_115542,frame_003090.jpg,003090,heuristic
small_object_proposal,-1,1.0,1401.0,908.0,1438.0,952.0,artificial_jewellery,video_20260404_115542,frame_003090.jpg,003090,heuristic
small_object_proposal,-1,1.0,985.0,1026.0,1041.0,1055.0,artificial_jewellery,video_20260404_115542,frame_003090.jpg,003090,heuristic
small_object_proposal,-1,1.0,1561.0,790.0,1603.0,828.0,artificial_jewellery,video_20260404_115542,frame_003090.jpg,003090,heuristic
small_object_proposal,-1,1.0,1751.0,842.0,1778.0,901.0,artificial_jewellery,video_20260404_115542,frame_003090.jpg,003090,heuristic
small_object_proposal,-1,1.0,180.0,376.0,228.0,406.0,artificial_jewellery,video_20260404_115542,frame_003090.jpg,003090,heuristic
small_object_proposal,-1,1.0,523.0,806.0,556.0,849.0,artificial_jewellery,video_20260404_115542,frame_003090.jpg,003090,heuristic
person,0,0.6079811453819275,291.1494140625,81.50408935546875,1913.4107666015625,1070.6956787109375,artificial_jewellery,video_20260404_115542,frame_003120.jpg,003120,yolo
couch,57,0.5908398032188416,24.29241943359375,36.879638671875,1913.668212890625,1073.741455078125,artificial_jewellery,video_20260404_115542,frame_003120.jpg,003120,yolo
teddy bear,77,0.26068955659866333,0.4017791748046875,19.351043701171875,412.6966857910156,518.373291015625,artificial_jewellery,video_20260404_115542,frame_003120.jpg,003120,yolo
small_object_proposal,-1,1.0,1383.0,176.0,1455.0,244.0,artificial_jewellery,video_20260404_115542,frame_003120.jpg,003120,heuristic
small_object_proposal,-1,1.0,1419.0,389.0,1524.0,435.0,artificial_jewellery,video_20260404_115542,frame_003120.jpg,003120,heuristic
small_object_proposal,-1,1.0,380.0,953.0,444.0,1016.0,artificial_jewellery,video_20260404_115542,frame_003120.jpg,003120,heuristic
small_object_proposal,-1,1.0,438.0,386.0,469.0,513.0,artificial_jewellery,video_20260404_115542,frame_003120.jpg,003120,heuristic
small_object_proposal,-1,1.0,112.0,44.0,191.0,91.0,artificial_jewellery,video_20260404_115542,frame_003120.jpg,003120,heuristic
small_object_proposal,-1,1.0,552.0,874.0,603.0,944.0,artificial_jewellery,video_20260404_115542,frame_003120.jpg,003120,heuristic
small_object_proposal,-1,1.0,1254.0,597.0,1291.0,684.0,artificial_jewellery,video_20260404_115542,frame_003120.jpg,003120,heuristic
small_object_proposal,-1,1.0,1256.0,42.0,1333.0,80.0,artificial_jewellery,video_20260404_115542,frame_003120.jpg,003120,heuristic
small_object_proposal,-1,1.0,570.0,868.0,624.0,920.0,artificial_jewellery,video_20260404_115542,frame_003120.jpg,003120,heuristic
small_object_proposal,-1,1.0,1463.0,836.0,1507.0,899.0,artificial_jewellery,video_20260404_115542,frame_003120.jpg,003120,heuristic
small_object_proposal,-1,1.0,1193.0,276.0,1235.0,334.0,artificial_jewellery,video_20260404_115542,frame_003120.jpg,003120,heuristic
small_object_proposal,-1,1.0,610.0,850.0,652.0,897.0,artificial_jewellery,video_20260404_115542,frame_003120.jpg,003120,heuristic
small_object_proposal,-1,1.0,156.0,109.0,197.0,157.0,artificial_jewellery,video_20260404_115542,frame_003120.jpg,003120,heuristic
small_object_proposal,-1,1.0,1343.0,345.0,1370.0,414.0,artificial_jewellery,video_20260404_115542,frame_003120.jpg,003120,heuristic
small_object_proposal,-1,1.0,244.0,250.0,282.0,294.0,artificial_jewellery,video_20260404_115542,frame_003120.jpg,003120,heuristic
small_object_proposal,-1,1.0,1488.0,220.0,1532.0,258.0,artificial_jewellery,video_20260404_115542,frame_003120.jpg,003120,heuristic
small_object_proposal,-1,1.0,1368.0,214.0,1408.0,255.0,artificial_jewellery,video_20260404_115542,frame_003120.jpg,003120,heuristic
small_object_proposal,-1,1.0,903.0,780.0,953.0,812.0,artificial_jewellery,video_20260404_115542,frame_003120.jpg,003120,heuristic
small_object_proposal,-1,1.0,1759.0,850.0,1786.0,906.0,artificial_jewellery,video_20260404_115542,frame_003120.jpg,003120,heuristic
small_object_proposal,-1,1.0,1831.0,86.0,1891.0,111.0,artificial_jewellery,video_20260404_115542,frame_003120.jpg,003120,heuristic
small_object_proposal,-1,1.0,1309.0,749.0,1373.0,770.0,artificial_jewellery,video_20260404_115542,frame_003120.jpg,003120,heuristic
small_object_proposal,-1,1.0,1155.0,333.0,1179.0,386.0,artificial_jewellery,video_20260404_115542,frame_003120.jpg,003120,heuristic
small_object_proposal,-1,1.0,1250.0,251.0,1301.0,275.0,artificial_jewellery,video_20260404_115542,frame_003120.jpg,003120,heuristic
small_object_proposal,-1,1.0,1069.0,1005.0,1109.0,1035.0,artificial_jewellery,video_20260404_115542,frame_003120.jpg,003120,heuristic
small_object_proposal,-1,1.0,403.0,242.0,410.0,397.0,artificial_jewellery,video_20260404_115542,frame_003120.jpg,003120,heuristic
small_object_proposal,-1,1.0,611.0,890.0,649.0,918.0,artificial_jewellery,video_20260404_115542,frame_003120.jpg,003120,heuristic
small_object_proposal,-1,1.0,1313.0,314.0,1346.0,345.0,artificial_jewellery,video_20260404_115542,frame_003120.jpg,003120,heuristic
small_object_proposal,-1,1.0,1393.0,420.0,1421.0,451.0,artificial_jewellery,video_20260404_115542,frame_003120.jpg,003120,heuristic
small_object_proposal,-1,1.0,1298.0,166.0,1320.0,203.0,artificial_jewellery,video_20260404_115542,frame_003120.jpg,003120,heuristic
small_object_proposal,-1,1.0,1303.0,2.0,1348.0,20.0,artificial_jewellery,video_20260404_115542,frame_003120.jpg,003120,heuristic
couch,57,0.6776561141014099,27.77947998046875,33.05035400390625,1912.9718017578125,1068.0904541015625,artificial_jewellery,video_20260404_115542,frame_003150.jpg,003150,yolo
person,0,0.3845266103744507,323.2327880859375,100.04718017578125,1905.0439453125,1068.8162841796875,artificial_jewellery,video_20260404_115542,frame_003150.jpg,003150,yolo
person,0,0.2674444317817688,13.777313232421875,5.16668701171875,1319.5491943359375,1064.7432861328125,artificial_jewellery,video_20260404_115542,frame_003150.jpg,003150,yolo
small_object_proposal,-1,1.0,393.0,144.0,457.0,200.0,artificial_jewellery,video_20260404_115542,frame_003150.jpg,003150,heuristic
small_object_proposal,-1,1.0,1131.0,947.0,1168.0,1041.0,artificial_jewellery,video_20260404_115542,frame_003150.jpg,003150,heuristic
small_object_proposal,-1,1.0,1672.0,403.0,1729.0,456.0,artificial_jewellery,video_20260404_115542,frame_003150.jpg,003150,heuristic
small_object_proposal,-1,1.0,1535.0,832.0,1580.0,894.0,artificial_jewellery,video_20260404_115542,frame_003150.jpg,003150,heuristic
small_object_proposal,-1,1.0,1439.0,979.0,1548.0,1002.0,artificial_jewellery,video_20260404_115542,frame_003150.jpg,003150,heuristic
small_object_proposal,-1,1.0,1230.0,246.0,1295.0,284.0,artificial_jewellery,video_20260404_115542,frame_003150.jpg,003150,heuristic
small_object_proposal,-1,1.0,1223.0,489.0,1263.0,550.0,artificial_jewellery,video_20260404_115542,frame_003150.jpg,003150,heuristic
small_object_proposal,-1,1.0,1275.0,155.0,1322.0,203.0,artificial_jewellery,video_20260404_115542,frame_003150.jpg,003150,heuristic
small_object_proposal,-1,1.0,1290.0,219.0,1345.0,259.0,artificial_jewellery,video_20260404_115542,frame_003150.jpg,003150,heuristic
small_object_proposal,-1,1.0,1173.0,276.0,1208.0,336.0,artificial_jewellery,video_20260404_115542,frame_003150.jpg,003150,heuristic
small_object_proposal,-1,1.0,1178.0,527.0,1215.0,582.0,artificial_jewellery,video_20260404_115542,frame_003150.jpg,003150,heuristic
small_object_proposal,-1,1.0,1404.0,394.0,1471.0,424.0,artificial_jewellery,video_20260404_115542,frame_003150.jpg,003150,heuristic
small_object_proposal,-1,1.0,1260.0,545.0,1307.0,585.0,artificial_jewellery,video_20260404_115542,frame_003150.jpg,003150,heuristic
small_object_proposal,-1,1.0,460.0,445.0,485.0,519.0,artificial_jewellery,video_20260404_115542,frame_003150.jpg,003150,heuristic
small_object_proposal,-1,1.0,1469.0,213.0,1514.0,254.0,artificial_jewellery,video_20260404_115542,frame_003150.jpg,003150,heuristic
small_object_proposal,-1,1.0,331.0,975.0,366.0,1020.0,artificial_jewellery,video_20260404_115542,frame_003150.jpg,003150,heuristic
small_object_proposal,-1,1.0,1294.0,846.0,1335.0,882.0,artificial_jewellery,video_20260404_115542,frame_003150.jpg,003150,heuristic
small_object_proposal,-1,1.0,1052.0,1012.0,1096.0,1045.0,artificial_jewellery,video_20260404_115542,frame_003150.jpg,003150,heuristic
small_object_proposal,-1,1.0,545.0,903.0,589.0,936.0,artificial_jewellery,video_20260404_115542,frame_003150.jpg,003150,heuristic
small_object_proposal,-1,1.0,1067.0,407.0,1095.0,457.0,artificial_jewellery,video_20260404_115542,frame_003150.jpg,003150,heuristic
small_object_proposal,-1,1.0,1085.0,905.0,1118.0,947.0,artificial_jewellery,video_20260404_115542,frame_003150.jpg,003150,heuristic
small_object_proposal,-1,1.0,1818.0,67.0,1878.0,90.0,artificial_jewellery,video_20260404_115542,frame_003150.jpg,003150,heuristic
small_object_proposal,-1,1.0,1293.0,187.0,1328.0,226.0,artificial_jewellery,video_20260404_115542,frame_003150.jpg,003150,heuristic
small_object_proposal,-1,1.0,1104.0,433.0,1160.0,457.0,artificial_jewellery,video_20260404_115542,frame_003150.jpg,003150,heuristic
small_object_proposal,-1,1.0,1483.0,130.0,1518.0,168.0,artificial_jewellery,video_20260404_115542,frame_003150.jpg,003150,heuristic
small_object_proposal,-1,1.0,1221.0,292.0,1257.0,328.0,artificial_jewellery,video_20260404_115542,frame_003150.jpg,003150,heuristic
small_object_proposal,-1,1.0,1768.0,849.0,1794.0,895.0,artificial_jewellery,video_20260404_115542,frame_003150.jpg,003150,heuristic
small_object_proposal,-1,1.0,1263.0,958.0,1309.0,981.0,artificial_jewellery,video_20260404_115542,frame_003150.jpg,003150,heuristic
small_object_proposal,-1,1.0,555.0,950.0,601.0,973.0,artificial_jewellery,video_20260404_115542,frame_003150.jpg,003150,heuristic
small_object_proposal,-1,1.0,1178.0,365.0,1200.0,411.0,artificial_jewellery,video_20260404_115542,frame_003150.jpg,003150,heuristic
person,0,0.7705221772193909,130.5369873046875,23.14105224609375,1917.876708984375,1066.8193359375,artificial_jewellery,video_20260404_115542,frame_003180.jpg,003180,yolo
small_object_proposal,-1,1.0,1760.0,695.0,1901.0,726.0,artificial_jewellery,video_20260404_115542,frame_003180.jpg,003180,heuristic
small_object_proposal,-1,1.0,1775.0,670.0,1879.0,710.0,artificial_jewellery,video_20260404_115542,frame_003180.jpg,003180,heuristic
small_object_proposal,-1,1.0,1080.0,687.0,1147.0,741.0,artificial_jewellery,video_20260404_115542,frame_003180.jpg,003180,heuristic
small_object_proposal,-1,1.0,1091.0,827.0,1186.0,863.0,artificial_jewellery,video_20260404_115542,frame_003180.jpg,003180,heuristic
small_object_proposal,-1,1.0,1662.0,853.0,1734.0,900.0,artificial_jewellery,video_20260404_115542,frame_003180.jpg,003180,heuristic
small_object_proposal,-1,1.0,1042.0,1005.0,1109.0,1049.0,artificial_jewellery,video_20260404_115542,frame_003180.jpg,003180,heuristic
small_object_proposal,-1,1.0,1557.0,1037.0,1639.0,1072.0,artificial_jewellery,video_20260404_115542,frame_003180.jpg,003180,heuristic
small_object_proposal,-1,1.0,1278.0,890.0,1321.0,943.0,artificial_jewellery,video_20260404_115542,frame_003180.jpg,003180,heuristic
small_object_proposal,-1,1.0,1247.0,36.0,1319.0,67.0,artificial_jewellery,video_20260404_115542,frame_003180.jpg,003180,heuristic
small_object_proposal,-1,1.0,1181.0,657.0,1212.0,727.0,artificial_jewellery,video_20260404_115542,frame_003180.jpg,003180,heuristic
small_object_proposal,-1,1.0,1080.0,903.0,1127.0,949.0,artificial_jewellery,video_20260404_115542,frame_003180.jpg,003180,heuristic
small_object_proposal,-1,1.0,1471.0,219.0,1504.0,283.0,artificial_jewellery,video_20260404_115542,frame_003180.jpg,003180,heuristic
small_object_proposal,-1,1.0,1148.0,391.0,1194.0,436.0,artificial_jewellery,video_20260404_115542,frame_003180.jpg,003180,heuristic
small_object_proposal,-1,1.0,1226.0,998.0,1253.0,1073.0,artificial_jewellery,video_20260404_115542,frame_003180.jpg,003180,heuristic
small_object_proposal,-1,1.0,1477.0,316.0,1553.0,342.0,artificial_jewellery,video_20260404_115542,frame_003180.jpg,003180,heuristic
small_object_proposal,-1,1.0,1140.0,951.0,1165.0,1029.0,artificial_jewellery,video_20260404_115542,frame_003180.jpg,003180,heuristic
small_object_proposal,-1,1.0,1340.0,311.0,1418.0,336.0,artificial_jewellery,video_20260404_115542,frame_003180.jpg,003180,heuristic
small_object_proposal,-1,1.0,1811.0,61.0,1888.0,85.0,artificial_jewellery,video_20260404_115542,frame_003180.jpg,003180,heuristic
small_object_proposal,-1,1.0,1335.0,877.0,1356.0,962.0,artificial_jewellery,video_20260404_115542,frame_003180.jpg,003180,heuristic
small_object_proposal,-1,1.0,1084.0,790.0,1141.0,820.0,artificial_jewellery,video_20260404_115542,frame_003180.jpg,003180,heuristic
small_object_proposal,-1,1.0,1184.0,285.0,1215.0,337.0,artificial_jewellery,video_20260404_115542,frame_003180.jpg,003180,heuristic
small_object_proposal,-1,1.0,1144.0,341.0,1171.0,390.0,artificial_jewellery,video_20260404_115542,frame_003180.jpg,003180,heuristic
small_object_proposal,-1,1.0,893.0,598.0,933.0,630.0,artificial_jewellery,video_20260404_115542,frame_003180.jpg,003180,heuristic
small_object_proposal,-1,1.0,1179.0,840.0,1193.0,925.0,artificial_jewellery,video_20260404_115542,frame_003180.jpg,003180,heuristic
small_object_proposal,-1,1.0,465.0,924.0,503.0,954.0,artificial_jewellery,video_20260404_115542,frame_003180.jpg,003180,heuristic
small_object_proposal,-1,1.0,1663.0,1011.0,1721.0,1030.0,artificial_jewellery,video_20260404_115542,frame_003180.jpg,003180,heuristic
small_object_proposal,-1,1.0,162.0,458.0,217.0,478.0,artificial_jewellery,video_20260404_115542,frame_003180.jpg,003180,heuristic
small_object_proposal,-1,1.0,1090.0,862.0,1153.0,879.0,artificial_jewellery,video_20260404_115542,frame_003180.jpg,003180,heuristic
small_object_proposal,-1,1.0,1204.0,234.0,1230.0,273.0,artificial_jewellery,video_20260404_115542,frame_003180.jpg,003180,heuristic
small_object_proposal,-1,1.0,1143.0,880.0,1180.0,907.0,artificial_jewellery,video_20260404_115542,frame_003180.jpg,003180,heuristic
person,0,0.4349590539932251,2.9600830078125,15.68060302734375,1917.8514404296875,1080.0,artificial_jewellery,video_20260404_115542,frame_003330.jpg,003330,yolo
backpack,24,0.275652140378952,77.3613510131836,531.1383056640625,818.75244140625,1067.112548828125,artificial_jewellery,video_20260404_115542,frame_003330.jpg,003330,yolo
small_object_proposal,-1,1.0,1133.0,334.0,1211.0,397.0,artificial_jewellery,video_20260404_115542,frame_003330.jpg,003330,heuristic
small_object_proposal,-1,1.0,1404.0,182.0,1452.0,263.0,artificial_jewellery,video_20260404_115542,frame_003330.jpg,003330,heuristic
small_object_proposal,-1,1.0,1569.0,416.0,1646.0,465.0,artificial_jewellery,video_20260404_115542,frame_003330.jpg,003330,heuristic
small_object_proposal,-1,1.0,1009.0,606.0,1064.0,666.0,artificial_jewellery,video_20260404_115542,frame_003330.jpg,003330,heuristic
small_object_proposal,-1,1.0,1564.0,165.0,1607.0,236.0,artificial_jewellery,video_20260404_115542,frame_003330.jpg,003330,heuristic
small_object_proposal,-1,1.0,175.0,136.0,221.0,200.0,artificial_jewellery,video_20260404_115542,frame_003330.jpg,003330,heuristic
small_object_proposal,-1,1.0,1076.0,1003.0,1142.0,1047.0,artificial_jewellery,video_20260404_115542,frame_003330.jpg,003330,heuristic
small_object_proposal,-1,1.0,1607.0,131.0,1639.0,216.0,artificial_jewellery,video_20260404_115542,frame_003330.jpg,003330,heuristic
small_object_proposal,-1,1.0,1431.0,286.0,1547.0,309.0,artificial_jewellery,video_20260404_115542,frame_003330.jpg,003330,heuristic
small_object_proposal,-1,1.0,8.0,636.0,56.0,687.0,artificial_jewellery,video_20260404_115542,frame_003330.jpg,003330,heuristic
small_object_proposal,-1,1.0,1335.0,232.0,1403.0,268.0,artificial_jewellery,video_20260404_115542,frame_003330.jpg,003330,heuristic
small_object_proposal,-1,1.0,1115.0,916.0,1159.0,970.0,artificial_jewellery,video_20260404_115542,frame_003330.jpg,003330,heuristic
small_object_proposal,-1,1.0,1215.0,671.0,1247.0,741.0,artificial_jewellery,video_20260404_115542,frame_003330.jpg,003330,heuristic
small_object_proposal,-1,1.0,1392.0,1008.0,1437.0,1056.0,artificial_jewellery,video_20260404_115542,frame_003330.jpg,003330,heuristic
small_object_proposal,-1,1.0,1456.0,189.0,1495.0,243.0,artificial_jewellery,video_20260404_115542,frame_003330.jpg,003330,heuristic
small_object_proposal,-1,1.0,1669.0,712.0,1797.0,728.0,artificial_jewellery,video_20260404_115542,frame_003330.jpg,003330,heuristic
small_object_proposal,-1,1.0,1131.0,841.0,1191.0,875.0,artificial_jewellery,video_20260404_115542,frame_003330.jpg,003330,heuristic
small_object_proposal,-1,1.0,1021.0,655.0,1057.0,710.0,artificial_jewellery,video_20260404_115542,frame_003330.jpg,003330,heuristic
small_object_proposal,-1,1.0,1378.0,577.0,1436.0,610.0,artificial_jewellery,video_20260404_115542,frame_003330.jpg,003330,heuristic
small_object_proposal,-1,1.0,1120.0,803.0,1179.0,835.0,artificial_jewellery,video_20260404_115542,frame_003330.jpg,003330,heuristic
small_object_proposal,-1,1.0,1431.0,306.0,1471.0,353.0,artificial_jewellery,video_20260404_115542,frame_003330.jpg,003330,heuristic
small_object_proposal,-1,1.0,1072.0,556.0,1113.0,600.0,artificial_jewellery,video_20260404_115542,frame_003330.jpg,003330,heuristic
small_object_proposal,-1,1.0,609.0,990.0,648.0,1034.0,artificial_jewellery,video_20260404_115542,frame_003330.jpg,003330,heuristic
small_object_proposal,-1,1.0,1813.0,862.0,1841.0,922.0,artificial_jewellery,video_20260404_115542,frame_003330.jpg,003330,heuristic
small_object_proposal,-1,1.0,1320.0,173.0,1350.0,225.0,artificial_jewellery,video_20260404_115542,frame_003330.jpg,003330,heuristic
small_object_proposal,-1,1.0,428.0,251.0,437.0,422.0,artificial_jewellery,video_20260404_115542,frame_003330.jpg,003330,heuristic
small_object_proposal,-1,1.0,1127.0,690.0,1158.0,733.0,artificial_jewellery,video_20260404_115542,frame_003330.jpg,003330,heuristic
small_object_proposal,-1,1.0,1035.0,555.0,1062.0,596.0,artificial_jewellery,video_20260404_115542,frame_003330.jpg,003330,heuristic
small_object_proposal,-1,1.0,1134.0,878.0,1186.0,897.0,artificial_jewellery,video_20260404_115542,frame_003330.jpg,003330,heuristic
small_object_proposal,-1,1.0,821.0,105.0,891.0,119.0,artificial_jewellery,video_20260404_115542,frame_003330.jpg,003330,heuristic
person,0,0.3967128098011017,504.88751220703125,69.15005493164062,1919.830078125,1064.1573486328125,artificial_jewellery,video_20260404_115542,frame_003420.jpg,003420,yolo
backpack,24,0.25789690017700195,90.54141998291016,509.1556091308594,835.74462890625,1065.55322265625,artificial_jewellery,video_20260404_115542,frame_003420.jpg,003420,yolo
small_object_proposal,-1,1.0,1704.0,488.0,1775.0,558.0,artificial_jewellery,video_20260404_115542,frame_003420.jpg,003420,heuristic
small_object_proposal,-1,1.0,1753.0,554.0,1821.0,625.0,artificial_jewellery,video_20260404_115542,frame_003420.jpg,003420,heuristic
small_object_proposal,-1,1.0,1051.0,573.0,1110.0,654.0,artificial_jewellery,video_20260404_115542,frame_003420.jpg,003420,heuristic
small_object_proposal,-1,1.0,1474.0,538.0,1536.0,614.0,artificial_jewellery,video_20260404_115542,frame_003420.jpg,003420,heuristic
small_object_proposal,-1,1.0,627.0,2.0,678.0,83.0,artificial_jewellery,video_20260404_115542,frame_003420.jpg,003420,heuristic
small_object_proposal,-1,1.0,1304.0,955.0,1378.0,1008.0,artificial_jewellery,video_20260404_115542,frame_003420.jpg,003420,heuristic
small_object_proposal,-1,1.0,1447.0,188.0,1505.0,246.0,artificial_jewellery,video_20260404_115542,frame_003420.jpg,003420,heuristic
small_object_proposal,-1,1.0,1092.0,780.0,1150.0,835.0,artificial_jewellery,video_20260404_115542,frame_003420.jpg,003420,heuristic
small_object_proposal,-1,1.0,42.0,486.0,95.0,534.0,artificial_jewellery,video_20260404_115542,frame_003420.jpg,003420,heuristic
small_object_proposal,-1,1.0,661.0,1026.0,738.0,1059.0,artificial_jewellery,video_20260404_115542,frame_003420.jpg,003420,heuristic
small_object_proposal,-1,1.0,1764.0,802.0,1844.0,833.0,artificial_jewellery,video_20260404_115542,frame_003420.jpg,003420,heuristic
small_object_proposal,-1,1.0,1123.0,902.0,1167.0,956.0,artificial_jewellery,video_20260404_115542,frame_003420.jpg,003420,heuristic
small_object_proposal,-1,1.0,1299.0,224.0,1342.0,279.0,artificial_jewellery,video_20260404_115542,frame_003420.jpg,003420,heuristic
small_object_proposal,-1,1.0,1356.0,231.0,1400.0,283.0,artificial_jewellery,video_20260404_115542,frame_003420.jpg,003420,heuristic
small_object_proposal,-1,1.0,1137.0,829.0,1203.0,863.0,artificial_jewellery,video_20260404_115542,frame_003420.jpg,003420,heuristic
small_object_proposal,-1,1.0,881.0,322.0,917.0,384.0,artificial_jewellery,video_20260404_115542,frame_003420.jpg,003420,heuristic
small_object_proposal,-1,1.0,1176.0,175.0,1216.0,228.0,artificial_jewellery,video_20260404_115542,frame_003420.jpg,003420,heuristic
small_object_proposal,-1,1.0,1101.0,989.0,1149.0,1031.0,artificial_jewellery,video_20260404_115542,frame_003420.jpg,003420,heuristic
small_object_proposal,-1,1.0,1535.0,219.0,1583.0,261.0,artificial_jewellery,video_20260404_115542,frame_003420.jpg,003420,heuristic
small_object_proposal,-1,1.0,193.0,109.0,234.0,157.0,artificial_jewellery,video_20260404_115542,frame_003420.jpg,003420,heuristic
small_object_proposal,-1,1.0,1385.0,571.0,1441.0,603.0,artificial_jewellery,video_20260404_115542,frame_003420.jpg,003420,heuristic
small_object_proposal,-1,1.0,1012.0,1046.0,1070.0,1076.0,artificial_jewellery,video_20260404_115542,frame_003420.jpg,003420,heuristic
small_object_proposal,-1,1.0,938.0,191.0,958.0,277.0,artificial_jewellery,video_20260404_115542,frame_003420.jpg,003420,heuristic
small_object_proposal,-1,1.0,1555.0,133.0,1589.0,181.0,artificial_jewellery,video_20260404_115542,frame_003420.jpg,003420,heuristic
small_object_proposal,-1,1.0,1798.0,856.0,1825.0,915.0,artificial_jewellery,video_20260404_115542,frame_003420.jpg,003420,heuristic
small_object_proposal,-1,1.0,611.0,976.0,649.0,1016.0,artificial_jewellery,video_20260404_115542,frame_003420.jpg,003420,heuristic
small_object_proposal,-1,1.0,1137.0,799.0,1190.0,827.0,artificial_jewellery,video_20260404_115542,frame_003420.jpg,003420,heuristic
small_object_proposal,-1,1.0,279.0,374.0,315.0,414.0,artificial_jewellery,video_20260404_115542,frame_003420.jpg,003420,heuristic
small_object_proposal,-1,1.0,900.0,4.0,925.0,61.0,artificial_jewellery,video_20260404_115542,frame_003420.jpg,003420,heuristic
small_object_proposal,-1,1.0,1246.0,287.0,1280.0,328.0,artificial_jewellery,video_20260404_115542,frame_003420.jpg,003420,heuristic
person,0,0.49675485491752625,505.3757019042969,135.22174072265625,1917.0118408203125,1067.88720703125,artificial_jewellery,video_20260404_115542,frame_003540.jpg,003540,yolo
sandwich,48,0.2791776955127716,1044.7581787109375,307.7595520019531,1442.3284912109375,713.5650024414062,artificial_jewellery,video_20260404_115542,frame_003540.jpg,003540,yolo
small_object_proposal,-1,1.0,1221.0,946.0,1272.0,1043.0,artificial_jewellery,video_20260404_115542,frame_003540.jpg,003540,heuristic
small_object_proposal,-1,1.0,1143.0,959.0,1201.0,1026.0,artificial_jewellery,video_20260404_115542,frame_003540.jpg,003540,heuristic
small_object_proposal,-1,1.0,458.0,39.0,516.0,103.0,artificial_jewellery,video_20260404_115542,frame_003540.jpg,003540,heuristic
small_object_proposal,-1,1.0,426.0,987.0,482.0,1052.0,artificial_jewellery,video_20260404_115542,frame_003540.jpg,003540,heuristic
small_object_proposal,-1,1.0,1161.0,390.0,1231.0,437.0,artificial_jewellery,video_20260404_115542,frame_003540.jpg,003540,heuristic
small_object_proposal,-1,1.0,1348.0,705.0,1370.0,853.0,artificial_jewellery,video_20260404_115542,frame_003540.jpg,003540,heuristic
small_object_proposal,-1,1.0,1118.0,908.0,1169.0,966.0,artificial_jewellery,video_20260404_115542,frame_003540.jpg,003540,heuristic
small_object_proposal,-1,1.0,1262.0,252.0,1329.0,296.0,artificial_jewellery,video_20260404_115542,frame_003540.jpg,003540,heuristic
small_object_proposal,-1,1.0,1133.0,837.0,1217.0,872.0,artificial_jewellery,video_20260404_115542,frame_003540.jpg,003540,heuristic
small_object_proposal,-1,1.0,1376.0,570.0,1440.0,613.0,artificial_jewellery,video_20260404_115542,frame_003540.jpg,003540,heuristic
small_object_proposal,-1,1.0,1771.0,771.0,1821.0,816.0,artificial_jewellery,video_20260404_115542,frame_003540.jpg,003540,heuristic
small_object_proposal,-1,1.0,163.0,387.0,208.0,434.0,artificial_jewellery,video_20260404_115542,frame_003540.jpg,003540,heuristic
small_object_proposal,-1,1.0,1096.0,994.0,1144.0,1036.0,artificial_jewellery,video_20260404_115542,frame_003540.jpg,003540,heuristic
small_object_proposal,-1,1.0,1213.0,844.0,1229.0,940.0,artificial_jewellery,video_20260404_115542,frame_003540.jpg,003540,heuristic
small_object_proposal,-1,1.0,114.0,909.0,142.0,960.0,artificial_jewellery,video_20260404_115542,frame_003540.jpg,003540,heuristic
small_object_proposal,-1,1.0,375.0,12.0,403.0,59.0,artificial_jewellery,video_20260404_115542,frame_003540.jpg,003540,heuristic
small_object_proposal,-1,1.0,1435.0,457.0,1465.0,495.0,artificial_jewellery,video_20260404_115542,frame_003540.jpg,003540,heuristic
small_object_proposal,-1,1.0,1336.0,179.0,1360.0,224.0,artificial_jewellery,video_20260404_115542,frame_003540.jpg,003540,heuristic
small_object_proposal,-1,1.0,805.0,27.0,848.0,52.0,artificial_jewellery,video_20260404_115542,frame_003540.jpg,003540,heuristic
small_object_proposal,-1,1.0,53.0,511.0,99.0,534.0,artificial_jewellery,video_20260404_115542,frame_003540.jpg,003540,heuristic
small_object_proposal,-1,1.0,342.0,10.0,374.0,42.0,artificial_jewellery,video_20260404_115542,frame_003540.jpg,003540,heuristic
small_object_proposal,-1,1.0,1207.0,185.0,1231.0,225.0,artificial_jewellery,video_20260404_115542,frame_003540.jpg,003540,heuristic
small_object_proposal,-1,1.0,24.0,732.0,49.0,764.0,artificial_jewellery,video_20260404_115542,frame_003540.jpg,003540,heuristic
small_object_proposal,-1,1.0,1654.0,119.0,1704.0,135.0,artificial_jewellery,video_20260404_115542,frame_003540.jpg,003540,heuristic
small_object_proposal,-1,1.0,1345.0,252.0,1361.0,300.0,artificial_jewellery,video_20260404_115542,frame_003540.jpg,003540,heuristic
small_object_proposal,-1,1.0,349.0,32.0,375.0,61.0,artificial_jewellery,video_20260404_115542,frame_003540.jpg,003540,heuristic
small_object_proposal,-1,1.0,4.0,691.0,35.0,715.0,artificial_jewellery,video_20260404_115542,frame_003540.jpg,003540,heuristic
small_object_proposal,-1,1.0,1182.0,163.0,1204.0,196.0,artificial_jewellery,video_20260404_115542,frame_003540.jpg,003540,heuristic
small_object_proposal,-1,1.0,1367.0,434.0,1392.0,463.0,artificial_jewellery,video_20260404_115542,frame_003540.jpg,003540,heuristic
small_object_proposal,-1,1.0,889.0,369.0,914.0,398.0,artificial_jewellery,video_20260404_115542,frame_003540.jpg,003540,heuristic
person,0,0.6029413938522339,266.545166015625,71.493896484375,1912.8963623046875,1063.145263671875,artificial_jewellery,video_20260404_115542,frame_003600.jpg,003600,yolo
backpack,24,0.36045369505882263,796.5867919921875,469.96893310546875,1920.0,1062.9727783203125,artificial_jewellery,video_20260404_115542,frame_003600.jpg,003600,yolo
small_object_proposal,-1,1.0,288.0,362.0,381.0,407.0,artificial_jewellery,video_20260404_115542,frame_003600.jpg,003600,heuristic
small_object_proposal,-1,1.0,1112.0,779.0,1183.0,837.0,artificial_jewellery,video_20260404_115542,frame_003600.jpg,003600,heuristic
small_object_proposal,-1,1.0,1754.0,1023.0,1850.0,1064.0,artificial_jewellery,video_20260404_115542,frame_003600.jpg,003600,heuristic
small_object_proposal,-1,1.0,713.0,833.0,787.0,886.0,artificial_jewellery,video_20260404_115542,frame_003600.jpg,003600,heuristic
small_object_proposal,-1,1.0,522.0,370.0,551.0,492.0,artificial_jewellery,video_20260404_115542,frame_003600.jpg,003600,heuristic
small_object_proposal,-1,1.0,75.0,518.0,185.0,550.0,artificial_jewellery,video_20260404_115542,frame_003600.jpg,003600,heuristic
small_object_proposal,-1,1.0,32.0,665.0,100.0,712.0,artificial_jewellery,video_20260404_115542,frame_003600.jpg,003600,heuristic
small_object_proposal,-1,1.0,193.0,130.0,270.0,170.0,artificial_jewellery,video_20260404_115542,frame_003600.jpg,003600,heuristic
small_object_proposal,-1,1.0,1265.0,25.0,1324.0,74.0,artificial_jewellery,video_20260404_115542,frame_003600.jpg,003600,heuristic
small_object_proposal,-1,1.0,776.0,617.0,820.0,682.0,artificial_jewellery,video_20260404_115542,frame_003600.jpg,003600,heuristic
small_object_proposal,-1,1.0,1187.0,89.0,1252.0,133.0,artificial_jewellery,video_20260404_115542,frame_003600.jpg,003600,heuristic
small_object_proposal,-1,1.0,1312.0,932.0,1364.0,984.0,artificial_jewellery,video_20260404_115542,frame_003600.jpg,003600,heuristic
small_object_proposal,-1,1.0,240.0,172.0,270.0,257.0,artificial_jewellery,video_20260404_115542,frame_003600.jpg,003600,heuristic
small_object_proposal,-1,1.0,189.0,196.0,225.0,264.0,artificial_jewellery,video_20260404_115542,frame_003600.jpg,003600,heuristic
small_object_proposal,-1,1.0,925.0,59.0,1011.0,86.0,artificial_jewellery,video_20260404_115542,frame_003600.jpg,003600,heuristic
small_object_proposal,-1,1.0,1127.0,906.0,1164.0,960.0,artificial_jewellery,video_20260404_115542,frame_003600.jpg,003600,heuristic
small_object_proposal,-1,1.0,26.0,49.0,100.0,76.0,artificial_jewellery,video_20260404_115542,frame_003600.jpg,003600,heuristic
small_object_proposal,-1,1.0,63.0,239.0,108.0,283.0,artificial_jewellery,video_20260404_115542,frame_003600.jpg,003600,heuristic
small_object_proposal,-1,1.0,1541.0,698.0,1583.0,745.0,artificial_jewellery,video_20260404_115542,frame_003600.jpg,003600,heuristic
small_object_proposal,-1,1.0,196.0,57.0,235.0,107.0,artificial_jewellery,video_20260404_115542,frame_003600.jpg,003600,heuristic
small_object_proposal,-1,1.0,726.0,780.0,773.0,819.0,artificial_jewellery,video_20260404_115542,frame_003600.jpg,003600,heuristic
small_object_proposal,-1,1.0,1113.0,989.0,1159.0,1026.0,artificial_jewellery,video_20260404_115542,frame_003600.jpg,003600,heuristic
small_object_proposal,-1,1.0,1027.0,1039.0,1081.0,1070.0,artificial_jewellery,video_20260404_115542,frame_003600.jpg,003600,heuristic
small_object_proposal,-1,1.0,81.0,548.0,130.0,581.0,artificial_jewellery,video_20260404_115542,frame_003600.jpg,003600,heuristic
small_object_proposal,-1,1.0,1117.0,91.0,1144.0,148.0,artificial_jewellery,video_20260404_115542,frame_003600.jpg,003600,heuristic
small_object_proposal,-1,1.0,1273.0,851.0,1300.0,903.0,artificial_jewellery,video_20260404_115542,frame_003600.jpg,003600,heuristic
small_object_proposal,-1,1.0,274.0,399.0,324.0,427.0,artificial_jewellery,video_20260404_115542,frame_003600.jpg,003600,heuristic
small_object_proposal,-1,1.0,113.0,228.0,140.0,279.0,artificial_jewellery,video_20260404_115542,frame_003600.jpg,003600,heuristic
small_object_proposal,-1,1.0,141.0,869.0,168.0,917.0,artificial_jewellery,video_20260404_115542,frame_003600.jpg,003600,heuristic
small_object_proposal,-1,1.0,1361.0,55.0,1418.0,76.0,artificial_jewellery,video_20260404_115542,frame_003600.jpg,003600,heuristic
person,0,0.6877260804176331,191.85662841796875,132.64361572265625,1905.14501953125,1073.3857421875,artificial_jewellery,video_20260404_115542,frame_003630.jpg,003630,yolo
small_object_proposal,-1,1.0,1172.0,314.0,1254.0,371.0,artificial_jewellery,video_20260404_115542,frame_003630.jpg,003630,heuristic
small_object_proposal,-1,1.0,903.0,355.0,968.0,409.0,artificial_jewellery,video_20260404_115542,frame_003630.jpg,003630,heuristic
small_object_proposal,-1,1.0,1747.0,494.0,1805.0,543.0,artificial_jewellery,video_20260404_115542,frame_003630.jpg,003630,heuristic
small_object_proposal,-1,1.0,1507.0,840.0,1562.0,886.0,artificial_jewellery,video_20260404_115542,frame_003630.jpg,003630,heuristic
small_object_proposal,-1,1.0,19.0,100.0,65.0,153.0,artificial_jewellery,video_20260404_115542,frame_003630.jpg,003630,heuristic
small_object_proposal,-1,1.0,1094.0,289.0,1141.0,340.0,artificial_jewellery,video_20260404_115542,frame_003630.jpg,003630,heuristic
small_object_proposal,-1,1.0,9.0,683.0,70.0,719.0,artificial_jewellery,video_20260404_115542,frame_003630.jpg,003630,heuristic
small_object_proposal,-1,1.0,6.0,154.0,30.0,234.0,artificial_jewellery,video_20260404_115542,frame_003630.jpg,003630,heuristic
small_object_proposal,-1,1.0,1111.0,1003.0,1158.0,1043.0,artificial_jewellery,video_20260404_115542,frame_003630.jpg,003630,heuristic
small_object_proposal,-1,1.0,1491.0,249.0,1530.0,297.0,artificial_jewellery,video_20260404_115542,frame_003630.jpg,003630,heuristic
small_object_proposal,-1,1.0,1316.0,327.0,1348.0,385.0,artificial_jewellery,video_20260404_115542,frame_003630.jpg,003630,heuristic
small_object_proposal,-1,1.0,787.0,782.0,842.0,813.0,artificial_jewellery,video_20260404_115542,frame_003630.jpg,003630,heuristic
small_object_proposal,-1,1.0,1412.0,865.0,1509.0,882.0,artificial_jewellery,video_20260404_115542,frame_003630.jpg,003630,heuristic
small_object_proposal,-1,1.0,1146.0,858.0,1192.0,889.0,artificial_jewellery,video_20260404_115542,frame_003630.jpg,003630,heuristic
small_object_proposal,-1,1.0,939.0,301.0,982.0,334.0,artificial_jewellery,video_20260404_115542,frame_003630.jpg,003630,heuristic
small_object_proposal,-1,1.0,758.0,900.0,810.0,926.0,artificial_jewellery,video_20260404_115542,frame_003630.jpg,003630,heuristic
small_object_proposal,-1,1.0,1385.0,222.0,1457.0,239.0,artificial_jewellery,video_20260404_115542,frame_003630.jpg,003630,heuristic
small_object_proposal,-1,1.0,1740.0,988.0,1779.0,1019.0,artificial_jewellery,video_20260404_115542,frame_003630.jpg,003630,heuristic
small_object_proposal,-1,1.0,1800.0,933.0,1824.0,983.0,artificial_jewellery,video_20260404_115542,frame_003630.jpg,003630,heuristic
small_object_proposal,-1,1.0,1196.0,339.0,1218.0,393.0,artificial_jewellery,video_20260404_115542,frame_003630.jpg,003630,heuristic
small_object_proposal,-1,1.0,1379.0,817.0,1410.0,854.0,artificial_jewellery,video_20260404_115542,frame_003630.jpg,003630,heuristic
small_object_proposal,-1,1.0,1128.0,950.0,1168.0,978.0,artificial_jewellery,video_20260404_115542,frame_003630.jpg,003630,heuristic
small_object_proposal,-1,1.0,1142.0,830.0,1188.0,854.0,artificial_jewellery,video_20260404_115542,frame_003630.jpg,003630,heuristic
small_object_proposal,-1,1.0,1222.0,200.0,1254.0,233.0,artificial_jewellery,video_20260404_115542,frame_003630.jpg,003630,heuristic
small_object_proposal,-1,1.0,1012.0,715.0,1059.0,736.0,artificial_jewellery,video_20260404_115542,frame_003630.jpg,003630,heuristic
small_object_proposal,-1,1.0,1121.0,279.0,1150.0,313.0,artificial_jewellery,video_20260404_115542,frame_003630.jpg,003630,heuristic
small_object_proposal,-1,1.0,1478.0,887.0,1521.0,906.0,artificial_jewellery,video_20260404_115542,frame_003630.jpg,003630,heuristic
small_object_proposal,-1,1.0,1090.0,185.0,1125.0,208.0,artificial_jewellery,video_20260404_115542,frame_003630.jpg,003630,heuristic
small_object_proposal,-1,1.0,700.0,882.0,729.0,909.0,artificial_jewellery,video_20260404_115542,frame_003630.jpg,003630,heuristic
small_object_proposal,-1,1.0,1800.0,539.0,1870.0,550.0,artificial_jewellery,video_20260404_115542,frame_003630.jpg,003630,heuristic
person,0,0.6481813788414001,51.6888427734375,0.45904541015625,1915.79443359375,1066.94677734375,artificial_jewellery,video_20260404_115542,frame_003660.jpg,003660,yolo
small_object_proposal,-1,1.0,1322.0,80.0,1439.0,121.0,artificial_jewellery,video_20260404_115542,frame_003660.jpg,003660,heuristic
small_object_proposal,-1,1.0,496.0,369.0,529.0,499.0,artificial_jewellery,video_20260404_115542,frame_003660.jpg,003660,heuristic
small_object_proposal,-1,1.0,837.0,302.0,905.0,357.0,artificial_jewellery,video_20260404_115542,frame_003660.jpg,003660,heuristic
small_object_proposal,-1,1.0,1054.0,152.0,1126.0,201.0,artificial_jewellery,video_20260404_115542,frame_003660.jpg,003660,heuristic
small_object_proposal,-1,1.0,1739.0,487.0,1804.0,541.0,artificial_jewellery,video_20260404_115542,frame_003660.jpg,003660,heuristic
small_object_proposal,-1,1.0,1442.0,239.0,1509.0,289.0,artificial_jewellery,video_20260404_115542,frame_003660.jpg,003660,heuristic
small_object_proposal,-1,1.0,103.0,164.0,136.0,260.0,artificial_jewellery,video_20260404_115542,frame_003660.jpg,003660,heuristic
small_object_proposal,-1,1.0,1559.0,505.0,1579.0,652.0,artificial_jewellery,video_20260404_115542,frame_003660.jpg,003660,heuristic
small_object_proposal,-1,1.0,1024.0,189.0,1091.0,232.0,artificial_jewellery,video_20260404_115542,frame_003660.jpg,003660,heuristic
small_object_proposal,-1,1.0,1407.0,449.0,1436.0,548.0,artificial_jewellery,video_20260404_115542,frame_003660.jpg,003660,heuristic
small_object_proposal,-1,1.0,928.0,323.0,965.0,392.0,artificial_jewellery,video_20260404_115542,frame_003660.jpg,003660,heuristic
small_object_proposal,-1,1.0,1194.0,602.0,1247.0,646.0,artificial_jewellery,video_20260404_115542,frame_003660.jpg,003660,heuristic
small_object_proposal,-1,1.0,1075.0,729.0,1151.0,758.0,artificial_jewellery,video_20260404_115542,frame_003660.jpg,003660,heuristic
small_object_proposal,-1,1.0,870.0,378.0,924.0,415.0,artificial_jewellery,video_20260404_115542,frame_003660.jpg,003660,heuristic
small_object_proposal,-1,1.0,901.0,213.0,925.0,295.0,artificial_jewellery,video_20260404_115542,frame_003660.jpg,003660,heuristic
small_object_proposal,-1,1.0,1003.0,127.0,1052.0,165.0,artificial_jewellery,video_20260404_115542,frame_003660.jpg,003660,heuristic
small_object_proposal,-1,1.0,207.0,27.0,263.0,59.0,artificial_jewellery,video_20260404_115542,frame_003660.jpg,003660,heuristic
small_object_proposal,-1,1.0,106.0,881.0,134.0,930.0,artificial_jewellery,video_20260404_115542,frame_003660.jpg,003660,heuristic
small_object_proposal,-1,1.0,1200.0,427.0,1231.0,471.0,artificial_jewellery,video_20260404_115542,frame_003660.jpg,003660,heuristic
small_object_proposal,-1,1.0,1102.0,1018.0,1142.0,1046.0,artificial_jewellery,video_20260404_115542,frame_003660.jpg,003660,heuristic
small_object_proposal,-1,1.0,696.0,901.0,731.0,933.0,artificial_jewellery,video_20260404_115542,frame_003660.jpg,003660,heuristic
small_object_proposal,-1,1.0,1378.0,412.0,1409.0,448.0,artificial_jewellery,video_20260404_115542,frame_003660.jpg,003660,heuristic
small_object_proposal,-1,1.0,1790.0,929.0,1816.0,970.0,artificial_jewellery,video_20260404_115542,frame_003660.jpg,003660,heuristic
small_object_proposal,-1,1.0,251.0,60.0,279.0,98.0,artificial_jewellery,video_20260404_115542,frame_003660.jpg,003660,heuristic
small_object_proposal,-1,1.0,1115.0,948.0,1155.0,973.0,artificial_jewellery,video_20260404_115542,frame_003660.jpg,003660,heuristic
small_object_proposal,-1,1.0,1787.0,534.0,1862.0,547.0,artificial_jewellery,video_20260404_115542,frame_003660.jpg,003660,heuristic
small_object_proposal,-1,1.0,1580.0,199.0,1604.0,237.0,artificial_jewellery,video_20260404_115542,frame_003660.jpg,003660,heuristic
small_object_proposal,-1,1.0,1177.0,912.0,1209.0,939.0,artificial_jewellery,video_20260404_115542,frame_003660.jpg,003660,heuristic
small_object_proposal,-1,1.0,1686.0,162.0,1732.0,180.0,artificial_jewellery,video_20260404_115542,frame_003660.jpg,003660,heuristic
small_object_proposal,-1,1.0,1440.0,271.0,1463.0,306.0,artificial_jewellery,video_20260404_115542,frame_003660.jpg,003660,heuristic
person,0,0.7179499864578247,74.088134765625,14.748779296875,1917.9228515625,1077.554931640625,artificial_jewellery,video_20260404_115542,frame_003690.jpg,003690,yolo
small_object_proposal,-1,1.0,1302.0,354.0,1430.0,393.0,artificial_jewellery,video_20260404_115542,frame_003690.jpg,003690,heuristic
small_object_proposal,-1,1.0,1131.0,343.0,1170.0,442.0,artificial_jewellery,video_20260404_115542,frame_003690.jpg,003690,heuristic
small_object_proposal,-1,1.0,1469.0,232.0,1524.0,302.0,artificial_jewellery,video_20260404_115542,frame_003690.jpg,003690,heuristic
small_object_proposal,-1,1.0,1045.0,590.0,1100.0,658.0,artificial_jewellery,video_20260404_115542,frame_003690.jpg,003690,heuristic
small_object_proposal,-1,1.0,1268.0,562.0,1307.0,656.0,artificial_jewellery,video_20260404_115542,frame_003690.jpg,003690,heuristic
small_object_proposal,-1,1.0,256.0,68.0,298.0,154.0,artificial_jewellery,video_20260404_115542,frame_003690.jpg,003690,heuristic
small_object_proposal,-1,1.0,1204.0,313.0,1264.0,366.0,artificial_jewellery,video_20260404_115542,frame_003690.jpg,003690,heuristic
small_object_proposal,-1,1.0,950.0,327.0,1012.0,378.0,artificial_jewellery,video_20260404_115542,frame_003690.jpg,003690,heuristic
small_object_proposal,-1,1.0,1311.0,511.0,1351.0,585.0,artificial_jewellery,video_20260404_115542,frame_003690.jpg,003690,heuristic
small_object_proposal,-1,1.0,1745.0,490.0,1799.0,543.0,artificial_jewellery,video_20260404_115542,frame_003690.jpg,003690,heuristic
small_object_proposal,-1,1.0,1262.0,320.0,1305.0,367.0,artificial_jewellery,video_20260404_115542,frame_003690.jpg,003690,heuristic
small_object_proposal,-1,1.0,1447.0,236.0,1484.0,287.0,artificial_jewellery,video_20260404_115542,frame_003690.jpg,003690,heuristic
small_object_proposal,-1,1.0,1076.0,162.0,1122.0,200.0,artificial_jewellery,video_20260404_115542,frame_003690.jpg,003690,heuristic
small_object_proposal,-1,1.0,1107.0,1005.0,1152.0,1043.0,artificial_jewellery,video_20260404_115542,frame_003690.jpg,003690,heuristic
small_object_proposal,-1,1.0,127.0,882.0,155.0,934.0,artificial_jewellery,video_20260404_115542,frame_003690.jpg,003690,heuristic
small_object_proposal,-1,1.0,12.0,680.0,47.0,720.0,artificial_jewellery,video_20260404_115542,frame_003690.jpg,003690,heuristic
small_object_proposal,-1,1.0,1800.0,924.0,1825.0,979.0,artificial_jewellery,video_20260404_115542,frame_003690.jpg,003690,heuristic
small_object_proposal,-1,1.0,733.0,858.0,767.0,895.0,artificial_jewellery,video_20260404_115542,frame_003690.jpg,003690,heuristic
small_object_proposal,-1,1.0,1366.0,217.0,1394.0,258.0,artificial_jewellery,video_20260404_115542,frame_003690.jpg,003690,heuristic
small_object_proposal,-1,1.0,1230.0,190.0,1258.0,230.0,artificial_jewellery,video_20260404_115542,frame_003690.jpg,003690,heuristic
small_object_proposal,-1,1.0,1444.0,409.0,1474.0,446.0,artificial_jewellery,video_20260404_115542,frame_003690.jpg,003690,heuristic
small_object_proposal,-1,1.0,1290.0,280.0,1317.0,320.0,artificial_jewellery,video_20260404_115542,frame_003690.jpg,003690,heuristic
small_object_proposal,-1,1.0,1057.0,184.0,1083.0,222.0,artificial_jewellery,video_20260404_115542,frame_003690.jpg,003690,heuristic
small_object_proposal,-1,1.0,876.0,121.0,940.0,135.0,artificial_jewellery,video_20260404_115542,frame_003690.jpg,003690,heuristic
small_object_proposal,-1,1.0,1585.0,201.0,1608.0,239.0,artificial_jewellery,video_20260404_115542,frame_003690.jpg,003690,heuristic
small_object_proposal,-1,1.0,1511.0,454.0,1546.0,478.0,artificial_jewellery,video_20260404_115542,frame_003690.jpg,003690,heuristic
small_object_proposal,-1,1.0,1112.0,191.0,1143.0,218.0,artificial_jewellery,video_20260404_115542,frame_003690.jpg,003690,heuristic
small_object_proposal,-1,1.0,31.0,114.0,58.0,145.0,artificial_jewellery,video_20260404_115542,frame_003690.jpg,003690,heuristic
small_object_proposal,-1,1.0,1324.0,301.0,1360.0,324.0,artificial_jewellery,video_20260404_115542,frame_003690.jpg,003690,heuristic
small_object_proposal,-1,1.0,1689.0,164.0,1736.0,181.0,artificial_jewellery,video_20260404_115542,frame_003690.jpg,003690,heuristic
person,0,0.5566362738609314,297.8953857421875,111.51644897460938,1916.5089111328125,1069.0859375,artificial_jewellery,video_20260404_115542,frame_003720.jpg,003720,yolo
small_object_proposal,-1,1.0,1054.0,797.0,1138.0,856.0,artificial_jewellery,video_20260404_115542,frame_003720.jpg,003720,heuristic
small_object_proposal,-1,1.0,1725.0,871.0,1850.0,905.0,artificial_jewellery,video_20260404_115542,frame_003720.jpg,003720,heuristic
small_object_proposal,-1,1.0,1236.0,979.0,1284.0,1065.0,artificial_jewellery,video_20260404_115542,frame_003720.jpg,003720,heuristic
small_object_proposal,-1,1.0,1294.0,8.0,1348.0,82.0,artificial_jewellery,video_20260404_115542,frame_003720.jpg,003720,heuristic
small_object_proposal,-1,1.0,85.0,111.0,173.0,156.0,artificial_jewellery,video_20260404_115542,frame_003720.jpg,003720,heuristic
small_object_proposal,-1,1.0,1398.0,591.0,1458.0,651.0,artificial_jewellery,video_20260404_115542,frame_003720.jpg,003720,heuristic
small_object_proposal,-1,1.0,1223.0,617.0,1307.0,658.0,artificial_jewellery,video_20260404_115542,frame_003720.jpg,003720,heuristic
small_object_proposal,-1,1.0,1701.0,829.0,1816.0,857.0,artificial_jewellery,video_20260404_115542,frame_003720.jpg,003720,heuristic
small_object_proposal,-1,1.0,1862.0,695.0,1892.0,801.0,artificial_jewellery,video_20260404_115542,frame_003720.jpg,003720,heuristic
small_object_proposal,-1,1.0,1058.0,27.0,1122.0,72.0,artificial_jewellery,video_20260404_115542,frame_003720.jpg,003720,heuristic
small_object_proposal,-1,1.0,11.0,709.0,86.0,744.0,artificial_jewellery,video_20260404_115542,frame_003720.jpg,003720,heuristic
small_object_proposal,-1,1.0,1357.0,38.0,1418.0,78.0,artificial_jewellery,video_20260404_115542,frame_003720.jpg,003720,heuristic
small_object_proposal,-1,1.0,1132.0,933.0,1172.0,983.0,artificial_jewellery,video_20260404_115542,frame_003720.jpg,003720,heuristic
small_object_proposal,-1,1.0,1356.0,69.0,1429.0,95.0,artificial_jewellery,video_20260404_115542,frame_003720.jpg,003720,heuristic
small_object_proposal,-1,1.0,1174.0,986.0,1209.0,1039.0,artificial_jewellery,video_20260404_115542,frame_003720.jpg,003720,heuristic
small_object_proposal,-1,1.0,1819.0,815.0,1874.0,848.0,artificial_jewellery,video_20260404_115542,frame_003720.jpg,003720,heuristic
small_object_proposal,-1,1.0,1149.0,865.0,1205.0,897.0,artificial_jewellery,video_20260404_115542,frame_003720.jpg,003720,heuristic
small_object_proposal,-1,1.0,1114.0,1015.0,1159.0,1054.0,artificial_jewellery,video_20260404_115542,frame_003720.jpg,003720,heuristic
small_object_proposal,-1,1.0,1875.0,807.0,1912.0,852.0,artificial_jewellery,video_20260404_115542,frame_003720.jpg,003720,heuristic
small_object_proposal,-1,1.0,1655.0,394.0,1709.0,422.0,artificial_jewellery,video_20260404_115542,frame_003720.jpg,003720,heuristic
small_object_proposal,-1,1.0,505.0,31.0,514.0,192.0,artificial_jewellery,video_20260404_115542,frame_003720.jpg,003720,heuristic
small_object_proposal,-1,1.0,1028.0,489.0,1051.0,549.0,artificial_jewellery,video_20260404_115542,frame_003720.jpg,003720,heuristic
small_object_proposal,-1,1.0,1236.0,492.0,1274.0,527.0,artificial_jewellery,video_20260404_115542,frame_003720.jpg,003720,heuristic
small_object_proposal,-1,1.0,650.0,899.0,684.0,935.0,artificial_jewellery,video_20260404_115542,frame_003720.jpg,003720,heuristic
small_object_proposal,-1,1.0,1846.0,846.0,1882.0,877.0,artificial_jewellery,video_20260404_115542,frame_003720.jpg,003720,heuristic
small_object_proposal,-1,1.0,1410.0,430.0,1434.0,474.0,artificial_jewellery,video_20260404_115542,frame_003720.jpg,003720,heuristic
small_object_proposal,-1,1.0,662.0,946.0,704.0,971.0,artificial_jewellery,video_20260404_115542,frame_003720.jpg,003720,heuristic
small_object_proposal,-1,1.0,1262.0,463.0,1288.0,502.0,artificial_jewellery,video_20260404_115542,frame_003720.jpg,003720,heuristic
small_object_proposal,-1,1.0,990.0,789.0,1008.0,843.0,artificial_jewellery,video_20260404_115542,frame_003720.jpg,003720,heuristic
small_object_proposal,-1,1.0,1685.0,171.0,1736.0,190.0,artificial_jewellery,video_20260404_115542,frame_003720.jpg,003720,heuristic
person,0,0.5524173378944397,373.7735595703125,17.766082763671875,1920.0,1065.90771484375,artificial_jewellery,video_20260404_115542,frame_003750.jpg,003750,yolo
teddy bear,77,0.3499617278575897,0.444854736328125,57.277130126953125,490.7064514160156,534.273193359375,artificial_jewellery,video_20260404_115542,frame_003750.jpg,003750,yolo
small_object_proposal,-1,1.0,1443.0,219.0,1509.0,288.0,artificial_jewellery,video_20260404_115542,frame_003750.jpg,003750,heuristic
small_object_proposal,-1,1.0,1296.0,546.0,1378.0,595.0,artificial_jewellery,video_20260404_115542,frame_003750.jpg,003750,heuristic
small_object_proposal,-1,1.0,1160.0,968.0,1214.0,1036.0,artificial_jewellery,video_20260404_115542,frame_003750.jpg,003750,heuristic
small_object_proposal,-1,1.0,14.0,709.0,84.0,761.0,artificial_jewellery,video_20260404_115542,frame_003750.jpg,003750,heuristic
small_object_proposal,-1,1.0,1127.0,428.0,1190.0,483.0,artificial_jewellery,video_20260404_115542,frame_003750.jpg,003750,heuristic
small_object_proposal,-1,1.0,998.0,818.0,1060.0,872.0,artificial_jewellery,video_20260404_115542,frame_003750.jpg,003750,heuristic
small_object_proposal,-1,1.0,1132.0,805.0,1204.0,847.0,artificial_jewellery,video_20260404_115542,frame_003750.jpg,003750,heuristic
small_object_proposal,-1,1.0,1676.0,804.0,1736.0,852.0,artificial_jewellery,video_20260404_115542,frame_003750.jpg,003750,heuristic
small_object_proposal,-1,1.0,1265.0,983.0,1299.0,1067.0,artificial_jewellery,video_20260404_115542,frame_003750.jpg,003750,heuristic
small_object_proposal,-1,1.0,493.0,375.0,534.0,439.0,artificial_jewellery,video_20260404_115542,frame_003750.jpg,003750,heuristic
small_object_proposal,-1,1.0,1342.0,16.0,1405.0,57.0,artificial_jewellery,video_20260404_115542,frame_003750.jpg,003750,heuristic
small_object_proposal,-1,1.0,1282.0,9.0,1328.0,62.0,artificial_jewellery,video_20260404_115542,frame_003750.jpg,003750,heuristic
small_object_proposal,-1,1.0,1394.0,590.0,1456.0,628.0,artificial_jewellery,video_20260404_115542,frame_003750.jpg,003750,heuristic
small_object_proposal,-1,1.0,1133.0,917.0,1175.0,970.0,artificial_jewellery,video_20260404_115542,frame_003750.jpg,003750,heuristic
small_object_proposal,-1,1.0,1145.0,848.0,1207.0,881.0,artificial_jewellery,video_20260404_115542,frame_003750.jpg,003750,heuristic
small_object_proposal,-1,1.0,1112.0,1005.0,1159.0,1047.0,artificial_jewellery,video_20260404_115542,frame_003750.jpg,003750,heuristic
small_object_proposal,-1,1.0,245.0,124.0,287.0,170.0,artificial_jewellery,video_20260404_115542,frame_003750.jpg,003750,heuristic
small_object_proposal,-1,1.0,1229.0,695.0,1259.0,759.0,artificial_jewellery,video_20260404_115542,frame_003750.jpg,003750,heuristic
small_object_proposal,-1,1.0,1255.0,390.0,1278.0,469.0,artificial_jewellery,video_20260404_115542,frame_003750.jpg,003750,heuristic
small_object_proposal,-1,1.0,1260.0,311.0,1290.0,369.0,artificial_jewellery,video_20260404_115542,frame_003750.jpg,003750,heuristic
small_object_proposal,-1,1.0,1486.0,437.0,1539.0,469.0,artificial_jewellery,video_20260404_115542,frame_003750.jpg,003750,heuristic
small_object_proposal,-1,1.0,1212.0,371.0,1243.0,418.0,artificial_jewellery,video_20260404_115542,frame_003750.jpg,003750,heuristic
small_object_proposal,-1,1.0,1438.0,454.0,1473.0,493.0,artificial_jewellery,video_20260404_115542,frame_003750.jpg,003750,heuristic
small_object_proposal,-1,1.0,1806.0,898.0,1832.0,950.0,artificial_jewellery,video_20260404_115542,frame_003750.jpg,003750,heuristic
small_object_proposal,-1,1.0,1072.0,434.0,1105.0,470.0,artificial_jewellery,video_20260404_115542,frame_003750.jpg,003750,heuristic
small_object_proposal,-1,1.0,137.0,907.0,163.0,950.0,artificial_jewellery,video_20260404_115542,frame_003750.jpg,003750,heuristic
small_object_proposal,-1,1.0,1412.0,465.0,1439.0,506.0,artificial_jewellery,video_20260404_115542,frame_003750.jpg,003750,heuristic
small_object_proposal,-1,1.0,1152.0,884.0,1201.0,906.0,artificial_jewellery,video_20260404_115542,frame_003750.jpg,003750,heuristic
small_object_proposal,-1,1.0,1316.0,287.0,1356.0,313.0,artificial_jewellery,video_20260404_115542,frame_003750.jpg,003750,heuristic
small_object_proposal,-1,1.0,1403.0,408.0,1427.0,451.0,artificial_jewellery,video_20260404_115542,frame_003750.jpg,003750,heuristic
person,0,0.4625261425971985,136.03765869140625,30.360076904296875,1913.0548095703125,1066.1026611328125,artificial_jewellery,video_20260404_115542,frame_003780.jpg,003780,yolo
teddy bear,77,0.2613581418991089,0.8441162109375,34.275787353515625,492.5754089355469,518.2769165039062,artificial_jewellery,video_20260404_115542,frame_003780.jpg,003780,yolo
small_object_proposal,-1,1.0,509.0,384.0,544.0,511.0,artificial_jewellery,video_20260404_115542,frame_003780.jpg,003780,heuristic
small_object_proposal,-1,1.0,1140.0,443.0,1238.0,488.0,artificial_jewellery,video_20260404_115542,frame_003780.jpg,003780,heuristic
small_object_proposal,-1,1.0,1626.0,586.0,1686.0,659.0,artificial_jewellery,video_20260404_115542,frame_003780.jpg,003780,heuristic
small_object_proposal,-1,1.0,1161.0,808.0,1222.0,869.0,artificial_jewellery,video_20260404_115542,frame_003780.jpg,003780,heuristic
small_object_proposal,-1,1.0,966.0,54.0,1054.0,96.0,artificial_jewellery,video_20260404_115542,frame_003780.jpg,003780,heuristic
small_object_proposal,-1,1.0,503.0,113.0,562.0,170.0,artificial_jewellery,video_20260404_115542,frame_003780.jpg,003780,heuristic
small_object_proposal,-1,1.0,1001.0,808.0,1063.0,861.0,artificial_jewellery,video_20260404_115542,frame_003780.jpg,003780,heuristic
small_object_proposal,-1,1.0,1289.0,832.0,1334.0,902.0,artificial_jewellery,video_20260404_115542,frame_003780.jpg,003780,heuristic
small_object_proposal,-1,1.0,501.0,67.0,569.0,112.0,artificial_jewellery,video_20260404_115542,frame_003780.jpg,003780,heuristic
small_object_proposal,-1,1.0,1169.0,958.0,1224.0,1013.0,artificial_jewellery,video_20260404_115542,frame_003780.jpg,003780,heuristic
small_object_proposal,-1,1.0,1765.0,452.0,1815.0,502.0,artificial_jewellery,video_20260404_115542,frame_003780.jpg,003780,heuristic
small_object_proposal,-1,1.0,66.0,81.0,133.0,118.0,artificial_jewellery,video_20260404_115542,frame_003780.jpg,003780,heuristic
small_object_proposal,-1,1.0,1015.0,395.0,1050.0,465.0,artificial_jewellery,video_20260404_115542,frame_003780.jpg,003780,heuristic
small_object_proposal,-1,1.0,613.0,841.0,708.0,866.0,artificial_jewellery,video_20260404_115542,frame_003780.jpg,003780,heuristic
small_object_proposal,-1,1.0,1708.0,682.0,1757.0,727.0,artificial_jewellery,video_20260404_115542,frame_003780.jpg,003780,heuristic
small_object_proposal,-1,1.0,1246.0,71.0,1340.0,94.0,artificial_jewellery,video_20260404_115542,frame_003780.jpg,003780,heuristic
small_object_proposal,-1,1.0,1246.0,671.0,1276.0,740.0,artificial_jewellery,video_20260404_115542,frame_003780.jpg,003780,heuristic
small_object_proposal,-1,1.0,1242.0,841.0,1261.0,943.0,artificial_jewellery,video_20260404_115542,frame_003780.jpg,003780,heuristic
small_object_proposal,-1,1.0,569.0,834.0,612.0,878.0,artificial_jewellery,video_20260404_115542,frame_003780.jpg,003780,heuristic
small_object_proposal,-1,1.0,1636.0,756.0,1681.0,798.0,artificial_jewellery,video_20260404_115542,frame_003780.jpg,003780,heuristic
small_object_proposal,-1,1.0,1177.0,576.0,1216.0,624.0,artificial_jewellery,video_20260404_115542,frame_003780.jpg,003780,heuristic
small_object_proposal,-1,1.0,1493.0,209.0,1526.0,262.0,artificial_jewellery,video_20260404_115542,frame_003780.jpg,003780,heuristic
small_object_proposal,-1,1.0,1131.0,993.0,1175.0,1032.0,artificial_jewellery,video_20260404_115542,frame_003780.jpg,003780,heuristic
small_object_proposal,-1,1.0,1039.0,1044.0,1094.0,1074.0,artificial_jewellery,video_20260404_115542,frame_003780.jpg,003780,heuristic
small_object_proposal,-1,1.0,1411.0,585.0,1465.0,615.0,artificial_jewellery,video_20260404_115542,frame_003780.jpg,003780,heuristic
small_object_proposal,-1,1.0,1204.0,498.0,1231.0,552.0,artificial_jewellery,video_20260404_115542,frame_003780.jpg,003780,heuristic
small_object_proposal,-1,1.0,867.0,943.0,891.0,1003.0,artificial_jewellery,video_20260404_115542,frame_003780.jpg,003780,heuristic
small_object_proposal,-1,1.0,1276.0,302.0,1304.0,353.0,artificial_jewellery,video_20260404_115542,frame_003780.jpg,003780,heuristic
small_object_proposal,-1,1.0,182.0,138.0,236.0,164.0,artificial_jewellery,video_20260404_115542,frame_003780.jpg,003780,heuristic
small_object_proposal,-1,1.0,1272.0,374.0,1287.0,462.0,artificial_jewellery,video_20260404_115542,frame_003780.jpg,003780,heuristic
person,0,0.5347578525543213,345.5592041015625,51.4698486328125,1914.17578125,1069.16796875,artificial_jewellery,video_20260404_115542,frame_003810.jpg,003810,yolo
small_object_proposal,-1,1.0,37.0,303.0,96.0,377.0,artificial_jewellery,video_20260404_115542,frame_003810.jpg,003810,heuristic
small_object_proposal,-1,1.0,1126.0,964.0,1200.0,1013.0,artificial_jewellery,video_20260404_115542,frame_003810.jpg,003810,heuristic
small_object_proposal,-1,1.0,961.0,687.0,1032.0,738.0,artificial_jewellery,video_20260404_115542,frame_003810.jpg,003810,heuristic
small_object_proposal,-1,1.0,1641.0,563.0,1714.0,611.0,artificial_jewellery,video_20260404_115542,frame_003810.jpg,003810,heuristic
small_object_proposal,-1,1.0,1449.0,191.0,1513.0,244.0,artificial_jewellery,video_20260404_115542,frame_003810.jpg,003810,heuristic
small_object_proposal,-1,1.0,1162.0,650.0,1238.0,693.0,artificial_jewellery,video_20260404_115542,frame_003810.jpg,003810,heuristic
small_object_proposal,-1,1.0,1354.0,651.0,1383.0,763.0,artificial_jewellery,video_20260404_115542,frame_003810.jpg,003810,heuristic
small_object_proposal,-1,1.0,1311.0,948.0,1372.0,996.0,artificial_jewellery,video_20260404_115542,frame_003810.jpg,003810,heuristic
small_object_proposal,-1,1.0,1746.0,441.0,1797.0,498.0,artificial_jewellery,video_20260404_115542,frame_003810.jpg,003810,heuristic
small_object_proposal,-1,1.0,1321.0,305.0,1370.0,359.0,artificial_jewellery,video_20260404_115542,frame_003810.jpg,003810,heuristic
small_object_proposal,-1,1.0,1552.0,461.0,1661.0,485.0,artificial_jewellery,video_20260404_115542,frame_003810.jpg,003810,heuristic
small_object_proposal,-1,1.0,1084.0,692.0,1160.0,724.0,artificial_jewellery,video_20260404_115542,frame_003810.jpg,003810,heuristic
small_object_proposal,-1,1.0,1490.0,404.0,1548.0,445.0,artificial_jewellery,video_20260404_115542,frame_003810.jpg,003810,heuristic
small_object_proposal,-1,1.0,421.0,956.0,466.0,1008.0,artificial_jewellery,video_20260404_115542,frame_003810.jpg,003810,heuristic
small_object_proposal,-1,1.0,1281.0,832.0,1312.0,905.0,artificial_jewellery,video_20260404_115542,frame_003810.jpg,003810,heuristic
small_object_proposal,-1,1.0,1834.0,880.0,1869.0,940.0,artificial_jewellery,video_20260404_115542,frame_003810.jpg,003810,heuristic
small_object_proposal,-1,1.0,1138.0,535.0,1174.0,593.0,artificial_jewellery,video_20260404_115542,frame_003810.jpg,003810,heuristic
small_object_proposal,-1,1.0,1706.0,963.0,1759.0,1001.0,artificial_jewellery,video_20260404_115542,frame_003810.jpg,003810,heuristic
small_object_proposal,-1,1.0,1139.0,831.0,1198.0,864.0,artificial_jewellery,video_20260404_115542,frame_003810.jpg,003810,heuristic
small_object_proposal,-1,1.0,294.0,236.0,335.0,280.0,artificial_jewellery,video_20260404_115542,frame_003810.jpg,003810,heuristic
small_object_proposal,-1,1.0,1099.0,989.0,1145.0,1028.0,artificial_jewellery,video_20260404_115542,frame_003810.jpg,003810,heuristic
small_object_proposal,-1,1.0,837.0,939.0,863.0,1008.0,artificial_jewellery,video_20260404_115542,frame_003810.jpg,003810,heuristic
small_object_proposal,-1,1.0,26.0,144.0,47.0,227.0,artificial_jewellery,video_20260404_115542,frame_003810.jpg,003810,heuristic
small_object_proposal,-1,1.0,1007.0,1043.0,1065.0,1073.0,artificial_jewellery,video_20260404_115542,frame_003810.jpg,003810,heuristic
small_object_proposal,-1,1.0,1219.0,838.0,1246.0,899.0,artificial_jewellery,video_20260404_115542,frame_003810.jpg,003810,heuristic
small_object_proposal,-1,1.0,1770.0,739.0,1815.0,772.0,artificial_jewellery,video_20260404_115542,frame_003810.jpg,003810,heuristic
small_object_proposal,-1,1.0,1002.0,816.0,1044.0,849.0,artificial_jewellery,video_20260404_115542,frame_003810.jpg,003810,heuristic
small_object_proposal,-1,1.0,1135.0,903.0,1162.0,952.0,artificial_jewellery,video_20260404_115542,frame_003810.jpg,003810,heuristic
small_object_proposal,-1,1.0,64.0,119.0,114.0,144.0,artificial_jewellery,video_20260404_115542,frame_003810.jpg,003810,heuristic
small_object_proposal,-1,1.0,211.0,95.0,240.0,137.0,artificial_jewellery,video_20260404_115542,frame_003810.jpg,003810,heuristic
person,0,0.3279675245285034,340.0242919921875,35.677734375,1912.11328125,1075.5362548828125,artificial_jewellery,video_20260404_115542,frame_003840.jpg,003840,yolo
small_object_proposal,-1,1.0,1236.0,941.0,1291.0,1028.0,artificial_jewellery,video_20260404_115542,frame_003840.jpg,003840,heuristic
small_object_proposal,-1,1.0,1335.0,36.0,1451.0,74.0,artificial_jewellery,video_20260404_115542,frame_003840.jpg,003840,heuristic
small_object_proposal,-1,1.0,1775.0,756.0,1913.0,784.0,artificial_jewellery,video_20260404_115542,frame_003840.jpg,003840,heuristic
small_object_proposal,-1,1.0,1136.0,688.0,1206.0,739.0,artificial_jewellery,video_20260404_115542,frame_003840.jpg,003840,heuristic
small_object_proposal,-1,1.0,446.0,954.0,498.0,1017.0,artificial_jewellery,video_20260404_115542,frame_003840.jpg,003840,heuristic
small_object_proposal,-1,1.0,8.0,676.0,72.0,724.0,artificial_jewellery,video_20260404_115542,frame_003840.jpg,003840,heuristic
small_object_proposal,-1,1.0,1164.0,948.0,1216.0,1007.0,artificial_jewellery,video_20260404_115542,frame_003840.jpg,003840,heuristic
small_object_proposal,-1,1.0,1372.0,894.0,1406.0,969.0,artificial_jewellery,video_20260404_115542,frame_003840.jpg,003840,heuristic
small_object_proposal,-1,1.0,1404.0,995.0,1453.0,1047.0,artificial_jewellery,video_20260404_115542,frame_003840.jpg,003840,heuristic
small_object_proposal,-1,1.0,1192.0,1022.0,1240.0,1072.0,artificial_jewellery,video_20260404_115542,frame_003840.jpg,003840,heuristic
small_object_proposal,-1,1.0,1405.0,571.0,1465.0,611.0,artificial_jewellery,video_20260404_115542,frame_003840.jpg,003840,heuristic
small_object_proposal,-1,1.0,1649.0,151.0,1696.0,200.0,artificial_jewellery,video_20260404_115542,frame_003840.jpg,003840,heuristic
small_object_proposal,-1,1.0,1115.0,977.0,1163.0,1018.0,artificial_jewellery,video_20260404_115542,frame_003840.jpg,003840,heuristic
small_object_proposal,-1,1.0,1137.0,898.0,1177.0,946.0,artificial_jewellery,video_20260404_115542,frame_003840.jpg,003840,heuristic
small_object_proposal,-1,1.0,1234.0,838.0,1254.0,934.0,artificial_jewellery,video_20260404_115542,frame_003840.jpg,003840,heuristic
small_object_proposal,-1,1.0,1155.0,829.0,1214.0,860.0,artificial_jewellery,video_20260404_115542,frame_003840.jpg,003840,heuristic
small_object_proposal,-1,1.0,1662.0,617.0,1712.0,652.0,artificial_jewellery,video_20260404_115542,frame_003840.jpg,003840,heuristic
small_object_proposal,-1,1.0,1378.0,694.0,1395.0,795.0,artificial_jewellery,video_20260404_115542,frame_003840.jpg,003840,heuristic
small_object_proposal,-1,1.0,1071.0,385.0,1106.0,434.0,artificial_jewellery,video_20260404_115542,frame_003840.jpg,003840,heuristic
small_object_proposal,-1,1.0,1028.0,1032.0,1084.0,1060.0,artificial_jewellery,video_20260404_115542,frame_003840.jpg,003840,heuristic
small_object_proposal,-1,1.0,242.0,85.0,275.0,132.0,artificial_jewellery,video_20260404_115542,frame_003840.jpg,003840,heuristic
small_object_proposal,-1,1.0,1454.0,301.0,1495.0,338.0,artificial_jewellery,video_20260404_115542,frame_003840.jpg,003840,heuristic
small_object_proposal,-1,1.0,1271.0,480.0,1309.0,517.0,artificial_jewellery,video_20260404_115542,frame_003840.jpg,003840,heuristic
small_object_proposal,-1,1.0,1144.0,864.0,1206.0,886.0,artificial_jewellery,video_20260404_115542,frame_003840.jpg,003840,heuristic
small_object_proposal,-1,1.0,134.0,878.0,161.0,927.0,artificial_jewellery,video_20260404_115542,frame_003840.jpg,003840,heuristic
small_object_proposal,-1,1.0,671.0,947.0,709.0,981.0,artificial_jewellery,video_20260404_115542,frame_003840.jpg,003840,heuristic
small_object_proposal,-1,1.0,1274.0,441.0,1301.0,483.0,artificial_jewellery,video_20260404_115542,frame_003840.jpg,003840,heuristic
small_object_proposal,-1,1.0,1454.0,191.0,1493.0,220.0,artificial_jewellery,video_20260404_115542,frame_003840.jpg,003840,heuristic
small_object_proposal,-1,1.0,1251.0,445.0,1272.0,497.0,artificial_jewellery,video_20260404_115542,frame_003840.jpg,003840,heuristic
small_object_proposal,-1,1.0,643.0,878.0,669.0,917.0,artificial_jewellery,video_20260404_115542,frame_003840.jpg,003840,heuristic
person,0,0.5216977596282959,529.579833984375,68.060302734375,1917.4892578125,1065.4127197265625,artificial_jewellery,video_20260404_115542,frame_003870.jpg,003870,yolo
small_object_proposal,-1,1.0,1592.0,986.0,1678.0,1031.0,artificial_jewellery,video_20260404_115542,frame_003870.jpg,003870,heuristic
small_object_proposal,-1,1.0,449.0,964.0,506.0,1027.0,artificial_jewellery,video_20260404_115542,frame_003870.jpg,003870,heuristic
small_object_proposal,-1,1.0,1464.0,196.0,1527.0,251.0,artificial_jewellery,video_20260404_115542,frame_003870.jpg,003870,heuristic
small_object_proposal,-1,1.0,1136.0,783.0,1198.0,824.0,artificial_jewellery,video_20260404_115542,frame_003870.jpg,003870,heuristic
small_object_proposal,-1,1.0,1220.0,761.0,1261.0,816.0,artificial_jewellery,video_20260404_115542,frame_003870.jpg,003870,heuristic
small_object_proposal,-1,1.0,1221.0,837.0,1251.0,911.0,artificial_jewellery,video_20260404_115542,frame_003870.jpg,003870,heuristic
small_object_proposal,-1,1.0,1552.0,1040.0,1619.0,1073.0,artificial_jewellery,video_20260404_115542,frame_003870.jpg,003870,heuristic
small_object_proposal,-1,1.0,233.0,70.0,277.0,118.0,artificial_jewellery,video_20260404_115542,frame_003870.jpg,003870,heuristic
small_object_proposal,-1,1.0,1380.0,703.0,1397.0,825.0,artificial_jewellery,video_20260404_115542,frame_003870.jpg,003870,heuristic
small_object_proposal,-1,1.0,1156.0,829.0,1217.0,861.0,artificial_jewellery,video_20260404_115542,frame_003870.jpg,003870,heuristic
small_object_proposal,-1,1.0,1122.0,982.0,1170.0,1022.0,artificial_jewellery,video_20260404_115542,frame_003870.jpg,003870,heuristic
small_object_proposal,-1,1.0,1237.0,678.0,1267.0,737.0,artificial_jewellery,video_20260404_115542,frame_003870.jpg,003870,heuristic
small_object_proposal,-1,1.0,1405.0,1007.0,1446.0,1047.0,artificial_jewellery,video_20260404_115542,frame_003870.jpg,003870,heuristic
small_object_proposal,-1,1.0,1034.0,1033.0,1090.0,1061.0,artificial_jewellery,video_20260404_115542,frame_003870.jpg,003870,heuristic
small_object_proposal,-1,1.0,1153.0,865.0,1213.0,890.0,artificial_jewellery,video_20260404_115542,frame_003870.jpg,003870,heuristic
small_object_proposal,-1,1.0,1142.0,906.0,1178.0,947.0,artificial_jewellery,video_20260404_115542,frame_003870.jpg,003870,heuristic
small_object_proposal,-1,1.0,1406.0,580.0,1451.0,611.0,artificial_jewellery,video_20260404_115542,frame_003870.jpg,003870,heuristic
small_object_proposal,-1,1.0,700.0,978.0,747.0,1005.0,artificial_jewellery,video_20260404_115542,frame_003870.jpg,003870,heuristic
small_object_proposal,-1,1.0,1771.0,680.0,1794.0,733.0,artificial_jewellery,video_20260404_115542,frame_003870.jpg,003870,heuristic
small_object_proposal,-1,1.0,1658.0,159.0,1690.0,196.0,artificial_jewellery,video_20260404_115542,frame_003870.jpg,003870,heuristic
small_object_proposal,-1,1.0,1373.0,433.0,1408.0,466.0,artificial_jewellery,video_20260404_115542,frame_003870.jpg,003870,heuristic
small_object_proposal,-1,1.0,1563.0,551.0,1599.0,581.0,artificial_jewellery,video_20260404_115542,frame_003870.jpg,003870,heuristic
small_object_proposal,-1,1.0,1666.0,625.0,1714.0,647.0,artificial_jewellery,video_20260404_115542,frame_003870.jpg,003870,heuristic
small_object_proposal,-1,1.0,1375.0,178.0,1400.0,219.0,artificial_jewellery,video_20260404_115542,frame_003870.jpg,003870,heuristic
small_object_proposal,-1,1.0,664.0,935.0,696.0,967.0,artificial_jewellery,video_20260404_115542,frame_003870.jpg,003870,heuristic
small_object_proposal,-1,1.0,642.0,938.0,667.0,978.0,artificial_jewellery,video_20260404_115542,frame_003870.jpg,003870,heuristic
small_object_proposal,-1,1.0,858.0,29.0,901.0,51.0,artificial_jewellery,video_20260404_115542,frame_003870.jpg,003870,heuristic
small_object_proposal,-1,1.0,668.0,908.0,690.0,949.0,artificial_jewellery,video_20260404_115542,frame_003870.jpg,003870,heuristic
small_object_proposal,-1,1.0,1159.0,975.0,1191.0,1002.0,artificial_jewellery,video_20260404_115542,frame_003870.jpg,003870,heuristic
small_object_proposal,-1,1.0,703.0,1003.0,743.0,1024.0,artificial_jewellery,video_20260404_115542,frame_003870.jpg,003870,heuristic
person,0,0.4787389636039734,272.19598388671875,93.838623046875,1915.9600830078125,1064.2327880859375,artificial_jewellery,video_20260404_115542,frame_003900.jpg,003900,yolo
small_object_proposal,-1,1.0,491.0,333.0,532.0,451.0,artificial_jewellery,video_20260404_115542,frame_003900.jpg,003900,heuristic
small_object_proposal,-1,1.0,1362.0,705.0,1390.0,860.0,artificial_jewellery,video_20260404_115542,frame_003900.jpg,003900,heuristic
small_object_proposal,-1,1.0,1233.0,939.0,1285.0,1022.0,artificial_jewellery,video_20260404_115542,frame_003900.jpg,003900,heuristic
small_object_proposal,-1,1.0,1399.0,980.0,1458.0,1046.0,artificial_jewellery,video_20260404_115542,frame_003900.jpg,003900,heuristic
small_object_proposal,-1,1.0,1812.0,635.0,1862.0,697.0,artificial_jewellery,video_20260404_115542,frame_003900.jpg,003900,heuristic
small_object_proposal,-1,1.0,991.0,794.0,1049.0,842.0,artificial_jewellery,video_20260404_115542,frame_003900.jpg,003900,heuristic
small_object_proposal,-1,1.0,1595.0,200.0,1640.0,258.0,artificial_jewellery,video_20260404_115542,frame_003900.jpg,003900,heuristic
small_object_proposal,-1,1.0,1157.0,947.0,1209.0,997.0,artificial_jewellery,video_20260404_115542,frame_003900.jpg,003900,heuristic
small_object_proposal,-1,1.0,1601.0,254.0,1744.0,272.0,artificial_jewellery,video_20260404_115542,frame_003900.jpg,003900,heuristic
small_object_proposal,-1,1.0,1400.0,573.0,1460.0,612.0,artificial_jewellery,video_20260404_115542,frame_003900.jpg,003900,heuristic
small_object_proposal,-1,1.0,1191.0,1023.0,1237.0,1072.0,artificial_jewellery,video_20260404_115542,frame_003900.jpg,003900,heuristic
small_object_proposal,-1,1.0,1650.0,240.0,1731.0,266.0,artificial_jewellery,video_20260404_115542,frame_003900.jpg,003900,heuristic
small_object_proposal,-1,1.0,1700.0,913.0,1752.0,952.0,artificial_jewellery,video_20260404_115542,frame_003900.jpg,003900,heuristic
small_object_proposal,-1,1.0,1113.0,977.0,1162.0,1018.0,artificial_jewellery,video_20260404_115542,frame_003900.jpg,003900,heuristic
small_object_proposal,-1,1.0,1452.0,390.0,1495.0,434.0,artificial_jewellery,video_20260404_115542,frame_003900.jpg,003900,heuristic
small_object_proposal,-1,1.0,1524.0,509.0,1575.0,546.0,artificial_jewellery,video_20260404_115542,frame_003900.jpg,003900,heuristic
small_object_proposal,-1,1.0,1151.0,828.0,1207.0,859.0,artificial_jewellery,video_20260404_115542,frame_003900.jpg,003900,heuristic
small_object_proposal,-1,1.0,1135.0,900.0,1172.0,945.0,artificial_jewellery,video_20260404_115542,frame_003900.jpg,003900,heuristic
small_object_proposal,-1,1.0,1838.0,738.0,1874.0,784.0,artificial_jewellery,video_20260404_115542,frame_003900.jpg,003900,heuristic
small_object_proposal,-1,1.0,1307.0,962.0,1364.0,991.0,artificial_jewellery,video_20260404_115542,frame_003900.jpg,003900,heuristic
small_object_proposal,-1,1.0,1229.0,839.0,1246.0,936.0,artificial_jewellery,video_20260404_115542,frame_003900.jpg,003900,heuristic
small_object_proposal,-1,1.0,1743.0,421.0,1829.0,439.0,artificial_jewellery,video_20260404_115542,frame_003900.jpg,003900,heuristic
small_object_proposal,-1,1.0,1027.0,1031.0,1082.0,1058.0,artificial_jewellery,video_20260404_115542,frame_003900.jpg,003900,heuristic
small_object_proposal,-1,1.0,1405.0,455.0,1445.0,492.0,artificial_jewellery,video_20260404_115542,frame_003900.jpg,003900,heuristic
small_object_proposal,-1,1.0,179.0,151.0,197.0,224.0,artificial_jewellery,video_20260404_115542,frame_003900.jpg,003900,heuristic
small_object_proposal,-1,1.0,1142.0,863.0,1201.0,885.0,artificial_jewellery,video_20260404_115542,frame_003900.jpg,003900,heuristic
small_object_proposal,-1,1.0,677.0,959.0,722.0,987.0,artificial_jewellery,video_20260404_115542,frame_003900.jpg,003900,heuristic
small_object_proposal,-1,1.0,243.0,27.0,273.0,67.0,artificial_jewellery,video_20260404_115542,frame_003900.jpg,003900,heuristic
small_object_proposal,-1,1.0,549.0,367.0,595.0,390.0,artificial_jewellery,video_20260404_115542,frame_003900.jpg,003900,heuristic
small_object_proposal,-1,1.0,1263.0,1043.0,1293.0,1077.0,artificial_jewellery,video_20260404_115542,frame_003900.jpg,003900,heuristic
person,0,0.6360032558441162,234.6097412109375,17.7491455078125,1908.9056396484375,1065.5628662109375,artificial_jewellery,video_20260404_115542,frame_003960.jpg,003960,yolo
teddy bear,77,0.3440901041030884,4.658477783203125,4.286590576171875,499.2567443847656,477.50811767578125,artificial_jewellery,video_20260404_115542,frame_003960.jpg,003960,yolo
person,0,0.32615363597869873,529.285888671875,0.8818817138671875,1182.0440673828125,490.5715026855469,artificial_jewellery,video_20260404_115542,frame_003960.jpg,003960,yolo
small_object_proposal,-1,1.0,175.0,4.0,228.0,93.0,artificial_jewellery,video_20260404_115542,frame_003960.jpg,003960,heuristic
small_object_proposal,-1,1.0,1615.0,815.0,1685.0,872.0,artificial_jewellery,video_20260404_115542,frame_003960.jpg,003960,heuristic
small_object_proposal,-1,1.0,1292.0,951.0,1359.0,1005.0,artificial_jewellery,video_20260404_115542,frame_003960.jpg,003960,heuristic
small_object_proposal,-1,1.0,911.0,668.0,984.0,717.0,artificial_jewellery,video_20260404_115542,frame_003960.jpg,003960,heuristic
small_object_proposal,-1,1.0,511.0,80.0,568.0,138.0,artificial_jewellery,video_20260404_115542,frame_003960.jpg,003960,heuristic
small_object_proposal,-1,1.0,214.0,6.0,264.0,71.0,artificial_jewellery,video_20260404_115542,frame_003960.jpg,003960,heuristic
small_object_proposal,-1,1.0,711.0,698.0,756.0,770.0,artificial_jewellery,video_20260404_115542,frame_003960.jpg,003960,heuristic
small_object_proposal,-1,1.0,120.0,120.0,152.0,217.0,artificial_jewellery,video_20260404_115542,frame_003960.jpg,003960,heuristic
small_object_proposal,-1,1.0,1204.0,607.0,1275.0,650.0,artificial_jewellery,video_20260404_115542,frame_003960.jpg,003960,heuristic
small_object_proposal,-1,1.0,7.0,631.0,71.0,677.0,artificial_jewellery,video_20260404_115542,frame_003960.jpg,003960,heuristic
small_object_proposal,-1,1.0,1137.0,941.0,1191.0,991.0,artificial_jewellery,video_20260404_115542,frame_003960.jpg,003960,heuristic
small_object_proposal,-1,1.0,1177.0,1022.0,1220.0,1073.0,artificial_jewellery,video_20260404_115542,frame_003960.jpg,003960,heuristic
small_object_proposal,-1,1.0,823.0,726.0,882.0,763.0,artificial_jewellery,video_20260404_115542,frame_003960.jpg,003960,heuristic
small_object_proposal,-1,1.0,1128.0,217.0,1156.0,288.0,artificial_jewellery,video_20260404_115542,frame_003960.jpg,003960,heuristic
small_object_proposal,-1,1.0,1287.0,2.0,1337.0,40.0,artificial_jewellery,video_20260404_115542,frame_003960.jpg,003960,heuristic
small_object_proposal,-1,1.0,1344.0,902.0,1375.0,959.0,artificial_jewellery,video_20260404_115542,frame_003960.jpg,003960,heuristic
small_object_proposal,-1,1.0,149.0,74.0,200.0,108.0,artificial_jewellery,video_20260404_115542,frame_003960.jpg,003960,heuristic
small_object_proposal,-1,1.0,511.0,54.0,577.0,80.0,artificial_jewellery,video_20260404_115542,frame_003960.jpg,003960,heuristic
small_object_proposal,-1,1.0,1211.0,831.0,1231.0,915.0,artificial_jewellery,video_20260404_115542,frame_003960.jpg,003960,heuristic
small_object_proposal,-1,1.0,501.0,422.0,534.0,472.0,artificial_jewellery,video_20260404_115542,frame_003960.jpg,003960,heuristic
small_object_proposal,-1,1.0,1103.0,982.0,1149.0,1017.0,artificial_jewellery,video_20260404_115542,frame_003960.jpg,003960,heuristic
small_object_proposal,-1,1.0,1478.0,215.0,1515.0,258.0,artificial_jewellery,video_20260404_115542,frame_003960.jpg,003960,heuristic
small_object_proposal,-1,1.0,1351.0,9.0,1407.0,37.0,artificial_jewellery,video_20260404_115542,frame_003960.jpg,003960,heuristic
small_object_proposal,-1,1.0,52.0,38.0,82.0,83.0,artificial_jewellery,video_20260404_115542,frame_003960.jpg,003960,heuristic
small_object_proposal,-1,1.0,1021.0,1029.0,1069.0,1057.0,artificial_jewellery,video_20260404_115542,frame_003960.jpg,003960,heuristic
small_object_proposal,-1,1.0,1260.0,824.0,1290.0,868.0,artificial_jewellery,video_20260404_115542,frame_003960.jpg,003960,heuristic
small_object_proposal,-1,1.0,1181.0,203.0,1225.0,232.0,artificial_jewellery,video_20260404_115542,frame_003960.jpg,003960,heuristic
small_object_proposal,-1,1.0,1142.0,275.0,1178.0,310.0,artificial_jewellery,video_20260404_115542,frame_003960.jpg,003960,heuristic
small_object_proposal,-1,1.0,30.0,193.0,59.0,235.0,artificial_jewellery,video_20260404_115542,frame_003960.jpg,003960,heuristic
small_object_proposal,-1,1.0,1632.0,171.0,1660.0,214.0,artificial_jewellery,video_20260404_115542,frame_003960.jpg,003960,heuristic
person,0,0.7360705733299255,152.420654296875,87.2589111328125,1903.904296875,1068.99462890625,artificial_jewellery,video_20260404_115542,frame_003990.jpg,003990,yolo
bed,59,0.2924763560295105,169.49066162109375,58.746551513671875,1919.438720703125,1077.32861328125,artificial_jewellery,video_20260404_115542,frame_003990.jpg,003990,yolo
small_object_proposal,-1,1.0,538.0,315.0,580.0,429.0,artificial_jewellery,video_20260404_115542,frame_003990.jpg,003990,heuristic
small_object_proposal,-1,1.0,13.0,623.0,96.0,677.0,artificial_jewellery,video_20260404_115542,frame_003990.jpg,003990,heuristic
small_object_proposal,-1,1.0,551.0,323.0,580.0,470.0,artificial_jewellery,video_20260404_115542,frame_003990.jpg,003990,heuristic
small_object_proposal,-1,1.0,1158.0,785.0,1225.0,831.0,artificial_jewellery,video_20260404_115542,frame_003990.jpg,003990,heuristic
small_object_proposal,-1,1.0,1729.0,974.0,1791.0,1018.0,artificial_jewellery,video_20260404_115542,frame_003990.jpg,003990,heuristic
small_object_proposal,-1,1.0,26.0,272.0,60.0,350.0,artificial_jewellery,video_20260404_115542,frame_003990.jpg,003990,heuristic
small_object_proposal,-1,1.0,1331.0,290.0,1371.0,352.0,artificial_jewellery,video_20260404_115542,frame_003990.jpg,003990,heuristic
small_object_proposal,-1,1.0,1220.0,1025.0,1266.0,1074.0,artificial_jewellery,video_20260404_115542,frame_003990.jpg,003990,heuristic
small_object_proposal,-1,1.0,1583.0,761.0,1622.0,817.0,artificial_jewellery,video_20260404_115542,frame_003990.jpg,003990,heuristic
small_object_proposal,-1,1.0,1281.0,632.0,1327.0,678.0,artificial_jewellery,video_20260404_115542,frame_003990.jpg,003990,heuristic
small_object_proposal,-1,1.0,1144.0,977.0,1192.0,1019.0,artificial_jewellery,video_20260404_115542,frame_003990.jpg,003990,heuristic
small_object_proposal,-1,1.0,1811.0,521.0,1908.0,538.0,artificial_jewellery,video_20260404_115542,frame_003990.jpg,003990,heuristic
small_object_proposal,-1,1.0,1456.0,215.0,1523.0,239.0,artificial_jewellery,video_20260404_115542,frame_003990.jpg,003990,heuristic
small_object_proposal,-1,1.0,10.0,660.0,69.0,686.0,artificial_jewellery,video_20260404_115542,frame_003990.jpg,003990,heuristic
small_object_proposal,-1,1.0,1056.0,1028.0,1112.0,1055.0,artificial_jewellery,video_20260404_115542,frame_003990.jpg,003990,heuristic
small_object_proposal,-1,1.0,286.0,56.0,322.0,98.0,artificial_jewellery,video_20260404_115542,frame_003990.jpg,003990,heuristic
small_object_proposal,-1,1.0,1418.0,811.0,1453.0,850.0,artificial_jewellery,video_20260404_115542,frame_003990.jpg,003990,heuristic
small_object_proposal,-1,1.0,46.0,57.0,60.0,138.0,artificial_jewellery,video_20260404_115542,frame_003990.jpg,003990,heuristic
small_object_proposal,-1,1.0,369.0,191.0,395.0,233.0,artificial_jewellery,video_20260404_115542,frame_003990.jpg,003990,heuristic
small_object_proposal,-1,1.0,1255.0,638.0,1291.0,667.0,artificial_jewellery,video_20260404_115542,frame_003990.jpg,003990,heuristic
small_object_proposal,-1,1.0,1586.0,303.0,1619.0,331.0,artificial_jewellery,video_20260404_115542,frame_003990.jpg,003990,heuristic
small_object_proposal,-1,1.0,1733.0,153.0,1779.0,173.0,artificial_jewellery,video_20260404_115542,frame_003990.jpg,003990,heuristic
small_object_proposal,-1,1.0,1265.0,689.0,1288.0,728.0,artificial_jewellery,video_20260404_115542,frame_003990.jpg,003990,heuristic
small_object_proposal,-1,1.0,1182.0,973.0,1214.0,999.0,artificial_jewellery,video_20260404_115542,frame_003990.jpg,003990,heuristic
small_object_proposal,-1,1.0,62.0,32.0,89.0,62.0,artificial_jewellery,video_20260404_115542,frame_003990.jpg,003990,heuristic
small_object_proposal,-1,1.0,50.0,603.0,81.0,627.0,artificial_jewellery,video_20260404_115542,frame_003990.jpg,003990,heuristic
small_object_proposal,-1,1.0,802.0,921.0,848.0,937.0,artificial_jewellery,video_20260404_115542,frame_003990.jpg,003990,heuristic
small_object_proposal,-1,1.0,1118.0,398.0,1143.0,427.0,artificial_jewellery,video_20260404_115542,frame_003990.jpg,003990,heuristic
small_object_proposal,-1,1.0,931.0,78.0,982.0,92.0,artificial_jewellery,video_20260404_115542,frame_003990.jpg,003990,heuristic
small_object_proposal,-1,1.0,893.0,920.0,912.0,955.0,artificial_jewellery,video_20260404_115542,frame_003990.jpg,003990,heuristic
person,0,0.4855495095252991,237.80035400390625,124.09588623046875,1915.2327880859375,1065.865478515625,artificial_jewellery,video_20260404_115542,frame_004020.jpg,004020,yolo
person,0,0.25351816415786743,1431.568359375,229.59182739257812,1919.4678955078125,1066.4959716796875,artificial_jewellery,video_20260404_115542,frame_004020.jpg,004020,yolo
small_object_proposal,-1,1.0,1309.0,931.0,1373.0,1009.0,artificial_jewellery,video_20260404_115542,frame_004020.jpg,004020,heuristic
small_object_proposal,-1,1.0,1700.0,435.0,1765.0,498.0,artificial_jewellery,video_20260404_115542,frame_004020.jpg,004020,heuristic
small_object_proposal,-1,1.0,1115.0,681.0,1215.0,720.0,artificial_jewellery,video_20260404_115542,frame_004020.jpg,004020,heuristic
small_object_proposal,-1,1.0,1301.0,10.0,1363.0,64.0,artificial_jewellery,video_20260404_115542,frame_004020.jpg,004020,heuristic
small_object_proposal,-1,1.0,1720.0,941.0,1840.0,967.0,artificial_jewellery,video_20260404_115542,frame_004020.jpg,004020,heuristic
small_object_proposal,-1,1.0,545.0,92.0,599.0,149.0,artificial_jewellery,video_20260404_115542,frame_004020.jpg,004020,heuristic
small_object_proposal,-1,1.0,540.0,981.0,602.0,1030.0,artificial_jewellery,video_20260404_115542,frame_004020.jpg,004020,heuristic
small_object_proposal,-1,1.0,1758.0,497.0,1856.0,528.0,artificial_jewellery,video_20260404_115542,frame_004020.jpg,004020,heuristic
small_object_proposal,-1,1.0,1635.0,411.0,1668.0,487.0,artificial_jewellery,video_20260404_115542,frame_004020.jpg,004020,heuristic
small_object_proposal,-1,1.0,783.0,781.0,869.0,806.0,artificial_jewellery,video_20260404_115542,frame_004020.jpg,004020,heuristic
small_object_proposal,-1,1.0,1266.0,977.0,1286.0,1077.0,artificial_jewellery,video_20260404_115542,frame_004020.jpg,004020,heuristic
small_object_proposal,-1,1.0,1121.0,981.0,1168.0,1023.0,artificial_jewellery,video_20260404_115542,frame_004020.jpg,004020,heuristic
small_object_proposal,-1,1.0,1495.0,303.0,1573.0,328.0,artificial_jewellery,video_20260404_115542,frame_004020.jpg,004020,heuristic
small_object_proposal,-1,1.0,120.0,34.0,152.0,91.0,artificial_jewellery,video_20260404_115542,frame_004020.jpg,004020,heuristic
small_object_proposal,-1,1.0,1722.0,894.0,1812.0,913.0,artificial_jewellery,video_20260404_115542,frame_004020.jpg,004020,heuristic
small_object_proposal,-1,1.0,1118.0,473.0,1162.0,511.0,artificial_jewellery,video_20260404_115542,frame_004020.jpg,004020,heuristic
small_object_proposal,-1,1.0,1234.0,689.0,1263.0,742.0,artificial_jewellery,video_20260404_115542,frame_004020.jpg,004020,heuristic
small_object_proposal,-1,1.0,1089.0,785.0,1134.0,819.0,artificial_jewellery,video_20260404_115542,frame_004020.jpg,004020,heuristic
small_object_proposal,-1,1.0,548.0,66.0,609.0,91.0,artificial_jewellery,video_20260404_115542,frame_004020.jpg,004020,heuristic
small_object_proposal,-1,1.0,1033.0,1032.0,1089.0,1059.0,artificial_jewellery,video_20260404_115542,frame_004020.jpg,004020,heuristic
small_object_proposal,-1,1.0,135.0,843.0,164.0,894.0,artificial_jewellery,video_20260404_115542,frame_004020.jpg,004020,heuristic
small_object_proposal,-1,1.0,22.0,637.0,58.0,677.0,artificial_jewellery,video_20260404_115542,frame_004020.jpg,004020,heuristic
small_object_proposal,-1,1.0,1153.0,833.0,1201.0,862.0,artificial_jewellery,video_20260404_115542,frame_004020.jpg,004020,heuristic
small_object_proposal,-1,1.0,1100.0,287.0,1187.0,303.0,artificial_jewellery,video_20260404_115542,frame_004020.jpg,004020,heuristic
small_object_proposal,-1,1.0,1759.0,915.0,1821.0,937.0,artificial_jewellery,video_20260404_115542,frame_004020.jpg,004020,heuristic
small_object_proposal,-1,1.0,1495.0,239.0,1524.0,286.0,artificial_jewellery,video_20260404_115542,frame_004020.jpg,004020,heuristic
small_object_proposal,-1,1.0,1039.0,755.0,1083.0,785.0,artificial_jewellery,video_20260404_115542,frame_004020.jpg,004020,heuristic
small_object_proposal,-1,1.0,744.0,880.0,791.0,906.0,artificial_jewellery,video_20260404_115542,frame_004020.jpg,004020,heuristic
small_object_proposal,-1,1.0,59.0,647.0,89.0,683.0,artificial_jewellery,video_20260404_115542,frame_004020.jpg,004020,heuristic
small_object_proposal,-1,1.0,702.0,822.0,737.0,851.0,artificial_jewellery,video_20260404_115542,frame_004020.jpg,004020,heuristic
person,0,0.6715492606163025,345.942626953125,35.4327392578125,1915.3212890625,1066.635986328125,artificial_jewellery,video_20260404_115542,frame_004050.jpg,004050,yolo
small_object_proposal,-1,1.0,1499.0,155.0,1610.0,199.0,artificial_jewellery,video_20260404_115542,frame_004050.jpg,004050,heuristic
small_object_proposal,-1,1.0,1568.0,326.0,1668.0,371.0,artificial_jewellery,video_20260404_115542,frame_004050.jpg,004050,heuristic
small_object_proposal,-1,1.0,1206.0,590.0,1291.0,640.0,artificial_jewellery,video_20260404_115542,frame_004050.jpg,004050,heuristic
small_object_proposal,-1,1.0,1012.0,425.0,1069.0,498.0,artificial_jewellery,video_20260404_115542,frame_004050.jpg,004050,heuristic
small_object_proposal,-1,1.0,1099.0,412.0,1167.0,471.0,artificial_jewellery,video_20260404_115542,frame_004050.jpg,004050,heuristic
small_object_proposal,-1,1.0,1024.0,467.0,1096.0,519.0,artificial_jewellery,video_20260404_115542,frame_004050.jpg,004050,heuristic
small_object_proposal,-1,1.0,1611.0,608.0,1664.0,672.0,artificial_jewellery,video_20260404_115542,frame_004050.jpg,004050,heuristic
small_object_proposal,-1,1.0,1139.0,945.0,1194.0,997.0,artificial_jewellery,video_20260404_115542,frame_004050.jpg,004050,heuristic
small_object_proposal,-1,1.0,1727.0,806.0,1812.0,838.0,artificial_jewellery,video_20260404_115542,frame_004050.jpg,004050,heuristic
small_object_proposal,-1,1.0,1175.0,1025.0,1224.0,1073.0,artificial_jewellery,video_20260404_115542,frame_004050.jpg,004050,heuristic
small_object_proposal,-1,1.0,979.0,809.0,1039.0,848.0,artificial_jewellery,video_20260404_115542,frame_004050.jpg,004050,heuristic
small_object_proposal,-1,1.0,1421.0,177.0,1475.0,219.0,artificial_jewellery,video_20260404_115542,frame_004050.jpg,004050,heuristic
small_object_proposal,-1,1.0,1102.0,980.0,1148.0,1019.0,artificial_jewellery,video_20260404_115542,frame_004050.jpg,004050,heuristic
small_object_proposal,-1,1.0,1843.0,677.0,1860.0,782.0,artificial_jewellery,video_20260404_115542,frame_004050.jpg,004050,heuristic
small_object_proposal,-1,1.0,644.0,868.0,692.0,902.0,artificial_jewellery,video_20260404_115542,frame_004050.jpg,004050,heuristic
small_object_proposal,-1,1.0,1012.0,1033.0,1069.0,1061.0,artificial_jewellery,video_20260404_115542,frame_004050.jpg,004050,heuristic
small_object_proposal,-1,1.0,1139.0,828.0,1191.0,858.0,artificial_jewellery,video_20260404_115542,frame_004050.jpg,004050,heuristic
small_object_proposal,-1,1.0,673.0,854.0,725.0,882.0,artificial_jewellery,video_20260404_115542,frame_004050.jpg,004050,heuristic
small_object_proposal,-1,1.0,1850.0,159.0,1908.0,184.0,artificial_jewellery,video_20260404_115542,frame_004050.jpg,004050,heuristic
small_object_proposal,-1,1.0,120.0,862.0,149.0,911.0,artificial_jewellery,video_20260404_115542,frame_004050.jpg,004050,heuristic
small_object_proposal,-1,1.0,1838.0,798.0,1873.0,838.0,artificial_jewellery,video_20260404_115542,frame_004050.jpg,004050,heuristic
small_object_proposal,-1,1.0,1348.0,677.0,1368.0,743.0,artificial_jewellery,video_20260404_115542,frame_004050.jpg,004050,heuristic
small_object_proposal,-1,1.0,1296.0,962.0,1344.0,989.0,artificial_jewellery,video_20260404_115542,frame_004050.jpg,004050,heuristic
small_object_proposal,-1,1.0,632.0,817.0,665.0,855.0,artificial_jewellery,video_20260404_115542,frame_004050.jpg,004050,heuristic
small_object_proposal,-1,1.0,1719.0,841.0,1776.0,861.0,artificial_jewellery,video_20260404_115542,frame_004050.jpg,004050,heuristic
small_object_proposal,-1,1.0,1860.0,523.0,1915.0,542.0,artificial_jewellery,video_20260404_115542,frame_004050.jpg,004050,heuristic
small_object_proposal,-1,1.0,1652.0,853.0,1701.0,874.0,artificial_jewellery,video_20260404_115542,frame_004050.jpg,004050,heuristic
small_object_proposal,-1,1.0,1207.0,482.0,1238.0,515.0,artificial_jewellery,video_20260404_115542,frame_004050.jpg,004050,heuristic
small_object_proposal,-1,1.0,2.0,668.0,38.0,696.0,artificial_jewellery,video_20260404_115542,frame_004050.jpg,004050,heuristic
small_object_proposal,-1,1.0,1353.0,202.0,1378.0,242.0,artificial_jewellery,video_20260404_115542,frame_004050.jpg,004050,heuristic
person,0,0.6557349562644958,1413.968017578125,7.7911376953125,1919.3145751953125,1059.8367919921875,artificial_jewellery,video_20260404_115542,frame_004080.jpg,004080,yolo
person,0,0.6059898138046265,354.8045959472656,0.0,1876.1246337890625,1066.2374267578125,artificial_jewellery,video_20260404_115542,frame_004080.jpg,004080,yolo
teddy bear,77,0.35509365797042847,1.0559234619140625,7.2530364990234375,494.8288879394531,482.742919921875,artificial_jewellery,video_20260404_115542,frame_004080.jpg,004080,yolo
small_object_proposal,-1,1.0,1237.0,434.0,1316.0,496.0,artificial_jewellery,video_20260404_115542,frame_004080.jpg,004080,heuristic
small_object_proposal,-1,1.0,985.0,785.0,1060.0,850.0,artificial_jewellery,video_20260404_115542,frame_004080.jpg,004080,heuristic
small_object_proposal,-1,1.0,495.0,334.0,535.0,455.0,artificial_jewellery,video_20260404_115542,frame_004080.jpg,004080,heuristic
small_object_proposal,-1,1.0,1230.0,937.0,1282.0,1021.0,artificial_jewellery,video_20260404_115542,frame_004080.jpg,004080,heuristic
small_object_proposal,-1,1.0,1355.0,725.0,1384.0,856.0,artificial_jewellery,video_20260404_115542,frame_004080.jpg,004080,heuristic
small_object_proposal,-1,1.0,1392.0,977.0,1450.0,1039.0,artificial_jewellery,video_20260404_115542,frame_004080.jpg,004080,heuristic
small_object_proposal,-1,1.0,1740.0,641.0,1831.0,678.0,artificial_jewellery,video_20260404_115542,frame_004080.jpg,004080,heuristic
small_object_proposal,-1,1.0,458.0,936.0,521.0,985.0,artificial_jewellery,video_20260404_115542,frame_004080.jpg,004080,heuristic
small_object_proposal,-1,1.0,1151.0,943.0,1207.0,996.0,artificial_jewellery,video_20260404_115542,frame_004080.jpg,004080,heuristic
small_object_proposal,-1,1.0,1148.0,825.0,1230.0,860.0,artificial_jewellery,video_20260404_115542,frame_004080.jpg,004080,heuristic
small_object_proposal,-1,1.0,1189.0,1023.0,1238.0,1073.0,artificial_jewellery,video_20260404_115542,frame_004080.jpg,004080,heuristic
small_object_proposal,-1,1.0,1214.0,312.0,1240.0,402.0,artificial_jewellery,video_20260404_115542,frame_004080.jpg,004080,heuristic
small_object_proposal,-1,1.0,1392.0,572.0,1451.0,611.0,artificial_jewellery,video_20260404_115542,frame_004080.jpg,004080,heuristic
small_object_proposal,-1,1.0,1221.0,833.0,1243.0,930.0,artificial_jewellery,video_20260404_115542,frame_004080.jpg,004080,heuristic
small_object_proposal,-1,1.0,1113.0,976.0,1161.0,1020.0,artificial_jewellery,video_20260404_115542,frame_004080.jpg,004080,heuristic
small_object_proposal,-1,1.0,705.0,885.0,760.0,922.0,artificial_jewellery,video_20260404_115542,frame_004080.jpg,004080,heuristic
small_object_proposal,-1,1.0,1226.0,671.0,1256.0,736.0,artificial_jewellery,video_20260404_115542,frame_004080.jpg,004080,heuristic
small_object_proposal,-1,1.0,1834.0,640.0,1867.0,699.0,artificial_jewellery,video_20260404_115542,frame_004080.jpg,004080,heuristic
small_object_proposal,-1,1.0,188.0,337.0,233.0,378.0,artificial_jewellery,video_20260404_115542,frame_004080.jpg,004080,heuristic
small_object_proposal,-1,1.0,1296.0,956.0,1358.0,984.0,artificial_jewellery,video_20260404_115542,frame_004080.jpg,004080,heuristic
small_object_proposal,-1,1.0,1302.0,539.0,1346.0,577.0,artificial_jewellery,video_20260404_115542,frame_004080.jpg,004080,heuristic
small_object_proposal,-1,1.0,1024.0,1031.0,1081.0,1060.0,artificial_jewellery,video_20260404_115542,frame_004080.jpg,004080,heuristic
small_object_proposal,-1,1.0,1422.0,267.0,1472.0,300.0,artificial_jewellery,video_20260404_115542,frame_004080.jpg,004080,heuristic
small_object_proposal,-1,1.0,1762.0,125.0,1812.0,157.0,artificial_jewellery,video_20260404_115542,frame_004080.jpg,004080,heuristic
small_object_proposal,-1,1.0,1134.0,898.0,1170.0,941.0,artificial_jewellery,video_20260404_115542,frame_004080.jpg,004080,heuristic
small_object_proposal,-1,1.0,747.0,887.0,803.0,912.0,artificial_jewellery,video_20260404_115542,frame_004080.jpg,004080,heuristic
small_object_proposal,-1,1.0,1315.0,894.0,1344.0,941.0,artificial_jewellery,video_20260404_115542,frame_004080.jpg,004080,heuristic
small_object_proposal,-1,1.0,1264.0,394.0,1298.0,431.0,artificial_jewellery,video_20260404_115542,frame_004080.jpg,004080,heuristic
small_object_proposal,-1,1.0,250.0,36.0,285.0,69.0,artificial_jewellery,video_20260404_115542,frame_004080.jpg,004080,heuristic
small_object_proposal,-1,1.0,1260.0,1036.0,1290.0,1073.0,artificial_jewellery,video_20260404_115542,frame_004080.jpg,004080,heuristic
person,0,0.49602729082107544,13.790771484375,5.571075439453125,1909.8541259765625,1075.1036376953125,artificial_jewellery,video_20260404_115542,frame_004140.jpg,004140,yolo
small_object_proposal,-1,1.0,515.0,998.0,586.0,1067.0,artificial_jewellery,video_20260404_115542,frame_004140.jpg,004140,heuristic
small_object_proposal,-1,1.0,502.0,334.0,540.0,450.0,artificial_jewellery,video_20260404_115542,frame_004140.jpg,004140,heuristic
small_object_proposal,-1,1.0,1239.0,935.0,1290.0,1010.0,artificial_jewellery,video_20260404_115542,frame_004140.jpg,004140,heuristic
small_object_proposal,-1,1.0,994.0,794.0,1060.0,851.0,artificial_jewellery,video_20260404_115542,frame_004140.jpg,004140,heuristic
small_object_proposal,-1,1.0,1553.0,133.0,1633.0,180.0,artificial_jewellery,video_20260404_115542,frame_004140.jpg,004140,heuristic
small_object_proposal,-1,1.0,519.0,342.0,543.0,490.0,artificial_jewellery,video_20260404_115542,frame_004140.jpg,004140,heuristic
small_object_proposal,-1,1.0,1008.0,794.0,1069.0,850.0,artificial_jewellery,video_20260404_115542,frame_004140.jpg,004140,heuristic
small_object_proposal,-1,1.0,1532.0,779.0,1619.0,816.0,artificial_jewellery,video_20260404_115542,frame_004140.jpg,004140,heuristic
small_object_proposal,-1,1.0,1268.0,583.0,1324.0,636.0,artificial_jewellery,video_20260404_115542,frame_004140.jpg,004140,heuristic
small_object_proposal,-1,1.0,1101.0,971.0,1168.0,1015.0,artificial_jewellery,video_20260404_115542,frame_004140.jpg,004140,heuristic
small_object_proposal,-1,1.0,26.0,28.0,83.0,79.0,artificial_jewellery,video_20260404_115542,frame_004140.jpg,004140,heuristic
small_object_proposal,-1,1.0,1397.0,389.0,1436.0,458.0,artificial_jewellery,video_20260404_115542,frame_004140.jpg,004140,heuristic
small_object_proposal,-1,1.0,1196.0,1019.0,1247.0,1067.0,artificial_jewellery,video_20260404_115542,frame_004140.jpg,004140,heuristic
small_object_proposal,-1,1.0,1153.0,825.0,1230.0,856.0,artificial_jewellery,video_20260404_115542,frame_004140.jpg,004140,heuristic
small_object_proposal,-1,1.0,2.0,676.0,60.0,717.0,artificial_jewellery,video_20260404_115542,frame_004140.jpg,004140,heuristic
small_object_proposal,-1,1.0,1419.0,11.0,1474.0,53.0,artificial_jewellery,video_20260404_115542,frame_004140.jpg,004140,heuristic
small_object_proposal,-1,1.0,295.0,252.0,344.0,299.0,artificial_jewellery,video_20260404_115542,frame_004140.jpg,004140,heuristic
small_object_proposal,-1,1.0,1619.0,770.0,1691.0,800.0,artificial_jewellery,video_20260404_115542,frame_004140.jpg,004140,heuristic
small_object_proposal,-1,1.0,1401.0,573.0,1459.0,610.0,artificial_jewellery,video_20260404_115542,frame_004140.jpg,004140,heuristic
small_object_proposal,-1,1.0,1352.0,51.0,1441.0,75.0,artificial_jewellery,video_20260404_115542,frame_004140.jpg,004140,heuristic
small_object_proposal,-1,1.0,1381.0,880.0,1408.0,955.0,artificial_jewellery,video_20260404_115542,frame_004140.jpg,004140,heuristic
small_object_proposal,-1,1.0,1447.0,304.0,1493.0,347.0,artificial_jewellery,video_20260404_115542,frame_004140.jpg,004140,heuristic
small_object_proposal,-1,1.0,1178.0,943.0,1216.0,992.0,artificial_jewellery,video_20260404_115542,frame_004140.jpg,004140,heuristic
small_object_proposal,-1,1.0,1309.0,956.0,1366.0,986.0,artificial_jewellery,video_20260404_115542,frame_004140.jpg,004140,heuristic
small_object_proposal,-1,1.0,1413.0,289.0,1441.0,346.0,artificial_jewellery,video_20260404_115542,frame_004140.jpg,004140,heuristic
small_object_proposal,-1,1.0,1237.0,673.0,1264.0,731.0,artificial_jewellery,video_20260404_115542,frame_004140.jpg,004140,heuristic
small_object_proposal,-1,1.0,1033.0,1027.0,1089.0,1054.0,artificial_jewellery,video_20260404_115542,frame_004140.jpg,004140,heuristic
small_object_proposal,-1,1.0,1484.0,332.0,1511.0,388.0,artificial_jewellery,video_20260404_115542,frame_004140.jpg,004140,heuristic
small_object_proposal,-1,1.0,122.0,870.0,151.0,922.0,artificial_jewellery,video_20260404_115542,frame_004140.jpg,004140,heuristic
small_object_proposal,-1,1.0,1098.0,380.0,1132.0,424.0,artificial_jewellery,video_20260404_115542,frame_004140.jpg,004140,heuristic
person,0,0.42782875895500183,112.09002685546875,106.68777465820312,1895.079833984375,1070.2437744140625,artificial_jewellery,video_20260404_115542,frame_004170.jpg,004170,yolo
small_object_proposal,-1,1.0,1190.0,638.0,1239.0,733.0,artificial_jewellery,video_20260404_115542,frame_004170.jpg,004170,heuristic
small_object_proposal,-1,1.0,467.0,349.0,506.0,464.0,artificial_jewellery,video_20260404_115542,frame_004170.jpg,004170,heuristic
small_object_proposal,-1,1.0,478.0,359.0,510.0,497.0,artificial_jewellery,video_20260404_115542,frame_004170.jpg,004170,heuristic
small_object_proposal,-1,1.0,475.0,109.0,532.0,167.0,artificial_jewellery,video_20260404_115542,frame_004170.jpg,004170,heuristic
small_object_proposal,-1,1.0,1318.0,658.0,1342.0,780.0,artificial_jewellery,video_20260404_115542,frame_004170.jpg,004170,heuristic
small_object_proposal,-1,1.0,1065.0,981.0,1129.0,1025.0,artificial_jewellery,video_20260404_115542,frame_004170.jpg,004170,heuristic
small_object_proposal,-1,1.0,1376.0,705.0,1397.0,806.0,artificial_jewellery,video_20260404_115542,frame_004170.jpg,004170,heuristic
small_object_proposal,-1,1.0,1103.0,391.0,1156.0,428.0,artificial_jewellery,video_20260404_115542,frame_004170.jpg,004170,heuristic
small_object_proposal,-1,1.0,1349.0,577.0,1405.0,611.0,artificial_jewellery,video_20260404_115542,frame_004170.jpg,004170,heuristic
small_object_proposal,-1,1.0,1256.0,262.0,1310.0,297.0,artificial_jewellery,video_20260404_115542,frame_004170.jpg,004170,heuristic
small_object_proposal,-1,1.0,234.0,367.0,289.0,401.0,artificial_jewellery,video_20260404_115542,frame_004170.jpg,004170,heuristic
small_object_proposal,-1,1.0,1100.0,784.0,1155.0,817.0,artificial_jewellery,video_20260404_115542,frame_004170.jpg,004170,heuristic
small_object_proposal,-1,1.0,1589.0,564.0,1624.0,613.0,artificial_jewellery,video_20260404_115542,frame_004170.jpg,004170,heuristic
small_object_proposal,-1,1.0,476.0,83.0,540.0,109.0,artificial_jewellery,video_20260404_115542,frame_004170.jpg,004170,heuristic
small_object_proposal,-1,1.0,996.0,1039.0,1052.0,1068.0,artificial_jewellery,video_20260404_115542,frame_004170.jpg,004170,heuristic
small_object_proposal,-1,1.0,1118.0,948.0,1158.0,985.0,artificial_jewellery,video_20260404_115542,frame_004170.jpg,004170,heuristic
small_object_proposal,-1,1.0,1673.0,467.0,1709.0,507.0,artificial_jewellery,video_20260404_115542,frame_004170.jpg,004170,heuristic
small_object_proposal,-1,1.0,1435.0,429.0,1487.0,456.0,artificial_jewellery,video_20260404_115542,frame_004170.jpg,004170,heuristic
small_object_proposal,-1,1.0,1802.0,147.0,1853.0,173.0,artificial_jewellery,video_20260404_115542,frame_004170.jpg,004170,heuristic
small_object_proposal,-1,1.0,1726.0,870.0,1752.0,915.0,artificial_jewellery,video_20260404_115542,frame_004170.jpg,004170,heuristic
small_object_proposal,-1,1.0,95.0,884.0,123.0,925.0,artificial_jewellery,video_20260404_115542,frame_004170.jpg,004170,heuristic
small_object_proposal,-1,1.0,1096.0,417.0,1126.0,455.0,artificial_jewellery,video_20260404_115542,frame_004170.jpg,004170,heuristic
small_object_proposal,-1,1.0,832.0,923.0,857.0,959.0,artificial_jewellery,video_20260404_115542,frame_004170.jpg,004170,heuristic
small_object_proposal,-1,1.0,1824.0,831.0,1848.0,867.0,artificial_jewellery,video_20260404_115542,frame_004170.jpg,004170,heuristic
small_object_proposal,-1,1.0,657.0,863.0,680.0,900.0,artificial_jewellery,video_20260404_115542,frame_004170.jpg,004170,heuristic
small_object_proposal,-1,1.0,142.0,304.0,166.0,338.0,artificial_jewellery,video_20260404_115542,frame_004170.jpg,004170,heuristic
small_object_proposal,-1,1.0,364.0,3.0,390.0,32.0,artificial_jewellery,video_20260404_115542,frame_004170.jpg,004170,heuristic
small_object_proposal,-1,1.0,1615.0,149.0,1659.0,166.0,artificial_jewellery,video_20260404_115542,frame_004170.jpg,004170,heuristic
small_object_proposal,-1,1.0,1807.0,866.0,1820.0,920.0,artificial_jewellery,video_20260404_115542,frame_004170.jpg,004170,heuristic
small_object_proposal,-1,1.0,1222.0,305.0,1248.0,332.0,artificial_jewellery,video_20260404_115542,frame_004170.jpg,004170,heuristic
person,0,0.6176350712776184,406.16705322265625,111.35165405273438,1918.499267578125,1068.2205810546875,artificial_jewellery,video_20260404_115542,frame_004200.jpg,004200,yolo
small_object_proposal,-1,1.0,1460.0,168.0,1566.0,211.0,artificial_jewellery,video_20260404_115542,frame_004200.jpg,004200,heuristic
small_object_proposal,-1,1.0,196.0,63.0,264.0,127.0,artificial_jewellery,video_20260404_115542,frame_004200.jpg,004200,heuristic
small_object_proposal,-1,1.0,1853.0,533.0,1882.0,657.0,artificial_jewellery,video_20260404_115542,frame_004200.jpg,004200,heuristic
small_object_proposal,-1,1.0,1322.0,720.0,1350.0,847.0,artificial_jewellery,video_20260404_115542,frame_004200.jpg,004200,heuristic
small_object_proposal,-1,1.0,7.0,678.0,74.0,723.0,artificial_jewellery,video_20260404_115542,frame_004200.jpg,004200,heuristic
small_object_proposal,-1,1.0,1833.0,210.0,1879.0,274.0,artificial_jewellery,video_20260404_115542,frame_004200.jpg,004200,heuristic
small_object_proposal,-1,1.0,299.0,425.0,340.0,496.0,artificial_jewellery,video_20260404_115542,frame_004200.jpg,004200,heuristic
small_object_proposal,-1,1.0,471.0,941.0,533.0,984.0,artificial_jewellery,video_20260404_115542,frame_004200.jpg,004200,heuristic
small_object_proposal,-1,1.0,124.0,178.0,156.0,261.0,artificial_jewellery,video_20260404_115542,frame_004200.jpg,004200,heuristic
small_object_proposal,-1,1.0,1082.0,978.0,1145.0,1019.0,artificial_jewellery,video_20260404_115542,frame_004200.jpg,004200,heuristic
small_object_proposal,-1,1.0,215.0,115.0,258.0,173.0,artificial_jewellery,video_20260404_115542,frame_004200.jpg,004200,heuristic
small_object_proposal,-1,1.0,1510.0,1000.0,1578.0,1035.0,artificial_jewellery,video_20260404_115542,frame_004200.jpg,004200,heuristic
small_object_proposal,-1,1.0,1106.0,786.0,1168.0,823.0,artificial_jewellery,video_20260404_115542,frame_004200.jpg,004200,heuristic
small_object_proposal,-1,1.0,7.0,550.0,59.0,594.0,artificial_jewellery,video_20260404_115542,frame_004200.jpg,004200,heuristic
small_object_proposal,-1,1.0,1819.0,601.0,1856.0,662.0,artificial_jewellery,video_20260404_115542,frame_004200.jpg,004200,heuristic
small_object_proposal,-1,1.0,1172.0,1024.0,1219.0,1071.0,artificial_jewellery,video_20260404_115542,frame_004200.jpg,004200,heuristic
small_object_proposal,-1,1.0,1428.0,242.0,1467.0,298.0,artificial_jewellery,video_20260404_115542,frame_004200.jpg,004200,heuristic
small_object_proposal,-1,1.0,1425.0,1041.0,1493.0,1073.0,artificial_jewellery,video_20260404_115542,frame_004200.jpg,004200,heuristic
small_object_proposal,-1,1.0,985.0,802.0,1035.0,845.0,artificial_jewellery,video_20260404_115542,frame_004200.jpg,004200,heuristic
small_object_proposal,-1,1.0,1357.0,575.0,1406.0,618.0,artificial_jewellery,video_20260404_115542,frame_004200.jpg,004200,heuristic
small_object_proposal,-1,1.0,1259.0,827.0,1291.0,891.0,artificial_jewellery,video_20260404_115542,frame_004200.jpg,004200,heuristic
small_object_proposal,-1,1.0,353.0,960.0,411.0,995.0,artificial_jewellery,video_20260404_115542,frame_004200.jpg,004200,heuristic
small_object_proposal,-1,1.0,1731.0,825.0,1836.0,844.0,artificial_jewellery,video_20260404_115542,frame_004200.jpg,004200,heuristic
small_object_proposal,-1,1.0,1211.0,642.0,1248.0,695.0,artificial_jewellery,video_20260404_115542,frame_004200.jpg,004200,heuristic
small_object_proposal,-1,1.0,1150.0,943.0,1186.0,994.0,artificial_jewellery,video_20260404_115542,frame_004200.jpg,004200,heuristic
small_object_proposal,-1,1.0,15.0,45.0,66.0,81.0,artificial_jewellery,video_20260404_115542,frame_004200.jpg,004200,heuristic
small_object_proposal,-1,1.0,149.0,171.0,178.0,234.0,artificial_jewellery,video_20260404_115542,frame_004200.jpg,004200,heuristic
small_object_proposal,-1,1.0,758.0,886.0,813.0,919.0,artificial_jewellery,video_20260404_115542,frame_004200.jpg,004200,heuristic
small_object_proposal,-1,1.0,139.0,349.0,172.0,397.0,artificial_jewellery,video_20260404_115542,frame_004200.jpg,004200,heuristic
small_object_proposal,-1,1.0,987.0,71.0,1060.0,92.0,artificial_jewellery,video_20260404_115542,frame_004200.jpg,004200,heuristic
person,0,0.5476980805397034,420.2065734863281,148.75296020507812,1915.1165771484375,1064.802734375,artificial_jewellery,video_20260404_115542,frame_004230.jpg,004230,yolo
small_object_proposal,-1,1.0,1437.0,345.0,1558.0,386.0,artificial_jewellery,video_20260404_115542,frame_004230.jpg,004230,heuristic
small_object_proposal,-1,1.0,1245.0,435.0,1302.0,511.0,artificial_jewellery,video_20260404_115542,frame_004230.jpg,004230,heuristic
small_object_proposal,-1,1.0,1747.0,734.0,1808.0,794.0,artificial_jewellery,video_20260404_115542,frame_004230.jpg,004230,heuristic
small_object_proposal,-1,1.0,1094.0,711.0,1161.0,763.0,artificial_jewellery,video_20260404_115542,frame_004230.jpg,004230,heuristic
small_object_proposal,-1,1.0,478.0,369.0,518.0,449.0,artificial_jewellery,video_20260404_115542,frame_004230.jpg,004230,heuristic
small_object_proposal,-1,1.0,1104.0,788.0,1168.0,835.0,artificial_jewellery,video_20260404_115542,frame_004230.jpg,004230,heuristic
small_object_proposal,-1,1.0,1077.0,993.0,1141.0,1038.0,artificial_jewellery,video_20260404_115542,frame_004230.jpg,004230,heuristic
small_object_proposal,-1,1.0,1828.0,290.0,1892.0,332.0,artificial_jewellery,video_20260404_115542,frame_004230.jpg,004230,heuristic
small_object_proposal,-1,1.0,973.0,818.0,1031.0,863.0,artificial_jewellery,video_20260404_115542,frame_004230.jpg,004230,heuristic
small_object_proposal,-1,1.0,1202.0,685.0,1233.0,751.0,artificial_jewellery,video_20260404_115542,frame_004230.jpg,004230,heuristic
small_object_proposal,-1,1.0,1113.0,913.0,1151.0,961.0,artificial_jewellery,video_20260404_115542,frame_004230.jpg,004230,heuristic
small_object_proposal,-1,1.0,1377.0,375.0,1423.0,410.0,artificial_jewellery,video_20260404_115542,frame_004230.jpg,004230,heuristic
small_object_proposal,-1,1.0,897.0,37.0,926.0,89.0,artificial_jewellery,video_20260404_115542,frame_004230.jpg,004230,heuristic
small_object_proposal,-1,1.0,1326.0,297.0,1354.0,350.0,artificial_jewellery,video_20260404_115542,frame_004230.jpg,004230,heuristic
small_object_proposal,-1,1.0,104.0,900.0,133.0,951.0,artificial_jewellery,video_20260404_115542,frame_004230.jpg,004230,heuristic
small_object_proposal,-1,1.0,737.0,904.0,792.0,930.0,artificial_jewellery,video_20260404_115542,frame_004230.jpg,004230,heuristic
small_object_proposal,-1,1.0,1163.0,959.0,1188.0,1012.0,artificial_jewellery,video_20260404_115542,frame_004230.jpg,004230,heuristic
small_object_proposal,-1,1.0,1454.0,448.0,1487.0,488.0,artificial_jewellery,video_20260404_115542,frame_004230.jpg,004230,heuristic
small_object_proposal,-1,1.0,1317.0,209.0,1346.0,254.0,artificial_jewellery,video_20260404_115542,frame_004230.jpg,004230,heuristic
small_object_proposal,-1,1.0,1809.0,161.0,1865.0,184.0,artificial_jewellery,video_20260404_115542,frame_004230.jpg,004230,heuristic
small_object_proposal,-1,1.0,1498.0,400.0,1539.0,431.0,artificial_jewellery,video_20260404_115542,frame_004230.jpg,004230,heuristic
small_object_proposal,-1,1.0,700.0,899.0,734.0,933.0,artificial_jewellery,video_20260404_115542,frame_004230.jpg,004230,heuristic
small_object_proposal,-1,1.0,1242.0,973.0,1261.0,1032.0,artificial_jewellery,video_20260404_115542,frame_004230.jpg,004230,heuristic
small_object_proposal,-1,1.0,1384.0,542.0,1435.0,563.0,artificial_jewellery,video_20260404_115542,frame_004230.jpg,004230,heuristic
small_object_proposal,-1,1.0,693.0,850.0,727.0,881.0,artificial_jewellery,video_20260404_115542,frame_004230.jpg,004230,heuristic
small_object_proposal,-1,1.0,177.0,372.0,219.0,397.0,artificial_jewellery,video_20260404_115542,frame_004230.jpg,004230,heuristic
small_object_proposal,-1,1.0,355.0,356.0,387.0,388.0,artificial_jewellery,video_20260404_115542,frame_004230.jpg,004230,heuristic
small_object_proposal,-1,1.0,1259.0,842.0,1282.0,885.0,artificial_jewellery,video_20260404_115542,frame_004230.jpg,004230,heuristic
small_object_proposal,-1,1.0,1672.0,673.0,1707.0,701.0,artificial_jewellery,video_20260404_115542,frame_004230.jpg,004230,heuristic
small_object_proposal,-1,1.0,1377.0,462.0,1405.0,497.0,artificial_jewellery,video_20260404_115542,frame_004230.jpg,004230,heuristic
person,0,0.5914842486381531,444.046875,230.7425537109375,1918.459716796875,1064.3658447265625,artificial_jewellery,video_20260404_115542,frame_004260.jpg,004260,yolo
donut,54,0.4745810925960541,1191.973388671875,381.479736328125,1489.59375,563.7127075195312,artificial_jewellery,video_20260404_115542,frame_004260.jpg,004260,yolo
small_object_proposal,-1,1.0,1468.0,163.0,1579.0,206.0,artificial_jewellery,video_20260404_115542,frame_004260.jpg,004260,heuristic
small_object_proposal,-1,1.0,1242.0,552.0,1295.0,642.0,artificial_jewellery,video_20260404_115542,frame_004260.jpg,004260,heuristic
small_object_proposal,-1,1.0,1683.0,843.0,1810.0,879.0,artificial_jewellery,video_20260404_115542,frame_004260.jpg,004260,heuristic
small_object_proposal,-1,1.0,1259.0,582.0,1325.0,650.0,artificial_jewellery,video_20260404_115542,frame_004260.jpg,004260,heuristic
small_object_proposal,-1,1.0,1211.0,960.0,1266.0,1041.0,artificial_jewellery,video_20260404_115542,frame_004260.jpg,004260,heuristic
small_object_proposal,-1,1.0,488.0,394.0,520.0,533.0,artificial_jewellery,video_20260404_115542,frame_004260.jpg,004260,heuristic
small_object_proposal,-1,1.0,92.0,198.0,128.0,297.0,artificial_jewellery,video_20260404_115542,frame_004260.jpg,004260,heuristic
small_object_proposal,-1,1.0,1334.0,745.0,1361.0,868.0,artificial_jewellery,video_20260404_115542,frame_004260.jpg,004260,heuristic
small_object_proposal,-1,1.0,1136.0,970.0,1192.0,1028.0,artificial_jewellery,video_20260404_115542,frame_004260.jpg,004260,heuristic
small_object_proposal,-1,1.0,1575.0,193.0,1607.0,292.0,artificial_jewellery,video_20260404_115542,frame_004260.jpg,004260,heuristic
small_object_proposal,-1,1.0,1406.0,527.0,1487.0,562.0,artificial_jewellery,video_20260404_115542,frame_004260.jpg,004260,heuristic
small_object_proposal,-1,1.0,1079.0,1004.0,1141.0,1049.0,artificial_jewellery,video_20260404_115542,frame_004260.jpg,004260,heuristic
small_object_proposal,-1,1.0,74.0,259.0,112.0,325.0,artificial_jewellery,video_20260404_115542,frame_004260.jpg,004260,heuristic
small_object_proposal,-1,1.0,1075.0,450.0,1120.0,500.0,artificial_jewellery,video_20260404_115542,frame_004260.jpg,004260,heuristic
small_object_proposal,-1,1.0,1202.0,655.0,1255.0,695.0,artificial_jewellery,video_20260404_115542,frame_004260.jpg,004260,heuristic
small_object_proposal,-1,1.0,1228.0,221.0,1249.0,309.0,artificial_jewellery,video_20260404_115542,frame_004260.jpg,004260,heuristic
small_object_proposal,-1,1.0,229.0,428.0,284.0,460.0,artificial_jewellery,video_20260404_115542,frame_004260.jpg,004260,heuristic
small_object_proposal,-1,1.0,1205.0,702.0,1235.0,760.0,artificial_jewellery,video_20260404_115542,frame_004260.jpg,004260,heuristic
small_object_proposal,-1,1.0,1409.0,506.0,1471.0,534.0,artificial_jewellery,video_20260404_115542,frame_004260.jpg,004260,heuristic
small_object_proposal,-1,1.0,1115.0,923.0,1154.0,966.0,artificial_jewellery,video_20260404_115542,frame_004260.jpg,004260,heuristic
small_object_proposal,-1,1.0,726.0,921.0,788.0,948.0,artificial_jewellery,video_20260404_115542,frame_004260.jpg,004260,heuristic
small_object_proposal,-1,1.0,533.0,400.0,577.0,437.0,artificial_jewellery,video_20260404_115542,frame_004260.jpg,004260,heuristic
small_object_proposal,-1,1.0,1075.0,360.0,1108.0,405.0,artificial_jewellery,video_20260404_115542,frame_004260.jpg,004260,heuristic
small_object_proposal,-1,1.0,1819.0,155.0,1877.0,180.0,artificial_jewellery,video_20260404_115542,frame_004260.jpg,004260,heuristic
small_object_proposal,-1,1.0,1237.0,262.0,1261.0,321.0,artificial_jewellery,video_20260404_115542,frame_004260.jpg,004260,heuristic
small_object_proposal,-1,1.0,1291.0,980.0,1342.0,1007.0,artificial_jewellery,video_20260404_115542,frame_004260.jpg,004260,heuristic
small_object_proposal,-1,1.0,1318.0,64.0,1376.0,86.0,artificial_jewellery,video_20260404_115542,frame_004260.jpg,004260,heuristic
small_object_proposal,-1,1.0,112.0,921.0,140.0,965.0,artificial_jewellery,video_20260404_115542,frame_004260.jpg,004260,heuristic
small_object_proposal,-1,1.0,1218.0,330.0,1243.0,373.0,artificial_jewellery,video_20260404_115542,frame_004260.jpg,004260,heuristic
small_object_proposal,-1,1.0,1557.0,223.0,1573.0,289.0,artificial_jewellery,video_20260404_115542,frame_004260.jpg,004260,heuristic
person,0,0.6714867353439331,486.56103515625,62.8758544921875,1915.289794921875,1065.243896484375,artificial_jewellery,video_20260404_115542,frame_004290.jpg,004290,yolo
backpack,24,0.32700440287590027,835.4910278320312,498.6243896484375,1920.0,1064.150390625,artificial_jewellery,video_20260404_115542,frame_004290.jpg,004290,yolo
small_object_proposal,-1,1.0,530.0,129.0,592.0,209.0,artificial_jewellery,video_20260404_115542,frame_004290.jpg,004290,heuristic
small_object_proposal,-1,1.0,1239.0,613.0,1308.0,682.0,artificial_jewellery,video_20260404_115542,frame_004290.jpg,004290,heuristic
small_object_proposal,-1,1.0,289.0,391.0,386.0,438.0,artificial_jewellery,video_20260404_115542,frame_004290.jpg,004290,heuristic
small_object_proposal,-1,1.0,1680.0,987.0,1761.0,1042.0,artificial_jewellery,video_20260404_115542,frame_004290.jpg,004290,heuristic
small_object_proposal,-1,1.0,753.0,240.0,826.0,295.0,artificial_jewellery,video_20260404_115542,frame_004290.jpg,004290,heuristic
small_object_proposal,-1,1.0,24.0,705.0,86.0,754.0,artificial_jewellery,video_20260404_115542,frame_004290.jpg,004290,heuristic
small_object_proposal,-1,1.0,1363.0,701.0,1388.0,821.0,artificial_jewellery,video_20260404_115542,frame_004290.jpg,004290,heuristic
small_object_proposal,-1,1.0,76.0,100.0,117.0,171.0,artificial_jewellery,video_20260404_115542,frame_004290.jpg,004290,heuristic
small_object_proposal,-1,1.0,830.0,238.0,874.0,302.0,artificial_jewellery,video_20260404_115542,frame_004290.jpg,004290,heuristic
small_object_proposal,-1,1.0,112.0,120.0,164.0,173.0,artificial_jewellery,video_20260404_115542,frame_004290.jpg,004290,heuristic
small_object_proposal,-1,1.0,114.0,341.0,157.0,403.0,artificial_jewellery,video_20260404_115542,frame_004290.jpg,004290,heuristic
small_object_proposal,-1,1.0,1167.0,987.0,1217.0,1035.0,artificial_jewellery,video_20260404_115542,frame_004290.jpg,004290,heuristic
small_object_proposal,-1,1.0,1300.0,304.0,1352.0,346.0,artificial_jewellery,video_20260404_115542,frame_004290.jpg,004290,heuristic
small_object_proposal,-1,1.0,1295.0,883.0,1329.0,944.0,artificial_jewellery,video_20260404_115542,frame_004290.jpg,004290,heuristic
small_object_proposal,-1,1.0,28.0,365.0,54.0,443.0,artificial_jewellery,video_20260404_115542,frame_004290.jpg,004290,heuristic
small_object_proposal,-1,1.0,1130.0,1021.0,1179.0,1062.0,artificial_jewellery,video_20260404_115542,frame_004290.jpg,004290,heuristic
small_object_proposal,-1,1.0,240.0,71.0,302.0,99.0,artificial_jewellery,video_20260404_115542,frame_004290.jpg,004290,heuristic
small_object_proposal,-1,1.0,699.0,860.0,762.0,887.0,artificial_jewellery,video_20260404_115542,frame_004290.jpg,004290,heuristic
small_object_proposal,-1,1.0,1470.0,266.0,1504.0,312.0,artificial_jewellery,video_20260404_115542,frame_004290.jpg,004290,heuristic
small_object_proposal,-1,1.0,279.0,96.0,318.0,136.0,artificial_jewellery,video_20260404_115542,frame_004290.jpg,004290,heuristic
small_object_proposal,-1,1.0,1846.0,191.0,1906.0,216.0,artificial_jewellery,video_20260404_115542,frame_004290.jpg,004290,heuristic
small_object_proposal,-1,1.0,1724.0,519.0,1771.0,550.0,artificial_jewellery,video_20260404_115542,frame_004290.jpg,004290,heuristic
small_object_proposal,-1,1.0,1401.0,419.0,1424.0,479.0,artificial_jewellery,video_20260404_115542,frame_004290.jpg,004290,heuristic
small_object_proposal,-1,1.0,139.0,920.0,167.0,969.0,artificial_jewellery,video_20260404_115542,frame_004290.jpg,004290,heuristic
small_object_proposal,-1,1.0,915.0,163.0,949.0,201.0,artificial_jewellery,video_20260404_115542,frame_004290.jpg,004290,heuristic
small_object_proposal,-1,1.0,1268.0,347.0,1299.0,388.0,artificial_jewellery,video_20260404_115542,frame_004290.jpg,004290,heuristic
small_object_proposal,-1,1.0,43.0,133.0,79.0,168.0,artificial_jewellery,video_20260404_115542,frame_004290.jpg,004290,heuristic
small_object_proposal,-1,1.0,601.0,862.0,638.0,896.0,artificial_jewellery,video_20260404_115542,frame_004290.jpg,004290,heuristic
small_object_proposal,-1,1.0,1410.0,488.0,1437.0,534.0,artificial_jewellery,video_20260404_115542,frame_004290.jpg,004290,heuristic
small_object_proposal,-1,1.0,653.0,872.0,706.0,895.0,artificial_jewellery,video_20260404_115542,frame_004290.jpg,004290,heuristic
person,0,0.688116192817688,111.919189453125,55.44305419921875,1908.9766845703125,1070.8685302734375,artificial_jewellery,video_20260404_115542,frame_004320.jpg,004320,yolo
small_object_proposal,-1,1.0,712.0,739.0,769.0,826.0,artificial_jewellery,video_20260404_115542,frame_004320.jpg,004320,heuristic
small_object_proposal,-1,1.0,511.0,395.0,549.0,511.0,artificial_jewellery,video_20260404_115542,frame_004320.jpg,004320,heuristic
small_object_proposal,-1,1.0,948.0,333.0,1003.0,408.0,artificial_jewellery,video_20260404_115542,frame_004320.jpg,004320,heuristic
small_object_proposal,-1,1.0,1077.0,837.0,1145.0,885.0,artificial_jewellery,video_20260404_115542,frame_004320.jpg,004320,heuristic
small_object_proposal,-1,1.0,1360.0,468.0,1436.0,510.0,artificial_jewellery,video_20260404_115542,frame_004320.jpg,004320,heuristic
small_object_proposal,-1,1.0,12.0,702.0,79.0,748.0,artificial_jewellery,video_20260404_115542,frame_004320.jpg,004320,heuristic
small_object_proposal,-1,1.0,531.0,165.0,584.0,218.0,artificial_jewellery,video_20260404_115542,frame_004320.jpg,004320,heuristic
small_object_proposal,-1,1.0,40.0,142.0,64.0,249.0,artificial_jewellery,video_20260404_115542,frame_004320.jpg,004320,heuristic
small_object_proposal,-1,1.0,731.0,669.0,763.0,746.0,artificial_jewellery,video_20260404_115542,frame_004320.jpg,004320,heuristic
small_object_proposal,-1,1.0,1227.0,690.0,1272.0,743.0,artificial_jewellery,video_20260404_115542,frame_004320.jpg,004320,heuristic
small_object_proposal,-1,1.0,1212.0,346.0,1261.0,393.0,artificial_jewellery,video_20260404_115542,frame_004320.jpg,004320,heuristic
small_object_proposal,-1,1.0,1705.0,524.0,1755.0,570.0,artificial_jewellery,video_20260404_115542,frame_004320.jpg,004320,heuristic
small_object_proposal,-1,1.0,1109.0,1034.0,1154.0,1072.0,artificial_jewellery,video_20260404_115542,frame_004320.jpg,004320,heuristic
small_object_proposal,-1,1.0,1124.0,955.0,1159.0,998.0,artificial_jewellery,video_20260404_115542,frame_004320.jpg,004320,heuristic
small_object_proposal,-1,1.0,533.0,139.0,594.0,163.0,artificial_jewellery,video_20260404_115542,frame_004320.jpg,004320,heuristic
small_object_proposal,-1,1.0,1827.0,222.0,1885.0,247.0,artificial_jewellery,video_20260404_115542,frame_004320.jpg,004320,heuristic
small_object_proposal,-1,1.0,1434.0,15.0,1479.0,45.0,artificial_jewellery,video_20260404_115542,frame_004320.jpg,004320,heuristic
small_object_proposal,-1,1.0,19.0,365.0,53.0,404.0,artificial_jewellery,video_20260404_115542,frame_004320.jpg,004320,heuristic
small_object_proposal,-1,1.0,1137.0,879.0,1180.0,909.0,artificial_jewellery,video_20260404_115542,frame_004320.jpg,004320,heuristic
small_object_proposal,-1,1.0,1297.0,511.0,1340.0,541.0,artificial_jewellery,video_20260404_115542,frame_004320.jpg,004320,heuristic
small_object_proposal,-1,1.0,1761.0,945.0,1786.0,994.0,artificial_jewellery,video_20260404_115542,frame_004320.jpg,004320,heuristic
small_object_proposal,-1,1.0,1027.0,807.0,1070.0,835.0,artificial_jewellery,video_20260404_115542,frame_004320.jpg,004320,heuristic
small_object_proposal,-1,1.0,69.0,341.0,91.0,395.0,artificial_jewellery,video_20260404_115542,frame_004320.jpg,004320,heuristic
small_object_proposal,-1,1.0,732.0,897.0,789.0,917.0,artificial_jewellery,video_20260404_115542,frame_004320.jpg,004320,heuristic
small_object_proposal,-1,1.0,1112.0,172.0,1140.0,212.0,artificial_jewellery,video_20260404_115542,frame_004320.jpg,004320,heuristic
small_object_proposal,-1,1.0,979.0,369.0,1004.0,413.0,artificial_jewellery,video_20260404_115542,frame_004320.jpg,004320,heuristic
small_object_proposal,-1,1.0,61.0,675.0,91.0,709.0,artificial_jewellery,video_20260404_115542,frame_004320.jpg,004320,heuristic
small_object_proposal,-1,1.0,271.0,157.0,305.0,184.0,artificial_jewellery,video_20260404_115542,frame_004320.jpg,004320,heuristic
small_object_proposal,-1,1.0,299.0,92.0,325.0,124.0,artificial_jewellery,video_20260404_115542,frame_004320.jpg,004320,heuristic
small_object_proposal,-1,1.0,1641.0,219.0,1686.0,237.0,artificial_jewellery,video_20260404_115542,frame_004320.jpg,004320,heuristic
person,0,0.7861021757125854,473.616943359375,0.0,1911.60986328125,1062.01318359375,artificial_jewellery,video_20260404_115542,frame_004350.jpg,004350,yolo
small_object_proposal,-1,1.0,1597.0,617.0,1651.0,709.0,artificial_jewellery,video_20260404_115542,frame_004350.jpg,004350,heuristic
small_object_proposal,-1,1.0,27.0,701.0,93.0,762.0,artificial_jewellery,video_20260404_115542,frame_004350.jpg,004350,heuristic
small_object_proposal,-1,1.0,1240.0,676.0,1294.0,745.0,artificial_jewellery,video_20260404_115542,frame_004350.jpg,004350,heuristic
small_object_proposal,-1,1.0,679.0,807.0,742.0,863.0,artificial_jewellery,video_20260404_115542,frame_004350.jpg,004350,heuristic
small_object_proposal,-1,1.0,1016.0,406.0,1061.0,479.0,artificial_jewellery,video_20260404_115542,frame_004350.jpg,004350,heuristic
small_object_proposal,-1,1.0,1222.0,249.0,1287.0,297.0,artificial_jewellery,video_20260404_115542,frame_004350.jpg,004350,heuristic
small_object_proposal,-1,1.0,1228.0,1008.0,1278.0,1069.0,artificial_jewellery,video_20260404_115542,frame_004350.jpg,004350,heuristic
small_object_proposal,-1,1.0,229.0,326.0,268.0,401.0,artificial_jewellery,video_20260404_115542,frame_004350.jpg,004350,heuristic
small_object_proposal,-1,1.0,1759.0,876.0,1899.0,896.0,artificial_jewellery,video_20260404_115542,frame_004350.jpg,004350,heuristic
small_object_proposal,-1,1.0,1124.0,837.0,1188.0,880.0,artificial_jewellery,video_20260404_115542,frame_004350.jpg,004350,heuristic
small_object_proposal,-1,1.0,539.0,178.0,589.0,233.0,artificial_jewellery,video_20260404_115542,frame_004350.jpg,004350,heuristic
small_object_proposal,-1,1.0,672.0,907.0,747.0,942.0,artificial_jewellery,video_20260404_115542,frame_004350.jpg,004350,heuristic
small_object_proposal,-1,1.0,1335.0,94.0,1401.0,133.0,artificial_jewellery,video_20260404_115542,frame_004350.jpg,004350,heuristic
small_object_proposal,-1,1.0,1642.0,798.0,1673.0,871.0,artificial_jewellery,video_20260404_115542,frame_004350.jpg,004350,heuristic
small_object_proposal,-1,1.0,1334.0,49.0,1390.0,87.0,artificial_jewellery,video_20260404_115542,frame_004350.jpg,004350,heuristic
small_object_proposal,-1,1.0,1168.0,1013.0,1206.0,1065.0,artificial_jewellery,video_20260404_115542,frame_004350.jpg,004350,heuristic
small_object_proposal,-1,1.0,1649.0,367.0,1713.0,394.0,artificial_jewellery,video_20260404_115542,frame_004350.jpg,004350,heuristic
small_object_proposal,-1,1.0,52.0,159.0,68.0,263.0,artificial_jewellery,video_20260404_115542,frame_004350.jpg,004350,heuristic
small_object_proposal,-1,1.0,1147.0,890.0,1197.0,923.0,artificial_jewellery,video_20260404_115542,frame_004350.jpg,004350,heuristic
small_object_proposal,-1,1.0,1042.0,442.0,1083.0,479.0,artificial_jewellery,video_20260404_115542,frame_004350.jpg,004350,heuristic
small_object_proposal,-1,1.0,1010.0,468.0,1038.0,522.0,artificial_jewellery,video_20260404_115542,frame_004350.jpg,004350,heuristic
small_object_proposal,-1,1.0,542.0,153.0,598.0,177.0,artificial_jewellery,video_20260404_115542,frame_004350.jpg,004350,heuristic
small_object_proposal,-1,1.0,1383.0,84.0,1424.0,116.0,artificial_jewellery,video_20260404_115542,frame_004350.jpg,004350,heuristic
small_object_proposal,-1,1.0,1881.0,605.0,1906.0,656.0,artificial_jewellery,video_20260404_115542,frame_004350.jpg,004350,heuristic
small_object_proposal,-1,1.0,1830.0,31.0,1861.0,68.0,artificial_jewellery,video_20260404_115542,frame_004350.jpg,004350,heuristic
small_object_proposal,-1,1.0,1417.0,372.0,1448.0,408.0,artificial_jewellery,video_20260404_115542,frame_004350.jpg,004350,heuristic
small_object_proposal,-1,1.0,281.0,444.0,316.0,475.0,artificial_jewellery,video_20260404_115542,frame_004350.jpg,004350,heuristic
small_object_proposal,-1,1.0,234.0,402.0,273.0,429.0,artificial_jewellery,video_20260404_115542,frame_004350.jpg,004350,heuristic
small_object_proposal,-1,1.0,1351.0,89.0,1383.0,119.0,artificial_jewellery,video_20260404_115542,frame_004350.jpg,004350,heuristic
small_object_proposal,-1,1.0,1384.0,656.0,1418.0,683.0,artificial_jewellery,video_20260404_115542,frame_004350.jpg,004350,heuristic
person,0,0.635996401309967,470.53594970703125,153.47103881835938,1915.871337890625,1066.3692626953125,artificial_jewellery,video_20260404_115542,frame_004380.jpg,004380,yolo
small_object_proposal,-1,1.0,1505.0,202.0,1617.0,246.0,artificial_jewellery,video_20260404_115542,frame_004380.jpg,004380,heuristic
small_object_proposal,-1,1.0,1275.0,589.0,1349.0,655.0,artificial_jewellery,video_20260404_115542,frame_004380.jpg,004380,heuristic
small_object_proposal,-1,1.0,1080.0,377.0,1163.0,426.0,artificial_jewellery,video_20260404_115542,frame_004380.jpg,004380,heuristic
small_object_proposal,-1,1.0,518.0,391.0,551.0,508.0,artificial_jewellery,video_20260404_115542,frame_004380.jpg,004380,heuristic
small_object_proposal,-1,1.0,278.0,100.0,322.0,182.0,artificial_jewellery,video_20260404_115542,frame_004380.jpg,004380,heuristic
small_object_proposal,-1,1.0,1490.0,580.0,1562.0,625.0,artificial_jewellery,video_20260404_115542,frame_004380.jpg,004380,heuristic
small_object_proposal,-1,1.0,1634.0,658.0,1709.0,700.0,artificial_jewellery,video_20260404_115542,frame_004380.jpg,004380,heuristic
small_object_proposal,-1,1.0,533.0,160.0,588.0,215.0,artificial_jewellery,video_20260404_115542,frame_004380.jpg,004380,heuristic
small_object_proposal,-1,1.0,1154.0,1000.0,1210.0,1052.0,artificial_jewellery,video_20260404_115542,frame_004380.jpg,004380,heuristic
small_object_proposal,-1,1.0,25.0,706.0,88.0,752.0,artificial_jewellery,video_20260404_115542,frame_004380.jpg,004380,heuristic
small_object_proposal,-1,1.0,1103.0,1029.0,1167.0,1074.0,artificial_jewellery,video_20260404_115542,frame_004380.jpg,004380,heuristic
small_object_proposal,-1,1.0,385.0,334.0,426.0,398.0,artificial_jewellery,video_20260404_115542,frame_004380.jpg,004380,heuristic
small_object_proposal,-1,1.0,1349.0,66.0,1410.0,105.0,artificial_jewellery,video_20260404_115542,frame_004380.jpg,004380,heuristic
small_object_proposal,-1,1.0,1309.0,413.0,1351.0,468.0,artificial_jewellery,video_20260404_115542,frame_004380.jpg,004380,heuristic
small_object_proposal,-1,1.0,511.0,481.0,547.0,544.0,artificial_jewellery,video_20260404_115542,frame_004380.jpg,004380,heuristic
small_object_proposal,-1,1.0,539.0,403.0,558.0,522.0,artificial_jewellery,video_20260404_115542,frame_004380.jpg,004380,heuristic
small_object_proposal,-1,1.0,1788.0,827.0,1882.0,851.0,artificial_jewellery,video_20260404_115542,frame_004380.jpg,004380,heuristic
small_object_proposal,-1,1.0,1437.0,13.0,1480.0,60.0,artificial_jewellery,video_20260404_115542,frame_004380.jpg,004380,heuristic
small_object_proposal,-1,1.0,1532.0,441.0,1603.0,469.0,artificial_jewellery,video_20260404_115542,frame_004380.jpg,004380,heuristic
small_object_proposal,-1,1.0,1816.0,528.0,1849.0,588.0,artificial_jewellery,video_20260404_115542,frame_004380.jpg,004380,heuristic
small_object_proposal,-1,1.0,1598.0,234.0,1647.0,274.0,artificial_jewellery,video_20260404_115542,frame_004380.jpg,004380,heuristic
small_object_proposal,-1,1.0,221.0,196.0,243.0,284.0,artificial_jewellery,video_20260404_115542,frame_004380.jpg,004380,heuristic
small_object_proposal,-1,1.0,1857.0,201.0,1917.0,228.0,artificial_jewellery,video_20260404_115542,frame_004380.jpg,004380,heuristic
small_object_proposal,-1,1.0,1151.0,877.0,1200.0,909.0,artificial_jewellery,video_20260404_115542,frame_004380.jpg,004380,heuristic
small_object_proposal,-1,1.0,1458.0,6.0,1497.0,46.0,artificial_jewellery,video_20260404_115542,frame_004380.jpg,004380,heuristic
small_object_proposal,-1,1.0,535.0,134.0,596.0,159.0,artificial_jewellery,video_20260404_115542,frame_004380.jpg,004380,heuristic
small_object_proposal,-1,1.0,1835.0,847.0,1887.0,873.0,artificial_jewellery,video_20260404_115542,frame_004380.jpg,004380,heuristic
small_object_proposal,-1,1.0,1399.0,451.0,1424.0,504.0,artificial_jewellery,video_20260404_115542,frame_004380.jpg,004380,heuristic
small_object_proposal,-1,1.0,741.0,914.0,789.0,939.0,artificial_jewellery,video_20260404_115542,frame_004380.jpg,004380,heuristic
small_object_proposal,-1,1.0,1418.0,328.0,1446.0,369.0,artificial_jewellery,video_20260404_115542,frame_004380.jpg,004380,heuristic
person,0,0.5088015198707581,379.4036865234375,76.48040771484375,1918.1334228515625,1067.4603271484375,artificial_jewellery,video_20260404_115542,frame_004410.jpg,004410,yolo
small_object_proposal,-1,1.0,1745.0,764.0,1805.0,843.0,artificial_jewellery,video_20260404_115542,frame_004410.jpg,004410,heuristic
small_object_proposal,-1,1.0,976.0,830.0,1046.0,893.0,artificial_jewellery,video_20260404_115542,frame_004410.jpg,004410,heuristic
small_object_proposal,-1,1.0,11.0,707.0,82.0,768.0,artificial_jewellery,video_20260404_115542,frame_004410.jpg,004410,heuristic
small_object_proposal,-1,1.0,1527.0,188.0,1614.0,235.0,artificial_jewellery,video_20260404_115542,frame_004410.jpg,004410,heuristic
small_object_proposal,-1,1.0,1198.0,853.0,1241.0,942.0,artificial_jewellery,video_20260404_115542,frame_004410.jpg,004410,heuristic
small_object_proposal,-1,1.0,642.0,910.0,709.0,962.0,artificial_jewellery,video_20260404_115542,frame_004410.jpg,004410,heuristic
small_object_proposal,-1,1.0,1148.0,905.0,1221.0,949.0,artificial_jewellery,video_20260404_115542,frame_004410.jpg,004410,heuristic
small_object_proposal,-1,1.0,1344.0,44.0,1412.0,91.0,artificial_jewellery,video_20260404_115542,frame_004410.jpg,004410,heuristic
small_object_proposal,-1,1.0,516.0,152.0,573.0,207.0,artificial_jewellery,video_20260404_115542,frame_004410.jpg,004410,heuristic
small_object_proposal,-1,1.0,131.0,202.0,162.0,297.0,artificial_jewellery,video_20260404_115542,frame_004410.jpg,004410,heuristic
small_object_proposal,-1,1.0,1155.0,992.0,1206.0,1048.0,artificial_jewellery,video_20260404_115542,frame_004410.jpg,004410,heuristic
small_object_proposal,-1,1.0,1839.0,183.0,1915.0,213.0,artificial_jewellery,video_20260404_115542,frame_004410.jpg,004410,heuristic
small_object_proposal,-1,1.0,1406.0,72.0,1457.0,110.0,artificial_jewellery,video_20260404_115542,frame_004410.jpg,004410,heuristic
small_object_proposal,-1,1.0,1110.0,1030.0,1158.0,1070.0,artificial_jewellery,video_20260404_115542,frame_004410.jpg,004410,heuristic
small_object_proposal,-1,1.0,1139.0,870.0,1199.0,902.0,artificial_jewellery,video_20260404_115542,frame_004410.jpg,004410,heuristic
small_object_proposal,-1,1.0,671.0,770.0,700.0,835.0,artificial_jewellery,video_20260404_115542,frame_004410.jpg,004410,heuristic
small_object_proposal,-1,1.0,1214.0,456.0,1251.0,503.0,artificial_jewellery,video_20260404_115542,frame_004410.jpg,004410,heuristic
small_object_proposal,-1,1.0,1114.0,409.0,1210.0,427.0,artificial_jewellery,video_20260404_115542,frame_004410.jpg,004410,heuristic
small_object_proposal,-1,1.0,1472.0,256.0,1502.0,313.0,artificial_jewellery,video_20260404_115542,frame_004410.jpg,004410,heuristic
small_object_proposal,-1,1.0,518.0,125.0,581.0,151.0,artificial_jewellery,video_20260404_115542,frame_004410.jpg,004410,heuristic
small_object_proposal,-1,1.0,130.0,912.0,158.0,967.0,artificial_jewellery,video_20260404_115542,frame_004410.jpg,004410,heuristic
small_object_proposal,-1,1.0,1037.0,396.0,1113.0,416.0,artificial_jewellery,video_20260404_115542,frame_004410.jpg,004410,heuristic
small_object_proposal,-1,1.0,1313.0,120.0,1370.0,146.0,artificial_jewellery,video_20260404_115542,frame_004410.jpg,004410,heuristic
small_object_proposal,-1,1.0,1399.0,420.0,1423.0,481.0,artificial_jewellery,video_20260404_115542,frame_004410.jpg,004410,heuristic
small_object_proposal,-1,1.0,1726.0,516.0,1760.0,558.0,artificial_jewellery,video_20260404_115542,frame_004410.jpg,004410,heuristic
small_object_proposal,-1,1.0,1309.0,315.0,1353.0,343.0,artificial_jewellery,video_20260404_115542,frame_004410.jpg,004410,heuristic
small_object_proposal,-1,1.0,1609.0,928.0,1647.0,959.0,artificial_jewellery,video_20260404_115542,frame_004410.jpg,004410,heuristic
small_object_proposal,-1,1.0,1782.0,926.0,1806.0,975.0,artificial_jewellery,video_20260404_115542,frame_004410.jpg,004410,heuristic
small_object_proposal,-1,1.0,1661.0,188.0,1713.0,206.0,artificial_jewellery,video_20260404_115542,frame_004410.jpg,004410,heuristic
small_object_proposal,-1,1.0,665.0,888.0,700.0,914.0,artificial_jewellery,video_20260404_115542,frame_004410.jpg,004410,heuristic
person,0,0.6948114633560181,155.1031494140625,54.5335693359375,1917.44091796875,1068.8880615234375,artificial_jewellery,video_20260404_115542,frame_004440.jpg,004440,yolo
small_object_proposal,-1,1.0,1630.0,200.0,1671.0,320.0,artificial_jewellery,video_20260404_115542,frame_004440.jpg,004440,heuristic
small_object_proposal,-1,1.0,994.0,800.0,1066.0,864.0,artificial_jewellery,video_20260404_115542,frame_004440.jpg,004440,heuristic
small_object_proposal,-1,1.0,1196.0,286.0,1314.0,324.0,artificial_jewellery,video_20260404_115542,frame_004440.jpg,004440,heuristic
small_object_proposal,-1,1.0,1643.0,601.0,1690.0,689.0,artificial_jewellery,video_20260404_115542,frame_004440.jpg,004440,heuristic
small_object_proposal,-1,1.0,720.0,840.0,820.0,873.0,artificial_jewellery,video_20260404_115542,frame_004440.jpg,004440,heuristic
small_object_proposal,-1,1.0,1013.0,808.0,1072.0,861.0,artificial_jewellery,video_20260404_115542,frame_004440.jpg,004440,heuristic
small_object_proposal,-1,1.0,1252.0,386.0,1303.0,433.0,artificial_jewellery,video_20260404_115542,frame_004440.jpg,004440,heuristic
small_object_proposal,-1,1.0,1204.0,1029.0,1252.0,1076.0,artificial_jewellery,video_20260404_115542,frame_004440.jpg,004440,heuristic
small_object_proposal,-1,1.0,1250.0,438.0,1295.0,484.0,artificial_jewellery,video_20260404_115542,frame_004440.jpg,004440,heuristic
small_object_proposal,-1,1.0,284.0,94.0,329.0,140.0,artificial_jewellery,video_20260404_115542,frame_004440.jpg,004440,heuristic
small_object_proposal,-1,1.0,1663.0,681.0,1691.0,754.0,artificial_jewellery,video_20260404_115542,frame_004440.jpg,004440,heuristic
small_object_proposal,-1,1.0,1066.0,378.0,1115.0,419.0,artificial_jewellery,video_20260404_115542,frame_004440.jpg,004440,heuristic
small_object_proposal,-1,1.0,674.0,823.0,721.0,862.0,artificial_jewellery,video_20260404_115542,frame_004440.jpg,004440,heuristic
small_object_proposal,-1,1.0,1675.0,714.0,1699.0,789.0,artificial_jewellery,video_20260404_115542,frame_004440.jpg,004440,heuristic
small_object_proposal,-1,1.0,1128.0,987.0,1175.0,1025.0,artificial_jewellery,video_20260404_115542,frame_004440.jpg,004440,heuristic
small_object_proposal,-1,1.0,1074.0,332.0,1139.0,359.0,artificial_jewellery,video_20260404_115542,frame_004440.jpg,004440,heuristic
small_object_proposal,-1,1.0,1150.0,913.0,1187.0,959.0,artificial_jewellery,video_20260404_115542,frame_004440.jpg,004440,heuristic
small_object_proposal,-1,1.0,585.0,374.0,629.0,411.0,artificial_jewellery,video_20260404_115542,frame_004440.jpg,004440,heuristic
small_object_proposal,-1,1.0,708.0,880.0,763.0,908.0,artificial_jewellery,video_20260404_115542,frame_004440.jpg,004440,heuristic
small_object_proposal,-1,1.0,78.0,7.0,137.0,33.0,artificial_jewellery,video_20260404_115542,frame_004440.jpg,004440,heuristic
small_object_proposal,-1,1.0,1166.0,845.0,1214.0,876.0,artificial_jewellery,video_20260404_115542,frame_004440.jpg,004440,heuristic
small_object_proposal,-1,1.0,1042.0,1039.0,1097.0,1066.0,artificial_jewellery,video_20260404_115542,frame_004440.jpg,004440,heuristic
small_object_proposal,-1,1.0,1322.0,978.0,1372.0,1006.0,artificial_jewellery,video_20260404_115542,frame_004440.jpg,004440,heuristic
small_object_proposal,-1,1.0,621.0,840.0,648.0,891.0,artificial_jewellery,video_20260404_115542,frame_004440.jpg,004440,heuristic
small_object_proposal,-1,1.0,1472.0,1043.0,1537.0,1064.0,artificial_jewellery,video_20260404_115542,frame_004440.jpg,004440,heuristic
small_object_proposal,-1,1.0,1036.0,320.0,1059.0,379.0,artificial_jewellery,video_20260404_115542,frame_004440.jpg,004440,heuristic
small_object_proposal,-1,1.0,3.0,825.0,118.0,836.0,artificial_jewellery,video_20260404_115542,frame_004440.jpg,004440,heuristic
small_object_proposal,-1,1.0,1521.0,489.0,1581.0,510.0,artificial_jewellery,video_20260404_115542,frame_004440.jpg,004440,heuristic
small_object_proposal,-1,1.0,1043.0,397.0,1076.0,435.0,artificial_jewellery,video_20260404_115542,frame_004440.jpg,004440,heuristic
small_object_proposal,-1,1.0,1212.0,825.0,1262.0,848.0,artificial_jewellery,video_20260404_115542,frame_004440.jpg,004440,heuristic
person,0,0.7809033989906311,153.3057861328125,188.91375732421875,1914.7283935546875,1069.406005859375,artificial_jewellery,video_20260404_115542,frame_004470.jpg,004470,yolo
small_object_proposal,-1,1.0,1314.0,273.0,1389.0,333.0,artificial_jewellery,video_20260404_115542,frame_004470.jpg,004470,heuristic
small_object_proposal,-1,1.0,645.0,744.0,701.0,824.0,artificial_jewellery,video_20260404_115542,frame_004470.jpg,004470,heuristic
small_object_proposal,-1,1.0,28.0,72.0,59.0,209.0,artificial_jewellery,video_20260404_115542,frame_004470.jpg,004470,heuristic
small_object_proposal,-1,1.0,1253.0,636.0,1321.0,692.0,artificial_jewellery,video_20260404_115542,frame_004470.jpg,004470,heuristic
small_object_proposal,-1,1.0,1519.0,212.0,1619.0,248.0,artificial_jewellery,video_20260404_115542,frame_004470.jpg,004470,heuristic
small_object_proposal,-1,1.0,1216.0,284.0,1323.0,314.0,artificial_jewellery,video_20260404_115542,frame_004470.jpg,004470,heuristic
small_object_proposal,-1,1.0,553.0,100.0,607.0,157.0,artificial_jewellery,video_20260404_115542,frame_004470.jpg,004470,heuristic
small_object_proposal,-1,1.0,15.0,665.0,98.0,702.0,artificial_jewellery,video_20260404_115542,frame_004470.jpg,004470,heuristic
small_object_proposal,-1,1.0,1876.0,822.0,1907.0,919.0,artificial_jewellery,video_20260404_115542,frame_004470.jpg,004470,heuristic
small_object_proposal,-1,1.0,1057.0,377.0,1114.0,424.0,artificial_jewellery,video_20260404_115542,frame_004470.jpg,004470,heuristic
small_object_proposal,-1,1.0,1421.0,556.0,1464.0,615.0,artificial_jewellery,video_20260404_115542,frame_004470.jpg,004470,heuristic
small_object_proposal,-1,1.0,1209.0,1026.0,1259.0,1074.0,artificial_jewellery,video_20260404_115542,frame_004470.jpg,004470,heuristic
small_object_proposal,-1,1.0,1256.0,397.0,1307.0,443.0,artificial_jewellery,video_20260404_115542,frame_004470.jpg,004470,heuristic
small_object_proposal,-1,1.0,1172.0,960.0,1227.0,1000.0,artificial_jewellery,video_20260404_115542,frame_004470.jpg,004470,heuristic
small_object_proposal,-1,1.0,1030.0,300.0,1069.0,349.0,artificial_jewellery,video_20260404_115542,frame_004470.jpg,004470,heuristic
small_object_proposal,-1,1.0,1630.0,228.0,1665.0,281.0,artificial_jewellery,video_20260404_115542,frame_004470.jpg,004470,heuristic
small_object_proposal,-1,1.0,1135.0,983.0,1182.0,1021.0,artificial_jewellery,video_20260404_115542,frame_004470.jpg,004470,heuristic
small_object_proposal,-1,1.0,1324.0,976.0,1381.0,1006.0,artificial_jewellery,video_20260404_115542,frame_004470.jpg,004470,heuristic
small_object_proposal,-1,1.0,1009.0,359.0,1040.0,409.0,artificial_jewellery,video_20260404_115542,frame_004470.jpg,004470,heuristic
small_object_proposal,-1,1.0,555.0,74.0,617.0,99.0,artificial_jewellery,video_20260404_115542,frame_004470.jpg,004470,heuristic
small_object_proposal,-1,1.0,1172.0,840.0,1221.0,871.0,artificial_jewellery,video_20260404_115542,frame_004470.jpg,004470,heuristic
small_object_proposal,-1,1.0,1274.0,972.0,1303.0,1024.0,artificial_jewellery,video_20260404_115542,frame_004470.jpg,004470,heuristic
small_object_proposal,-1,1.0,1478.0,1039.0,1545.0,1061.0,artificial_jewellery,video_20260404_115542,frame_004470.jpg,004470,heuristic
small_object_proposal,-1,1.0,1049.0,1033.0,1104.0,1059.0,artificial_jewellery,video_20260404_115542,frame_004470.jpg,004470,heuristic
small_object_proposal,-1,1.0,1157.0,914.0,1191.0,955.0,artificial_jewellery,video_20260404_115542,frame_004470.jpg,004470,heuristic
small_object_proposal,-1,1.0,302.0,36.0,337.0,74.0,artificial_jewellery,video_20260404_115542,frame_004470.jpg,004470,heuristic
small_object_proposal,-1,1.0,411.0,325.0,446.0,362.0,artificial_jewellery,video_20260404_115542,frame_004470.jpg,004470,heuristic
small_object_proposal,-1,1.0,686.0,903.0,725.0,934.0,artificial_jewellery,video_20260404_115542,frame_004470.jpg,004470,heuristic
small_object_proposal,-1,1.0,1697.0,695.0,1728.0,729.0,artificial_jewellery,video_20260404_115542,frame_004470.jpg,004470,heuristic
small_object_proposal,-1,1.0,1227.0,367.0,1248.0,416.0,artificial_jewellery,video_20260404_115542,frame_004470.jpg,004470,heuristic
person,0,0.5878207087516785,494.2939453125,85.08700561523438,1915.1031494140625,1062.8009033203125,artificial_jewellery,video_20260404_115542,frame_004500.jpg,004500,yolo
backpack,24,0.26089754700660706,816.1875,491.0787048339844,1920.0,1064.918701171875,artificial_jewellery,video_20260404_115542,frame_004500.jpg,004500,yolo
small_object_proposal,-1,1.0,730.0,920.0,781.0,1018.0,artificial_jewellery,video_20260404_115542,frame_004500.jpg,004500,heuristic
small_object_proposal,-1,1.0,1337.0,870.0,1386.0,966.0,artificial_jewellery,video_20260404_115542,frame_004500.jpg,004500,heuristic
small_object_proposal,-1,1.0,1398.0,2.0,1454.0,63.0,artificial_jewellery,video_20260404_115542,frame_004500.jpg,004500,heuristic
small_object_proposal,-1,1.0,547.0,356.0,572.0,487.0,artificial_jewellery,video_20260404_115542,frame_004500.jpg,004500,heuristic
small_object_proposal,-1,1.0,1013.0,810.0,1068.0,863.0,artificial_jewellery,video_20260404_115542,frame_004500.jpg,004500,heuristic
small_object_proposal,-1,1.0,1271.0,611.0,1324.0,664.0,artificial_jewellery,video_20260404_115542,frame_004500.jpg,004500,heuristic
small_object_proposal,-1,1.0,1382.0,968.0,1420.0,1041.0,artificial_jewellery,video_20260404_115542,frame_004500.jpg,004500,heuristic
small_object_proposal,-1,1.0,1110.0,982.0,1171.0,1023.0,artificial_jewellery,video_20260404_115542,frame_004500.jpg,004500,heuristic
small_object_proposal,-1,1.0,11.0,18.0,75.0,51.0,artificial_jewellery,video_20260404_115542,frame_004500.jpg,004500,heuristic
small_object_proposal,-1,1.0,1012.0,819.0,1058.0,863.0,artificial_jewellery,video_20260404_115542,frame_004500.jpg,004500,heuristic
small_object_proposal,-1,1.0,1199.0,1028.0,1240.0,1077.0,artificial_jewellery,video_20260404_115542,frame_004500.jpg,004500,heuristic
small_object_proposal,-1,1.0,307.0,47.0,338.0,111.0,artificial_jewellery,video_20260404_115542,frame_004500.jpg,004500,heuristic
small_object_proposal,-1,1.0,1486.0,255.0,1525.0,302.0,artificial_jewellery,video_20260404_115542,frame_004500.jpg,004500,heuristic
small_object_proposal,-1,1.0,54.0,88.0,70.0,195.0,artificial_jewellery,video_20260404_115542,frame_004500.jpg,004500,heuristic
small_object_proposal,-1,1.0,37.0,655.0,73.0,696.0,artificial_jewellery,video_20260404_115542,frame_004500.jpg,004500,heuristic
small_object_proposal,-1,1.0,1280.0,333.0,1307.0,384.0,artificial_jewellery,video_20260404_115542,frame_004500.jpg,004500,heuristic
small_object_proposal,-1,1.0,1156.0,450.0,1178.0,511.0,artificial_jewellery,video_20260404_115542,frame_004500.jpg,004500,heuristic
small_object_proposal,-1,1.0,1317.0,979.0,1361.0,1005.0,artificial_jewellery,video_20260404_115542,frame_004500.jpg,004500,heuristic
small_object_proposal,-1,1.0,1051.0,1035.0,1094.0,1061.0,artificial_jewellery,video_20260404_115542,frame_004500.jpg,004500,heuristic
small_object_proposal,-1,1.0,1408.0,424.0,1437.0,462.0,artificial_jewellery,video_20260404_115542,frame_004500.jpg,004500,heuristic
small_object_proposal,-1,1.0,73.0,665.0,104.0,700.0,artificial_jewellery,video_20260404_115542,frame_004500.jpg,004500,heuristic
small_object_proposal,-1,1.0,1187.0,961.0,1213.0,1002.0,artificial_jewellery,video_20260404_115542,frame_004500.jpg,004500,heuristic
small_object_proposal,-1,1.0,1419.0,472.0,1446.0,511.0,artificial_jewellery,video_20260404_115542,frame_004500.jpg,004500,heuristic
small_object_proposal,-1,1.0,879.0,925.0,905.0,965.0,artificial_jewellery,video_20260404_115542,frame_004500.jpg,004500,heuristic
small_object_proposal,-1,1.0,287.0,105.0,322.0,134.0,artificial_jewellery,video_20260404_115542,frame_004500.jpg,004500,heuristic
small_object_proposal,-1,1.0,1158.0,874.0,1202.0,897.0,artificial_jewellery,video_20260404_115542,frame_004500.jpg,004500,heuristic
small_object_proposal,-1,1.0,1135.0,710.0,1180.0,730.0,artificial_jewellery,video_20260404_115542,frame_004500.jpg,004500,heuristic
small_object_proposal,-1,1.0,899.0,119.0,957.0,134.0,artificial_jewellery,video_20260404_115542,frame_004500.jpg,004500,heuristic
small_object_proposal,-1,1.0,229.0,311.0,251.0,349.0,artificial_jewellery,video_20260404_115542,frame_004500.jpg,004500,heuristic
small_object_proposal,-1,1.0,1227.0,876.0,1239.0,945.0,artificial_jewellery,video_20260404_115542,frame_004500.jpg,004500,heuristic
person,0,0.8565676212310791,410.67041015625,0.0,1913.26611328125,1061.5411376953125,artificial_jewellery,video_20260404_115542,frame_004560.jpg,004560,yolo
small_object_proposal,-1,1.0,1729.0,631.0,1804.0,693.0,artificial_jewellery,video_20260404_115542,frame_004560.jpg,004560,heuristic
small_object_proposal,-1,1.0,1109.0,243.0,1165.0,322.0,artificial_jewellery,video_20260404_115542,frame_004560.jpg,004560,heuristic
small_object_proposal,-1,1.0,152.0,62.0,229.0,118.0,artificial_jewellery,video_20260404_115542,frame_004560.jpg,004560,heuristic
small_object_proposal,-1,1.0,1384.0,220.0,1445.0,277.0,artificial_jewellery,video_20260404_115542,frame_004560.jpg,004560,heuristic
small_object_proposal,-1,1.0,1227.0,276.0,1264.0,340.0,artificial_jewellery,video_20260404_115542,frame_004560.jpg,004560,heuristic
small_object_proposal,-1,1.0,762.0,855.0,782.0,973.0,artificial_jewellery,video_20260404_115542,frame_004560.jpg,004560,heuristic
small_object_proposal,-1,1.0,1015.0,827.0,1064.0,875.0,artificial_jewellery,video_20260404_115542,frame_004560.jpg,004560,heuristic
small_object_proposal,-1,1.0,240.0,805.0,278.0,865.0,artificial_jewellery,video_20260404_115542,frame_004560.jpg,004560,heuristic
small_object_proposal,-1,1.0,279.0,141.0,303.0,234.0,artificial_jewellery,video_20260404_115542,frame_004560.jpg,004560,heuristic
small_object_proposal,-1,1.0,1247.0,678.0,1294.0,725.0,artificial_jewellery,video_20260404_115542,frame_004560.jpg,004560,heuristic
small_object_proposal,-1,1.0,590.0,103.0,645.0,143.0,artificial_jewellery,video_20260404_115542,frame_004560.jpg,004560,heuristic
small_object_proposal,-1,1.0,1278.0,428.0,1308.0,500.0,artificial_jewellery,video_20260404_115542,frame_004560.jpg,004560,heuristic
small_object_proposal,-1,1.0,1419.0,505.0,1475.0,539.0,artificial_jewellery,video_20260404_115542,frame_004560.jpg,004560,heuristic
small_object_proposal,-1,1.0,1199.0,109.0,1306.0,126.0,artificial_jewellery,video_20260404_115542,frame_004560.jpg,004560,heuristic
small_object_proposal,-1,1.0,1132.0,1003.0,1177.0,1043.0,artificial_jewellery,video_20260404_115542,frame_004560.jpg,004560,heuristic
small_object_proposal,-1,1.0,1612.0,260.0,1654.0,296.0,artificial_jewellery,video_20260404_115542,frame_004560.jpg,004560,heuristic
small_object_proposal,-1,1.0,442.0,227.0,467.0,287.0,artificial_jewellery,video_20260404_115542,frame_004560.jpg,004560,heuristic
small_object_proposal,-1,1.0,670.0,786.0,727.0,812.0,artificial_jewellery,video_20260404_115542,frame_004560.jpg,004560,heuristic
small_object_proposal,-1,1.0,1487.0,489.0,1536.0,519.0,artificial_jewellery,video_20260404_115542,frame_004560.jpg,004560,heuristic
small_object_proposal,-1,1.0,98.0,83.0,115.0,169.0,artificial_jewellery,video_20260404_115542,frame_004560.jpg,004560,heuristic
small_object_proposal,-1,1.0,1849.0,243.0,1905.0,269.0,artificial_jewellery,video_20260404_115542,frame_004560.jpg,004560,heuristic
small_object_proposal,-1,1.0,1155.0,861.0,1203.0,891.0,artificial_jewellery,video_20260404_115542,frame_004560.jpg,004560,heuristic
small_object_proposal,-1,1.0,1046.0,1051.0,1099.0,1077.0,artificial_jewellery,video_20260404_115542,frame_004560.jpg,004560,heuristic
small_object_proposal,-1,1.0,678.0,805.0,743.0,826.0,artificial_jewellery,video_20260404_115542,frame_004560.jpg,004560,heuristic
small_object_proposal,-1,1.0,1848.0,2.0,1883.0,40.0,artificial_jewellery,video_20260404_115542,frame_004560.jpg,004560,heuristic
small_object_proposal,-1,1.0,21.0,257.0,59.0,287.0,artificial_jewellery,video_20260404_115542,frame_004560.jpg,004560,heuristic
small_object_proposal,-1,1.0,586.0,137.0,611.0,182.0,artificial_jewellery,video_20260404_115542,frame_004560.jpg,004560,heuristic
small_object_proposal,-1,1.0,1410.0,457.0,1436.0,500.0,artificial_jewellery,video_20260404_115542,frame_004560.jpg,004560,heuristic
small_object_proposal,-1,1.0,272.0,120.0,325.0,141.0,artificial_jewellery,video_20260404_115542,frame_004560.jpg,004560,heuristic
small_object_proposal,-1,1.0,1311.0,301.0,1330.0,358.0,artificial_jewellery,video_20260404_115542,frame_004560.jpg,004560,heuristic
person,0,0.7321109771728516,371.73577880859375,23.742828369140625,1914.595458984375,1066.3973388671875,artificial_jewellery,video_20260404_115542,frame_004590.jpg,004590,yolo
small_object_proposal,-1,1.0,1441.0,38.0,1529.0,93.0,artificial_jewellery,video_20260404_115542,frame_004590.jpg,004590,heuristic
small_object_proposal,-1,1.0,17.0,632.0,106.0,682.0,artificial_jewellery,video_20260404_115542,frame_004590.jpg,004590,heuristic
small_object_proposal,-1,1.0,356.0,903.0,428.0,951.0,artificial_jewellery,video_20260404_115542,frame_004590.jpg,004590,heuristic
small_object_proposal,-1,1.0,1113.0,991.0,1177.0,1036.0,artificial_jewellery,video_20260404_115542,frame_004590.jpg,004590,heuristic
small_object_proposal,-1,1.0,1405.0,604.0,1458.0,658.0,artificial_jewellery,video_20260404_115542,frame_004590.jpg,004590,heuristic
small_object_proposal,-1,1.0,1240.0,661.0,1308.0,703.0,artificial_jewellery,video_20260404_115542,frame_004590.jpg,004590,heuristic
small_object_proposal,-1,1.0,1313.0,18.0,1379.0,61.0,artificial_jewellery,video_20260404_115542,frame_004590.jpg,004590,heuristic
small_object_proposal,-1,1.0,585.0,104.0,636.0,159.0,artificial_jewellery,video_20260404_115542,frame_004590.jpg,004590,heuristic
small_object_proposal,-1,1.0,1315.0,57.0,1367.0,110.0,artificial_jewellery,video_20260404_115542,frame_004590.jpg,004590,heuristic
small_object_proposal,-1,1.0,1230.0,774.0,1285.0,821.0,artificial_jewellery,video_20260404_115542,frame_004590.jpg,004590,heuristic
small_object_proposal,-1,1.0,676.0,822.0,746.0,856.0,artificial_jewellery,video_20260404_115542,frame_004590.jpg,004590,heuristic
small_object_proposal,-1,1.0,697.0,808.0,769.0,841.0,artificial_jewellery,video_20260404_115542,frame_004590.jpg,004590,heuristic
small_object_proposal,-1,1.0,1382.0,74.0,1446.0,109.0,artificial_jewellery,video_20260404_115542,frame_004590.jpg,004590,heuristic
small_object_proposal,-1,1.0,1595.0,784.0,1691.0,803.0,artificial_jewellery,video_20260404_115542,frame_004590.jpg,004590,heuristic
small_object_proposal,-1,1.0,674.0,680.0,711.0,728.0,artificial_jewellery,video_20260404_115542,frame_004590.jpg,004590,heuristic
small_object_proposal,-1,1.0,1145.0,920.0,1176.0,971.0,artificial_jewellery,video_20260404_115542,frame_004590.jpg,004590,heuristic
small_object_proposal,-1,1.0,1172.0,973.0,1211.0,1010.0,artificial_jewellery,video_20260404_115542,frame_004590.jpg,004590,heuristic
small_object_proposal,-1,1.0,1045.0,1045.0,1099.0,1071.0,artificial_jewellery,video_20260404_115542,frame_004590.jpg,004590,heuristic
small_object_proposal,-1,1.0,1461.0,33.0,1497.0,72.0,artificial_jewellery,video_20260404_115542,frame_004590.jpg,004590,heuristic
small_object_proposal,-1,1.0,1157.0,855.0,1207.0,883.0,artificial_jewellery,video_20260404_115542,frame_004590.jpg,004590,heuristic
small_object_proposal,-1,1.0,588.0,80.0,647.0,102.0,artificial_jewellery,video_20260404_115542,frame_004590.jpg,004590,heuristic
small_object_proposal,-1,1.0,1356.0,864.0,1377.0,922.0,artificial_jewellery,video_20260404_115542,frame_004590.jpg,004590,heuristic
small_object_proposal,-1,1.0,1238.0,967.0,1283.0,994.0,artificial_jewellery,video_20260404_115542,frame_004590.jpg,004590,heuristic
small_object_proposal,-1,1.0,1263.0,993.0,1285.0,1048.0,artificial_jewellery,video_20260404_115542,frame_004590.jpg,004590,heuristic
small_object_proposal,-1,1.0,1440.0,385.0,1478.0,415.0,artificial_jewellery,video_20260404_115542,frame_004590.jpg,004590,heuristic
small_object_proposal,-1,1.0,1029.0,833.0,1063.0,866.0,artificial_jewellery,video_20260404_115542,frame_004590.jpg,004590,heuristic
small_object_proposal,-1,1.0,1877.0,8.0,1904.0,49.0,artificial_jewellery,video_20260404_115542,frame_004590.jpg,004590,heuristic
small_object_proposal,-1,1.0,1309.0,340.0,1339.0,376.0,artificial_jewellery,video_20260404_115542,frame_004590.jpg,004590,heuristic
small_object_proposal,-1,1.0,1446.0,585.0,1493.0,607.0,artificial_jewellery,video_20260404_115542,frame_004590.jpg,004590,heuristic
small_object_proposal,-1,1.0,283.0,136.0,296.0,211.0,artificial_jewellery,video_20260404_115542,frame_004590.jpg,004590,heuristic
person,0,0.678217887878418,436.2916259765625,154.420166015625,1920.0,1066.9566650390625,artificial_jewellery,video_20260404_115542,frame_004620.jpg,004620,yolo
person,0,0.3637215197086334,148.89395141601562,5.05535888671875,1374.869873046875,1063.3828125,artificial_jewellery,video_20260404_115542,frame_004620.jpg,004620,yolo
small_object_proposal,-1,1.0,608.0,93.0,671.0,172.0,artificial_jewellery,video_20260404_115542,frame_004620.jpg,004620,heuristic
small_object_proposal,-1,1.0,1754.0,555.0,1880.0,594.0,artificial_jewellery,video_20260404_115542,frame_004620.jpg,004620,heuristic
small_object_proposal,-1,1.0,1189.0,94.0,1330.0,125.0,artificial_jewellery,video_20260404_115542,frame_004620.jpg,004620,heuristic
small_object_proposal,-1,1.0,389.0,920.0,464.0,972.0,artificial_jewellery,video_20260404_115542,frame_004620.jpg,004620,heuristic
small_object_proposal,-1,1.0,1626.0,826.0,1744.0,858.0,artificial_jewellery,video_20260404_115542,frame_004620.jpg,004620,heuristic
small_object_proposal,-1,1.0,1565.0,378.0,1652.0,416.0,artificial_jewellery,video_20260404_115542,frame_004620.jpg,004620,heuristic
small_object_proposal,-1,1.0,1396.0,80.0,1473.0,120.0,artificial_jewellery,video_20260404_115542,frame_004620.jpg,004620,heuristic
small_object_proposal,-1,1.0,1135.0,1000.0,1198.0,1045.0,artificial_jewellery,video_20260404_115542,frame_004620.jpg,004620,heuristic
small_object_proposal,-1,1.0,1182.0,449.0,1218.0,521.0,artificial_jewellery,video_20260404_115542,frame_004620.jpg,004620,heuristic
small_object_proposal,-1,1.0,1649.0,850.0,1725.0,882.0,artificial_jewellery,video_20260404_115542,frame_004620.jpg,004620,heuristic
small_object_proposal,-1,1.0,702.0,863.0,758.0,903.0,artificial_jewellery,video_20260404_115542,frame_004620.jpg,004620,heuristic
small_object_proposal,-1,1.0,398.0,258.0,436.0,302.0,artificial_jewellery,video_20260404_115542,frame_004620.jpg,004620,heuristic
small_object_proposal,-1,1.0,1420.0,627.0,1460.0,668.0,artificial_jewellery,video_20260404_115542,frame_004620.jpg,004620,heuristic
small_object_proposal,-1,1.0,1677.0,870.0,1739.0,895.0,artificial_jewellery,video_20260404_115542,frame_004620.jpg,004620,heuristic
small_object_proposal,-1,1.0,1741.0,815.0,1778.0,856.0,artificial_jewellery,video_20260404_115542,frame_004620.jpg,004620,heuristic
small_object_proposal,-1,1.0,1177.0,865.0,1227.0,894.0,artificial_jewellery,video_20260404_115542,frame_004620.jpg,004620,heuristic
small_object_proposal,-1,1.0,1434.0,368.0,1482.0,398.0,artificial_jewellery,video_20260404_115542,frame_004620.jpg,004620,heuristic
small_object_proposal,-1,1.0,1785.0,730.0,1809.0,789.0,artificial_jewellery,video_20260404_115542,frame_004620.jpg,004620,heuristic
small_object_proposal,-1,1.0,1165.0,936.0,1195.0,981.0,artificial_jewellery,video_20260404_115542,frame_004620.jpg,004620,heuristic
small_object_proposal,-1,1.0,4.0,316.0,29.0,364.0,artificial_jewellery,video_20260404_115542,frame_004620.jpg,004620,heuristic
small_object_proposal,-1,1.0,1216.0,647.0,1280.0,665.0,artificial_jewellery,video_20260404_115542,frame_004620.jpg,004620,heuristic
small_object_proposal,-1,1.0,1425.0,40.0,1449.0,88.0,artificial_jewellery,video_20260404_115542,frame_004620.jpg,004620,heuristic
small_object_proposal,-1,1.0,36.0,249.0,86.0,271.0,artificial_jewellery,video_20260404_115542,frame_004620.jpg,004620,heuristic
small_object_proposal,-1,1.0,762.0,876.0,816.0,896.0,artificial_jewellery,video_20260404_115542,frame_004620.jpg,004620,heuristic
small_object_proposal,-1,1.0,940.0,138.0,1003.0,154.0,artificial_jewellery,video_20260404_115542,frame_004620.jpg,004620,heuristic
small_object_proposal,-1,1.0,144.0,73.0,171.0,107.0,artificial_jewellery,video_20260404_115542,frame_004620.jpg,004620,heuristic
small_object_proposal,-1,1.0,662.0,851.0,688.0,884.0,artificial_jewellery,video_20260404_115542,frame_004620.jpg,004620,heuristic
small_object_proposal,-1,1.0,13.0,393.0,44.0,420.0,artificial_jewellery,video_20260404_115542,frame_004620.jpg,004620,heuristic
small_object_proposal,-1,1.0,1893.0,45.0,1916.0,80.0,artificial_jewellery,video_20260404_115542,frame_004620.jpg,004620,heuristic
small_object_proposal,-1,1.0,1308.0,464.0,1330.0,500.0,artificial_jewellery,video_20260404_115542,frame_004620.jpg,004620,heuristic
person,0,0.7948989868164062,483.79925537109375,0.0,1915.795654296875,1059.1224365234375,artificial_jewellery,video_20260404_115542,frame_004650.jpg,004650,yolo
small_object_proposal,-1,1.0,252.0,875.0,339.0,930.0,artificial_jewellery,video_20260404_115542,frame_004650.jpg,004650,heuristic
small_object_proposal,-1,1.0,604.0,105.0,664.0,182.0,artificial_jewellery,video_20260404_115542,frame_004650.jpg,004650,heuristic
small_object_proposal,-1,1.0,1450.0,50.0,1522.0,112.0,artificial_jewellery,video_20260404_115542,frame_004650.jpg,004650,heuristic
small_object_proposal,-1,1.0,466.0,868.0,519.0,946.0,artificial_jewellery,video_20260404_115542,frame_004650.jpg,004650,heuristic
small_object_proposal,-1,1.0,1374.0,749.0,1401.0,884.0,artificial_jewellery,video_20260404_115542,frame_004650.jpg,004650,heuristic
small_object_proposal,-1,1.0,59.0,651.0,143.0,693.0,artificial_jewellery,video_20260404_115542,frame_004650.jpg,004650,heuristic
small_object_proposal,-1,1.0,1253.0,964.0,1299.0,1037.0,artificial_jewellery,video_20260404_115542,frame_004650.jpg,004650,heuristic
small_object_proposal,-1,1.0,346.0,94.0,399.0,156.0,artificial_jewellery,video_20260404_115542,frame_004650.jpg,004650,heuristic
small_object_proposal,-1,1.0,1001.0,80.0,1054.0,135.0,artificial_jewellery,video_20260404_115542,frame_004650.jpg,004650,heuristic
small_object_proposal,-1,1.0,1281.0,630.0,1336.0,681.0,artificial_jewellery,video_20260404_115542,frame_004650.jpg,004650,heuristic
small_object_proposal,-1,1.0,1295.0,857.0,1335.0,927.0,artificial_jewellery,video_20260404_115542,frame_004650.jpg,004650,heuristic
small_object_proposal,-1,1.0,1131.0,998.0,1194.0,1042.0,artificial_jewellery,video_20260404_115542,frame_004650.jpg,004650,heuristic
small_object_proposal,-1,1.0,1035.0,824.0,1085.0,879.0,artificial_jewellery,video_20260404_115542,frame_004650.jpg,004650,heuristic
small_object_proposal,-1,1.0,637.0,707.0,681.0,768.0,artificial_jewellery,video_20260404_115542,frame_004650.jpg,004650,heuristic
small_object_proposal,-1,1.0,1234.0,858.0,1268.0,931.0,artificial_jewellery,video_20260404_115542,frame_004650.jpg,004650,heuristic
small_object_proposal,-1,1.0,1175.0,972.0,1228.0,1017.0,artificial_jewellery,video_20260404_115542,frame_004650.jpg,004650,heuristic
small_object_proposal,-1,1.0,445.0,232.0,488.0,287.0,artificial_jewellery,video_20260404_115542,frame_004650.jpg,004650,heuristic
small_object_proposal,-1,1.0,1411.0,614.0,1463.0,657.0,artificial_jewellery,video_20260404_115542,frame_004650.jpg,004650,heuristic
small_object_proposal,-1,1.0,1404.0,1026.0,1449.0,1073.0,artificial_jewellery,video_20260404_115542,frame_004650.jpg,004650,heuristic
small_object_proposal,-1,1.0,39.0,264.0,84.0,304.0,artificial_jewellery,video_20260404_115542,frame_004650.jpg,004650,heuristic
small_object_proposal,-1,1.0,12.0,329.0,47.0,378.0,artificial_jewellery,video_20260404_115542,frame_004650.jpg,004650,heuristic
small_object_proposal,-1,1.0,1299.0,351.0,1334.0,398.0,artificial_jewellery,video_20260404_115542,frame_004650.jpg,004650,heuristic
small_object_proposal,-1,1.0,1167.0,828.0,1221.0,857.0,artificial_jewellery,video_20260404_115542,frame_004650.jpg,004650,heuristic
small_object_proposal,-1,1.0,621.0,762.0,664.0,798.0,artificial_jewellery,video_20260404_115542,frame_004650.jpg,004650,heuristic
small_object_proposal,-1,1.0,1413.0,516.0,1452.0,555.0,artificial_jewellery,video_20260404_115542,frame_004650.jpg,004650,heuristic
small_object_proposal,-1,1.0,3.0,737.0,52.0,768.0,artificial_jewellery,video_20260404_115542,frame_004650.jpg,004650,heuristic
small_object_proposal,-1,1.0,1174.0,856.0,1223.0,885.0,artificial_jewellery,video_20260404_115542,frame_004650.jpg,004650,heuristic
small_object_proposal,-1,1.0,1112.0,327.0,1136.0,386.0,artificial_jewellery,video_20260404_115542,frame_004650.jpg,004650,heuristic
small_object_proposal,-1,1.0,398.0,299.0,442.0,331.0,artificial_jewellery,video_20260404_115542,frame_004650.jpg,004650,heuristic
small_object_proposal,-1,1.0,1060.0,1052.0,1115.0,1077.0,artificial_jewellery,video_20260404_115542,frame_004650.jpg,004650,heuristic
person,0,0.599957287311554,211.2227783203125,95.95376586914062,1914.0594482421875,1068.0032958984375,artificial_jewellery,video_20260404_115542,frame_004680.jpg,004680,yolo
small_object_proposal,-1,1.0,1702.0,541.0,1803.0,590.0,artificial_jewellery,video_20260404_115542,frame_004680.jpg,004680,heuristic
small_object_proposal,-1,1.0,1150.0,118.0,1286.0,149.0,artificial_jewellery,video_20260404_115542,frame_004680.jpg,004680,heuristic
small_object_proposal,-1,1.0,1836.0,392.0,1900.0,456.0,artificial_jewellery,video_20260404_115542,frame_004680.jpg,004680,heuristic
small_object_proposal,-1,1.0,1425.0,70.0,1493.0,125.0,artificial_jewellery,video_20260404_115542,frame_004680.jpg,004680,heuristic
small_object_proposal,-1,1.0,1528.0,855.0,1616.0,897.0,artificial_jewellery,video_20260404_115542,frame_004680.jpg,004680,heuristic
small_object_proposal,-1,1.0,1552.0,891.0,1654.0,926.0,artificial_jewellery,video_20260404_115542,frame_004680.jpg,004680,heuristic
small_object_proposal,-1,1.0,1622.0,814.0,1663.0,897.0,artificial_jewellery,video_20260404_115542,frame_004680.jpg,004680,heuristic
small_object_proposal,-1,1.0,326.0,101.0,381.0,160.0,artificial_jewellery,video_20260404_115542,frame_004680.jpg,004680,heuristic
small_object_proposal,-1,1.0,272.0,167.0,306.0,261.0,artificial_jewellery,video_20260404_115542,frame_004680.jpg,004680,heuristic
small_object_proposal,-1,1.0,1529.0,239.0,1603.0,282.0,artificial_jewellery,video_20260404_115542,frame_004680.jpg,004680,heuristic
small_object_proposal,-1,1.0,43.0,664.0,113.0,709.0,artificial_jewellery,video_20260404_115542,frame_004680.jpg,004680,heuristic
small_object_proposal,-1,1.0,266.0,302.0,312.0,365.0,artificial_jewellery,video_20260404_115542,frame_004680.jpg,004680,heuristic
small_object_proposal,-1,1.0,1589.0,273.0,1631.0,336.0,artificial_jewellery,video_20260404_115542,frame_004680.jpg,004680,heuristic
small_object_proposal,-1,1.0,582.0,149.0,631.0,203.0,artificial_jewellery,video_20260404_115542,frame_004680.jpg,004680,heuristic
small_object_proposal,-1,1.0,1340.0,371.0,1400.0,415.0,artificial_jewellery,video_20260404_115542,frame_004680.jpg,004680,heuristic
small_object_proposal,-1,1.0,1102.0,1003.0,1165.0,1042.0,artificial_jewellery,video_20260404_115542,frame_004680.jpg,004680,heuristic
small_object_proposal,-1,1.0,1268.0,644.0,1312.0,695.0,artificial_jewellery,video_20260404_115542,frame_004680.jpg,004680,heuristic
small_object_proposal,-1,1.0,1216.0,431.0,1273.0,470.0,artificial_jewellery,video_20260404_115542,frame_004680.jpg,004680,heuristic
small_object_proposal,-1,1.0,1606.0,824.0,1653.0,867.0,artificial_jewellery,video_20260404_115542,frame_004680.jpg,004680,heuristic
small_object_proposal,-1,1.0,1561.0,891.0,1628.0,918.0,artificial_jewellery,video_20260404_115542,frame_004680.jpg,004680,heuristic
small_object_proposal,-1,1.0,313.0,252.0,337.0,324.0,artificial_jewellery,video_20260404_115542,frame_004680.jpg,004680,heuristic
small_object_proposal,-1,1.0,1154.0,986.0,1203.0,1019.0,artificial_jewellery,video_20260404_115542,frame_004680.jpg,004680,heuristic
small_object_proposal,-1,1.0,1800.0,18.0,1823.0,87.0,artificial_jewellery,video_20260404_115542,frame_004680.jpg,004680,heuristic
small_object_proposal,-1,1.0,393.0,327.0,427.0,369.0,artificial_jewellery,video_20260404_115542,frame_004680.jpg,004680,heuristic
small_object_proposal,-1,1.0,151.0,879.0,183.0,923.0,artificial_jewellery,video_20260404_115542,frame_004680.jpg,004680,heuristic
small_object_proposal,-1,1.0,442.0,251.0,466.0,309.0,artificial_jewellery,video_20260404_115542,frame_004680.jpg,004680,heuristic
small_object_proposal,-1,1.0,1822.0,254.0,1876.0,279.0,artificial_jewellery,video_20260404_115542,frame_004680.jpg,004680,heuristic
small_object_proposal,-1,1.0,1137.0,940.0,1169.0,981.0,artificial_jewellery,video_20260404_115542,frame_004680.jpg,004680,heuristic
small_object_proposal,-1,1.0,1195.0,386.0,1220.0,437.0,artificial_jewellery,video_20260404_115542,frame_004680.jpg,004680,heuristic
small_object_proposal,-1,1.0,586.0,126.0,641.0,149.0,artificial_jewellery,video_20260404_115542,frame_004680.jpg,004680,heuristic
person,0,0.686802327632904,485.62078857421875,212.56027221679688,1883.194091796875,1064.7696533203125,artificial_jewellery,video_20260404_115542,frame_004710.jpg,004710,yolo
teddy bear,77,0.3668678402900696,0.56121826171875,23.182205200195312,551.0553588867188,515.9404296875,artificial_jewellery,video_20260404_115542,frame_004710.jpg,004710,yolo
small_object_proposal,-1,1.0,1402.0,85.0,1484.0,145.0,artificial_jewellery,video_20260404_115542,frame_004710.jpg,004710,heuristic
small_object_proposal,-1,1.0,235.0,902.0,307.0,965.0,artificial_jewellery,video_20260404_115542,frame_004710.jpg,004710,heuristic
small_object_proposal,-1,1.0,1522.0,296.0,1599.0,352.0,artificial_jewellery,video_20260404_115542,frame_004710.jpg,004710,heuristic
small_object_proposal,-1,1.0,334.0,211.0,381.0,298.0,artificial_jewellery,video_20260404_115542,frame_004710.jpg,004710,heuristic
small_object_proposal,-1,1.0,37.0,666.0,109.0,718.0,artificial_jewellery,video_20260404_115542,frame_004710.jpg,004710,heuristic
small_object_proposal,-1,1.0,430.0,912.0,489.0,972.0,artificial_jewellery,video_20260404_115542,frame_004710.jpg,004710,heuristic
small_object_proposal,-1,1.0,326.0,301.0,363.0,374.0,artificial_jewellery,video_20260404_115542,frame_004710.jpg,004710,heuristic
small_object_proposal,-1,1.0,1293.0,87.0,1330.0,157.0,artificial_jewellery,video_20260404_115542,frame_004710.jpg,004710,heuristic
small_object_proposal,-1,1.0,1221.0,467.0,1262.0,530.0,artificial_jewellery,video_20260404_115542,frame_004710.jpg,004710,heuristic
small_object_proposal,-1,1.0,154.0,90.0,195.0,150.0,artificial_jewellery,video_20260404_115542,frame_004710.jpg,004710,heuristic
small_object_proposal,-1,1.0,1071.0,826.0,1128.0,869.0,artificial_jewellery,video_20260404_115542,frame_004710.jpg,004710,heuristic
small_object_proposal,-1,1.0,276.0,165.0,301.0,261.0,artificial_jewellery,video_20260404_115542,frame_004710.jpg,004710,heuristic
small_object_proposal,-1,1.0,355.0,429.0,388.0,501.0,artificial_jewellery,video_20260404_115542,frame_004710.jpg,004710,heuristic
small_object_proposal,-1,1.0,1848.0,316.0,1885.0,377.0,artificial_jewellery,video_20260404_115542,frame_004710.jpg,004710,heuristic
small_object_proposal,-1,1.0,231.0,831.0,269.0,889.0,artificial_jewellery,video_20260404_115542,frame_004710.jpg,004710,heuristic
small_object_proposal,-1,1.0,1315.0,4.0,1352.0,62.0,artificial_jewellery,video_20260404_115542,frame_004710.jpg,004710,heuristic
small_object_proposal,-1,1.0,368.0,375.0,426.0,410.0,artificial_jewellery,video_20260404_115542,frame_004710.jpg,004710,heuristic
small_object_proposal,-1,1.0,1688.0,556.0,1733.0,599.0,artificial_jewellery,video_20260404_115542,frame_004710.jpg,004710,heuristic
small_object_proposal,-1,1.0,427.0,383.0,474.0,423.0,artificial_jewellery,video_20260404_115542,frame_004710.jpg,004710,heuristic
small_object_proposal,-1,1.0,1575.0,902.0,1676.0,920.0,artificial_jewellery,video_20260404_115542,frame_004710.jpg,004710,heuristic
small_object_proposal,-1,1.0,1523.0,522.0,1561.0,569.0,artificial_jewellery,video_20260404_115542,frame_004710.jpg,004710,heuristic
small_object_proposal,-1,1.0,1227.0,700.0,1264.0,748.0,artificial_jewellery,video_20260404_115542,frame_004710.jpg,004710,heuristic
small_object_proposal,-1,1.0,1542.0,421.0,1601.0,450.0,artificial_jewellery,video_20260404_115542,frame_004710.jpg,004710,heuristic
small_object_proposal,-1,1.0,1120.0,1016.0,1161.0,1055.0,artificial_jewellery,video_20260404_115542,frame_004710.jpg,004710,heuristic
small_object_proposal,-1,1.0,1803.0,271.0,1858.0,298.0,artificial_jewellery,video_20260404_115542,frame_004710.jpg,004710,heuristic
small_object_proposal,-1,1.0,455.0,386.0,484.0,432.0,artificial_jewellery,video_20260404_115542,frame_004710.jpg,004710,heuristic
small_object_proposal,-1,1.0,161.0,17.0,214.0,42.0,artificial_jewellery,video_20260404_115542,frame_004710.jpg,004710,heuristic
small_object_proposal,-1,1.0,1143.0,879.0,1187.0,908.0,artificial_jewellery,video_20260404_115542,frame_004710.jpg,004710,heuristic
small_object_proposal,-1,1.0,332.0,389.0,366.0,426.0,artificial_jewellery,video_20260404_115542,frame_004710.jpg,004710,heuristic
small_object_proposal,-1,1.0,586.0,131.0,638.0,155.0,artificial_jewellery,video_20260404_115542,frame_004710.jpg,004710,heuristic
person,0,0.6631434559822083,95.65960693359375,0.0,1910.703125,1065.8306884765625,artificial_jewellery,video_20260404_115542,frame_004740.jpg,004740,yolo
small_object_proposal,-1,1.0,1219.0,663.0,1282.0,741.0,artificial_jewellery,video_20260404_115542,frame_004740.jpg,004740,heuristic
small_object_proposal,-1,1.0,1106.0,760.0,1170.0,834.0,artificial_jewellery,video_20260404_115542,frame_004740.jpg,004740,heuristic
small_object_proposal,-1,1.0,1577.0,878.0,1686.0,921.0,artificial_jewellery,video_20260404_115542,frame_004740.jpg,004740,heuristic
small_object_proposal,-1,1.0,1560.0,360.0,1615.0,428.0,artificial_jewellery,video_20260404_115542,frame_004740.jpg,004740,heuristic
small_object_proposal,-1,1.0,405.0,240.0,449.0,315.0,artificial_jewellery,video_20260404_115542,frame_004740.jpg,004740,heuristic
small_object_proposal,-1,1.0,55.0,85.0,85.0,195.0,artificial_jewellery,video_20260404_115542,frame_004740.jpg,004740,heuristic
small_object_proposal,-1,1.0,572.0,139.0,622.0,194.0,artificial_jewellery,video_20260404_115542,frame_004740.jpg,004740,heuristic
small_object_proposal,-1,1.0,1709.0,822.0,1762.0,863.0,artificial_jewellery,video_20260404_115542,frame_004740.jpg,004740,heuristic
small_object_proposal,-1,1.0,1485.0,545.0,1515.0,616.0,artificial_jewellery,video_20260404_115542,frame_004740.jpg,004740,heuristic
small_object_proposal,-1,1.0,313.0,302.0,344.0,368.0,artificial_jewellery,video_20260404_115542,frame_004740.jpg,004740,heuristic
small_object_proposal,-1,1.0,255.0,352.0,320.0,383.0,artificial_jewellery,video_20260404_115542,frame_004740.jpg,004740,heuristic
small_object_proposal,-1,1.0,1796.0,274.0,1864.0,301.0,artificial_jewellery,video_20260404_115542,frame_004740.jpg,004740,heuristic
small_object_proposal,-1,1.0,323.0,99.0,359.0,149.0,artificial_jewellery,video_20260404_115542,frame_004740.jpg,004740,heuristic
small_object_proposal,-1,1.0,1113.0,1024.0,1158.0,1062.0,artificial_jewellery,video_20260404_115542,frame_004740.jpg,004740,heuristic
small_object_proposal,-1,1.0,626.0,865.0,657.0,919.0,artificial_jewellery,video_20260404_115542,frame_004740.jpg,004740,heuristic
small_object_proposal,-1,1.0,352.0,307.0,402.0,340.0,artificial_jewellery,video_20260404_115542,frame_004740.jpg,004740,heuristic
small_object_proposal,-1,1.0,1484.0,428.0,1514.0,480.0,artificial_jewellery,video_20260404_115542,frame_004740.jpg,004740,heuristic
small_object_proposal,-1,1.0,1407.0,32.0,1457.0,63.0,artificial_jewellery,video_20260404_115542,frame_004740.jpg,004740,heuristic
small_object_proposal,-1,1.0,733.0,922.0,788.0,950.0,artificial_jewellery,video_20260404_115542,frame_004740.jpg,004740,heuristic
small_object_proposal,-1,1.0,1244.0,475.0,1289.0,509.0,artificial_jewellery,video_20260404_115542,frame_004740.jpg,004740,heuristic
small_object_proposal,-1,1.0,1526.0,511.0,1595.0,533.0,artificial_jewellery,video_20260404_115542,frame_004740.jpg,004740,heuristic
small_object_proposal,-1,1.0,1140.0,886.0,1190.0,915.0,artificial_jewellery,video_20260404_115542,frame_004740.jpg,004740,heuristic
small_object_proposal,-1,1.0,677.0,905.0,713.0,943.0,artificial_jewellery,video_20260404_115542,frame_004740.jpg,004740,heuristic
small_object_proposal,-1,1.0,1224.0,417.0,1247.0,476.0,artificial_jewellery,video_20260404_115542,frame_004740.jpg,004740,heuristic
small_object_proposal,-1,1.0,4.0,672.0,49.0,701.0,artificial_jewellery,video_20260404_115542,frame_004740.jpg,004740,heuristic
small_object_proposal,-1,1.0,1600.0,290.0,1626.0,339.0,artificial_jewellery,video_20260404_115542,frame_004740.jpg,004740,heuristic
small_object_proposal,-1,1.0,1560.0,846.0,1634.0,863.0,artificial_jewellery,video_20260404_115542,frame_004740.jpg,004740,heuristic
small_object_proposal,-1,1.0,577.0,115.0,634.0,137.0,artificial_jewellery,video_20260404_115542,frame_004740.jpg,004740,heuristic
small_object_proposal,-1,1.0,1239.0,1019.0,1264.0,1069.0,artificial_jewellery,video_20260404_115542,frame_004740.jpg,004740,heuristic
small_object_proposal,-1,1.0,1127.0,958.0,1157.0,999.0,artificial_jewellery,video_20260404_115542,frame_004740.jpg,004740,heuristic
person,0,0.7687893509864807,489.04571533203125,73.99566650390625,1896.41162109375,1065.210693359375,artificial_jewellery,video_20260404_115542,frame_004770.jpg,004770,yolo
small_object_proposal,-1,1.0,1385.0,412.0,1434.0,496.0,artificial_jewellery,video_20260404_115542,frame_004770.jpg,004770,heuristic
small_object_proposal,-1,1.0,669.0,693.0,721.0,767.0,artificial_jewellery,video_20260404_115542,frame_004770.jpg,004770,heuristic
small_object_proposal,-1,1.0,390.0,313.0,453.0,372.0,artificial_jewellery,video_20260404_115542,frame_004770.jpg,004770,heuristic
small_object_proposal,-1,1.0,1440.0,68.0,1500.0,116.0,artificial_jewellery,video_20260404_115542,frame_004770.jpg,004770,heuristic
small_object_proposal,-1,1.0,771.0,743.0,834.0,786.0,artificial_jewellery,video_20260404_115542,frame_004770.jpg,004770,heuristic
small_object_proposal,-1,1.0,1362.0,679.0,1411.0,734.0,artificial_jewellery,video_20260404_115542,frame_004770.jpg,004770,heuristic
small_object_proposal,-1,1.0,590.0,117.0,639.0,171.0,artificial_jewellery,video_20260404_115542,frame_004770.jpg,004770,heuristic
small_object_proposal,-1,1.0,984.0,194.0,1032.0,249.0,artificial_jewellery,video_20260404_115542,frame_004770.jpg,004770,heuristic
small_object_proposal,-1,1.0,231.0,802.0,269.0,864.0,artificial_jewellery,video_20260404_115542,frame_004770.jpg,004770,heuristic
small_object_proposal,-1,1.0,1704.0,921.0,1742.0,982.0,artificial_jewellery,video_20260404_115542,frame_004770.jpg,004770,heuristic
small_object_proposal,-1,1.0,1810.0,21.0,1862.0,64.0,artificial_jewellery,video_20260404_115542,frame_004770.jpg,004770,heuristic
small_object_proposal,-1,1.0,594.0,367.0,615.0,472.0,artificial_jewellery,video_20260404_115542,frame_004770.jpg,004770,heuristic
small_object_proposal,-1,1.0,47.0,641.0,106.0,678.0,artificial_jewellery,video_20260404_115542,frame_004770.jpg,004770,heuristic
small_object_proposal,-1,1.0,692.0,834.0,765.0,862.0,artificial_jewellery,video_20260404_115542,frame_004770.jpg,004770,heuristic
small_object_proposal,-1,1.0,980.0,48.0,1019.0,100.0,artificial_jewellery,video_20260404_115542,frame_004770.jpg,004770,heuristic
small_object_proposal,-1,1.0,1570.0,812.0,1614.0,854.0,artificial_jewellery,video_20260404_115542,frame_004770.jpg,004770,heuristic
small_object_proposal,-1,1.0,103.0,275.0,139.0,325.0,artificial_jewellery,video_20260404_115542,frame_004770.jpg,004770,heuristic
small_object_proposal,-1,1.0,1328.0,953.0,1362.0,1001.0,artificial_jewellery,video_20260404_115542,frame_004770.jpg,004770,heuristic
small_object_proposal,-1,1.0,1318.0,573.0,1362.0,610.0,artificial_jewellery,video_20260404_115542,frame_004770.jpg,004770,heuristic
small_object_proposal,-1,1.0,1153.0,862.0,1204.0,893.0,artificial_jewellery,video_20260404_115542,frame_004770.jpg,004770,heuristic
small_object_proposal,-1,1.0,442.0,217.0,468.0,275.0,artificial_jewellery,video_20260404_115542,frame_004770.jpg,004770,heuristic
small_object_proposal,-1,1.0,1130.0,1003.0,1172.0,1036.0,artificial_jewellery,video_20260404_115542,frame_004770.jpg,004770,heuristic
small_object_proposal,-1,1.0,1828.0,259.0,1881.0,284.0,artificial_jewellery,video_20260404_115542,frame_004770.jpg,004770,heuristic
small_object_proposal,-1,1.0,1704.0,558.0,1753.0,584.0,artificial_jewellery,video_20260404_115542,frame_004770.jpg,004770,heuristic
small_object_proposal,-1,1.0,1089.0,156.0,1142.0,180.0,artificial_jewellery,video_20260404_115542,frame_004770.jpg,004770,heuristic
small_object_proposal,-1,1.0,1046.0,1047.0,1097.0,1071.0,artificial_jewellery,video_20260404_115542,frame_004770.jpg,004770,heuristic
small_object_proposal,-1,1.0,1728.0,799.0,1770.0,828.0,artificial_jewellery,video_20260404_115542,frame_004770.jpg,004770,heuristic
small_object_proposal,-1,1.0,1364.0,104.0,1412.0,129.0,artificial_jewellery,video_20260404_115542,frame_004770.jpg,004770,heuristic
small_object_proposal,-1,1.0,595.0,94.0,650.0,115.0,artificial_jewellery,video_20260404_115542,frame_004770.jpg,004770,heuristic
small_object_proposal,-1,1.0,142.0,236.0,170.0,277.0,artificial_jewellery,video_20260404_115542,frame_004770.jpg,004770,heuristic
person,0,0.6253899335861206,375.116455078125,83.32525634765625,1904.7509765625,1067.5166015625,artificial_jewellery,video_20260404_115542,frame_004800.jpg,004800,yolo
small_object_proposal,-1,1.0,103.0,74.0,175.0,135.0,artificial_jewellery,video_20260404_115542,frame_004800.jpg,004800,heuristic
small_object_proposal,-1,1.0,1415.0,34.0,1487.0,92.0,artificial_jewellery,video_20260404_115542,frame_004800.jpg,004800,heuristic
small_object_proposal,-1,1.0,1422.0,269.0,1493.0,323.0,artificial_jewellery,video_20260404_115542,frame_004800.jpg,004800,heuristic
small_object_proposal,-1,1.0,538.0,133.0,591.0,188.0,artificial_jewellery,video_20260404_115542,frame_004800.jpg,004800,heuristic
small_object_proposal,-1,1.0,1328.0,959.0,1389.0,1003.0,artificial_jewellery,video_20260404_115542,frame_004800.jpg,004800,heuristic
small_object_proposal,-1,1.0,156.0,161.0,182.0,259.0,artificial_jewellery,video_20260404_115542,frame_004800.jpg,004800,heuristic
small_object_proposal,-1,1.0,27.0,120.0,53.0,215.0,artificial_jewellery,video_20260404_115542,frame_004800.jpg,004800,heuristic
small_object_proposal,-1,1.0,932.0,305.0,966.0,375.0,artificial_jewellery,video_20260404_115542,frame_004800.jpg,004800,heuristic
small_object_proposal,-1,1.0,1417.0,719.0,1444.0,784.0,artificial_jewellery,video_20260404_115542,frame_004800.jpg,004800,heuristic
small_object_proposal,-1,1.0,1256.0,346.0,1286.0,401.0,artificial_jewellery,video_20260404_115542,frame_004800.jpg,004800,heuristic
small_object_proposal,-1,1.0,295.0,73.0,325.0,125.0,artificial_jewellery,video_20260404_115542,frame_004800.jpg,004800,heuristic
small_object_proposal,-1,1.0,1020.0,111.0,1060.0,149.0,artificial_jewellery,video_20260404_115542,frame_004800.jpg,004800,heuristic
small_object_proposal,-1,1.0,117.0,877.0,147.0,927.0,artificial_jewellery,video_20260404_115542,frame_004800.jpg,004800,heuristic
small_object_proposal,-1,1.0,1383.0,556.0,1448.0,579.0,artificial_jewellery,video_20260404_115542,frame_004800.jpg,004800,heuristic
small_object_proposal,-1,1.0,1464.0,483.0,1520.0,509.0,artificial_jewellery,video_20260404_115542,frame_004800.jpg,004800,heuristic
small_object_proposal,-1,1.0,429.0,3.0,457.0,55.0,artificial_jewellery,video_20260404_115542,frame_004800.jpg,004800,heuristic
small_object_proposal,-1,1.0,1421.0,579.0,1445.0,638.0,artificial_jewellery,video_20260404_115542,frame_004800.jpg,004800,heuristic
small_object_proposal,-1,1.0,541.0,108.0,600.0,132.0,artificial_jewellery,video_20260404_115542,frame_004800.jpg,004800,heuristic
small_object_proposal,-1,1.0,1830.0,221.0,1884.0,246.0,artificial_jewellery,video_20260404_115542,frame_004800.jpg,004800,heuristic
small_object_proposal,-1,1.0,892.0,41.0,917.0,89.0,artificial_jewellery,video_20260404_115542,frame_004800.jpg,004800,heuristic
small_object_proposal,-1,1.0,1394.0,497.0,1419.0,542.0,artificial_jewellery,video_20260404_115542,frame_004800.jpg,004800,heuristic
small_object_proposal,-1,1.0,78.0,472.0,116.0,501.0,artificial_jewellery,video_20260404_115542,frame_004800.jpg,004800,heuristic
small_object_proposal,-1,1.0,1102.0,1021.0,1141.0,1049.0,artificial_jewellery,video_20260404_115542,frame_004800.jpg,004800,heuristic
small_object_proposal,-1,1.0,1242.0,429.0,1268.0,471.0,artificial_jewellery,video_20260404_115542,frame_004800.jpg,004800,heuristic
small_object_proposal,-1,1.0,520.0,868.0,549.0,904.0,artificial_jewellery,video_20260404_115542,frame_004800.jpg,004800,heuristic
small_object_proposal,-1,1.0,234.0,179.0,248.0,253.0,artificial_jewellery,video_20260404_115542,frame_004800.jpg,004800,heuristic
small_object_proposal,-1,1.0,44.0,583.0,71.0,620.0,artificial_jewellery,video_20260404_115542,frame_004800.jpg,004800,heuristic
small_object_proposal,-1,1.0,1700.0,529.0,1731.0,561.0,artificial_jewellery,video_20260404_115542,frame_004800.jpg,004800,heuristic
small_object_proposal,-1,1.0,395.0,380.0,423.0,411.0,artificial_jewellery,video_20260404_115542,frame_004800.jpg,004800,heuristic
small_object_proposal,-1,1.0,83.0,63.0,103.0,106.0,artificial_jewellery,video_20260404_115542,frame_004800.jpg,004800,heuristic
person,0,0.6810992956161499,397.69464111328125,130.64913940429688,1912.76513671875,1064.998046875,artificial_jewellery,video_20260404_115542,frame_004830.jpg,004830,yolo
small_object_proposal,-1,1.0,563.0,101.0,624.0,181.0,artificial_jewellery,video_20260404_115542,frame_004830.jpg,004830,heuristic
small_object_proposal,-1,1.0,723.0,907.0,768.0,1012.0,artificial_jewellery,video_20260404_115542,frame_004830.jpg,004830,heuristic
small_object_proposal,-1,1.0,888.0,240.0,968.0,298.0,artificial_jewellery,video_20260404_115542,frame_004830.jpg,004830,heuristic
small_object_proposal,-1,1.0,1435.0,16.0,1510.0,77.0,artificial_jewellery,video_20260404_115542,frame_004830.jpg,004830,heuristic
small_object_proposal,-1,1.0,1543.0,638.0,1584.0,724.0,artificial_jewellery,video_20260404_115542,frame_004830.jpg,004830,heuristic
small_object_proposal,-1,1.0,1406.0,777.0,1521.0,800.0,artificial_jewellery,video_20260404_115542,frame_004830.jpg,004830,heuristic
small_object_proposal,-1,1.0,1498.0,520.0,1606.0,543.0,artificial_jewellery,video_20260404_115542,frame_004830.jpg,004830,heuristic
small_object_proposal,-1,1.0,1573.0,720.0,1608.0,789.0,artificial_jewellery,video_20260404_115542,frame_004830.jpg,004830,heuristic
small_object_proposal,-1,1.0,47.0,667.0,112.0,702.0,artificial_jewellery,video_20260404_115542,frame_004830.jpg,004830,heuristic
small_object_proposal,-1,1.0,1019.0,348.0,1063.0,398.0,artificial_jewellery,video_20260404_115542,frame_004830.jpg,004830,heuristic
small_object_proposal,-1,1.0,1160.0,966.0,1212.0,1007.0,artificial_jewellery,video_20260404_115542,frame_004830.jpg,004830,heuristic
small_object_proposal,-1,1.0,1189.0,84.0,1306.0,102.0,artificial_jewellery,video_20260404_115542,frame_004830.jpg,004830,heuristic
small_object_proposal,-1,1.0,253.0,151.0,276.0,237.0,artificial_jewellery,video_20260404_115542,frame_004830.jpg,004830,heuristic
small_object_proposal,-1,1.0,1140.0,810.0,1196.0,843.0,artificial_jewellery,video_20260404_115542,frame_004830.jpg,004830,heuristic
small_object_proposal,-1,1.0,1122.0,991.0,1167.0,1029.0,artificial_jewellery,video_20260404_115542,frame_004830.jpg,004830,heuristic
small_object_proposal,-1,1.0,1035.0,104.0,1082.0,137.0,artificial_jewellery,video_20260404_115542,frame_004830.jpg,004830,heuristic
small_object_proposal,-1,1.0,156.0,860.0,185.0,911.0,artificial_jewellery,video_20260404_115542,frame_004830.jpg,004830,heuristic
small_object_proposal,-1,1.0,1856.0,203.0,1914.0,228.0,artificial_jewellery,video_20260404_115542,frame_004830.jpg,004830,heuristic
small_object_proposal,-1,1.0,874.0,936.0,898.0,996.0,artificial_jewellery,video_20260404_115542,frame_004830.jpg,004830,heuristic
small_object_proposal,-1,1.0,1034.0,1042.0,1090.0,1067.0,artificial_jewellery,video_20260404_115542,frame_004830.jpg,004830,heuristic
small_object_proposal,-1,1.0,1158.0,849.0,1206.0,878.0,artificial_jewellery,video_20260404_115542,frame_004830.jpg,004830,heuristic
small_object_proposal,-1,1.0,1106.0,453.0,1161.0,478.0,artificial_jewellery,video_20260404_115542,frame_004830.jpg,004830,heuristic
small_object_proposal,-1,1.0,822.0,13.0,866.0,44.0,artificial_jewellery,video_20260404_115542,frame_004830.jpg,004830,heuristic
small_object_proposal,-1,1.0,1486.0,265.0,1512.0,314.0,artificial_jewellery,video_20260404_115542,frame_004830.jpg,004830,heuristic
small_object_proposal,-1,1.0,766.0,280.0,803.0,314.0,artificial_jewellery,video_20260404_115542,frame_004830.jpg,004830,heuristic
small_object_proposal,-1,1.0,323.0,82.0,353.0,119.0,artificial_jewellery,video_20260404_115542,frame_004830.jpg,004830,heuristic
small_object_proposal,-1,1.0,562.0,853.0,589.0,890.0,artificial_jewellery,video_20260404_115542,frame_004830.jpg,004830,heuristic
small_object_proposal,-1,1.0,302.0,113.0,336.0,142.0,artificial_jewellery,video_20260404_115542,frame_004830.jpg,004830,heuristic
small_object_proposal,-1,1.0,629.0,888.0,663.0,915.0,artificial_jewellery,video_20260404_115542,frame_004830.jpg,004830,heuristic
small_object_proposal,-1,1.0,1136.0,940.0,1177.0,962.0,artificial_jewellery,video_20260404_115542,frame_004830.jpg,004830,heuristic
person,0,0.5854829549789429,193.7288818359375,156.17578125,1911.6492919921875,1064.2911376953125,artificial_jewellery,video_20260404_115542,frame_004860.jpg,004860,yolo
backpack,24,0.2668274939060211,825.6414184570312,494.6274719238281,1920.0,1064.050048828125,artificial_jewellery,video_20260404_115542,frame_004860.jpg,004860,yolo
person,0,0.25025713443756104,5.42376708984375,41.1295166015625,1209.97265625,1066.079345703125,artificial_jewellery,video_20260404_115542,frame_004860.jpg,004860,yolo
small_object_proposal,-1,1.0,1671.0,956.0,1724.0,1050.0,artificial_jewellery,video_20260404_115542,frame_004860.jpg,004860,heuristic
small_object_proposal,-1,1.0,709.0,919.0,745.0,1032.0,artificial_jewellery,video_20260404_115542,frame_004860.jpg,004860,heuristic
small_object_proposal,-1,1.0,1317.0,955.0,1380.0,1019.0,artificial_jewellery,video_20260404_115542,frame_004860.jpg,004860,heuristic
small_object_proposal,-1,1.0,591.0,311.0,624.0,424.0,artificial_jewellery,video_20260404_115542,frame_004860.jpg,004860,heuristic
small_object_proposal,-1,1.0,879.0,281.0,929.0,353.0,artificial_jewellery,video_20260404_115542,frame_004860.jpg,004860,heuristic
small_object_proposal,-1,1.0,1283.0,52.0,1346.0,106.0,artificial_jewellery,video_20260404_115542,frame_004860.jpg,004860,heuristic
small_object_proposal,-1,1.0,1368.0,692.0,1390.0,845.0,artificial_jewellery,video_20260404_115542,frame_004860.jpg,004860,heuristic
small_object_proposal,-1,1.0,104.0,49.0,184.0,86.0,artificial_jewellery,video_20260404_115542,frame_004860.jpg,004860,heuristic
small_object_proposal,-1,1.0,1325.0,120.0,1407.0,156.0,artificial_jewellery,video_20260404_115542,frame_004860.jpg,004860,heuristic
small_object_proposal,-1,1.0,1509.0,514.0,1604.0,544.0,artificial_jewellery,video_20260404_115542,frame_004860.jpg,004860,heuristic
small_object_proposal,-1,1.0,1454.0,259.0,1510.0,309.0,artificial_jewellery,video_20260404_115542,frame_004860.jpg,004860,heuristic
small_object_proposal,-1,1.0,557.0,151.0,608.0,204.0,artificial_jewellery,video_20260404_115542,frame_004860.jpg,004860,heuristic
small_object_proposal,-1,1.0,149.0,327.0,191.0,387.0,artificial_jewellery,video_20260404_115542,frame_004860.jpg,004860,heuristic
small_object_proposal,-1,1.0,391.0,835.0,448.0,879.0,artificial_jewellery,video_20260404_115542,frame_004860.jpg,004860,heuristic
small_object_proposal,-1,1.0,189.0,195.0,216.0,285.0,artificial_jewellery,video_20260404_115542,frame_004860.jpg,004860,heuristic
small_object_proposal,-1,1.0,61.0,359.0,114.0,404.0,artificial_jewellery,video_20260404_115542,frame_004860.jpg,004860,heuristic
small_object_proposal,-1,1.0,1142.0,819.0,1205.0,856.0,artificial_jewellery,video_20260404_115542,frame_004860.jpg,004860,heuristic
small_object_proposal,-1,1.0,68.0,684.0,120.0,728.0,artificial_jewellery,video_20260404_115542,frame_004860.jpg,004860,heuristic
small_object_proposal,-1,1.0,1241.0,696.0,1271.0,766.0,artificial_jewellery,video_20260404_115542,frame_004860.jpg,004860,heuristic
small_object_proposal,-1,1.0,1282.0,12.0,1342.0,44.0,artificial_jewellery,video_20260404_115542,frame_004860.jpg,004860,heuristic
small_object_proposal,-1,1.0,562.0,390.0,577.0,509.0,artificial_jewellery,video_20260404_115542,frame_004860.jpg,004860,heuristic
small_object_proposal,-1,1.0,1005.0,319.0,1031.0,383.0,artificial_jewellery,video_20260404_115542,frame_004860.jpg,004860,heuristic
small_object_proposal,-1,1.0,1493.0,462.0,1541.0,496.0,artificial_jewellery,video_20260404_115542,frame_004860.jpg,004860,heuristic
small_object_proposal,-1,1.0,1124.0,1009.0,1168.0,1046.0,artificial_jewellery,video_20260404_115542,frame_004860.jpg,004860,heuristic
small_object_proposal,-1,1.0,1160.0,858.0,1213.0,888.0,artificial_jewellery,video_20260404_115542,frame_004860.jpg,004860,heuristic
small_object_proposal,-1,1.0,1270.0,346.0,1302.0,394.0,artificial_jewellery,video_20260404_115542,frame_004860.jpg,004860,heuristic
small_object_proposal,-1,1.0,558.0,126.0,617.0,151.0,artificial_jewellery,video_20260404_115542,frame_004860.jpg,004860,heuristic
small_object_proposal,-1,1.0,919.0,351.0,951.0,397.0,artificial_jewellery,video_20260404_115542,frame_004860.jpg,004860,heuristic
small_object_proposal,-1,1.0,421.0,260.0,446.0,318.0,artificial_jewellery,video_20260404_115542,frame_004860.jpg,004860,heuristic
small_object_proposal,-1,1.0,1239.0,421.0,1269.0,466.0,artificial_jewellery,video_20260404_115542,frame_004860.jpg,004860,heuristic
person,0,0.6594915986061096,323.268310546875,169.54925537109375,1887.1343994140625,1067.608642578125,artificial_jewellery,video_20260404_115542,frame_004890.jpg,004890,yolo
small_object_proposal,-1,1.0,559.0,165.0,617.0,241.0,artificial_jewellery,video_20260404_115542,frame_004890.jpg,004890,heuristic
small_object_proposal,-1,1.0,358.0,417.0,429.0,467.0,artificial_jewellery,video_20260404_115542,frame_004890.jpg,004890,heuristic
small_object_proposal,-1,1.0,552.0,868.0,608.0,916.0,artificial_jewellery,video_20260404_115542,frame_004890.jpg,004890,heuristic
small_object_proposal,-1,1.0,69.0,11.0,119.0,64.0,artificial_jewellery,video_20260404_115542,frame_004890.jpg,004890,heuristic
small_object_proposal,-1,1.0,1710.0,492.0,1767.0,537.0,artificial_jewellery,video_20260404_115542,frame_004890.jpg,004890,heuristic
small_object_proposal,-1,1.0,1142.0,813.0,1204.0,853.0,artificial_jewellery,video_20260404_115542,frame_004890.jpg,004890,heuristic
small_object_proposal,-1,1.0,890.0,339.0,922.0,413.0,artificial_jewellery,video_20260404_115542,frame_004890.jpg,004890,heuristic
small_object_proposal,-1,1.0,1337.0,62.0,1382.0,113.0,artificial_jewellery,video_20260404_115542,frame_004890.jpg,004890,heuristic
small_object_proposal,-1,1.0,1300.0,375.0,1345.0,424.0,artificial_jewellery,video_20260404_115542,frame_004890.jpg,004890,heuristic
small_object_proposal,-1,1.0,1291.0,856.0,1325.0,920.0,artificial_jewellery,video_20260404_115542,frame_004890.jpg,004890,heuristic
small_object_proposal,-1,1.0,57.0,12.0,86.0,86.0,artificial_jewellery,video_20260404_115542,frame_004890.jpg,004890,heuristic
small_object_proposal,-1,1.0,107.0,710.0,157.0,752.0,artificial_jewellery,video_20260404_115542,frame_004890.jpg,004890,heuristic
small_object_proposal,-1,1.0,15.0,123.0,68.0,155.0,artificial_jewellery,video_20260404_115542,frame_004890.jpg,004890,heuristic
small_object_proposal,-1,1.0,1121.0,997.0,1166.0,1034.0,artificial_jewellery,video_20260404_115542,frame_004890.jpg,004890,heuristic
small_object_proposal,-1,1.0,78.0,43.0,115.0,87.0,artificial_jewellery,video_20260404_115542,frame_004890.jpg,004890,heuristic
small_object_proposal,-1,1.0,1408.0,13.0,1448.0,53.0,artificial_jewellery,video_20260404_115542,frame_004890.jpg,004890,heuristic
small_object_proposal,-1,1.0,1471.0,878.0,1526.0,907.0,artificial_jewellery,video_20260404_115542,frame_004890.jpg,004890,heuristic
small_object_proposal,-1,1.0,277.0,13.0,329.0,42.0,artificial_jewellery,video_20260404_115542,frame_004890.jpg,004890,heuristic
small_object_proposal,-1,1.0,1453.0,272.0,1485.0,318.0,artificial_jewellery,video_20260404_115542,frame_004890.jpg,004890,heuristic
small_object_proposal,-1,1.0,1792.0,898.0,1817.0,954.0,artificial_jewellery,video_20260404_115542,frame_004890.jpg,004890,heuristic
small_object_proposal,-1,1.0,16.0,335.0,59.0,366.0,artificial_jewellery,video_20260404_115542,frame_004890.jpg,004890,heuristic
small_object_proposal,-1,1.0,1840.0,189.0,1897.0,212.0,artificial_jewellery,video_20260404_115542,frame_004890.jpg,004890,heuristic
small_object_proposal,-1,1.0,1162.0,855.0,1203.0,884.0,artificial_jewellery,video_20260404_115542,frame_004890.jpg,004890,heuristic
small_object_proposal,-1,1.0,1349.0,32.0,1380.0,70.0,artificial_jewellery,video_20260404_115542,frame_004890.jpg,004890,heuristic
small_object_proposal,-1,1.0,153.0,168.0,195.0,195.0,artificial_jewellery,video_20260404_115542,frame_004890.jpg,004890,heuristic
small_object_proposal,-1,1.0,1045.0,1051.0,1092.0,1075.0,artificial_jewellery,video_20260404_115542,frame_004890.jpg,004890,heuristic
small_object_proposal,-1,1.0,1582.0,912.0,1627.0,937.0,artificial_jewellery,video_20260404_115542,frame_004890.jpg,004890,heuristic
small_object_proposal,-1,1.0,438.0,414.0,463.0,458.0,artificial_jewellery,video_20260404_115542,frame_004890.jpg,004890,heuristic
small_object_proposal,-1,1.0,1109.0,400.0,1136.0,440.0,artificial_jewellery,video_20260404_115542,frame_004890.jpg,004890,heuristic
small_object_proposal,-1,1.0,1157.0,932.0,1183.0,973.0,artificial_jewellery,video_20260404_115542,frame_004890.jpg,004890,heuristic
person,0,0.7402476072311401,484.00909423828125,168.38250732421875,1919.29150390625,1064.5751953125,artificial_jewellery,video_20260404_115542,frame_004920.jpg,004920,yolo
small_object_proposal,-1,1.0,538.0,157.0,598.0,235.0,artificial_jewellery,video_20260404_115542,frame_004920.jpg,004920,heuristic
small_object_proposal,-1,1.0,1228.0,604.0,1308.0,659.0,artificial_jewellery,video_20260404_115542,frame_004920.jpg,004920,heuristic
small_object_proposal,-1,1.0,1000.0,823.0,1061.0,876.0,artificial_jewellery,video_20260404_115542,frame_004920.jpg,004920,heuristic
small_object_proposal,-1,1.0,1225.0,412.0,1268.0,487.0,artificial_jewellery,video_20260404_115542,frame_004920.jpg,004920,heuristic
small_object_proposal,-1,1.0,1175.0,968.0,1223.0,1020.0,artificial_jewellery,video_20260404_115542,frame_004920.jpg,004920,heuristic
small_object_proposal,-1,1.0,1444.0,260.0,1490.0,314.0,artificial_jewellery,video_20260404_115542,frame_004920.jpg,004920,heuristic
small_object_proposal,-1,1.0,1572.0,568.0,1595.0,675.0,artificial_jewellery,video_20260404_115542,frame_004920.jpg,004920,heuristic
small_object_proposal,-1,1.0,1719.0,758.0,1802.0,787.0,artificial_jewellery,video_20260404_115542,frame_004920.jpg,004920,heuristic
small_object_proposal,-1,1.0,1325.0,233.0,1364.0,290.0,artificial_jewellery,video_20260404_115542,frame_004920.jpg,004920,heuristic
small_object_proposal,-1,1.0,647.0,851.0,706.0,882.0,artificial_jewellery,video_20260404_115542,frame_004920.jpg,004920,heuristic
small_object_proposal,-1,1.0,1595.0,207.0,1623.0,272.0,artificial_jewellery,video_20260404_115542,frame_004920.jpg,004920,heuristic
small_object_proposal,-1,1.0,1237.0,698.0,1265.0,762.0,artificial_jewellery,video_20260404_115542,frame_004920.jpg,004920,heuristic
small_object_proposal,-1,1.0,1072.0,408.0,1106.0,459.0,artificial_jewellery,video_20260404_115542,frame_004920.jpg,004920,heuristic
small_object_proposal,-1,1.0,1123.0,1001.0,1169.0,1038.0,artificial_jewellery,video_20260404_115542,frame_004920.jpg,004920,heuristic
small_object_proposal,-1,1.0,1420.0,249.0,1458.0,289.0,artificial_jewellery,video_20260404_115542,frame_004920.jpg,004920,heuristic
small_object_proposal,-1,1.0,1161.0,851.0,1208.0,883.0,artificial_jewellery,video_20260404_115542,frame_004920.jpg,004920,heuristic
small_object_proposal,-1,1.0,590.0,874.0,626.0,915.0,artificial_jewellery,video_20260404_115542,frame_004920.jpg,004920,heuristic
small_object_proposal,-1,1.0,1322.0,980.0,1382.0,1004.0,artificial_jewellery,video_20260404_115542,frame_004920.jpg,004920,heuristic
small_object_proposal,-1,1.0,1416.0,2.0,1450.0,44.0,artificial_jewellery,video_20260404_115542,frame_004920.jpg,004920,heuristic
small_object_proposal,-1,1.0,1838.0,168.0,1896.0,191.0,artificial_jewellery,video_20260404_115542,frame_004920.jpg,004920,heuristic
small_object_proposal,-1,1.0,1352.0,5.0,1377.0,52.0,artificial_jewellery,video_20260404_115542,frame_004920.jpg,004920,heuristic
small_object_proposal,-1,1.0,80.0,209.0,94.0,282.0,artificial_jewellery,video_20260404_115542,frame_004920.jpg,004920,heuristic
small_object_proposal,-1,1.0,1199.0,432.0,1218.0,485.0,artificial_jewellery,video_20260404_115542,frame_004920.jpg,004920,heuristic
small_object_proposal,-1,1.0,884.0,945.0,911.0,982.0,artificial_jewellery,video_20260404_115542,frame_004920.jpg,004920,heuristic
small_object_proposal,-1,1.0,1148.0,940.0,1186.0,965.0,artificial_jewellery,video_20260404_115542,frame_004920.jpg,004920,heuristic
small_object_proposal,-1,1.0,930.0,86.0,953.0,123.0,artificial_jewellery,video_20260404_115542,frame_004920.jpg,004920,heuristic
small_object_proposal,-1,1.0,1643.0,176.0,1691.0,192.0,artificial_jewellery,video_20260404_115542,frame_004920.jpg,004920,heuristic
small_object_proposal,-1,1.0,24.0,55.0,51.0,80.0,artificial_jewellery,video_20260404_115542,frame_004920.jpg,004920,heuristic
small_object_proposal,-1,1.0,94.0,186.0,120.0,211.0,artificial_jewellery,video_20260404_115542,frame_004920.jpg,004920,heuristic
small_object_proposal,-1,1.0,1647.0,788.0,1685.0,805.0,artificial_jewellery,video_20260404_115542,frame_004920.jpg,004920,heuristic
person,0,0.5128047466278076,342.79083251953125,102.81161499023438,1901.8472900390625,1063.8790283203125,artificial_jewellery,video_20260404_115542,frame_004950.jpg,004950,yolo
backpack,24,0.31740379333496094,777.9523315429688,445.8760070800781,1885.2943115234375,1064.7938232421875,artificial_jewellery,video_20260404_115542,frame_004950.jpg,004950,yolo
small_object_proposal,-1,1.0,1237.0,561.0,1301.0,639.0,artificial_jewellery,video_20260404_115542,frame_004950.jpg,004950,heuristic
small_object_proposal,-1,1.0,1320.0,679.0,1349.0,781.0,artificial_jewellery,video_20260404_115542,frame_004950.jpg,004950,heuristic
small_object_proposal,-1,1.0,1338.0,467.0,1384.0,531.0,artificial_jewellery,video_20260404_115542,frame_004950.jpg,004950,heuristic
small_object_proposal,-1,1.0,967.0,842.0,1028.0,888.0,artificial_jewellery,video_20260404_115542,frame_004950.jpg,004950,heuristic
small_object_proposal,-1,1.0,18.0,777.0,80.0,822.0,artificial_jewellery,video_20260404_115542,frame_004950.jpg,004950,heuristic
small_object_proposal,-1,1.0,1222.0,295.0,1297.0,329.0,artificial_jewellery,video_20260404_115542,frame_004950.jpg,004950,heuristic
small_object_proposal,-1,1.0,212.0,216.0,251.0,272.0,artificial_jewellery,video_20260404_115542,frame_004950.jpg,004950,heuristic
small_object_proposal,-1,1.0,1402.0,244.0,1439.0,301.0,artificial_jewellery,video_20260404_115542,frame_004950.jpg,004950,heuristic
small_object_proposal,-1,1.0,1832.0,432.0,1871.0,485.0,artificial_jewellery,video_20260404_115542,frame_004950.jpg,004950,heuristic
small_object_proposal,-1,1.0,1197.0,335.0,1234.0,390.0,artificial_jewellery,video_20260404_115542,frame_004950.jpg,004950,heuristic
small_object_proposal,-1,1.0,1164.0,975.0,1192.0,1045.0,artificial_jewellery,video_20260404_115542,frame_004950.jpg,004950,heuristic
small_object_proposal,-1,1.0,1200.0,696.0,1228.0,766.0,artificial_jewellery,video_20260404_115542,frame_004950.jpg,004950,heuristic
small_object_proposal,-1,1.0,1347.0,600.0,1404.0,631.0,artificial_jewellery,video_20260404_115542,frame_004950.jpg,004950,heuristic
small_object_proposal,-1,1.0,1082.0,1020.0,1127.0,1058.0,artificial_jewellery,video_20260404_115542,frame_004950.jpg,004950,heuristic
small_object_proposal,-1,1.0,1787.0,136.0,1847.0,162.0,artificial_jewellery,video_20260404_115542,frame_004950.jpg,004950,heuristic
small_object_proposal,-1,1.0,751.0,414.0,798.0,447.0,artificial_jewellery,video_20260404_115542,frame_004950.jpg,004950,heuristic
small_object_proposal,-1,1.0,155.0,38.0,204.0,69.0,artificial_jewellery,video_20260404_115542,frame_004950.jpg,004950,heuristic
small_object_proposal,-1,1.0,642.0,926.0,683.0,963.0,artificial_jewellery,video_20260404_115542,frame_004950.jpg,004950,heuristic
small_object_proposal,-1,1.0,1111.0,936.0,1153.0,971.0,artificial_jewellery,video_20260404_115542,frame_004950.jpg,004950,heuristic
small_object_proposal,-1,1.0,739.0,376.0,781.0,411.0,artificial_jewellery,video_20260404_115542,frame_004950.jpg,004950,heuristic
small_object_proposal,-1,1.0,713.0,335.0,741.0,385.0,artificial_jewellery,video_20260404_115542,frame_004950.jpg,004950,heuristic
small_object_proposal,-1,1.0,972.0,332.0,1012.0,367.0,artificial_jewellery,video_20260404_115542,frame_004950.jpg,004950,heuristic
small_object_proposal,-1,1.0,1164.0,389.0,1190.0,440.0,artificial_jewellery,video_20260404_115542,frame_004950.jpg,004950,heuristic
small_object_proposal,-1,1.0,1341.0,415.0,1368.0,461.0,artificial_jewellery,video_20260404_115542,frame_004950.jpg,004950,heuristic
small_object_proposal,-1,1.0,961.0,371.0,991.0,411.0,artificial_jewellery,video_20260404_115542,frame_004950.jpg,004950,heuristic
small_object_proposal,-1,1.0,981.0,392.0,1030.0,415.0,artificial_jewellery,video_20260404_115542,frame_004950.jpg,004950,heuristic
small_object_proposal,-1,1.0,1126.0,891.0,1178.0,912.0,artificial_jewellery,video_20260404_115542,frame_004950.jpg,004950,heuristic
small_object_proposal,-1,1.0,876.0,374.0,900.0,419.0,artificial_jewellery,video_20260404_115542,frame_004950.jpg,004950,heuristic
small_object_proposal,-1,1.0,1768.0,864.0,1791.0,909.0,artificial_jewellery,video_20260404_115542,frame_004950.jpg,004950,heuristic
small_object_proposal,-1,1.0,684.0,955.0,696.0,1041.0,artificial_jewellery,video_20260404_115542,frame_004950.jpg,004950,heuristic
person,0,0.5536530017852783,476.17803955078125,148.5179443359375,1916.51123046875,1066.705078125,artificial_jewellery,video_20260404_115542,frame_004980.jpg,004980,yolo
small_object_proposal,-1,1.0,446.0,970.0,516.0,1041.0,artificial_jewellery,video_20260404_115542,frame_004980.jpg,004980,heuristic
small_object_proposal,-1,1.0,890.0,452.0,969.0,512.0,artificial_jewellery,video_20260404_115542,frame_004980.jpg,004980,heuristic
small_object_proposal,-1,1.0,499.0,445.0,532.0,588.0,artificial_jewellery,video_20260404_115542,frame_004980.jpg,004980,heuristic
small_object_proposal,-1,1.0,669.0,794.0,731.0,870.0,artificial_jewellery,video_20260404_115542,frame_004980.jpg,004980,heuristic
small_object_proposal,-1,1.0,1166.0,335.0,1218.0,415.0,artificial_jewellery,video_20260404_115542,frame_004980.jpg,004980,heuristic
small_object_proposal,-1,1.0,1269.0,305.0,1332.0,370.0,artificial_jewellery,video_20260404_115542,frame_004980.jpg,004980,heuristic
small_object_proposal,-1,1.0,1224.0,305.0,1267.0,394.0,artificial_jewellery,video_20260404_115542,frame_004980.jpg,004980,heuristic
small_object_proposal,-1,1.0,1572.0,802.0,1698.0,832.0,artificial_jewellery,video_20260404_115542,frame_004980.jpg,004980,heuristic
small_object_proposal,-1,1.0,1827.0,175.0,1880.0,244.0,artificial_jewellery,video_20260404_115542,frame_004980.jpg,004980,heuristic
small_object_proposal,-1,1.0,1051.0,805.0,1131.0,849.0,artificial_jewellery,video_20260404_115542,frame_004980.jpg,004980,heuristic
small_object_proposal,-1,1.0,719.0,817.0,795.0,861.0,artificial_jewellery,video_20260404_115542,frame_004980.jpg,004980,heuristic
small_object_proposal,-1,1.0,1325.0,267.0,1430.0,297.0,artificial_jewellery,video_20260404_115542,frame_004980.jpg,004980,heuristic
small_object_proposal,-1,1.0,479.0,207.0,536.0,260.0,artificial_jewellery,video_20260404_115542,frame_004980.jpg,004980,heuristic
small_object_proposal,-1,1.0,86.0,335.0,129.0,400.0,artificial_jewellery,video_20260404_115542,frame_004980.jpg,004980,heuristic
small_object_proposal,-1,1.0,1829.0,425.0,1879.0,478.0,artificial_jewellery,video_20260404_115542,frame_004980.jpg,004980,heuristic
small_object_proposal,-1,1.0,1389.0,235.0,1445.0,270.0,artificial_jewellery,video_20260404_115542,frame_004980.jpg,004980,heuristic
small_object_proposal,-1,1.0,479.0,179.0,541.0,208.0,artificial_jewellery,video_20260404_115542,frame_004980.jpg,004980,heuristic
small_object_proposal,-1,1.0,1105.0,1009.0,1152.0,1046.0,artificial_jewellery,video_20260404_115542,frame_004980.jpg,004980,heuristic
small_object_proposal,-1,1.0,957.0,443.0,995.0,488.0,artificial_jewellery,video_20260404_115542,frame_004980.jpg,004980,heuristic
small_object_proposal,-1,1.0,490.0,436.0,522.0,488.0,artificial_jewellery,video_20260404_115542,frame_004980.jpg,004980,heuristic
small_object_proposal,-1,1.0,32.0,783.0,70.0,824.0,artificial_jewellery,video_20260404_115542,frame_004980.jpg,004980,heuristic
small_object_proposal,-1,1.0,1138.0,930.0,1175.0,969.0,artificial_jewellery,video_20260404_115542,frame_004980.jpg,004980,heuristic
small_object_proposal,-1,1.0,1313.0,294.0,1361.0,324.0,artificial_jewellery,video_20260404_115542,frame_004980.jpg,004980,heuristic
small_object_proposal,-1,1.0,1790.0,134.0,1848.0,158.0,artificial_jewellery,video_20260404_115542,frame_004980.jpg,004980,heuristic
small_object_proposal,-1,1.0,1148.0,855.0,1190.0,888.0,artificial_jewellery,video_20260404_115542,frame_004980.jpg,004980,heuristic
small_object_proposal,-1,1.0,1231.0,661.0,1262.0,705.0,artificial_jewellery,video_20260404_115542,frame_004980.jpg,004980,heuristic
small_object_proposal,-1,1.0,1280.0,54.0,1324.0,84.0,artificial_jewellery,video_20260404_115542,frame_004980.jpg,004980,heuristic
small_object_proposal,-1,1.0,1122.0,242.0,1151.0,286.0,artificial_jewellery,video_20260404_115542,frame_004980.jpg,004980,heuristic
small_object_proposal,-1,1.0,293.0,377.0,324.0,415.0,artificial_jewellery,video_20260404_115542,frame_004980.jpg,004980,heuristic
small_object_proposal,-1,1.0,1189.0,302.0,1223.0,336.0,artificial_jewellery,video_20260404_115542,frame_004980.jpg,004980,heuristic
person,0,0.6110883951187134,504.2351379394531,120.49603271484375,1914.955810546875,1068.572021484375,artificial_jewellery,video_20260404_115542,frame_005010.jpg,005010,yolo
small_object_proposal,-1,1.0,1120.0,255.0,1207.0,310.0,artificial_jewellery,video_20260404_115542,frame_005010.jpg,005010,heuristic
small_object_proposal,-1,1.0,1647.0,765.0,1774.0,797.0,artificial_jewellery,video_20260404_115542,frame_005010.jpg,005010,heuristic
small_object_proposal,-1,1.0,1521.0,203.0,1575.0,278.0,artificial_jewellery,video_20260404_115542,frame_005010.jpg,005010,heuristic
small_object_proposal,-1,1.0,1249.0,577.0,1314.0,638.0,artificial_jewellery,video_20260404_115542,frame_005010.jpg,005010,heuristic
small_object_proposal,-1,1.0,1799.0,445.0,1866.0,497.0,artificial_jewellery,video_20260404_115542,frame_005010.jpg,005010,heuristic
small_object_proposal,-1,1.0,984.0,356.0,1027.0,430.0,artificial_jewellery,video_20260404_115542,frame_005010.jpg,005010,heuristic
small_object_proposal,-1,1.0,1153.0,985.0,1204.0,1045.0,artificial_jewellery,video_20260404_115542,frame_005010.jpg,005010,heuristic
small_object_proposal,-1,1.0,1358.0,586.0,1411.0,642.0,artificial_jewellery,video_20260404_115542,frame_005010.jpg,005010,heuristic
small_object_proposal,-1,1.0,11.0,798.0,73.0,836.0,artificial_jewellery,video_20260404_115542,frame_005010.jpg,005010,heuristic
small_object_proposal,-1,1.0,1224.0,317.0,1256.0,379.0,artificial_jewellery,video_20260404_115542,frame_005010.jpg,005010,heuristic
small_object_proposal,-1,1.0,1139.0,867.0,1195.0,900.0,artificial_jewellery,video_20260404_115542,frame_005010.jpg,005010,heuristic
small_object_proposal,-1,1.0,1060.0,373.0,1100.0,416.0,artificial_jewellery,video_20260404_115542,frame_005010.jpg,005010,heuristic
small_object_proposal,-1,1.0,1099.0,1021.0,1145.0,1058.0,artificial_jewellery,video_20260404_115542,frame_005010.jpg,005010,heuristic
small_object_proposal,-1,1.0,1434.0,528.0,1475.0,567.0,artificial_jewellery,video_20260404_115542,frame_005010.jpg,005010,heuristic
small_object_proposal,-1,1.0,1241.0,274.0,1271.0,327.0,artificial_jewellery,video_20260404_115542,frame_005010.jpg,005010,heuristic
small_object_proposal,-1,1.0,639.0,939.0,685.0,973.0,artificial_jewellery,video_20260404_115542,frame_005010.jpg,005010,heuristic
small_object_proposal,-1,1.0,1125.0,944.0,1166.0,982.0,artificial_jewellery,video_20260404_115542,frame_005010.jpg,005010,heuristic
small_object_proposal,-1,1.0,1333.0,963.0,1366.0,1008.0,artificial_jewellery,video_20260404_115542,frame_005010.jpg,005010,heuristic
small_object_proposal,-1,1.0,84.0,237.0,138.0,264.0,artificial_jewellery,video_20260404_115542,frame_005010.jpg,005010,heuristic
small_object_proposal,-1,1.0,27.0,701.0,66.0,738.0,artificial_jewellery,video_20260404_115542,frame_005010.jpg,005010,heuristic
small_object_proposal,-1,1.0,1048.0,485.0,1082.0,526.0,artificial_jewellery,video_20260404_115542,frame_005010.jpg,005010,heuristic
small_object_proposal,-1,1.0,140.0,981.0,167.0,1030.0,artificial_jewellery,video_20260404_115542,frame_005010.jpg,005010,heuristic
small_object_proposal,-1,1.0,1783.0,155.0,1840.0,178.0,artificial_jewellery,video_20260404_115542,frame_005010.jpg,005010,heuristic
small_object_proposal,-1,1.0,1300.0,990.0,1352.0,1014.0,artificial_jewellery,video_20260404_115542,frame_005010.jpg,005010,heuristic
small_object_proposal,-1,1.0,1293.0,11.0,1321.0,50.0,artificial_jewellery,video_20260404_115542,frame_005010.jpg,005010,heuristic
small_object_proposal,-1,1.0,1191.0,399.0,1218.0,431.0,artificial_jewellery,video_20260404_115542,frame_005010.jpg,005010,heuristic
small_object_proposal,-1,1.0,716.0,963.0,765.0,980.0,artificial_jewellery,video_20260404_115542,frame_005010.jpg,005010,heuristic
small_object_proposal,-1,1.0,619.0,947.0,645.0,978.0,artificial_jewellery,video_20260404_115542,frame_005010.jpg,005010,heuristic
small_object_proposal,-1,1.0,1855.0,745.0,1878.0,780.0,artificial_jewellery,video_20260404_115542,frame_005010.jpg,005010,heuristic
small_object_proposal,-1,1.0,4.0,231.0,33.0,257.0,artificial_jewellery,video_20260404_115542,frame_005010.jpg,005010,heuristic
person,0,0.6037009954452515,111.41912841796875,118.58734130859375,1917.932373046875,1072.548828125,artificial_jewellery,video_20260404_115542,frame_005040.jpg,005040,yolo
small_object_proposal,-1,1.0,487.0,437.0,519.0,583.0,artificial_jewellery,video_20260404_115542,frame_005040.jpg,005040,heuristic
small_object_proposal,-1,1.0,1541.0,986.0,1620.0,1043.0,artificial_jewellery,video_20260404_115542,frame_005040.jpg,005040,heuristic
small_object_proposal,-1,1.0,478.0,427.0,514.0,538.0,artificial_jewellery,video_20260404_115542,frame_005040.jpg,005040,heuristic
small_object_proposal,-1,1.0,1217.0,975.0,1272.0,1041.0,artificial_jewellery,video_20260404_115542,frame_005040.jpg,005040,heuristic
small_object_proposal,-1,1.0,20.0,18.0,63.0,102.0,artificial_jewellery,video_20260404_115542,frame_005040.jpg,005040,heuristic
small_object_proposal,-1,1.0,1506.0,345.0,1586.0,387.0,artificial_jewellery,video_20260404_115542,frame_005040.jpg,005040,heuristic
small_object_proposal,-1,1.0,1147.0,987.0,1201.0,1047.0,artificial_jewellery,video_20260404_115542,frame_005040.jpg,005040,heuristic
small_object_proposal,-1,1.0,476.0,195.0,533.0,248.0,artificial_jewellery,video_20260404_115542,frame_005040.jpg,005040,heuristic
small_object_proposal,-1,1.0,1686.0,784.0,1794.0,811.0,artificial_jewellery,video_20260404_115542,frame_005040.jpg,005040,heuristic
small_object_proposal,-1,1.0,1264.0,577.0,1316.0,632.0,artificial_jewellery,video_20260404_115542,frame_005040.jpg,005040,heuristic
small_object_proposal,-1,1.0,1748.0,157.0,1851.0,184.0,artificial_jewellery,video_20260404_115542,frame_005040.jpg,005040,heuristic
small_object_proposal,-1,1.0,1080.0,1017.0,1143.0,1058.0,artificial_jewellery,video_20260404_115542,frame_005040.jpg,005040,heuristic
small_object_proposal,-1,1.0,1421.0,561.0,1472.0,608.0,artificial_jewellery,video_20260404_115542,frame_005040.jpg,005040,heuristic
small_object_proposal,-1,1.0,1169.0,275.0,1206.0,336.0,artificial_jewellery,video_20260404_115542,frame_005040.jpg,005040,heuristic
small_object_proposal,-1,1.0,1137.0,868.0,1194.0,902.0,artificial_jewellery,video_20260404_115542,frame_005040.jpg,005040,heuristic
small_object_proposal,-1,1.0,477.0,167.0,540.0,195.0,artificial_jewellery,video_20260404_115542,frame_005040.jpg,005040,heuristic
small_object_proposal,-1,1.0,1299.0,6.0,1335.0,51.0,artificial_jewellery,video_20260404_115542,frame_005040.jpg,005040,heuristic
small_object_proposal,-1,1.0,1122.0,942.0,1161.0,982.0,artificial_jewellery,video_20260404_115542,frame_005040.jpg,005040,heuristic
small_object_proposal,-1,1.0,696.0,948.0,758.0,972.0,artificial_jewellery,video_20260404_115542,frame_005040.jpg,005040,heuristic
small_object_proposal,-1,1.0,637.0,904.0,671.0,944.0,artificial_jewellery,video_20260404_115542,frame_005040.jpg,005040,heuristic
small_object_proposal,-1,1.0,1295.0,993.0,1349.0,1018.0,artificial_jewellery,video_20260404_115542,frame_005040.jpg,005040,heuristic
small_object_proposal,-1,1.0,1564.0,205.0,1586.0,263.0,artificial_jewellery,video_20260404_115542,frame_005040.jpg,005040,heuristic
small_object_proposal,-1,1.0,1361.0,617.0,1400.0,645.0,artificial_jewellery,video_20260404_115542,frame_005040.jpg,005040,heuristic
small_object_proposal,-1,1.0,871.0,87.0,909.0,115.0,artificial_jewellery,video_20260404_115542,frame_005040.jpg,005040,heuristic
small_object_proposal,-1,1.0,356.0,421.0,387.0,454.0,artificial_jewellery,video_20260404_115542,frame_005040.jpg,005040,heuristic
small_object_proposal,-1,1.0,1250.0,418.0,1276.0,456.0,artificial_jewellery,video_20260404_115542,frame_005040.jpg,005040,heuristic
small_object_proposal,-1,1.0,1138.0,905.0,1184.0,923.0,artificial_jewellery,video_20260404_115542,frame_005040.jpg,005040,heuristic
small_object_proposal,-1,1.0,35.0,791.0,61.0,822.0,artificial_jewellery,video_20260404_115542,frame_005040.jpg,005040,heuristic
small_object_proposal,-1,1.0,1549.0,1052.0,1581.0,1077.0,artificial_jewellery,video_20260404_115542,frame_005040.jpg,005040,heuristic
small_object_proposal,-1,1.0,1582.0,674.0,1609.0,703.0,artificial_jewellery,video_20260404_115542,frame_005040.jpg,005040,heuristic
person,0,0.6203129291534424,490.40771484375,182.29733276367188,1915.5623779296875,1069.4759521484375,artificial_jewellery,video_20260404_115542,frame_005070.jpg,005070,yolo
small_object_proposal,-1,1.0,502.0,182.0,562.0,262.0,artificial_jewellery,video_20260404_115542,frame_005070.jpg,005070,heuristic
small_object_proposal,-1,1.0,1615.0,731.0,1733.0,760.0,artificial_jewellery,video_20260404_115542,frame_005070.jpg,005070,heuristic
small_object_proposal,-1,1.0,1103.0,751.0,1168.0,803.0,artificial_jewellery,video_20260404_115542,frame_005070.jpg,005070,heuristic
small_object_proposal,-1,1.0,1527.0,232.0,1585.0,287.0,artificial_jewellery,video_20260404_115542,frame_005070.jpg,005070,heuristic
small_object_proposal,-1,1.0,181.0,237.0,244.0,286.0,artificial_jewellery,video_20260404_115542,frame_005070.jpg,005070,heuristic
small_object_proposal,-1,1.0,22.0,769.0,87.0,814.0,artificial_jewellery,video_20260404_115542,frame_005070.jpg,005070,heuristic
small_object_proposal,-1,1.0,685.0,945.0,762.0,981.0,artificial_jewellery,video_20260404_115542,frame_005070.jpg,005070,heuristic
small_object_proposal,-1,1.0,1068.0,394.0,1133.0,432.0,artificial_jewellery,video_20260404_115542,frame_005070.jpg,005070,heuristic
small_object_proposal,-1,1.0,1079.0,1018.0,1140.0,1057.0,artificial_jewellery,video_20260404_115542,frame_005070.jpg,005070,heuristic
small_object_proposal,-1,1.0,1266.0,595.0,1309.0,642.0,artificial_jewellery,video_20260404_115542,frame_005070.jpg,005070,heuristic
small_object_proposal,-1,1.0,642.0,937.0,690.0,974.0,artificial_jewellery,video_20260404_115542,frame_005070.jpg,005070,heuristic
small_object_proposal,-1,1.0,1120.0,843.0,1177.0,872.0,artificial_jewellery,video_20260404_115542,frame_005070.jpg,005070,heuristic
small_object_proposal,-1,1.0,1137.0,878.0,1188.0,910.0,artificial_jewellery,video_20260404_115542,frame_005070.jpg,005070,heuristic
small_object_proposal,-1,1.0,1236.0,424.0,1265.0,479.0,artificial_jewellery,video_20260404_115542,frame_005070.jpg,005070,heuristic
small_object_proposal,-1,1.0,1221.0,688.0,1256.0,733.0,artificial_jewellery,video_20260404_115542,frame_005070.jpg,005070,heuristic
small_object_proposal,-1,1.0,144.0,964.0,171.0,1022.0,artificial_jewellery,video_20260404_115542,frame_005070.jpg,005070,heuristic
small_object_proposal,-1,1.0,1788.0,189.0,1843.0,213.0,artificial_jewellery,video_20260404_115542,frame_005070.jpg,005070,heuristic
small_object_proposal,-1,1.0,1300.0,1002.0,1347.0,1027.0,artificial_jewellery,video_20260404_115542,frame_005070.jpg,005070,heuristic
small_object_proposal,-1,1.0,1815.0,648.0,1844.0,685.0,artificial_jewellery,video_20260404_115542,frame_005070.jpg,005070,heuristic
small_object_proposal,-1,1.0,1129.0,443.0,1158.0,480.0,artificial_jewellery,video_20260404_115542,frame_005070.jpg,005070,heuristic
small_object_proposal,-1,1.0,18.0,217.0,32.0,292.0,artificial_jewellery,video_20260404_115542,frame_005070.jpg,005070,heuristic
small_object_proposal,-1,1.0,1369.0,22.0,1401.0,54.0,artificial_jewellery,video_20260404_115542,frame_005070.jpg,005070,heuristic
small_object_proposal,-1,1.0,646.0,918.0,677.0,951.0,artificial_jewellery,video_20260404_115542,frame_005070.jpg,005070,heuristic
small_object_proposal,-1,1.0,1138.0,947.0,1161.0,991.0,artificial_jewellery,video_20260404_115542,frame_005070.jpg,005070,heuristic
small_object_proposal,-1,1.0,1138.0,912.0,1185.0,931.0,artificial_jewellery,video_20260404_115542,frame_005070.jpg,005070,heuristic
small_object_proposal,-1,1.0,1254.0,511.0,1278.0,548.0,artificial_jewellery,video_20260404_115542,frame_005070.jpg,005070,heuristic
small_object_proposal,-1,1.0,1749.0,719.0,1782.0,745.0,artificial_jewellery,video_20260404_115542,frame_005070.jpg,005070,heuristic
small_object_proposal,-1,1.0,844.0,188.0,910.0,201.0,artificial_jewellery,video_20260404_115542,frame_005070.jpg,005070,heuristic
small_object_proposal,-1,1.0,1488.0,412.0,1538.0,429.0,artificial_jewellery,video_20260404_115542,frame_005070.jpg,005070,heuristic
small_object_proposal,-1,1.0,619.0,941.0,643.0,973.0,artificial_jewellery,video_20260404_115542,frame_005070.jpg,005070,heuristic
person,0,0.6339001059532166,517.3405151367188,152.68148803710938,1797.77099609375,1066.35498046875,artificial_jewellery,video_20260404_115542,frame_005100.jpg,005100,yolo
small_object_proposal,-1,1.0,1434.0,312.0,1518.0,371.0,artificial_jewellery,video_20260404_115542,frame_005100.jpg,005100,heuristic
small_object_proposal,-1,1.0,538.0,193.0,597.0,270.0,artificial_jewellery,video_20260404_115542,frame_005100.jpg,005100,heuristic
small_object_proposal,-1,1.0,1311.0,73.0,1369.0,150.0,artificial_jewellery,video_20260404_115542,frame_005100.jpg,005100,heuristic
small_object_proposal,-1,1.0,850.0,442.0,961.0,480.0,artificial_jewellery,video_20260404_115542,frame_005100.jpg,005100,heuristic
small_object_proposal,-1,1.0,1285.0,417.0,1341.0,485.0,artificial_jewellery,video_20260404_115542,frame_005100.jpg,005100,heuristic
small_object_proposal,-1,1.0,1662.0,994.0,1725.0,1053.0,artificial_jewellery,video_20260404_115542,frame_005100.jpg,005100,heuristic
small_object_proposal,-1,1.0,36.0,750.0,116.0,796.0,artificial_jewellery,video_20260404_115542,frame_005100.jpg,005100,heuristic
small_object_proposal,-1,1.0,1175.0,455.0,1214.0,533.0,artificial_jewellery,video_20260404_115542,frame_005100.jpg,005100,heuristic
small_object_proposal,-1,1.0,1466.0,548.0,1571.0,576.0,artificial_jewellery,video_20260404_115542,frame_005100.jpg,005100,heuristic
small_object_proposal,-1,1.0,1195.0,612.0,1219.0,731.0,artificial_jewellery,video_20260404_115542,frame_005100.jpg,005100,heuristic
small_object_proposal,-1,1.0,931.0,341.0,999.0,382.0,artificial_jewellery,video_20260404_115542,frame_005100.jpg,005100,heuristic
small_object_proposal,-1,1.0,1382.0,522.0,1436.0,570.0,artificial_jewellery,video_20260404_115542,frame_005100.jpg,005100,heuristic
small_object_proposal,-1,1.0,63.0,208.0,84.0,323.0,artificial_jewellery,video_20260404_115542,frame_005100.jpg,005100,heuristic
small_object_proposal,-1,1.0,1355.0,26.0,1411.0,69.0,artificial_jewellery,video_20260404_115542,frame_005100.jpg,005100,heuristic
small_object_proposal,-1,1.0,1136.0,775.0,1183.0,826.0,artificial_jewellery,video_20260404_115542,frame_005100.jpg,005100,heuristic
small_object_proposal,-1,1.0,1361.0,590.0,1421.0,625.0,artificial_jewellery,video_20260404_115542,frame_005100.jpg,005100,heuristic
small_object_proposal,-1,1.0,1128.0,858.0,1188.0,890.0,artificial_jewellery,video_20260404_115542,frame_005100.jpg,005100,heuristic
small_object_proposal,-1,1.0,933.0,394.0,987.0,428.0,artificial_jewellery,video_20260404_115542,frame_005100.jpg,005100,heuristic
small_object_proposal,-1,1.0,1450.0,496.0,1498.0,531.0,artificial_jewellery,video_20260404_115542,frame_005100.jpg,005100,heuristic
small_object_proposal,-1,1.0,1371.0,949.0,1435.0,972.0,artificial_jewellery,video_20260404_115542,frame_005100.jpg,005100,heuristic
small_object_proposal,-1,1.0,1141.0,891.0,1186.0,922.0,artificial_jewellery,video_20260404_115542,frame_005100.jpg,005100,heuristic
small_object_proposal,-1,1.0,864.0,985.0,887.0,1045.0,artificial_jewellery,video_20260404_115542,frame_005100.jpg,005100,heuristic
small_object_proposal,-1,1.0,1792.0,233.0,1851.0,256.0,artificial_jewellery,video_20260404_115542,frame_005100.jpg,005100,heuristic
small_object_proposal,-1,1.0,578.0,456.0,619.0,489.0,artificial_jewellery,video_20260404_115542,frame_005100.jpg,005100,heuristic
small_object_proposal,-1,1.0,1191.0,537.0,1216.0,591.0,artificial_jewellery,video_20260404_115542,frame_005100.jpg,005100,heuristic
small_object_proposal,-1,1.0,1364.0,475.0,1392.0,519.0,artificial_jewellery,video_20260404_115542,frame_005100.jpg,005100,heuristic
small_object_proposal,-1,1.0,238.0,238.0,288.0,262.0,artificial_jewellery,video_20260404_115542,frame_005100.jpg,005100,heuristic
small_object_proposal,-1,1.0,1319.0,142.0,1375.0,163.0,artificial_jewellery,video_20260404_115542,frame_005100.jpg,005100,heuristic
small_object_proposal,-1,1.0,1499.0,880.0,1536.0,911.0,artificial_jewellery,video_20260404_115542,frame_005100.jpg,005100,heuristic
small_object_proposal,-1,1.0,1384.0,56.0,1416.0,91.0,artificial_jewellery,video_20260404_115542,frame_005100.jpg,005100,heuristic
person,0,0.6620115637779236,477.02410888671875,84.87350463867188,1714.937255859375,1073.0269775390625,artificial_jewellery,video_20260404_115542,frame_005130.jpg,005130,yolo
small_object_proposal,-1,1.0,344.0,404.0,428.0,463.0,artificial_jewellery,video_20260404_115542,frame_005130.jpg,005130,heuristic
small_object_proposal,-1,1.0,1526.0,860.0,1590.0,937.0,artificial_jewellery,video_20260404_115542,frame_005130.jpg,005130,heuristic
small_object_proposal,-1,1.0,305.0,273.0,343.0,378.0,artificial_jewellery,video_20260404_115542,frame_005130.jpg,005130,heuristic
small_object_proposal,-1,1.0,1513.0,247.0,1594.0,292.0,artificial_jewellery,video_20260404_115542,frame_005130.jpg,005130,heuristic
small_object_proposal,-1,1.0,294.0,226.0,337.0,307.0,artificial_jewellery,video_20260404_115542,frame_005130.jpg,005130,heuristic
small_object_proposal,-1,1.0,1492.0,776.0,1529.0,862.0,artificial_jewellery,video_20260404_115542,frame_005130.jpg,005130,heuristic
small_object_proposal,-1,1.0,916.0,278.0,986.0,321.0,artificial_jewellery,video_20260404_115542,frame_005130.jpg,005130,heuristic
small_object_proposal,-1,1.0,1401.0,961.0,1508.0,989.0,artificial_jewellery,video_20260404_115542,frame_005130.jpg,005130,heuristic
small_object_proposal,-1,1.0,1459.0,574.0,1484.0,690.0,artificial_jewellery,video_20260404_115542,frame_005130.jpg,005130,heuristic
small_object_proposal,-1,1.0,1336.0,197.0,1401.0,241.0,artificial_jewellery,video_20260404_115542,frame_005130.jpg,005130,heuristic
small_object_proposal,-1,1.0,184.0,891.0,264.0,925.0,artificial_jewellery,video_20260404_115542,frame_005130.jpg,005130,heuristic
small_object_proposal,-1,1.0,9.0,239.0,48.0,308.0,artificial_jewellery,video_20260404_115542,frame_005130.jpg,005130,heuristic
small_object_proposal,-1,1.0,565.0,192.0,616.0,244.0,artificial_jewellery,video_20260404_115542,frame_005130.jpg,005130,heuristic
small_object_proposal,-1,1.0,1384.0,940.0,1478.0,968.0,artificial_jewellery,video_20260404_115542,frame_005130.jpg,005130,heuristic
small_object_proposal,-1,1.0,712.0,697.0,758.0,748.0,artificial_jewellery,video_20260404_115542,frame_005130.jpg,005130,heuristic
small_object_proposal,-1,1.0,125.0,89.0,192.0,123.0,artificial_jewellery,video_20260404_115542,frame_005130.jpg,005130,heuristic
small_object_proposal,-1,1.0,1530.0,809.0,1562.0,879.0,artificial_jewellery,video_20260404_115542,frame_005130.jpg,005130,heuristic
small_object_proposal,-1,1.0,51.0,57.0,115.0,90.0,artificial_jewellery,video_20260404_115542,frame_005130.jpg,005130,heuristic
small_object_proposal,-1,1.0,210.0,224.0,233.0,314.0,artificial_jewellery,video_20260404_115542,frame_005130.jpg,005130,heuristic
small_object_proposal,-1,1.0,720.0,792.0,779.0,826.0,artificial_jewellery,video_20260404_115542,frame_005130.jpg,005130,heuristic
small_object_proposal,-1,1.0,1785.0,17.0,1826.0,63.0,artificial_jewellery,video_20260404_115542,frame_005130.jpg,005130,heuristic
small_object_proposal,-1,1.0,122.0,282.0,161.0,328.0,artificial_jewellery,video_20260404_115542,frame_005130.jpg,005130,heuristic
small_object_proposal,-1,1.0,1686.0,1027.0,1733.0,1063.0,artificial_jewellery,video_20260404_115542,frame_005130.jpg,005130,heuristic
small_object_proposal,-1,1.0,1373.0,924.0,1470.0,941.0,artificial_jewellery,video_20260404_115542,frame_005130.jpg,005130,heuristic
small_object_proposal,-1,1.0,1277.0,74.0,1319.0,112.0,artificial_jewellery,video_20260404_115542,frame_005130.jpg,005130,heuristic
small_object_proposal,-1,1.0,1827.0,253.0,1884.0,279.0,artificial_jewellery,video_20260404_115542,frame_005130.jpg,005130,heuristic
small_object_proposal,-1,1.0,1039.0,155.0,1066.0,209.0,artificial_jewellery,video_20260404_115542,frame_005130.jpg,005130,heuristic
small_object_proposal,-1,1.0,565.0,168.0,624.0,191.0,artificial_jewellery,video_20260404_115542,frame_005130.jpg,005130,heuristic
small_object_proposal,-1,1.0,432.0,353.0,461.0,398.0,artificial_jewellery,video_20260404_115542,frame_005130.jpg,005130,heuristic
small_object_proposal,-1,1.0,1763.0,958.0,1789.0,1008.0,artificial_jewellery,video_20260404_115542,frame_005130.jpg,005130,heuristic
person,0,0.5181483030319214,413.61639404296875,115.21444702148438,1756.3492431640625,1067.3155517578125,artificial_jewellery,video_20260404_115542,frame_005160.jpg,005160,yolo
small_object_proposal,-1,1.0,569.0,146.0,628.0,223.0,artificial_jewellery,video_20260404_115542,frame_005160.jpg,005160,heuristic
small_object_proposal,-1,1.0,1455.0,437.0,1542.0,489.0,artificial_jewellery,video_20260404_115542,frame_005160.jpg,005160,heuristic
small_object_proposal,-1,1.0,67.0,347.0,126.0,417.0,artificial_jewellery,video_20260404_115542,frame_005160.jpg,005160,heuristic
small_object_proposal,-1,1.0,1842.0,402.0,1905.0,465.0,artificial_jewellery,video_20260404_115542,frame_005160.jpg,005160,heuristic
small_object_proposal,-1,1.0,376.0,300.0,436.0,361.0,artificial_jewellery,video_20260404_115542,frame_005160.jpg,005160,heuristic
small_object_proposal,-1,1.0,300.0,262.0,340.0,350.0,artificial_jewellery,video_20260404_115542,frame_005160.jpg,005160,heuristic
small_object_proposal,-1,1.0,1428.0,703.0,1468.0,787.0,artificial_jewellery,video_20260404_115542,frame_005160.jpg,005160,heuristic
small_object_proposal,-1,1.0,1180.0,695.0,1235.0,751.0,artificial_jewellery,video_20260404_115542,frame_005160.jpg,005160,heuristic
small_object_proposal,-1,1.0,1716.0,820.0,1776.0,863.0,artificial_jewellery,video_20260404_115542,frame_005160.jpg,005160,heuristic
small_object_proposal,-1,1.0,1353.0,406.0,1428.0,440.0,artificial_jewellery,video_20260404_115542,frame_005160.jpg,005160,heuristic
small_object_proposal,-1,1.0,1215.0,717.0,1262.0,771.0,artificial_jewellery,video_20260404_115542,frame_005160.jpg,005160,heuristic
small_object_proposal,-1,1.0,1249.0,663.0,1304.0,702.0,artificial_jewellery,video_20260404_115542,frame_005160.jpg,005160,heuristic
small_object_proposal,-1,1.0,712.0,802.0,780.0,833.0,artificial_jewellery,video_20260404_115542,frame_005160.jpg,005160,heuristic
small_object_proposal,-1,1.0,1702.0,553.0,1753.0,594.0,artificial_jewellery,video_20260404_115542,frame_005160.jpg,005160,heuristic
small_object_proposal,-1,1.0,719.0,768.0,785.0,799.0,artificial_jewellery,video_20260404_115542,frame_005160.jpg,005160,heuristic
small_object_proposal,-1,1.0,361.0,387.0,419.0,422.0,artificial_jewellery,video_20260404_115542,frame_005160.jpg,005160,heuristic
small_object_proposal,-1,1.0,1277.0,624.0,1319.0,672.0,artificial_jewellery,video_20260404_115542,frame_005160.jpg,005160,heuristic
small_object_proposal,-1,1.0,264.0,317.0,295.0,381.0,artificial_jewellery,video_20260404_115542,frame_005160.jpg,005160,heuristic
small_object_proposal,-1,1.0,900.0,353.0,957.0,384.0,artificial_jewellery,video_20260404_115542,frame_005160.jpg,005160,heuristic
small_object_proposal,-1,1.0,50.0,688.0,103.0,721.0,artificial_jewellery,video_20260404_115542,frame_005160.jpg,005160,heuristic
small_object_proposal,-1,1.0,424.0,329.0,458.0,378.0,artificial_jewellery,video_20260404_115542,frame_005160.jpg,005160,heuristic
small_object_proposal,-1,1.0,1275.0,76.0,1325.0,109.0,artificial_jewellery,video_20260404_115542,frame_005160.jpg,005160,heuristic
small_object_proposal,-1,1.0,177.0,254.0,208.0,307.0,artificial_jewellery,video_20260404_115542,frame_005160.jpg,005160,heuristic
small_object_proposal,-1,1.0,307.0,425.0,372.0,448.0,artificial_jewellery,video_20260404_115542,frame_005160.jpg,005160,heuristic
small_object_proposal,-1,1.0,138.0,885.0,168.0,933.0,artificial_jewellery,video_20260404_115542,frame_005160.jpg,005160,heuristic
small_object_proposal,-1,1.0,1400.0,496.0,1448.0,526.0,artificial_jewellery,video_20260404_115542,frame_005160.jpg,005160,heuristic
small_object_proposal,-1,1.0,1826.0,262.0,1882.0,287.0,artificial_jewellery,video_20260404_115542,frame_005160.jpg,005160,heuristic
small_object_proposal,-1,1.0,1461.0,316.0,1490.0,363.0,artificial_jewellery,video_20260404_115542,frame_005160.jpg,005160,heuristic
small_object_proposal,-1,1.0,1882.0,762.0,1907.0,816.0,artificial_jewellery,video_20260404_115542,frame_005160.jpg,005160,heuristic
small_object_proposal,-1,1.0,1139.0,885.0,1184.0,914.0,artificial_jewellery,video_20260404_115542,frame_005160.jpg,005160,heuristic
person,0,0.6496747136116028,485.79071044921875,157.85824584960938,1891.7113037109375,1066.3568115234375,artificial_jewellery,video_20260404_115542,frame_005190.jpg,005190,yolo
small_object_proposal,-1,1.0,544.0,142.0,606.0,221.0,artificial_jewellery,video_20260404_115542,frame_005190.jpg,005190,heuristic
small_object_proposal,-1,1.0,1468.0,243.0,1579.0,286.0,artificial_jewellery,video_20260404_115542,frame_005190.jpg,005190,heuristic
small_object_proposal,-1,1.0,699.0,819.0,804.0,860.0,artificial_jewellery,video_20260404_115542,frame_005190.jpg,005190,heuristic
small_object_proposal,-1,1.0,1410.0,300.0,1481.0,358.0,artificial_jewellery,video_20260404_115542,frame_005190.jpg,005190,heuristic
small_object_proposal,-1,1.0,1774.0,18.0,1831.0,90.0,artificial_jewellery,video_20260404_115542,frame_005190.jpg,005190,heuristic
small_object_proposal,-1,1.0,661.0,825.0,737.0,872.0,artificial_jewellery,video_20260404_115542,frame_005190.jpg,005190,heuristic
small_object_proposal,-1,1.0,933.0,101.0,989.0,159.0,artificial_jewellery,video_20260404_115542,frame_005190.jpg,005190,heuristic
small_object_proposal,-1,1.0,518.0,392.0,556.0,474.0,artificial_jewellery,video_20260404_115542,frame_005190.jpg,005190,heuristic
small_object_proposal,-1,1.0,1477.0,809.0,1508.0,901.0,artificial_jewellery,video_20260404_115542,frame_005190.jpg,005190,heuristic
small_object_proposal,-1,1.0,713.0,789.0,780.0,830.0,artificial_jewellery,video_20260404_115542,frame_005190.jpg,005190,heuristic
small_object_proposal,-1,1.0,1114.0,333.0,1153.0,397.0,artificial_jewellery,video_20260404_115542,frame_005190.jpg,005190,heuristic
small_object_proposal,-1,1.0,1463.0,561.0,1584.0,581.0,artificial_jewellery,video_20260404_115542,frame_005190.jpg,005190,heuristic
small_object_proposal,-1,1.0,27.0,696.0,80.0,735.0,artificial_jewellery,video_20260404_115542,frame_005190.jpg,005190,heuristic
small_object_proposal,-1,1.0,1445.0,421.0,1470.0,503.0,artificial_jewellery,video_20260404_115542,frame_005190.jpg,005190,heuristic
small_object_proposal,-1,1.0,1257.0,473.0,1355.0,492.0,artificial_jewellery,video_20260404_115542,frame_005190.jpg,005190,heuristic
small_object_proposal,-1,1.0,1089.0,1033.0,1133.0,1071.0,artificial_jewellery,video_20260404_115542,frame_005190.jpg,005190,heuristic
small_object_proposal,-1,1.0,116.0,894.0,146.0,945.0,artificial_jewellery,video_20260404_115542,frame_005190.jpg,005190,heuristic
small_object_proposal,-1,1.0,1803.0,254.0,1859.0,279.0,artificial_jewellery,video_20260404_115542,frame_005190.jpg,005190,heuristic
small_object_proposal,-1,1.0,1126.0,882.0,1171.0,912.0,artificial_jewellery,video_20260404_115542,frame_005190.jpg,005190,heuristic
small_object_proposal,-1,1.0,1090.0,200.0,1122.0,239.0,artificial_jewellery,video_20260404_115542,frame_005190.jpg,005190,heuristic
small_object_proposal,-1,1.0,1681.0,553.0,1717.0,587.0,artificial_jewellery,video_20260404_115542,frame_005190.jpg,005190,heuristic
small_object_proposal,-1,1.0,1453.0,509.0,1497.0,536.0,artificial_jewellery,video_20260404_115542,frame_005190.jpg,005190,heuristic
small_object_proposal,-1,1.0,821.0,227.0,870.0,251.0,artificial_jewellery,video_20260404_115542,frame_005190.jpg,005190,heuristic
small_object_proposal,-1,1.0,958.0,323.0,992.0,356.0,artificial_jewellery,video_20260404_115542,frame_005190.jpg,005190,heuristic
small_object_proposal,-1,1.0,1116.0,241.0,1150.0,273.0,artificial_jewellery,video_20260404_115542,frame_005190.jpg,005190,heuristic
small_object_proposal,-1,1.0,326.0,965.0,367.0,990.0,artificial_jewellery,video_20260404_115542,frame_005190.jpg,005190,heuristic
small_object_proposal,-1,1.0,1406.0,334.0,1435.0,369.0,artificial_jewellery,video_20260404_115542,frame_005190.jpg,005190,heuristic
small_object_proposal,-1,1.0,271.0,71.0,306.0,100.0,artificial_jewellery,video_20260404_115542,frame_005190.jpg,005190,heuristic
small_object_proposal,-1,1.0,1133.0,185.0,1159.0,223.0,artificial_jewellery,video_20260404_115542,frame_005190.jpg,005190,heuristic
small_object_proposal,-1,1.0,58.0,152.0,71.0,228.0,artificial_jewellery,video_20260404_115542,frame_005190.jpg,005190,heuristic
person,0,0.734180212020874,441.3870849609375,47.8883056640625,1911.3465576171875,1061.3968505859375,artificial_jewellery,video_20260404_115542,frame_005220.jpg,005220,yolo
small_object_proposal,-1,1.0,1113.0,647.0,1248.0,674.0,artificial_jewellery,video_20260404_115542,frame_005220.jpg,005220,heuristic
small_object_proposal,-1,1.0,1483.0,275.0,1555.0,324.0,artificial_jewellery,video_20260404_115542,frame_005220.jpg,005220,heuristic
small_object_proposal,-1,1.0,510.0,394.0,531.0,538.0,artificial_jewellery,video_20260404_115542,frame_005220.jpg,005220,heuristic
small_object_proposal,-1,1.0,511.0,152.0,566.0,206.0,artificial_jewellery,video_20260404_115542,frame_005220.jpg,005220,heuristic
small_object_proposal,-1,1.0,603.0,825.0,660.0,877.0,artificial_jewellery,video_20260404_115542,frame_005220.jpg,005220,heuristic
small_object_proposal,-1,1.0,253.0,85.0,299.0,147.0,artificial_jewellery,video_20260404_115542,frame_005220.jpg,005220,heuristic
small_object_proposal,-1,1.0,1065.0,1022.0,1129.0,1065.0,artificial_jewellery,video_20260404_115542,frame_005220.jpg,005220,heuristic
small_object_proposal,-1,1.0,664.0,846.0,742.0,880.0,artificial_jewellery,video_20260404_115542,frame_005220.jpg,005220,heuristic
small_object_proposal,-1,1.0,1318.0,78.0,1381.0,116.0,artificial_jewellery,video_20260404_115542,frame_005220.jpg,005220,heuristic
small_object_proposal,-1,1.0,1216.0,674.0,1262.0,722.0,artificial_jewellery,video_20260404_115542,frame_005220.jpg,005220,heuristic
small_object_proposal,-1,1.0,1681.0,522.0,1725.0,567.0,artificial_jewellery,video_20260404_115542,frame_005220.jpg,005220,heuristic
small_object_proposal,-1,1.0,299.0,303.0,342.0,347.0,artificial_jewellery,video_20260404_115542,frame_005220.jpg,005220,heuristic
small_object_proposal,-1,1.0,1548.0,797.0,1632.0,818.0,artificial_jewellery,video_20260404_115542,frame_005220.jpg,005220,heuristic
small_object_proposal,-1,1.0,1128.0,740.0,1173.0,779.0,artificial_jewellery,video_20260404_115542,frame_005220.jpg,005220,heuristic
small_object_proposal,-1,1.0,1356.0,211.0,1384.0,272.0,artificial_jewellery,video_20260404_115542,frame_005220.jpg,005220,heuristic
small_object_proposal,-1,1.0,1403.0,248.0,1475.0,271.0,artificial_jewellery,video_20260404_115542,frame_005220.jpg,005220,heuristic
small_object_proposal,-1,1.0,1711.0,711.0,1734.0,781.0,artificial_jewellery,video_20260404_115542,frame_005220.jpg,005220,heuristic
small_object_proposal,-1,1.0,1108.0,943.0,1143.0,988.0,artificial_jewellery,video_20260404_115542,frame_005220.jpg,005220,heuristic
small_object_proposal,-1,1.0,92.0,907.0,122.0,958.0,artificial_jewellery,video_20260404_115542,frame_005220.jpg,005220,heuristic
small_object_proposal,-1,1.0,75.0,104.0,111.0,146.0,artificial_jewellery,video_20260404_115542,frame_005220.jpg,005220,heuristic
small_object_proposal,-1,1.0,513.0,127.0,574.0,151.0,artificial_jewellery,video_20260404_115542,frame_005220.jpg,005220,heuristic
small_object_proposal,-1,1.0,1122.0,873.0,1170.0,903.0,artificial_jewellery,video_20260404_115542,frame_005220.jpg,005220,heuristic
small_object_proposal,-1,1.0,1807.0,220.0,1862.0,245.0,artificial_jewellery,video_20260404_115542,frame_005220.jpg,005220,heuristic
small_object_proposal,-1,1.0,312.0,279.0,354.0,310.0,artificial_jewellery,video_20260404_115542,frame_005220.jpg,005220,heuristic
small_object_proposal,-1,1.0,1337.0,32.0,1370.0,70.0,artificial_jewellery,video_20260404_115542,frame_005220.jpg,005220,heuristic
small_object_proposal,-1,1.0,1871.0,907.0,1895.0,955.0,artificial_jewellery,video_20260404_115542,frame_005220.jpg,005220,heuristic
small_object_proposal,-1,1.0,1670.0,792.0,1701.0,829.0,artificial_jewellery,video_20260404_115542,frame_005220.jpg,005220,heuristic
small_object_proposal,-1,1.0,1156.0,991.0,1177.0,1042.0,artificial_jewellery,video_20260404_115542,frame_005220.jpg,005220,heuristic
small_object_proposal,-1,1.0,1139.0,722.0,1191.0,742.0,artificial_jewellery,video_20260404_115542,frame_005220.jpg,005220,heuristic
small_object_proposal,-1,1.0,668.0,815.0,699.0,845.0,artificial_jewellery,video_20260404_115542,frame_005220.jpg,005220,heuristic
person,0,0.5913968682289124,371.53582763671875,15.11407470703125,1907.255859375,1063.196044921875,artificial_jewellery,video_20260404_115542,frame_005250.jpg,005250,yolo
person,0,0.2572387754917145,5.93426513671875,4.709564208984375,1238.8765869140625,1057.1944580078125,artificial_jewellery,video_20260404_115542,frame_005250.jpg,005250,yolo
small_object_proposal,-1,1.0,541.0,751.0,602.0,829.0,artificial_jewellery,video_20260404_115542,frame_005250.jpg,005250,heuristic
small_object_proposal,-1,1.0,1256.0,853.0,1309.0,942.0,artificial_jewellery,video_20260404_115542,frame_005250.jpg,005250,heuristic
small_object_proposal,-1,1.0,1766.0,13.0,1830.0,75.0,artificial_jewellery,video_20260404_115542,frame_005250.jpg,005250,heuristic
small_object_proposal,-1,1.0,473.0,1002.0,541.0,1057.0,artificial_jewellery,video_20260404_115542,frame_005250.jpg,005250,heuristic
small_object_proposal,-1,1.0,1280.0,959.0,1350.0,1002.0,artificial_jewellery,video_20260404_115542,frame_005250.jpg,005250,heuristic
small_object_proposal,-1,1.0,1136.0,967.0,1186.0,1027.0,artificial_jewellery,video_20260404_115542,frame_005250.jpg,005250,heuristic
small_object_proposal,-1,1.0,1412.0,239.0,1473.0,287.0,artificial_jewellery,video_20260404_115542,frame_005250.jpg,005250,heuristic
small_object_proposal,-1,1.0,1245.0,29.0,1304.0,77.0,artificial_jewellery,video_20260404_115542,frame_005250.jpg,005250,heuristic
small_object_proposal,-1,1.0,1066.0,995.0,1130.0,1039.0,artificial_jewellery,video_20260404_115542,frame_005250.jpg,005250,heuristic
small_object_proposal,-1,1.0,65.0,225.0,99.0,301.0,artificial_jewellery,video_20260404_115542,frame_005250.jpg,005250,heuristic
small_object_proposal,-1,1.0,1122.0,427.0,1182.0,469.0,artificial_jewellery,video_20260404_115542,frame_005250.jpg,005250,heuristic
small_object_proposal,-1,1.0,1602.0,104.0,1658.0,146.0,artificial_jewellery,video_20260404_115542,frame_005250.jpg,005250,heuristic
small_object_proposal,-1,1.0,1686.0,478.0,1734.0,525.0,artificial_jewellery,video_20260404_115542,frame_005250.jpg,005250,heuristic
small_object_proposal,-1,1.0,274.0,293.0,320.0,339.0,artificial_jewellery,video_20260404_115542,frame_005250.jpg,005250,heuristic
small_object_proposal,-1,1.0,1108.0,403.0,1136.0,463.0,artificial_jewellery,video_20260404_115542,frame_005250.jpg,005250,heuristic
small_object_proposal,-1,1.0,1312.0,41.0,1363.0,72.0,artificial_jewellery,video_20260404_115542,frame_005250.jpg,005250,heuristic
small_object_proposal,-1,1.0,591.0,831.0,646.0,859.0,artificial_jewellery,video_20260404_115542,frame_005250.jpg,005250,heuristic
small_object_proposal,-1,1.0,1229.0,976.0,1257.0,1029.0,artificial_jewellery,video_20260404_115542,frame_005250.jpg,005250,heuristic
small_object_proposal,-1,1.0,97.0,905.0,126.0,956.0,artificial_jewellery,video_20260404_115542,frame_005250.jpg,005250,heuristic
small_object_proposal,-1,1.0,1235.0,330.0,1267.0,376.0,artificial_jewellery,video_20260404_115542,frame_005250.jpg,005250,heuristic
small_object_proposal,-1,1.0,1203.0,853.0,1224.0,922.0,artificial_jewellery,video_20260404_115542,frame_005250.jpg,005250,heuristic
small_object_proposal,-1,1.0,620.0,860.0,659.0,896.0,artificial_jewellery,video_20260404_115542,frame_005250.jpg,005250,heuristic
small_object_proposal,-1,1.0,1361.0,604.0,1410.0,632.0,artificial_jewellery,video_20260404_115542,frame_005250.jpg,005250,heuristic
small_object_proposal,-1,1.0,1090.0,280.0,1120.0,324.0,artificial_jewellery,video_20260404_115542,frame_005250.jpg,005250,heuristic
small_object_proposal,-1,1.0,233.0,75.0,268.0,112.0,artificial_jewellery,video_20260404_115542,frame_005250.jpg,005250,heuristic
small_object_proposal,-1,1.0,615.0,908.0,655.0,939.0,artificial_jewellery,video_20260404_115542,frame_005250.jpg,005250,heuristic
small_object_proposal,-1,1.0,1207.0,959.0,1240.0,994.0,artificial_jewellery,video_20260404_115542,frame_005250.jpg,005250,heuristic
small_object_proposal,-1,1.0,1868.0,679.0,1892.0,726.0,artificial_jewellery,video_20260404_115542,frame_005250.jpg,005250,heuristic
small_object_proposal,-1,1.0,12.0,80.0,38.0,123.0,artificial_jewellery,video_20260404_115542,frame_005250.jpg,005250,heuristic
small_object_proposal,-1,1.0,1127.0,881.0,1174.0,900.0,artificial_jewellery,video_20260404_115542,frame_005250.jpg,005250,heuristic
person,0,0.6777017712593079,67.8775634765625,4.23907470703125,1904.3577880859375,1059.1087646484375,artificial_jewellery,video_20260404_115542,frame_005280.jpg,005280,yolo
small_object_proposal,-1,1.0,538.0,736.0,599.0,799.0,artificial_jewellery,video_20260404_115542,frame_005280.jpg,005280,heuristic
small_object_proposal,-1,1.0,963.0,801.0,1029.0,857.0,artificial_jewellery,video_20260404_115542,frame_005280.jpg,005280,heuristic
small_object_proposal,-1,1.0,1206.0,932.0,1257.0,1000.0,artificial_jewellery,video_20260404_115542,frame_005280.jpg,005280,heuristic
small_object_proposal,-1,1.0,463.0,106.0,521.0,163.0,artificial_jewellery,video_20260404_115542,frame_005280.jpg,005280,heuristic
small_object_proposal,-1,1.0,1858.0,169.0,1900.0,238.0,artificial_jewellery,video_20260404_115542,frame_005280.jpg,005280,heuristic
small_object_proposal,-1,1.0,1067.0,976.0,1132.0,1020.0,artificial_jewellery,video_20260404_115542,frame_005280.jpg,005280,heuristic
small_object_proposal,-1,1.0,1528.0,897.0,1584.0,943.0,artificial_jewellery,video_20260404_115542,frame_005280.jpg,005280,heuristic
small_object_proposal,-1,1.0,1160.0,1021.0,1211.0,1071.0,artificial_jewellery,video_20260404_115542,frame_005280.jpg,005280,heuristic
small_object_proposal,-1,1.0,30.0,305.0,72.0,353.0,artificial_jewellery,video_20260404_115542,frame_005280.jpg,005280,heuristic
small_object_proposal,-1,1.0,1116.0,819.0,1177.0,852.0,artificial_jewellery,video_20260404_115542,frame_005280.jpg,005280,heuristic
small_object_proposal,-1,1.0,463.0,78.0,529.0,106.0,artificial_jewellery,video_20260404_115542,frame_005280.jpg,005280,heuristic
small_object_proposal,-1,1.0,202.0,396.0,257.0,429.0,artificial_jewellery,video_20260404_115542,frame_005280.jpg,005280,heuristic
small_object_proposal,-1,1.0,1597.0,906.0,1647.0,941.0,artificial_jewellery,video_20260404_115542,frame_005280.jpg,005280,heuristic
small_object_proposal,-1,1.0,1435.0,199.0,1464.0,259.0,artificial_jewellery,video_20260404_115542,frame_005280.jpg,005280,heuristic
small_object_proposal,-1,1.0,248.0,288.0,285.0,332.0,artificial_jewellery,video_20260404_115542,frame_005280.jpg,005280,heuristic
small_object_proposal,-1,1.0,1261.0,248.0,1300.0,289.0,artificial_jewellery,video_20260404_115542,frame_005280.jpg,005280,heuristic
small_object_proposal,-1,1.0,997.0,1036.0,1054.0,1064.0,artificial_jewellery,video_20260404_115542,frame_005280.jpg,005280,heuristic
small_object_proposal,-1,1.0,1365.0,365.0,1390.0,428.0,artificial_jewellery,video_20260404_115542,frame_005280.jpg,005280,heuristic
small_object_proposal,-1,1.0,1157.0,940.0,1184.0,997.0,artificial_jewellery,video_20260404_115542,frame_005280.jpg,005280,heuristic
small_object_proposal,-1,1.0,1232.0,1026.0,1265.0,1071.0,artificial_jewellery,video_20260404_115542,frame_005280.jpg,005280,heuristic
small_object_proposal,-1,1.0,1443.0,416.0,1494.0,445.0,artificial_jewellery,video_20260404_115542,frame_005280.jpg,005280,heuristic
small_object_proposal,-1,1.0,90.0,891.0,117.0,945.0,artificial_jewellery,video_20260404_115542,frame_005280.jpg,005280,heuristic
small_object_proposal,-1,1.0,1812.0,125.0,1869.0,150.0,artificial_jewellery,video_20260404_115542,frame_005280.jpg,005280,heuristic
small_object_proposal,-1,1.0,223.0,300.0,251.0,345.0,artificial_jewellery,video_20260404_115542,frame_005280.jpg,005280,heuristic
small_object_proposal,-1,1.0,1683.0,456.0,1716.0,493.0,artificial_jewellery,video_20260404_115542,frame_005280.jpg,005280,heuristic
small_object_proposal,-1,1.0,1228.0,298.0,1253.0,345.0,artificial_jewellery,video_20260404_115542,frame_005280.jpg,005280,heuristic
small_object_proposal,-1,1.0,1059.0,385.0,1095.0,415.0,artificial_jewellery,video_20260404_115542,frame_005280.jpg,005280,heuristic
small_object_proposal,-1,1.0,1746.0,856.0,1768.0,904.0,artificial_jewellery,video_20260404_115542,frame_005280.jpg,005280,heuristic
small_object_proposal,-1,1.0,279.0,240.0,305.0,280.0,artificial_jewellery,video_20260404_115542,frame_005280.jpg,005280,heuristic
small_object_proposal,-1,1.0,1256.0,817.0,1278.0,864.0,artificial_jewellery,video_20260404_115542,frame_005280.jpg,005280,heuristic
person,0,0.5369271636009216,430.015869140625,101.3697509765625,1910.914306640625,1067.5894775390625,artificial_jewellery,video_20260404_115542,frame_005310.jpg,005310,yolo
small_object_proposal,-1,1.0,1210.0,568.0,1285.0,629.0,artificial_jewellery,video_20260404_115542,frame_005310.jpg,005310,heuristic
small_object_proposal,-1,1.0,1503.0,1018.0,1606.0,1061.0,artificial_jewellery,video_20260404_115542,frame_005310.jpg,005310,heuristic
small_object_proposal,-1,1.0,1305.0,296.0,1393.0,346.0,artificial_jewellery,video_20260404_115542,frame_005310.jpg,005310,heuristic
small_object_proposal,-1,1.0,1189.0,303.0,1255.0,361.0,artificial_jewellery,video_20260404_115542,frame_005310.jpg,005310,heuristic
small_object_proposal,-1,1.0,1119.0,957.0,1177.0,1017.0,artificial_jewellery,video_20260404_115542,frame_005310.jpg,005310,heuristic
small_object_proposal,-1,1.0,460.0,124.0,519.0,181.0,artificial_jewellery,video_20260404_115542,frame_005310.jpg,005310,heuristic
small_object_proposal,-1,1.0,493.0,1009.0,556.0,1058.0,artificial_jewellery,video_20260404_115542,frame_005310.jpg,005310,heuristic
small_object_proposal,-1,1.0,1805.0,447.0,1860.0,500.0,artificial_jewellery,video_20260404_115542,frame_005310.jpg,005310,heuristic
small_object_proposal,-1,1.0,647.0,888.0,694.0,933.0,artificial_jewellery,video_20260404_115542,frame_005310.jpg,005310,heuristic
small_object_proposal,-1,1.0,693.0,892.0,752.0,927.0,artificial_jewellery,video_20260404_115542,frame_005310.jpg,005310,heuristic
small_object_proposal,-1,1.0,1532.0,588.0,1583.0,626.0,artificial_jewellery,video_20260404_115542,frame_005310.jpg,005310,heuristic
small_object_proposal,-1,1.0,1077.0,989.0,1123.0,1030.0,artificial_jewellery,video_20260404_115542,frame_005310.jpg,005310,heuristic
small_object_proposal,-1,1.0,462.0,96.0,527.0,123.0,artificial_jewellery,video_20260404_115542,frame_005310.jpg,005310,heuristic
small_object_proposal,-1,1.0,1759.0,795.0,1789.0,853.0,artificial_jewellery,video_20260404_115542,frame_005310.jpg,005310,heuristic
small_object_proposal,-1,1.0,1116.0,838.0,1169.0,870.0,artificial_jewellery,video_20260404_115542,frame_005310.jpg,005310,heuristic
small_object_proposal,-1,1.0,200.0,103.0,234.0,152.0,artificial_jewellery,video_20260404_115542,frame_005310.jpg,005310,heuristic
small_object_proposal,-1,1.0,1219.0,966.0,1246.0,1026.0,artificial_jewellery,video_20260404_115542,frame_005310.jpg,005310,heuristic
small_object_proposal,-1,1.0,1101.0,909.0,1137.0,953.0,artificial_jewellery,video_20260404_115542,frame_005310.jpg,005310,heuristic
small_object_proposal,-1,1.0,992.0,1045.0,1047.0,1073.0,artificial_jewellery,video_20260404_115542,frame_005310.jpg,005310,heuristic
small_object_proposal,-1,1.0,662.0,934.0,719.0,960.0,artificial_jewellery,video_20260404_115542,frame_005310.jpg,005310,heuristic
small_object_proposal,-1,1.0,1798.0,151.0,1856.0,176.0,artificial_jewellery,video_20260404_115542,frame_005310.jpg,005310,heuristic
small_object_proposal,-1,1.0,279.0,341.0,308.0,390.0,artificial_jewellery,video_20260404_115542,frame_005310.jpg,005310,heuristic
small_object_proposal,-1,1.0,1427.0,231.0,1457.0,277.0,artificial_jewellery,video_20260404_115542,frame_005310.jpg,005310,heuristic
small_object_proposal,-1,1.0,201.0,64.0,231.0,106.0,artificial_jewellery,video_20260404_115542,frame_005310.jpg,005310,heuristic
small_object_proposal,-1,1.0,1194.0,684.0,1219.0,732.0,artificial_jewellery,video_20260404_115542,frame_005310.jpg,005310,heuristic
small_object_proposal,-1,1.0,1244.0,335.0,1264.0,392.0,artificial_jewellery,video_20260404_115542,frame_005310.jpg,005310,heuristic
small_object_proposal,-1,1.0,885.0,23.0,911.0,66.0,artificial_jewellery,video_20260404_115542,frame_005310.jpg,005310,heuristic
small_object_proposal,-1,1.0,1768.0,757.0,1787.0,800.0,artificial_jewellery,video_20260404_115542,frame_005310.jpg,005310,heuristic
small_object_proposal,-1,1.0,1145.0,480.0,1182.0,502.0,artificial_jewellery,video_20260404_115542,frame_005310.jpg,005310,heuristic
small_object_proposal,-1,1.0,668.0,857.0,696.0,886.0,artificial_jewellery,video_20260404_115542,frame_005310.jpg,005310,heuristic
person,0,0.5391000509262085,206.68414306640625,79.37786865234375,1916.703125,1067.693603515625,artificial_jewellery,video_20260404_115542,frame_005340.jpg,005340,yolo
small_object_proposal,-1,1.0,1234.0,552.0,1312.0,609.0,artificial_jewellery,video_20260404_115542,frame_005340.jpg,005340,heuristic
small_object_proposal,-1,1.0,1221.0,254.0,1267.0,336.0,artificial_jewellery,video_20260404_115542,frame_005340.jpg,005340,heuristic
small_object_proposal,-1,1.0,143.0,87.0,184.0,179.0,artificial_jewellery,video_20260404_115542,frame_005340.jpg,005340,heuristic
small_object_proposal,-1,1.0,1198.0,938.0,1246.0,1007.0,artificial_jewellery,video_20260404_115542,frame_005340.jpg,005340,heuristic
small_object_proposal,-1,1.0,988.0,326.0,1046.0,383.0,artificial_jewellery,video_20260404_115542,frame_005340.jpg,005340,heuristic
small_object_proposal,-1,1.0,761.0,842.0,829.0,887.0,artificial_jewellery,video_20260404_115542,frame_005340.jpg,005340,heuristic
small_object_proposal,-1,1.0,411.0,891.0,472.0,936.0,artificial_jewellery,video_20260404_115542,frame_005340.jpg,005340,heuristic
small_object_proposal,-1,1.0,1836.0,235.0,1876.0,299.0,artificial_jewellery,video_20260404_115542,frame_005340.jpg,005340,heuristic
small_object_proposal,-1,1.0,1323.0,29.0,1385.0,68.0,artificial_jewellery,video_20260404_115542,frame_005340.jpg,005340,heuristic
small_object_proposal,-1,1.0,1097.0,785.0,1156.0,822.0,artificial_jewellery,video_20260404_115542,frame_005340.jpg,005340,heuristic
small_object_proposal,-1,1.0,207.0,348.0,270.0,382.0,artificial_jewellery,video_20260404_115542,frame_005340.jpg,005340,heuristic
small_object_proposal,-1,1.0,291.0,266.0,334.0,314.0,artificial_jewellery,video_20260404_115542,frame_005340.jpg,005340,heuristic
small_object_proposal,-1,1.0,1168.0,1012.0,1210.0,1060.0,artificial_jewellery,video_20260404_115542,frame_005340.jpg,005340,heuristic
small_object_proposal,-1,1.0,1231.0,373.0,1271.0,421.0,artificial_jewellery,video_20260404_115542,frame_005340.jpg,005340,heuristic
small_object_proposal,-1,1.0,152.0,64.0,210.0,95.0,artificial_jewellery,video_20260404_115542,frame_005340.jpg,005340,heuristic
small_object_proposal,-1,1.0,1689.0,763.0,1798.0,779.0,artificial_jewellery,video_20260404_115542,frame_005340.jpg,005340,heuristic
small_object_proposal,-1,1.0,1090.0,971.0,1137.0,1008.0,artificial_jewellery,video_20260404_115542,frame_005340.jpg,005340,heuristic
small_object_proposal,-1,1.0,59.0,863.0,92.0,914.0,artificial_jewellery,video_20260404_115542,frame_005340.jpg,005340,heuristic
small_object_proposal,-1,1.0,1079.0,263.0,1105.0,327.0,artificial_jewellery,video_20260404_115542,frame_005340.jpg,005340,heuristic
small_object_proposal,-1,1.0,1849.0,664.0,1872.0,735.0,artificial_jewellery,video_20260404_115542,frame_005340.jpg,005340,heuristic
small_object_proposal,-1,1.0,1790.0,191.0,1847.0,216.0,artificial_jewellery,video_20260404_115542,frame_005340.jpg,005340,heuristic
small_object_proposal,-1,1.0,1006.0,1023.0,1059.0,1049.0,artificial_jewellery,video_20260404_115542,frame_005340.jpg,005340,heuristic
small_object_proposal,-1,1.0,1121.0,827.0,1164.0,858.0,artificial_jewellery,video_20260404_115542,frame_005340.jpg,005340,heuristic
small_object_proposal,-1,1.0,536.0,352.0,583.0,378.0,artificial_jewellery,video_20260404_115542,frame_005340.jpg,005340,heuristic
small_object_proposal,-1,1.0,916.0,11.0,949.0,48.0,artificial_jewellery,video_20260404_115542,frame_005340.jpg,005340,heuristic
small_object_proposal,-1,1.0,1085.0,718.0,1124.0,749.0,artificial_jewellery,video_20260404_115542,frame_005340.jpg,005340,heuristic
small_object_proposal,-1,1.0,1377.0,456.0,1403.0,501.0,artificial_jewellery,video_20260404_115542,frame_005340.jpg,005340,heuristic
small_object_proposal,-1,1.0,749.0,794.0,787.0,824.0,artificial_jewellery,video_20260404_115542,frame_005340.jpg,005340,heuristic
small_object_proposal,-1,1.0,1191.0,434.0,1216.0,478.0,artificial_jewellery,video_20260404_115542,frame_005340.jpg,005340,heuristic
small_object_proposal,-1,1.0,1197.0,677.0,1221.0,720.0,artificial_jewellery,video_20260404_115542,frame_005340.jpg,005340,heuristic
person,0,0.6139782667160034,114.796142578125,168.6134033203125,1913.0291748046875,1067.1851806640625,artificial_jewellery,video_20260404_115542,frame_005400.jpg,005400,yolo
person,0,0.3418385684490204,481.9317932128906,3.5336151123046875,730.8195190429688,459.444580078125,artificial_jewellery,video_20260404_115542,frame_005400.jpg,005400,yolo
couch,57,0.3190334141254425,18.11004638671875,11.029541015625,1920.0,1065.55126953125,artificial_jewellery,video_20260404_115542,frame_005400.jpg,005400,yolo
small_object_proposal,-1,1.0,303.0,132.0,372.0,201.0,artificial_jewellery,video_20260404_115542,frame_005400.jpg,005400,heuristic
small_object_proposal,-1,1.0,277.0,199.0,333.0,281.0,artificial_jewellery,video_20260404_115542,frame_005400.jpg,005400,heuristic
small_object_proposal,-1,1.0,746.0,854.0,815.0,914.0,artificial_jewellery,video_20260404_115542,frame_005400.jpg,005400,heuristic
small_object_proposal,-1,1.0,1135.0,1023.0,1215.0,1070.0,artificial_jewellery,video_20260404_115542,frame_005400.jpg,005400,heuristic
small_object_proposal,-1,1.0,1162.0,744.0,1219.0,801.0,artificial_jewellery,video_20260404_115542,frame_005400.jpg,005400,heuristic
small_object_proposal,-1,1.0,512.0,34.0,566.0,94.0,artificial_jewellery,video_20260404_115542,frame_005400.jpg,005400,heuristic
small_object_proposal,-1,1.0,1093.0,873.0,1157.0,923.0,artificial_jewellery,video_20260404_115542,frame_005400.jpg,005400,heuristic
small_object_proposal,-1,1.0,1163.0,954.0,1208.0,1021.0,artificial_jewellery,video_20260404_115542,frame_005400.jpg,005400,heuristic
small_object_proposal,-1,1.0,830.0,600.0,884.0,655.0,artificial_jewellery,video_20260404_115542,frame_005400.jpg,005400,heuristic
small_object_proposal,-1,1.0,1407.0,3.0,1458.0,60.0,artificial_jewellery,video_20260404_115542,frame_005400.jpg,005400,heuristic
small_object_proposal,-1,1.0,1055.0,632.0,1110.0,684.0,artificial_jewellery,video_20260404_115542,frame_005400.jpg,005400,heuristic
small_object_proposal,-1,1.0,1221.0,965.0,1295.0,1003.0,artificial_jewellery,video_20260404_115542,frame_005400.jpg,005400,heuristic
small_object_proposal,-1,1.0,1493.0,510.0,1548.0,557.0,artificial_jewellery,video_20260404_115542,frame_005400.jpg,005400,heuristic
small_object_proposal,-1,1.0,1527.0,564.0,1570.0,622.0,artificial_jewellery,video_20260404_115542,frame_005400.jpg,005400,heuristic
small_object_proposal,-1,1.0,1327.0,411.0,1410.0,438.0,artificial_jewellery,video_20260404_115542,frame_005400.jpg,005400,heuristic
small_object_proposal,-1,1.0,1226.0,577.0,1274.0,623.0,artificial_jewellery,video_20260404_115542,frame_005400.jpg,005400,heuristic
small_object_proposal,-1,1.0,1759.0,8.0,1810.0,50.0,artificial_jewellery,video_20260404_115542,frame_005400.jpg,005400,heuristic
small_object_proposal,-1,1.0,1502.0,274.0,1584.0,297.0,artificial_jewellery,video_20260404_115542,frame_005400.jpg,005400,heuristic
small_object_proposal,-1,1.0,1060.0,977.0,1107.0,1016.0,artificial_jewellery,video_20260404_115542,frame_005400.jpg,005400,heuristic
small_object_proposal,-1,1.0,1766.0,54.0,1809.0,92.0,artificial_jewellery,video_20260404_115542,frame_005400.jpg,005400,heuristic
small_object_proposal,-1,1.0,1370.0,473.0,1407.0,514.0,artificial_jewellery,video_20260404_115542,frame_005400.jpg,005400,heuristic
small_object_proposal,-1,1.0,1091.0,841.0,1140.0,870.0,artificial_jewellery,video_20260404_115542,frame_005400.jpg,005400,heuristic
small_object_proposal,-1,1.0,1417.0,567.0,1455.0,604.0,artificial_jewellery,video_20260404_115542,frame_005400.jpg,005400,heuristic
small_object_proposal,-1,1.0,974.0,1027.0,1028.0,1053.0,artificial_jewellery,video_20260404_115542,frame_005400.jpg,005400,heuristic
small_object_proposal,-1,1.0,518.0,9.0,581.0,31.0,artificial_jewellery,video_20260404_115542,frame_005400.jpg,005400,heuristic
small_object_proposal,-1,1.0,1076.0,909.0,1103.0,957.0,artificial_jewellery,video_20260404_115542,frame_005400.jpg,005400,heuristic
small_object_proposal,-1,1.0,1329.0,70.0,1378.0,94.0,artificial_jewellery,video_20260404_115542,frame_005400.jpg,005400,heuristic
small_object_proposal,-1,1.0,1828.0,270.0,1883.0,290.0,artificial_jewellery,video_20260404_115542,frame_005400.jpg,005400,heuristic
small_object_proposal,-1,1.0,1807.0,318.0,1833.0,357.0,artificial_jewellery,video_20260404_115542,frame_005400.jpg,005400,heuristic
small_object_proposal,-1,1.0,1727.0,555.0,1753.0,592.0,artificial_jewellery,video_20260404_115542,frame_005400.jpg,005400,heuristic
person,0,0.686872124671936,158.18426513671875,0.0,1918.69482421875,1070.0750732421875,artificial_jewellery,video_20260404_115542,frame_005430.jpg,005430,yolo
small_object_proposal,-1,1.0,833.0,969.0,887.0,1049.0,artificial_jewellery,video_20260404_115542,frame_005430.jpg,005430,heuristic
small_object_proposal,-1,1.0,1248.0,967.0,1285.0,1067.0,artificial_jewellery,video_20260404_115542,frame_005430.jpg,005430,heuristic
small_object_proposal,-1,1.0,1138.0,818.0,1181.0,897.0,artificial_jewellery,video_20260404_115542,frame_005430.jpg,005430,heuristic
small_object_proposal,-1,1.0,1181.0,928.0,1224.0,1005.0,artificial_jewellery,video_20260404_115542,frame_005430.jpg,005430,heuristic
small_object_proposal,-1,1.0,376.0,117.0,422.0,184.0,artificial_jewellery,video_20260404_115542,frame_005430.jpg,005430,heuristic
small_object_proposal,-1,1.0,698.0,747.0,775.0,787.0,artificial_jewellery,video_20260404_115542,frame_005430.jpg,005430,heuristic
small_object_proposal,-1,1.0,295.0,248.0,375.0,282.0,artificial_jewellery,video_20260404_115542,frame_005430.jpg,005430,heuristic
small_object_proposal,-1,1.0,1412.0,12.0,1462.0,65.0,artificial_jewellery,video_20260404_115542,frame_005430.jpg,005430,heuristic
small_object_proposal,-1,1.0,269.0,177.0,308.0,241.0,artificial_jewellery,video_20260404_115542,frame_005430.jpg,005430,heuristic
small_object_proposal,-1,1.0,238.0,280.0,321.0,310.0,artificial_jewellery,video_20260404_115542,frame_005430.jpg,005430,heuristic
small_object_proposal,-1,1.0,1211.0,605.0,1266.0,650.0,artificial_jewellery,video_20260404_115542,frame_005430.jpg,005430,heuristic
small_object_proposal,-1,1.0,551.0,294.0,574.0,399.0,artificial_jewellery,video_20260404_115542,frame_005430.jpg,005430,heuristic
small_object_proposal,-1,1.0,418.0,814.0,454.0,880.0,artificial_jewellery,video_20260404_115542,frame_005430.jpg,005430,heuristic
small_object_proposal,-1,1.0,1806.0,295.0,1845.0,355.0,artificial_jewellery,video_20260404_115542,frame_005430.jpg,005430,heuristic
small_object_proposal,-1,1.0,1756.0,18.0,1808.0,62.0,artificial_jewellery,video_20260404_115542,frame_005430.jpg,005430,heuristic
small_object_proposal,-1,1.0,207.0,153.0,244.0,212.0,artificial_jewellery,video_20260404_115542,frame_005430.jpg,005430,heuristic
small_object_proposal,-1,1.0,1172.0,822.0,1195.0,914.0,artificial_jewellery,video_20260404_115542,frame_005430.jpg,005430,heuristic
small_object_proposal,-1,1.0,40.0,775.0,78.0,827.0,artificial_jewellery,video_20260404_115542,frame_005430.jpg,005430,heuristic
small_object_proposal,-1,1.0,1093.0,952.0,1139.0,991.0,artificial_jewellery,video_20260404_115542,frame_005430.jpg,005430,heuristic
small_object_proposal,-1,1.0,1440.0,524.0,1547.0,540.0,artificial_jewellery,video_20260404_115542,frame_005430.jpg,005430,heuristic
small_object_proposal,-1,1.0,1758.0,67.0,1807.0,101.0,artificial_jewellery,video_20260404_115542,frame_005430.jpg,005430,heuristic
small_object_proposal,-1,1.0,971.0,792.0,1008.0,833.0,artificial_jewellery,video_20260404_115542,frame_005430.jpg,005430,heuristic
small_object_proposal,-1,1.0,1653.0,521.0,1695.0,556.0,artificial_jewellery,video_20260404_115542,frame_005430.jpg,005430,heuristic
small_object_proposal,-1,1.0,1442.0,272.0,1473.0,316.0,artificial_jewellery,video_20260404_115542,frame_005430.jpg,005430,heuristic
small_object_proposal,-1,1.0,1003.0,66.0,1033.0,111.0,artificial_jewellery,video_20260404_115542,frame_005430.jpg,005430,heuristic
small_object_proposal,-1,1.0,1237.0,823.0,1259.0,884.0,artificial_jewellery,video_20260404_115542,frame_005430.jpg,005430,heuristic
small_object_proposal,-1,1.0,978.0,790.0,1013.0,828.0,artificial_jewellery,video_20260404_115542,frame_005430.jpg,005430,heuristic
small_object_proposal,-1,1.0,388.0,237.0,425.0,270.0,artificial_jewellery,video_20260404_115542,frame_005430.jpg,005430,heuristic
small_object_proposal,-1,1.0,376.0,271.0,414.0,303.0,artificial_jewellery,video_20260404_115542,frame_005430.jpg,005430,heuristic
small_object_proposal,-1,1.0,1197.0,615.0,1242.0,642.0,artificial_jewellery,video_20260404_115542,frame_005430.jpg,005430,heuristic
person,0,0.6593843102455139,368.43304443359375,112.49020385742188,1773.15380859375,1066.98046875,artificial_jewellery,video_20260404_115542,frame_005460.jpg,005460,yolo
small_object_proposal,-1,1.0,1241.0,43.0,1298.0,129.0,artificial_jewellery,video_20260404_115542,frame_005460.jpg,005460,heuristic
small_object_proposal,-1,1.0,708.0,808.0,790.0,857.0,artificial_jewellery,video_20260404_115542,frame_005460.jpg,005460,heuristic
small_object_proposal,-1,1.0,1233.0,763.0,1280.0,840.0,artificial_jewellery,video_20260404_115542,frame_005460.jpg,005460,heuristic
small_object_proposal,-1,1.0,339.0,179.0,385.0,245.0,artificial_jewellery,video_20260404_115542,frame_005460.jpg,005460,heuristic
small_object_proposal,-1,1.0,517.0,81.0,570.0,138.0,artificial_jewellery,video_20260404_115542,frame_005460.jpg,005460,heuristic
small_object_proposal,-1,1.0,1743.0,37.0,1780.0,118.0,artificial_jewellery,video_20260404_115542,frame_005460.jpg,005460,heuristic
small_object_proposal,-1,1.0,1444.0,776.0,1473.0,879.0,artificial_jewellery,video_20260404_115542,frame_005460.jpg,005460,heuristic
small_object_proposal,-1,1.0,1801.0,280.0,1902.0,306.0,artificial_jewellery,video_20260404_115542,frame_005460.jpg,005460,heuristic
small_object_proposal,-1,1.0,1032.0,986.0,1094.0,1028.0,artificial_jewellery,video_20260404_115542,frame_005460.jpg,005460,heuristic
small_object_proposal,-1,1.0,1569.0,987.0,1627.0,1029.0,artificial_jewellery,video_20260404_115542,frame_005460.jpg,005460,heuristic
small_object_proposal,-1,1.0,1080.0,69.0,1139.0,109.0,artificial_jewellery,video_20260404_115542,frame_005460.jpg,005460,heuristic
small_object_proposal,-1,1.0,241.0,25.0,291.0,72.0,artificial_jewellery,video_20260404_115542,frame_005460.jpg,005460,heuristic
small_object_proposal,-1,1.0,268.0,914.0,333.0,950.0,artificial_jewellery,video_20260404_115542,frame_005460.jpg,005460,heuristic
small_object_proposal,-1,1.0,706.0,842.0,770.0,876.0,artificial_jewellery,video_20260404_115542,frame_005460.jpg,005460,heuristic
small_object_proposal,-1,1.0,238.0,241.0,273.0,300.0,artificial_jewellery,video_20260404_115542,frame_005460.jpg,005460,heuristic
small_object_proposal,-1,1.0,1155.0,291.0,1184.0,351.0,artificial_jewellery,video_20260404_115542,frame_005460.jpg,005460,heuristic
small_object_proposal,-1,1.0,391.0,879.0,421.0,934.0,artificial_jewellery,video_20260404_115542,frame_005460.jpg,005460,heuristic
small_object_proposal,-1,1.0,1069.0,216.0,1093.0,283.0,artificial_jewellery,video_20260404_115542,frame_005460.jpg,005460,heuristic
small_object_proposal,-1,1.0,642.0,805.0,676.0,848.0,artificial_jewellery,video_20260404_115542,frame_005460.jpg,005460,heuristic
small_object_proposal,-1,1.0,5.0,400.0,59.0,427.0,artificial_jewellery,video_20260404_115542,frame_005460.jpg,005460,heuristic
small_object_proposal,-1,1.0,171.0,52.0,231.0,76.0,artificial_jewellery,video_20260404_115542,frame_005460.jpg,005460,heuristic
small_object_proposal,-1,1.0,961.0,1040.0,1016.0,1065.0,artificial_jewellery,video_20260404_115542,frame_005460.jpg,005460,heuristic
small_object_proposal,-1,1.0,1315.0,452.0,1375.0,474.0,artificial_jewellery,video_20260404_115542,frame_005460.jpg,005460,heuristic
small_object_proposal,-1,1.0,1083.0,852.0,1129.0,880.0,artificial_jewellery,video_20260404_115542,frame_005460.jpg,005460,heuristic
small_object_proposal,-1,1.0,524.0,58.0,582.0,79.0,artificial_jewellery,video_20260404_115542,frame_005460.jpg,005460,heuristic
small_object_proposal,-1,1.0,294.0,250.0,335.0,278.0,artificial_jewellery,video_20260404_115542,frame_005460.jpg,005460,heuristic
small_object_proposal,-1,1.0,1417.0,293.0,1439.0,344.0,artificial_jewellery,video_20260404_115542,frame_005460.jpg,005460,heuristic
small_object_proposal,-1,1.0,1277.0,339.0,1301.0,384.0,artificial_jewellery,video_20260404_115542,frame_005460.jpg,005460,heuristic
small_object_proposal,-1,1.0,1328.0,48.0,1353.0,85.0,artificial_jewellery,video_20260404_115542,frame_005460.jpg,005460,heuristic
small_object_proposal,-1,1.0,21.0,748.0,55.0,772.0,artificial_jewellery,video_20260404_115542,frame_005460.jpg,005460,heuristic
person,0,0.7895885705947876,78.21002197265625,137.5206298828125,1733.6751708984375,1067.952880859375,artificial_jewellery,video_20260404_115542,frame_005490.jpg,005490,yolo
teddy bear,77,0.30218014121055603,0.0,2.7737274169921875,528.0699462890625,478.2603454589844,artificial_jewellery,video_20260404_115542,frame_005490.jpg,005490,yolo
small_object_proposal,-1,1.0,1312.0,66.0,1385.0,132.0,artificial_jewellery,video_20260404_115542,frame_005490.jpg,005490,heuristic
small_object_proposal,-1,1.0,1736.0,35.0,1789.0,117.0,artificial_jewellery,video_20260404_115542,frame_005490.jpg,005490,heuristic
small_object_proposal,-1,1.0,720.0,810.0,797.0,865.0,artificial_jewellery,video_20260404_115542,frame_005490.jpg,005490,heuristic
small_object_proposal,-1,1.0,1267.0,487.0,1423.0,514.0,artificial_jewellery,video_20260404_115542,frame_005490.jpg,005490,heuristic
small_object_proposal,-1,1.0,248.0,43.0,298.0,114.0,artificial_jewellery,video_20260404_115542,frame_005490.jpg,005490,heuristic
small_object_proposal,-1,1.0,347.0,190.0,394.0,261.0,artificial_jewellery,video_20260404_115542,frame_005490.jpg,005490,heuristic
small_object_proposal,-1,1.0,524.0,97.0,575.0,153.0,artificial_jewellery,video_20260404_115542,frame_005490.jpg,005490,heuristic
small_object_proposal,-1,1.0,1202.0,267.0,1360.0,285.0,artificial_jewellery,video_20260404_115542,frame_005490.jpg,005490,heuristic
small_object_proposal,-1,1.0,1044.0,998.0,1107.0,1041.0,artificial_jewellery,video_20260404_115542,frame_005490.jpg,005490,heuristic
small_object_proposal,-1,1.0,389.0,899.0,429.0,956.0,artificial_jewellery,video_20260404_115542,frame_005490.jpg,005490,heuristic
small_object_proposal,-1,1.0,1752.0,258.0,1804.0,297.0,artificial_jewellery,video_20260404_115542,frame_005490.jpg,005490,heuristic
small_object_proposal,-1,1.0,276.0,934.0,326.0,968.0,artificial_jewellery,video_20260404_115542,frame_005490.jpg,005490,heuristic
small_object_proposal,-1,1.0,747.0,858.0,803.0,888.0,artificial_jewellery,video_20260404_115542,frame_005490.jpg,005490,heuristic
small_object_proposal,-1,1.0,3.0,7.0,37.0,49.0,artificial_jewellery,video_20260404_115542,frame_005490.jpg,005490,heuristic
small_object_proposal,-1,1.0,1829.0,279.0,1913.0,295.0,artificial_jewellery,video_20260404_115542,frame_005490.jpg,005490,heuristic
small_object_proposal,-1,1.0,1813.0,288.0,1872.0,310.0,artificial_jewellery,video_20260404_115542,frame_005490.jpg,005490,heuristic
small_object_proposal,-1,1.0,1096.0,863.0,1138.0,893.0,artificial_jewellery,video_20260404_115542,frame_005490.jpg,005490,heuristic
small_object_proposal,-1,1.0,530.0,73.0,589.0,94.0,artificial_jewellery,video_20260404_115542,frame_005490.jpg,005490,heuristic
small_object_proposal,-1,1.0,1216.0,811.0,1244.0,850.0,artificial_jewellery,video_20260404_115542,frame_005490.jpg,005490,heuristic
small_object_proposal,-1,1.0,895.0,209.0,935.0,233.0,artificial_jewellery,video_20260404_115542,frame_005490.jpg,005490,heuristic
small_object_proposal,-1,1.0,279.0,293.0,323.0,314.0,artificial_jewellery,video_20260404_115542,frame_005490.jpg,005490,heuristic
small_object_proposal,-1,1.0,257.0,25.0,303.0,45.0,artificial_jewellery,video_20260404_115542,frame_005490.jpg,005490,heuristic
small_object_proposal,-1,1.0,240.0,346.0,287.0,365.0,artificial_jewellery,video_20260404_115542,frame_005490.jpg,005490,heuristic
small_object_proposal,-1,1.0,321.0,290.0,348.0,321.0,artificial_jewellery,video_20260404_115542,frame_005490.jpg,005490,heuristic
small_object_proposal,-1,1.0,226.0,325.0,264.0,345.0,artificial_jewellery,video_20260404_115542,frame_005490.jpg,005490,heuristic
small_object_proposal,-1,1.0,723.0,873.0,757.0,895.0,artificial_jewellery,video_20260404_115542,frame_005490.jpg,005490,heuristic
small_object_proposal,-1,1.0,1099.0,998.0,1128.0,1023.0,artificial_jewellery,video_20260404_115542,frame_005490.jpg,005490,heuristic
small_object_proposal,-1,1.0,1595.0,252.0,1631.0,272.0,artificial_jewellery,video_20260404_115542,frame_005490.jpg,005490,heuristic
small_object_proposal,-1,1.0,718.0,832.0,748.0,855.0,artificial_jewellery,video_20260404_115542,frame_005490.jpg,005490,heuristic
small_object_proposal,-1,1.0,655.0,830.0,676.0,862.0,artificial_jewellery,video_20260404_115542,frame_005490.jpg,005490,heuristic
person,0,0.6821451187133789,85.8072509765625,175.16500854492188,1822.586181640625,1068.215087890625,artificial_jewellery,video_20260404_115542,frame_005520.jpg,005520,yolo
small_object_proposal,-1,1.0,771.0,838.0,850.0,899.0,artificial_jewellery,video_20260404_115542,frame_005520.jpg,005520,heuristic
small_object_proposal,-1,1.0,196.0,103.0,242.0,207.0,artificial_jewellery,video_20260404_115542,frame_005520.jpg,005520,heuristic
small_object_proposal,-1,1.0,250.0,267.0,303.0,348.0,artificial_jewellery,video_20260404_115542,frame_005520.jpg,005520,heuristic
small_object_proposal,-1,1.0,1585.0,999.0,1662.0,1054.0,artificial_jewellery,video_20260404_115542,frame_005520.jpg,005520,heuristic
small_object_proposal,-1,1.0,1423.0,506.0,1524.0,545.0,artificial_jewellery,video_20260404_115542,frame_005520.jpg,005520,heuristic
small_object_proposal,-1,1.0,976.0,263.0,1054.0,301.0,artificial_jewellery,video_20260404_115542,frame_005520.jpg,005520,heuristic
small_object_proposal,-1,1.0,544.0,103.0,593.0,159.0,artificial_jewellery,video_20260404_115542,frame_005520.jpg,005520,heuristic
small_object_proposal,-1,1.0,783.0,834.0,845.0,877.0,artificial_jewellery,video_20260404_115542,frame_005520.jpg,005520,heuristic
small_object_proposal,-1,1.0,794.0,826.0,851.0,871.0,artificial_jewellery,video_20260404_115542,frame_005520.jpg,005520,heuristic
small_object_proposal,-1,1.0,540.0,304.0,573.0,381.0,artificial_jewellery,video_20260404_115542,frame_005520.jpg,005520,heuristic
small_object_proposal,-1,1.0,1749.0,34.0,1804.0,78.0,artificial_jewellery,video_20260404_115542,frame_005520.jpg,005520,heuristic
small_object_proposal,-1,1.0,1351.0,1027.0,1404.0,1068.0,artificial_jewellery,video_20260404_115542,frame_005520.jpg,005520,heuristic
small_object_proposal,-1,1.0,718.0,854.0,768.0,897.0,artificial_jewellery,video_20260404_115542,frame_005520.jpg,005520,heuristic
small_object_proposal,-1,1.0,29.0,21.0,66.0,68.0,artificial_jewellery,video_20260404_115542,frame_005520.jpg,005520,heuristic
small_object_proposal,-1,1.0,202.0,80.0,258.0,111.0,artificial_jewellery,video_20260404_115542,frame_005520.jpg,005520,heuristic
small_object_proposal,-1,1.0,270.0,53.0,320.0,86.0,artificial_jewellery,video_20260404_115542,frame_005520.jpg,005520,heuristic
small_object_proposal,-1,1.0,1082.0,1006.0,1126.0,1043.0,artificial_jewellery,video_20260404_115542,frame_005520.jpg,005520,heuristic
small_object_proposal,-1,1.0,271.0,176.0,290.0,261.0,artificial_jewellery,video_20260404_115542,frame_005520.jpg,005520,heuristic
small_object_proposal,-1,1.0,264.0,264.0,292.0,321.0,artificial_jewellery,video_20260404_115542,frame_005520.jpg,005520,heuristic
small_object_proposal,-1,1.0,1768.0,270.0,1822.0,297.0,artificial_jewellery,video_20260404_115542,frame_005520.jpg,005520,heuristic
small_object_proposal,-1,1.0,327.0,290.0,366.0,327.0,artificial_jewellery,video_20260404_115542,frame_005520.jpg,005520,heuristic
small_object_proposal,-1,1.0,433.0,907.0,463.0,955.0,artificial_jewellery,video_20260404_115542,frame_005520.jpg,005520,heuristic
small_object_proposal,-1,1.0,874.0,885.0,914.0,920.0,artificial_jewellery,video_20260404_115542,frame_005520.jpg,005520,heuristic
small_object_proposal,-1,1.0,549.0,79.0,606.0,101.0,artificial_jewellery,video_20260404_115542,frame_005520.jpg,005520,heuristic
small_object_proposal,-1,1.0,1334.0,860.0,1359.0,905.0,artificial_jewellery,video_20260404_115542,frame_005520.jpg,005520,heuristic
small_object_proposal,-1,1.0,1776.0,241.0,1809.0,274.0,artificial_jewellery,video_20260404_115542,frame_005520.jpg,005520,heuristic
small_object_proposal,-1,1.0,1179.0,498.0,1217.0,526.0,artificial_jewellery,video_20260404_115542,frame_005520.jpg,005520,heuristic
small_object_proposal,-1,1.0,955.0,103.0,1000.0,126.0,artificial_jewellery,video_20260404_115542,frame_005520.jpg,005520,heuristic
small_object_proposal,-1,1.0,1392.0,19.0,1433.0,44.0,artificial_jewellery,video_20260404_115542,frame_005520.jpg,005520,heuristic
small_object_proposal,-1,1.0,1774.0,83.0,1804.0,116.0,artificial_jewellery,video_20260404_115542,frame_005520.jpg,005520,heuristic
person,0,0.6748760342597961,104.7366943359375,185.28396606445312,1717.46337890625,1069.035888671875,artificial_jewellery,video_20260404_115542,frame_005550.jpg,005550,yolo
small_object_proposal,-1,1.0,565.0,60.0,626.0,141.0,artificial_jewellery,video_20260404_115542,frame_005550.jpg,005550,heuristic
small_object_proposal,-1,1.0,216.0,217.0,268.0,289.0,artificial_jewellery,video_20260404_115542,frame_005550.jpg,005550,heuristic
small_object_proposal,-1,1.0,295.0,29.0,345.0,98.0,artificial_jewellery,video_20260404_115542,frame_005550.jpg,005550,heuristic
small_object_proposal,-1,1.0,1705.0,580.0,1818.0,610.0,artificial_jewellery,video_20260404_115542,frame_005550.jpg,005550,heuristic
small_object_proposal,-1,1.0,1384.0,414.0,1465.0,455.0,artificial_jewellery,video_20260404_115542,frame_005550.jpg,005550,heuristic
small_object_proposal,-1,1.0,1258.0,477.0,1292.0,570.0,artificial_jewellery,video_20260404_115542,frame_005550.jpg,005550,heuristic
small_object_proposal,-1,1.0,181.0,767.0,218.0,844.0,artificial_jewellery,video_20260404_115542,frame_005550.jpg,005550,heuristic
small_object_proposal,-1,1.0,274.0,241.0,314.0,306.0,artificial_jewellery,video_20260404_115542,frame_005550.jpg,005550,heuristic
small_object_proposal,-1,1.0,911.0,262.0,956.0,311.0,artificial_jewellery,video_20260404_115542,frame_005550.jpg,005550,heuristic
small_object_proposal,-1,1.0,402.0,178.0,435.0,244.0,artificial_jewellery,video_20260404_115542,frame_005550.jpg,005550,heuristic
small_object_proposal,-1,1.0,1367.0,63.0,1418.0,102.0,artificial_jewellery,video_20260404_115542,frame_005550.jpg,005550,heuristic
small_object_proposal,-1,1.0,770.0,784.0,812.0,830.0,artificial_jewellery,video_20260404_115542,frame_005550.jpg,005550,heuristic
small_object_proposal,-1,1.0,1765.0,36.0,1812.0,77.0,artificial_jewellery,video_20260404_115542,frame_005550.jpg,005550,heuristic
small_object_proposal,-1,1.0,227.0,55.0,285.0,88.0,artificial_jewellery,video_20260404_115542,frame_005550.jpg,005550,heuristic
small_object_proposal,-1,1.0,1444.0,292.0,1483.0,341.0,artificial_jewellery,video_20260404_115542,frame_005550.jpg,005550,heuristic
small_object_proposal,-1,1.0,1029.0,267.0,1099.0,294.0,artificial_jewellery,video_20260404_115542,frame_005550.jpg,005550,heuristic
small_object_proposal,-1,1.0,1244.0,801.0,1271.0,870.0,artificial_jewellery,video_20260404_115542,frame_005550.jpg,005550,heuristic
small_object_proposal,-1,1.0,72.0,824.0,107.0,877.0,artificial_jewellery,video_20260404_115542,frame_005550.jpg,005550,heuristic
small_object_proposal,-1,1.0,1159.0,1031.0,1201.0,1075.0,artificial_jewellery,video_20260404_115542,frame_005550.jpg,005550,heuristic
small_object_proposal,-1,1.0,1091.0,241.0,1146.0,273.0,artificial_jewellery,video_20260404_115542,frame_005550.jpg,005550,heuristic
small_object_proposal,-1,1.0,1088.0,984.0,1133.0,1022.0,artificial_jewellery,video_20260404_115542,frame_005550.jpg,005550,heuristic
small_object_proposal,-1,1.0,1251.0,801.0,1278.0,864.0,artificial_jewellery,video_20260404_115542,frame_005550.jpg,005550,heuristic
small_object_proposal,-1,1.0,326.0,907.0,380.0,938.0,artificial_jewellery,video_20260404_115542,frame_005550.jpg,005550,heuristic
small_object_proposal,-1,1.0,1394.0,14.0,1445.0,46.0,artificial_jewellery,video_20260404_115542,frame_005550.jpg,005550,heuristic
small_object_proposal,-1,1.0,1115.0,849.0,1164.0,879.0,artificial_jewellery,video_20260404_115542,frame_005550.jpg,005550,heuristic
small_object_proposal,-1,1.0,770.0,822.0,807.0,860.0,artificial_jewellery,video_20260404_115542,frame_005550.jpg,005550,heuristic
small_object_proposal,-1,1.0,63.0,398.0,115.0,424.0,artificial_jewellery,video_20260404_115542,frame_005550.jpg,005550,heuristic
small_object_proposal,-1,1.0,1277.0,947.0,1334.0,970.0,artificial_jewellery,video_20260404_115542,frame_005550.jpg,005550,heuristic
small_object_proposal,-1,1.0,1002.0,1032.0,1056.0,1056.0,artificial_jewellery,video_20260404_115542,frame_005550.jpg,005550,heuristic
small_object_proposal,-1,1.0,1661.0,548.0,1697.0,583.0,artificial_jewellery,video_20260404_115542,frame_005550.jpg,005550,heuristic
person,0,0.6940915584564209,125.228759765625,61.931488037109375,1855.431884765625,1068.32421875,artificial_jewellery,video_20260404_115542,frame_005580.jpg,005580,yolo
small_object_proposal,-1,1.0,1293.0,40.0,1363.0,111.0,artificial_jewellery,video_20260404_115542,frame_005580.jpg,005580,heuristic
small_object_proposal,-1,1.0,1779.0,21.0,1837.0,104.0,artificial_jewellery,video_20260404_115542,frame_005580.jpg,005580,heuristic
small_object_proposal,-1,1.0,872.0,831.0,939.0,901.0,artificial_jewellery,video_20260404_115542,frame_005580.jpg,005580,heuristic
small_object_proposal,-1,1.0,1055.0,791.0,1133.0,850.0,artificial_jewellery,video_20260404_115542,frame_005580.jpg,005580,heuristic
small_object_proposal,-1,1.0,1443.0,328.0,1538.0,372.0,artificial_jewellery,video_20260404_115542,frame_005580.jpg,005580,heuristic
small_object_proposal,-1,1.0,297.0,106.0,339.0,200.0,artificial_jewellery,video_20260404_115542,frame_005580.jpg,005580,heuristic
small_object_proposal,-1,1.0,179.0,843.0,241.0,904.0,artificial_jewellery,video_20260404_115542,frame_005580.jpg,005580,heuristic
small_object_proposal,-1,1.0,1598.0,994.0,1674.0,1042.0,artificial_jewellery,video_20260404_115542,frame_005580.jpg,005580,heuristic
small_object_proposal,-1,1.0,17.0,116.0,77.0,176.0,artificial_jewellery,video_20260404_115542,frame_005580.jpg,005580,heuristic
small_object_proposal,-1,1.0,993.0,194.0,1050.0,256.0,artificial_jewellery,video_20260404_115542,frame_005580.jpg,005580,heuristic
small_object_proposal,-1,1.0,580.0,387.0,627.0,461.0,artificial_jewellery,video_20260404_115542,frame_005580.jpg,005580,heuristic
small_object_proposal,-1,1.0,1244.0,588.0,1305.0,643.0,artificial_jewellery,video_20260404_115542,frame_005580.jpg,005580,heuristic
small_object_proposal,-1,1.0,266.0,217.0,305.0,303.0,artificial_jewellery,video_20260404_115542,frame_005580.jpg,005580,heuristic
small_object_proposal,-1,1.0,1504.0,814.0,1550.0,883.0,artificial_jewellery,video_20260404_115542,frame_005580.jpg,005580,heuristic
small_object_proposal,-1,1.0,1485.0,398.0,1593.0,425.0,artificial_jewellery,video_20260404_115542,frame_005580.jpg,005580,heuristic
small_object_proposal,-1,1.0,1588.0,263.0,1624.0,344.0,artificial_jewellery,video_20260404_115542,frame_005580.jpg,005580,heuristic
small_object_proposal,-1,1.0,256.0,312.0,325.0,350.0,artificial_jewellery,video_20260404_115542,frame_005580.jpg,005580,heuristic
small_object_proposal,-1,1.0,1217.0,656.0,1267.0,708.0,artificial_jewellery,video_20260404_115542,frame_005580.jpg,005580,heuristic
small_object_proposal,-1,1.0,297.0,292.0,386.0,320.0,artificial_jewellery,video_20260404_115542,frame_005580.jpg,005580,heuristic
small_object_proposal,-1,1.0,227.0,49.0,253.0,144.0,artificial_jewellery,video_20260404_115542,frame_005580.jpg,005580,heuristic
small_object_proposal,-1,1.0,1838.0,307.0,1879.0,365.0,artificial_jewellery,video_20260404_115542,frame_005580.jpg,005580,heuristic
small_object_proposal,-1,1.0,1412.0,70.0,1471.0,109.0,artificial_jewellery,video_20260404_115542,frame_005580.jpg,005580,heuristic
small_object_proposal,-1,1.0,1169.0,1029.0,1216.0,1076.0,artificial_jewellery,video_20260404_115542,frame_005580.jpg,005580,heuristic
small_object_proposal,-1,1.0,313.0,897.0,372.0,931.0,artificial_jewellery,video_20260404_115542,frame_005580.jpg,005580,heuristic
small_object_proposal,-1,1.0,59.0,817.0,95.0,869.0,artificial_jewellery,video_20260404_115542,frame_005580.jpg,005580,heuristic
small_object_proposal,-1,1.0,1097.0,982.0,1143.0,1022.0,artificial_jewellery,video_20260404_115542,frame_005580.jpg,005580,heuristic
small_object_proposal,-1,1.0,827.0,805.0,866.0,847.0,artificial_jewellery,video_20260404_115542,frame_005580.jpg,005580,heuristic
small_object_proposal,-1,1.0,1271.0,337.0,1303.0,384.0,artificial_jewellery,video_20260404_115542,frame_005580.jpg,005580,heuristic
small_object_proposal,-1,1.0,339.0,235.0,380.0,271.0,artificial_jewellery,video_20260404_115542,frame_005580.jpg,005580,heuristic
small_object_proposal,-1,1.0,1084.0,426.0,1111.0,479.0,artificial_jewellery,video_20260404_115542,frame_005580.jpg,005580,heuristic
person,0,0.6782060265541077,102.49420166015625,75.782958984375,1901.968505859375,1066.5140380859375,artificial_jewellery,video_20260404_115542,frame_005610.jpg,005610,yolo
small_object_proposal,-1,1.0,1032.0,208.0,1148.0,247.0,artificial_jewellery,video_20260404_115542,frame_005610.jpg,005610,heuristic
small_object_proposal,-1,1.0,1256.0,283.0,1305.0,345.0,artificial_jewellery,video_20260404_115542,frame_005610.jpg,005610,heuristic
small_object_proposal,-1,1.0,1186.0,955.0,1228.0,1025.0,artificial_jewellery,video_20260404_115542,frame_005610.jpg,005610,heuristic
small_object_proposal,-1,1.0,1692.0,781.0,1727.0,865.0,artificial_jewellery,video_20260404_115542,frame_005610.jpg,005610,heuristic
small_object_proposal,-1,1.0,1207.0,412.0,1267.0,461.0,artificial_jewellery,video_20260404_115542,frame_005610.jpg,005610,heuristic
small_object_proposal,-1,1.0,1262.0,27.0,1339.0,62.0,artificial_jewellery,video_20260404_115542,frame_005610.jpg,005610,heuristic
small_object_proposal,-1,1.0,1480.0,612.0,1526.0,670.0,artificial_jewellery,video_20260404_115542,frame_005610.jpg,005610,heuristic
small_object_proposal,-1,1.0,162.0,775.0,197.0,844.0,artificial_jewellery,video_20260404_115542,frame_005610.jpg,005610,heuristic
small_object_proposal,-1,1.0,380.0,168.0,414.0,239.0,artificial_jewellery,video_20260404_115542,frame_005610.jpg,005610,heuristic
small_object_proposal,-1,1.0,409.0,867.0,454.0,920.0,artificial_jewellery,video_20260404_115542,frame_005610.jpg,005610,heuristic
small_object_proposal,-1,1.0,699.0,815.0,764.0,851.0,artificial_jewellery,video_20260404_115542,frame_005610.jpg,005610,heuristic
small_object_proposal,-1,1.0,1762.0,13.0,1812.0,53.0,artificial_jewellery,video_20260404_115542,frame_005610.jpg,005610,heuristic
small_object_proposal,-1,1.0,324.0,242.0,366.0,289.0,artificial_jewellery,video_20260404_115542,frame_005610.jpg,005610,heuristic
small_object_proposal,-1,1.0,1043.0,790.0,1093.0,829.0,artificial_jewellery,video_20260404_115542,frame_005610.jpg,005610,heuristic
small_object_proposal,-1,1.0,1575.0,871.0,1643.0,899.0,artificial_jewellery,video_20260404_115542,frame_005610.jpg,005610,heuristic
small_object_proposal,-1,1.0,201.0,50.0,260.0,82.0,artificial_jewellery,video_20260404_115542,frame_005610.jpg,005610,heuristic
small_object_proposal,-1,1.0,1151.0,1023.0,1192.0,1069.0,artificial_jewellery,video_20260404_115542,frame_005610.jpg,005610,heuristic
small_object_proposal,-1,1.0,1359.0,436.0,1391.0,494.0,artificial_jewellery,video_20260404_115542,frame_005610.jpg,005610,heuristic
small_object_proposal,-1,1.0,664.0,762.0,708.0,801.0,artificial_jewellery,video_20260404_115542,frame_005610.jpg,005610,heuristic
small_object_proposal,-1,1.0,1080.0,978.0,1124.0,1016.0,artificial_jewellery,video_20260404_115542,frame_005610.jpg,005610,heuristic
small_object_proposal,-1,1.0,1427.0,335.0,1456.0,384.0,artificial_jewellery,video_20260404_115542,frame_005610.jpg,005610,heuristic
small_object_proposal,-1,1.0,992.0,1028.0,1047.0,1052.0,artificial_jewellery,video_20260404_115542,frame_005610.jpg,005610,heuristic
small_object_proposal,-1,1.0,1109.0,840.0,1155.0,868.0,artificial_jewellery,video_20260404_115542,frame_005610.jpg,005610,heuristic
small_object_proposal,-1,1.0,1781.0,62.0,1812.0,96.0,artificial_jewellery,video_20260404_115542,frame_005610.jpg,005610,heuristic
small_object_proposal,-1,1.0,1352.0,30.0,1377.0,70.0,artificial_jewellery,video_20260404_115542,frame_005610.jpg,005610,heuristic
small_object_proposal,-1,1.0,1836.0,274.0,1898.0,290.0,artificial_jewellery,video_20260404_115542,frame_005610.jpg,005610,heuristic
small_object_proposal,-1,1.0,202.0,284.0,238.0,309.0,artificial_jewellery,video_20260404_115542,frame_005610.jpg,005610,heuristic
small_object_proposal,-1,1.0,3.0,579.0,35.0,606.0,artificial_jewellery,video_20260404_115542,frame_005610.jpg,005610,heuristic
small_object_proposal,-1,1.0,1615.0,231.0,1650.0,253.0,artificial_jewellery,video_20260404_115542,frame_005610.jpg,005610,heuristic
small_object_proposal,-1,1.0,1348.0,102.0,1400.0,116.0,artificial_jewellery,video_20260404_115542,frame_005610.jpg,005610,heuristic
person,0,0.6728342175483704,95.115966796875,43.713775634765625,1904.1339111328125,1066.5303955078125,artificial_jewellery,video_20260404_115542,frame_005640.jpg,005640,yolo
teddy bear,77,0.3127615451812744,1.02392578125,3.907196044921875,501.3027648925781,456.31365966796875,artificial_jewellery,video_20260404_115542,frame_005640.jpg,005640,yolo
small_object_proposal,-1,1.0,343.0,880.0,426.0,938.0,artificial_jewellery,video_20260404_115542,frame_005640.jpg,005640,heuristic
small_object_proposal,-1,1.0,1176.0,943.0,1220.0,1035.0,artificial_jewellery,video_20260404_115542,frame_005640.jpg,005640,heuristic
small_object_proposal,-1,1.0,1702.0,883.0,1837.0,911.0,artificial_jewellery,video_20260404_115542,frame_005640.jpg,005640,heuristic
small_object_proposal,-1,1.0,1336.0,9.0,1396.0,68.0,artificial_jewellery,video_20260404_115542,frame_005640.jpg,005640,heuristic
small_object_proposal,-1,1.0,226.0,26.0,276.0,93.0,artificial_jewellery,video_20260404_115542,frame_005640.jpg,005640,heuristic
small_object_proposal,-1,1.0,596.0,708.0,641.0,774.0,artificial_jewellery,video_20260404_115542,frame_005640.jpg,005640,heuristic
small_object_proposal,-1,1.0,1682.0,366.0,1774.0,397.0,artificial_jewellery,video_20260404_115542,frame_005640.jpg,005640,heuristic
small_object_proposal,-1,1.0,1719.0,865.0,1800.0,895.0,artificial_jewellery,video_20260404_115542,frame_005640.jpg,005640,heuristic
small_object_proposal,-1,1.0,228.0,241.0,265.0,306.0,artificial_jewellery,video_20260404_115542,frame_005640.jpg,005640,heuristic
small_object_proposal,-1,1.0,1418.0,524.0,1536.0,544.0,artificial_jewellery,video_20260404_115542,frame_005640.jpg,005640,heuristic
small_object_proposal,-1,1.0,276.0,252.0,328.0,297.0,artificial_jewellery,video_20260404_115542,frame_005640.jpg,005640,heuristic
small_object_proposal,-1,1.0,1730.0,832.0,1799.0,863.0,artificial_jewellery,video_20260404_115542,frame_005640.jpg,005640,heuristic
small_object_proposal,-1,1.0,1137.0,1026.0,1181.0,1074.0,artificial_jewellery,video_20260404_115542,frame_005640.jpg,005640,heuristic
small_object_proposal,-1,1.0,1421.0,462.0,1474.0,499.0,artificial_jewellery,video_20260404_115542,frame_005640.jpg,005640,heuristic
small_object_proposal,-1,1.0,32.0,850.0,66.0,906.0,artificial_jewellery,video_20260404_115542,frame_005640.jpg,005640,heuristic
small_object_proposal,-1,1.0,1064.0,982.0,1111.0,1021.0,artificial_jewellery,video_20260404_115542,frame_005640.jpg,005640,heuristic
small_object_proposal,-1,1.0,1347.0,415.0,1377.0,475.0,artificial_jewellery,video_20260404_115542,frame_005640.jpg,005640,heuristic
small_object_proposal,-1,1.0,1097.0,961.0,1149.0,995.0,artificial_jewellery,video_20260404_115542,frame_005640.jpg,005640,heuristic
small_object_proposal,-1,1.0,1591.0,567.0,1630.0,604.0,artificial_jewellery,video_20260404_115542,frame_005640.jpg,005640,heuristic
small_object_proposal,-1,1.0,1766.0,229.0,1819.0,255.0,artificial_jewellery,video_20260404_115542,frame_005640.jpg,005640,heuristic
small_object_proposal,-1,1.0,1358.0,476.0,1385.0,527.0,artificial_jewellery,video_20260404_115542,frame_005640.jpg,005640,heuristic
small_object_proposal,-1,1.0,977.0,1034.0,1032.0,1059.0,artificial_jewellery,video_20260404_115542,frame_005640.jpg,005640,heuristic
small_object_proposal,-1,1.0,198.0,307.0,263.0,328.0,artificial_jewellery,video_20260404_115542,frame_005640.jpg,005640,heuristic
small_object_proposal,-1,1.0,1098.0,838.0,1143.0,867.0,artificial_jewellery,video_20260404_115542,frame_005640.jpg,005640,heuristic
small_object_proposal,-1,1.0,1775.0,30.0,1804.0,73.0,artificial_jewellery,video_20260404_115542,frame_005640.jpg,005640,heuristic
small_object_proposal,-1,1.0,1175.0,698.0,1201.0,745.0,artificial_jewellery,video_20260404_115542,frame_005640.jpg,005640,heuristic
small_object_proposal,-1,1.0,1777.0,199.0,1809.0,237.0,artificial_jewellery,video_20260404_115542,frame_005640.jpg,005640,heuristic
small_object_proposal,-1,1.0,1464.0,1049.0,1512.0,1074.0,artificial_jewellery,video_20260404_115542,frame_005640.jpg,005640,heuristic
small_object_proposal,-1,1.0,1085.0,907.0,1114.0,948.0,artificial_jewellery,video_20260404_115542,frame_005640.jpg,005640,heuristic
small_object_proposal,-1,1.0,1831.0,244.0,1893.0,263.0,artificial_jewellery,video_20260404_115542,frame_005640.jpg,005640,heuristic
person,0,0.6298715472221375,158.7513427734375,2.706298828125,1906.4794921875,1064.375732421875,artificial_jewellery,video_20260404_115542,frame_005670.jpg,005670,yolo
small_object_proposal,-1,1.0,204.0,220.0,257.0,308.0,artificial_jewellery,video_20260404_115542,frame_005670.jpg,005670,heuristic
small_object_proposal,-1,1.0,1249.0,966.0,1287.0,1075.0,artificial_jewellery,video_20260404_115542,frame_005670.jpg,005670,heuristic
small_object_proposal,-1,1.0,184.0,150.0,239.0,224.0,artificial_jewellery,video_20260404_115542,frame_005670.jpg,005670,heuristic
small_object_proposal,-1,1.0,1176.0,922.0,1222.0,997.0,artificial_jewellery,video_20260404_115542,frame_005670.jpg,005670,heuristic
small_object_proposal,-1,1.0,144.0,208.0,194.0,274.0,artificial_jewellery,video_20260404_115542,frame_005670.jpg,005670,heuristic
small_object_proposal,-1,1.0,1238.0,333.0,1322.0,369.0,artificial_jewellery,video_20260404_115542,frame_005670.jpg,005670,heuristic
small_object_proposal,-1,1.0,1595.0,11.0,1655.0,60.0,artificial_jewellery,video_20260404_115542,frame_005670.jpg,005670,heuristic
small_object_proposal,-1,1.0,1226.0,821.0,1263.0,898.0,artificial_jewellery,video_20260404_115542,frame_005670.jpg,005670,heuristic
small_object_proposal,-1,1.0,168.0,80.0,196.0,181.0,artificial_jewellery,video_20260404_115542,frame_005670.jpg,005670,heuristic
small_object_proposal,-1,1.0,1050.0,964.0,1114.0,1008.0,artificial_jewellery,video_20260404_115542,frame_005670.jpg,005670,heuristic
small_object_proposal,-1,1.0,1432.0,491.0,1532.0,519.0,artificial_jewellery,video_20260404_115542,frame_005670.jpg,005670,heuristic
small_object_proposal,-1,1.0,310.0,253.0,356.0,312.0,artificial_jewellery,video_20260404_115542,frame_005670.jpg,005670,heuristic
small_object_proposal,-1,1.0,337.0,154.0,372.0,223.0,artificial_jewellery,video_20260404_115542,frame_005670.jpg,005670,heuristic
small_object_proposal,-1,1.0,1141.0,1012.0,1189.0,1062.0,artificial_jewellery,video_20260404_115542,frame_005670.jpg,005670,heuristic
small_object_proposal,-1,1.0,954.0,71.0,1042.0,97.0,artificial_jewellery,video_20260404_115542,frame_005670.jpg,005670,heuristic
small_object_proposal,-1,1.0,1208.0,595.0,1258.0,640.0,artificial_jewellery,video_20260404_115542,frame_005670.jpg,005670,heuristic
small_object_proposal,-1,1.0,1639.0,128.0,1718.0,156.0,artificial_jewellery,video_20260404_115542,frame_005670.jpg,005670,heuristic
small_object_proposal,-1,1.0,958.0,795.0,1005.0,836.0,artificial_jewellery,video_20260404_115542,frame_005670.jpg,005670,heuristic
small_object_proposal,-1,1.0,279.0,747.0,327.0,787.0,artificial_jewellery,video_20260404_115542,frame_005670.jpg,005670,heuristic
small_object_proposal,-1,1.0,681.0,806.0,737.0,839.0,artificial_jewellery,video_20260404_115542,frame_005670.jpg,005670,heuristic
small_object_proposal,-1,1.0,147.0,36.0,206.0,67.0,artificial_jewellery,video_20260404_115542,frame_005670.jpg,005670,heuristic
small_object_proposal,-1,1.0,382.0,861.0,412.0,921.0,artificial_jewellery,video_20260404_115542,frame_005670.jpg,005670,heuristic
small_object_proposal,-1,1.0,647.0,821.0,700.0,852.0,artificial_jewellery,video_20260404_115542,frame_005670.jpg,005670,heuristic
small_object_proposal,-1,1.0,1471.0,920.0,1514.0,957.0,artificial_jewellery,video_20260404_115542,frame_005670.jpg,005670,heuristic
small_object_proposal,-1,1.0,74.0,250.0,111.0,291.0,artificial_jewellery,video_20260404_115542,frame_005670.jpg,005670,heuristic
small_object_proposal,-1,1.0,981.0,1019.0,1034.0,1046.0,artificial_jewellery,video_20260404_115542,frame_005670.jpg,005670,heuristic
small_object_proposal,-1,1.0,503.0,28.0,564.0,51.0,artificial_jewellery,video_20260404_115542,frame_005670.jpg,005670,heuristic
small_object_proposal,-1,1.0,499.0,65.0,528.0,111.0,artificial_jewellery,video_20260404_115542,frame_005670.jpg,005670,heuristic
small_object_proposal,-1,1.0,1322.0,991.0,1359.0,1027.0,artificial_jewellery,video_20260404_115542,frame_005670.jpg,005670,heuristic
small_object_proposal,-1,1.0,1240.0,334.0,1288.0,360.0,artificial_jewellery,video_20260404_115542,frame_005670.jpg,005670,heuristic
person,0,0.6677181124687195,232.2864990234375,0.0,1912.2886962890625,1062.679443359375,artificial_jewellery,video_20260404_115542,frame_005700.jpg,005700,yolo
small_object_proposal,-1,1.0,1537.0,238.0,1581.0,347.0,artificial_jewellery,video_20260404_115542,frame_005700.jpg,005700,heuristic
small_object_proposal,-1,1.0,1178.0,936.0,1220.0,1021.0,artificial_jewellery,video_20260404_115542,frame_005700.jpg,005700,heuristic
small_object_proposal,-1,1.0,242.0,35.0,292.0,105.0,artificial_jewellery,video_20260404_115542,frame_005700.jpg,005700,heuristic
small_object_proposal,-1,1.0,197.0,872.0,244.0,946.0,artificial_jewellery,video_20260404_115542,frame_005700.jpg,005700,heuristic
small_object_proposal,-1,1.0,1391.0,255.0,1450.0,313.0,artificial_jewellery,video_20260404_115542,frame_005700.jpg,005700,heuristic
small_object_proposal,-1,1.0,386.0,865.0,438.0,930.0,artificial_jewellery,video_20260404_115542,frame_005700.jpg,005700,heuristic
small_object_proposal,-1,1.0,1320.0,980.0,1373.0,1038.0,artificial_jewellery,video_20260404_115542,frame_005700.jpg,005700,heuristic
small_object_proposal,-1,1.0,1115.0,409.0,1152.0,492.0,artificial_jewellery,video_20260404_115542,frame_005700.jpg,005700,heuristic
small_object_proposal,-1,1.0,1204.0,604.0,1260.0,655.0,artificial_jewellery,video_20260404_115542,frame_005700.jpg,005700,heuristic
small_object_proposal,-1,1.0,515.0,81.0,566.0,137.0,artificial_jewellery,video_20260404_115542,frame_005700.jpg,005700,heuristic
small_object_proposal,-1,1.0,1052.0,974.0,1114.0,1017.0,artificial_jewellery,video_20260404_115542,frame_005700.jpg,005700,heuristic
small_object_proposal,-1,1.0,1150.0,647.0,1203.0,697.0,artificial_jewellery,video_20260404_115542,frame_005700.jpg,005700,heuristic
small_object_proposal,-1,1.0,1545.0,599.0,1599.0,644.0,artificial_jewellery,video_20260404_115542,frame_005700.jpg,005700,heuristic
small_object_proposal,-1,1.0,1097.0,945.0,1150.0,988.0,artificial_jewellery,video_20260404_115542,frame_005700.jpg,005700,heuristic
small_object_proposal,-1,1.0,183.0,233.0,222.0,291.0,artificial_jewellery,video_20260404_115542,frame_005700.jpg,005700,heuristic
small_object_proposal,-1,1.0,1357.0,468.0,1408.0,509.0,artificial_jewellery,video_20260404_115542,frame_005700.jpg,005700,heuristic
small_object_proposal,-1,1.0,1140.0,1022.0,1185.0,1068.0,artificial_jewellery,video_20260404_115542,frame_005700.jpg,005700,heuristic
small_object_proposal,-1,1.0,175.0,64.0,233.0,96.0,artificial_jewellery,video_20260404_115542,frame_005700.jpg,005700,heuristic
small_object_proposal,-1,1.0,54.0,832.0,89.0,885.0,artificial_jewellery,video_20260404_115542,frame_005700.jpg,005700,heuristic
small_object_proposal,-1,1.0,969.0,806.0,1009.0,849.0,artificial_jewellery,video_20260404_115542,frame_005700.jpg,005700,heuristic
small_object_proposal,-1,1.0,366.0,177.0,391.0,243.0,artificial_jewellery,video_20260404_115542,frame_005700.jpg,005700,heuristic
small_object_proposal,-1,1.0,959.0,809.0,1000.0,848.0,artificial_jewellery,video_20260404_115542,frame_005700.jpg,005700,heuristic
small_object_proposal,-1,1.0,519.0,56.0,578.0,79.0,artificial_jewellery,video_20260404_115542,frame_005700.jpg,005700,heuristic
small_object_proposal,-1,1.0,1760.0,225.0,1812.0,251.0,artificial_jewellery,video_20260404_115542,frame_005700.jpg,005700,heuristic
small_object_proposal,-1,1.0,980.0,1030.0,1036.0,1054.0,artificial_jewellery,video_20260404_115542,frame_005700.jpg,005700,heuristic
small_object_proposal,-1,1.0,1329.0,11.0,1360.0,54.0,artificial_jewellery,video_20260404_115542,frame_005700.jpg,005700,heuristic
small_object_proposal,-1,1.0,1346.0,424.0,1372.0,474.0,artificial_jewellery,video_20260404_115542,frame_005700.jpg,005700,heuristic
small_object_proposal,-1,1.0,1642.0,510.0,1678.0,543.0,artificial_jewellery,video_20260404_115542,frame_005700.jpg,005700,heuristic
small_object_proposal,-1,1.0,1170.0,832.0,1190.0,890.0,artificial_jewellery,video_20260404_115542,frame_005700.jpg,005700,heuristic
small_object_proposal,-1,1.0,1100.0,859.0,1142.0,884.0,artificial_jewellery,video_20260404_115542,frame_005700.jpg,005700,heuristic
person,0,0.5891773104667664,440.78594970703125,247.66122436523438,1908.342041015625,1066.359619140625,artificial_jewellery,video_20260404_115542,frame_005730.jpg,005730,yolo
small_object_proposal,-1,1.0,1092.0,738.0,1159.0,812.0,artificial_jewellery,video_20260404_115542,frame_005730.jpg,005730,heuristic
small_object_proposal,-1,1.0,1807.0,783.0,1863.0,866.0,artificial_jewellery,video_20260404_115542,frame_005730.jpg,005730,heuristic
small_object_proposal,-1,1.0,1763.0,22.0,1819.0,105.0,artificial_jewellery,video_20260404_115542,frame_005730.jpg,005730,heuristic
small_object_proposal,-1,1.0,419.0,892.0,493.0,950.0,artificial_jewellery,video_20260404_115542,frame_005730.jpg,005730,heuristic
small_object_proposal,-1,1.0,1483.0,626.0,1542.0,691.0,artificial_jewellery,video_20260404_115542,frame_005730.jpg,005730,heuristic
small_object_proposal,-1,1.0,632.0,851.0,693.0,905.0,artificial_jewellery,video_20260404_115542,frame_005730.jpg,005730,heuristic
small_object_proposal,-1,1.0,1567.0,702.0,1618.0,760.0,artificial_jewellery,video_20260404_115542,frame_005730.jpg,005730,heuristic
small_object_proposal,-1,1.0,392.0,224.0,437.0,285.0,artificial_jewellery,video_20260404_115542,frame_005730.jpg,005730,heuristic
small_object_proposal,-1,1.0,672.0,805.0,732.0,850.0,artificial_jewellery,video_20260404_115542,frame_005730.jpg,005730,heuristic
small_object_proposal,-1,1.0,560.0,125.0,609.0,179.0,artificial_jewellery,video_20260404_115542,frame_005730.jpg,005730,heuristic
small_object_proposal,-1,1.0,1344.0,455.0,1384.0,514.0,artificial_jewellery,video_20260404_115542,frame_005730.jpg,005730,heuristic
small_object_proposal,-1,1.0,1567.0,973.0,1630.0,1008.0,artificial_jewellery,video_20260404_115542,frame_005730.jpg,005730,heuristic
small_object_proposal,-1,1.0,213.0,887.0,264.0,928.0,artificial_jewellery,video_20260404_115542,frame_005730.jpg,005730,heuristic
small_object_proposal,-1,1.0,716.0,860.0,775.0,894.0,artificial_jewellery,video_20260404_115542,frame_005730.jpg,005730,heuristic
small_object_proposal,-1,1.0,103.0,860.0,136.0,913.0,artificial_jewellery,video_20260404_115542,frame_005730.jpg,005730,heuristic
small_object_proposal,-1,1.0,1095.0,998.0,1139.0,1036.0,artificial_jewellery,video_20260404_115542,frame_005730.jpg,005730,heuristic
small_object_proposal,-1,1.0,1505.0,1013.0,1550.0,1050.0,artificial_jewellery,video_20260404_115542,frame_005730.jpg,005730,heuristic
small_object_proposal,-1,1.0,1263.0,609.0,1309.0,645.0,artificial_jewellery,video_20260404_115542,frame_005730.jpg,005730,heuristic
small_object_proposal,-1,1.0,796.0,786.0,843.0,821.0,artificial_jewellery,video_20260404_115542,frame_005730.jpg,005730,heuristic
small_object_proposal,-1,1.0,1702.0,853.0,1778.0,872.0,artificial_jewellery,video_20260404_115542,frame_005730.jpg,005730,heuristic
small_object_proposal,-1,1.0,1784.0,258.0,1835.0,286.0,artificial_jewellery,video_20260404_115542,frame_005730.jpg,005730,heuristic
small_object_proposal,-1,1.0,1112.0,926.0,1142.0,971.0,artificial_jewellery,video_20260404_115542,frame_005730.jpg,005730,heuristic
small_object_proposal,-1,1.0,164.0,734.0,193.0,780.0,artificial_jewellery,video_20260404_115542,frame_005730.jpg,005730,heuristic
small_object_proposal,-1,1.0,1126.0,861.0,1170.0,890.0,artificial_jewellery,video_20260404_115542,frame_005730.jpg,005730,heuristic
small_object_proposal,-1,1.0,1009.0,1048.0,1062.0,1072.0,artificial_jewellery,video_20260404_115542,frame_005730.jpg,005730,heuristic
small_object_proposal,-1,1.0,1380.0,503.0,1408.0,547.0,artificial_jewellery,video_20260404_115542,frame_005730.jpg,005730,heuristic
small_object_proposal,-1,1.0,564.0,101.0,620.0,123.0,artificial_jewellery,video_20260404_115542,frame_005730.jpg,005730,heuristic
small_object_proposal,-1,1.0,1770.0,621.0,1795.0,667.0,artificial_jewellery,video_20260404_115542,frame_005730.jpg,005730,heuristic
small_object_proposal,-1,1.0,1354.0,53.0,1383.0,91.0,artificial_jewellery,video_20260404_115542,frame_005730.jpg,005730,heuristic
small_object_proposal,-1,1.0,1193.0,415.0,1214.0,467.0,artificial_jewellery,video_20260404_115542,frame_005730.jpg,005730,heuristic
person,0,0.4772312641143799,68.8553466796875,141.77536010742188,1910.54296875,1070.0726318359375,artificial_jewellery,video_20260404_115542,frame_005760.jpg,005760,yolo
small_object_proposal,-1,1.0,1125.0,440.0,1207.0,492.0,artificial_jewellery,video_20260404_115542,frame_005760.jpg,005760,heuristic
small_object_proposal,-1,1.0,1633.0,270.0,1714.0,319.0,artificial_jewellery,video_20260404_115542,frame_005760.jpg,005760,heuristic
small_object_proposal,-1,1.0,269.0,29.0,320.0,95.0,artificial_jewellery,video_20260404_115542,frame_005760.jpg,005760,heuristic
small_object_proposal,-1,1.0,1800.0,229.0,1858.0,287.0,artificial_jewellery,video_20260404_115542,frame_005760.jpg,005760,heuristic
small_object_proposal,-1,1.0,415.0,877.0,479.0,929.0,artificial_jewellery,video_20260404_115542,frame_005760.jpg,005760,heuristic
small_object_proposal,-1,1.0,1130.0,871.0,1195.0,922.0,artificial_jewellery,video_20260404_115542,frame_005760.jpg,005760,heuristic
small_object_proposal,-1,1.0,371.0,177.0,417.0,244.0,artificial_jewellery,video_20260404_115542,frame_005760.jpg,005760,heuristic
small_object_proposal,-1,1.0,1349.0,999.0,1403.0,1055.0,artificial_jewellery,video_20260404_115542,frame_005760.jpg,005760,heuristic
small_object_proposal,-1,1.0,1568.0,239.0,1625.0,291.0,artificial_jewellery,video_20260404_115542,frame_005760.jpg,005760,heuristic
small_object_proposal,-1,1.0,544.0,75.0,594.0,132.0,artificial_jewellery,video_20260404_115542,frame_005760.jpg,005760,heuristic
small_object_proposal,-1,1.0,326.0,248.0,369.0,310.0,artificial_jewellery,video_20260404_115542,frame_005760.jpg,005760,heuristic
small_object_proposal,-1,1.0,1106.0,797.0,1167.0,836.0,artificial_jewellery,video_20260404_115542,frame_005760.jpg,005760,heuristic
small_object_proposal,-1,1.0,174.0,786.0,211.0,849.0,artificial_jewellery,video_20260404_115542,frame_005760.jpg,005760,heuristic
small_object_proposal,-1,1.0,1638.0,514.0,1701.0,551.0,artificial_jewellery,video_20260404_115542,frame_005760.jpg,005760,heuristic
small_object_proposal,-1,1.0,1313.0,406.0,1369.0,446.0,artificial_jewellery,video_20260404_115542,frame_005760.jpg,005760,heuristic
small_object_proposal,-1,1.0,1197.0,845.0,1220.0,941.0,artificial_jewellery,video_20260404_115542,frame_005760.jpg,005760,heuristic
small_object_proposal,-1,1.0,1724.0,765.0,1770.0,812.0,artificial_jewellery,video_20260404_115542,frame_005760.jpg,005760,heuristic
small_object_proposal,-1,1.0,1167.0,1027.0,1211.0,1074.0,artificial_jewellery,video_20260404_115542,frame_005760.jpg,005760,heuristic
small_object_proposal,-1,1.0,1461.0,270.0,1508.0,314.0,artificial_jewellery,video_20260404_115542,frame_005760.jpg,005760,heuristic
small_object_proposal,-1,1.0,1446.0,344.0,1494.0,386.0,artificial_jewellery,video_20260404_115542,frame_005760.jpg,005760,heuristic
small_object_proposal,-1,1.0,1712.0,644.0,1772.0,674.0,artificial_jewellery,video_20260404_115542,frame_005760.jpg,005760,heuristic
small_object_proposal,-1,1.0,1096.0,982.0,1141.0,1020.0,artificial_jewellery,video_20260404_115542,frame_005760.jpg,005760,heuristic
small_object_proposal,-1,1.0,715.0,851.0,777.0,878.0,artificial_jewellery,video_20260404_115542,frame_005760.jpg,005760,heuristic
small_object_proposal,-1,1.0,1730.0,241.0,1787.0,268.0,artificial_jewellery,video_20260404_115542,frame_005760.jpg,005760,heuristic
small_object_proposal,-1,1.0,1008.0,1031.0,1063.0,1057.0,artificial_jewellery,video_20260404_115542,frame_005760.jpg,005760,heuristic
small_object_proposal,-1,1.0,548.0,50.0,607.0,73.0,artificial_jewellery,video_20260404_115542,frame_005760.jpg,005760,heuristic
small_object_proposal,-1,1.0,1024.0,644.0,1056.0,686.0,artificial_jewellery,video_20260404_115542,frame_005760.jpg,005760,heuristic
small_object_proposal,-1,1.0,1127.0,838.0,1172.0,867.0,artificial_jewellery,video_20260404_115542,frame_005760.jpg,005760,heuristic
small_object_proposal,-1,1.0,1863.0,498.0,1908.0,525.0,artificial_jewellery,video_20260404_115542,frame_005760.jpg,005760,heuristic
small_object_proposal,-1,1.0,2.0,526.0,33.0,565.0,artificial_jewellery,video_20260404_115542,frame_005760.jpg,005760,heuristic
person,0,0.4802683889865875,103.1466064453125,96.27676391601562,1912.3385009765625,1072.785400390625,artificial_jewellery,video_20260404_115542,frame_005790.jpg,005790,yolo
small_object_proposal,-1,1.0,1384.0,407.0,1441.0,493.0,artificial_jewellery,video_20260404_115542,frame_005790.jpg,005790,heuristic
small_object_proposal,-1,1.0,1552.0,249.0,1609.0,334.0,artificial_jewellery,video_20260404_115542,frame_005790.jpg,005790,heuristic
small_object_proposal,-1,1.0,381.0,856.0,470.0,910.0,artificial_jewellery,video_20260404_115542,frame_005790.jpg,005790,heuristic
small_object_proposal,-1,1.0,1472.0,221.0,1527.0,292.0,artificial_jewellery,video_20260404_115542,frame_005790.jpg,005790,heuristic
small_object_proposal,-1,1.0,244.0,206.0,297.0,277.0,artificial_jewellery,video_20260404_115542,frame_005790.jpg,005790,heuristic
small_object_proposal,-1,1.0,1157.0,451.0,1232.0,498.0,artificial_jewellery,video_20260404_115542,frame_005790.jpg,005790,heuristic
small_object_proposal,-1,1.0,1202.0,929.0,1250.0,1000.0,artificial_jewellery,video_20260404_115542,frame_005790.jpg,005790,heuristic
small_object_proposal,-1,1.0,704.0,821.0,779.0,863.0,artificial_jewellery,video_20260404_115542,frame_005790.jpg,005790,heuristic
small_object_proposal,-1,1.0,309.0,214.0,361.0,272.0,artificial_jewellery,video_20260404_115542,frame_005790.jpg,005790,heuristic
small_object_proposal,-1,1.0,1290.0,14.0,1342.0,69.0,artificial_jewellery,video_20260404_115542,frame_005790.jpg,005790,heuristic
small_object_proposal,-1,1.0,1239.0,594.0,1294.0,642.0,artificial_jewellery,video_20260404_115542,frame_005790.jpg,005790,heuristic
small_object_proposal,-1,1.0,1171.0,1007.0,1217.0,1053.0,artificial_jewellery,video_20260404_115542,frame_005790.jpg,005790,heuristic
small_object_proposal,-1,1.0,1127.0,934.0,1178.0,973.0,artificial_jewellery,video_20260404_115542,frame_005790.jpg,005790,heuristic
small_object_proposal,-1,1.0,187.0,13.0,245.0,46.0,artificial_jewellery,video_20260404_115542,frame_005790.jpg,005790,heuristic
small_object_proposal,-1,1.0,1241.0,289.0,1305.0,317.0,artificial_jewellery,video_20260404_115542,frame_005790.jpg,005790,heuristic
small_object_proposal,-1,1.0,1097.0,961.0,1144.0,999.0,artificial_jewellery,video_20260404_115542,frame_005790.jpg,005790,heuristic
small_object_proposal,-1,1.0,34.0,375.0,89.0,406.0,artificial_jewellery,video_20260404_115542,frame_005790.jpg,005790,heuristic
small_object_proposal,-1,1.0,1009.0,1010.0,1065.0,1038.0,artificial_jewellery,video_20260404_115542,frame_005790.jpg,005790,heuristic
small_object_proposal,-1,1.0,1130.0,820.0,1175.0,849.0,artificial_jewellery,video_20260404_115542,frame_005790.jpg,005790,heuristic
small_object_proposal,-1,1.0,1459.0,384.0,1488.0,428.0,artificial_jewellery,video_20260404_115542,frame_005790.jpg,005790,heuristic
small_object_proposal,-1,1.0,1116.0,885.0,1143.0,929.0,artificial_jewellery,video_20260404_115542,frame_005790.jpg,005790,heuristic
small_object_proposal,-1,1.0,990.0,798.0,1023.0,832.0,artificial_jewellery,video_20260404_115542,frame_005790.jpg,005790,heuristic
small_object_proposal,-1,1.0,624.0,809.0,651.0,847.0,artificial_jewellery,video_20260404_115542,frame_005790.jpg,005790,heuristic
small_object_proposal,-1,1.0,1150.0,445.0,1181.0,478.0,artificial_jewellery,video_20260404_115542,frame_005790.jpg,005790,heuristic
small_object_proposal,-1,1.0,1347.0,286.0,1381.0,315.0,artificial_jewellery,video_20260404_115542,frame_005790.jpg,005790,heuristic
small_object_proposal,-1,1.0,1368.0,214.0,1394.0,251.0,artificial_jewellery,video_20260404_115542,frame_005790.jpg,005790,heuristic
small_object_proposal,-1,1.0,1440.0,238.0,1474.0,265.0,artificial_jewellery,video_20260404_115542,frame_005790.jpg,005790,heuristic
small_object_proposal,-1,1.0,231.0,271.0,270.0,294.0,artificial_jewellery,video_20260404_115542,frame_005790.jpg,005790,heuristic
small_object_proposal,-1,1.0,1594.0,287.0,1641.0,306.0,artificial_jewellery,video_20260404_115542,frame_005790.jpg,005790,heuristic
small_object_proposal,-1,1.0,1005.0,176.0,1015.0,263.0,artificial_jewellery,video_20260404_115542,frame_005790.jpg,005790,heuristic
person,0,0.5937029123306274,102.12872314453125,101.99441528320312,1914.0513916015625,1066.5272216796875,artificial_jewellery,video_20260404_115542,frame_005820.jpg,005820,yolo
small_object_proposal,-1,1.0,1767.0,526.0,1885.0,563.0,artificial_jewellery,video_20260404_115542,frame_005820.jpg,005820,heuristic
small_object_proposal,-1,1.0,1144.0,807.0,1221.0,863.0,artificial_jewellery,video_20260404_115542,frame_005820.jpg,005820,heuristic
small_object_proposal,-1,1.0,1284.0,957.0,1325.0,1062.0,artificial_jewellery,video_20260404_115542,frame_005820.jpg,005820,heuristic
small_object_proposal,-1,1.0,1209.0,717.0,1270.0,785.0,artificial_jewellery,video_20260404_115542,frame_005820.jpg,005820,heuristic
small_object_proposal,-1,1.0,428.0,832.0,494.0,886.0,artificial_jewellery,video_20260404_115542,frame_005820.jpg,005820,heuristic
small_object_proposal,-1,1.0,1578.0,860.0,1654.0,904.0,artificial_jewellery,video_20260404_115542,frame_005820.jpg,005820,heuristic
small_object_proposal,-1,1.0,551.0,4.0,604.0,66.0,artificial_jewellery,video_20260404_115542,frame_005820.jpg,005820,heuristic
small_object_proposal,-1,1.0,997.0,768.0,1051.0,825.0,artificial_jewellery,video_20260404_115542,frame_005820.jpg,005820,heuristic
small_object_proposal,-1,1.0,1088.0,936.0,1151.0,981.0,artificial_jewellery,video_20260404_115542,frame_005820.jpg,005820,heuristic
small_object_proposal,-1,1.0,248.0,178.0,286.0,248.0,artificial_jewellery,video_20260404_115542,frame_005820.jpg,005820,heuristic
small_object_proposal,-1,1.0,1121.0,764.0,1180.0,801.0,artificial_jewellery,video_20260404_115542,frame_005820.jpg,005820,heuristic
small_object_proposal,-1,1.0,1179.0,988.0,1223.0,1034.0,artificial_jewellery,video_20260404_115542,frame_005820.jpg,005820,heuristic
small_object_proposal,-1,1.0,1004.0,784.0,1045.0,829.0,artificial_jewellery,video_20260404_115542,frame_005820.jpg,005820,heuristic
small_object_proposal,-1,1.0,1370.0,833.0,1397.0,895.0,artificial_jewellery,video_20260404_115542,frame_005820.jpg,005820,heuristic
small_object_proposal,-1,1.0,70.0,795.0,104.0,842.0,artificial_jewellery,video_20260404_115542,frame_005820.jpg,005820,heuristic
small_object_proposal,-1,1.0,1492.0,1051.0,1571.0,1071.0,artificial_jewellery,video_20260404_115542,frame_005820.jpg,005820,heuristic
small_object_proposal,-1,1.0,1838.0,196.0,1892.0,225.0,artificial_jewellery,video_20260404_115542,frame_005820.jpg,005820,heuristic
small_object_proposal,-1,1.0,1487.0,235.0,1523.0,275.0,artificial_jewellery,video_20260404_115542,frame_005820.jpg,005820,heuristic
small_object_proposal,-1,1.0,1016.0,992.0,1072.0,1017.0,artificial_jewellery,video_20260404_115542,frame_005820.jpg,005820,heuristic
small_object_proposal,-1,1.0,715.0,835.0,770.0,858.0,artificial_jewellery,video_20260404_115542,frame_005820.jpg,005820,heuristic
small_object_proposal,-1,1.0,1379.0,19.0,1427.0,45.0,artificial_jewellery,video_20260404_115542,frame_005820.jpg,005820,heuristic
small_object_proposal,-1,1.0,1709.0,498.0,1744.0,532.0,artificial_jewellery,video_20260404_115542,frame_005820.jpg,005820,heuristic
small_object_proposal,-1,1.0,1200.0,441.0,1236.0,472.0,artificial_jewellery,video_20260404_115542,frame_005820.jpg,005820,heuristic
small_object_proposal,-1,1.0,1127.0,876.0,1154.0,917.0,artificial_jewellery,video_20260404_115542,frame_005820.jpg,005820,heuristic
small_object_proposal,-1,1.0,1496.0,1028.0,1543.0,1051.0,artificial_jewellery,video_20260404_115542,frame_005820.jpg,005820,heuristic
small_object_proposal,-1,1.0,1391.0,232.0,1422.0,265.0,artificial_jewellery,video_20260404_115542,frame_005820.jpg,005820,heuristic
small_object_proposal,-1,1.0,1400.0,389.0,1436.0,417.0,artificial_jewellery,video_20260404_115542,frame_005820.jpg,005820,heuristic
small_object_proposal,-1,1.0,1672.0,176.0,1713.0,197.0,artificial_jewellery,video_20260404_115542,frame_005820.jpg,005820,heuristic
small_object_proposal,-1,1.0,1143.0,841.0,1186.0,861.0,artificial_jewellery,video_20260404_115542,frame_005820.jpg,005820,heuristic
small_object_proposal,-1,1.0,558.0,327.0,570.0,398.0,artificial_jewellery,video_20260404_115542,frame_005820.jpg,005820,heuristic
person,0,0.7584749460220337,122.7623291015625,0.0,1899.0096435546875,1073.9205322265625,artificial_jewellery,video_20260404_115542,frame_006060.jpg,006060,yolo
small_object_proposal,-1,1.0,1452.0,199.0,1520.0,271.0,artificial_jewellery,video_20260404_115542,frame_006060.jpg,006060,heuristic
small_object_proposal,-1,1.0,1038.0,772.0,1113.0,830.0,artificial_jewellery,video_20260404_115542,frame_006060.jpg,006060,heuristic
small_object_proposal,-1,1.0,244.0,191.0,298.0,266.0,artificial_jewellery,video_20260404_115542,frame_006060.jpg,006060,heuristic
small_object_proposal,-1,1.0,948.0,235.0,1009.0,301.0,artificial_jewellery,video_20260404_115542,frame_006060.jpg,006060,heuristic
small_object_proposal,-1,1.0,1066.0,680.0,1167.0,717.0,artificial_jewellery,video_20260404_115542,frame_006060.jpg,006060,heuristic
small_object_proposal,-1,1.0,1336.0,10.0,1448.0,42.0,artificial_jewellery,video_20260404_115542,frame_006060.jpg,006060,heuristic
small_object_proposal,-1,1.0,388.0,842.0,451.0,896.0,artificial_jewellery,video_20260404_115542,frame_006060.jpg,006060,heuristic
small_object_proposal,-1,1.0,1127.0,436.0,1179.0,501.0,artificial_jewellery,video_20260404_115542,frame_006060.jpg,006060,heuristic
small_object_proposal,-1,1.0,365.0,135.0,411.0,203.0,artificial_jewellery,video_20260404_115542,frame_006060.jpg,006060,heuristic
small_object_proposal,-1,1.0,638.0,825.0,715.0,864.0,artificial_jewellery,video_20260404_115542,frame_006060.jpg,006060,heuristic
small_object_proposal,-1,1.0,1005.0,61.0,1073.0,105.0,artificial_jewellery,video_20260404_115542,frame_006060.jpg,006060,heuristic
small_object_proposal,-1,1.0,1071.0,716.0,1114.0,781.0,artificial_jewellery,video_20260404_115542,frame_006060.jpg,006060,heuristic
small_object_proposal,-1,1.0,374.0,205.0,417.0,257.0,artificial_jewellery,video_20260404_115542,frame_006060.jpg,006060,heuristic
small_object_proposal,-1,1.0,1584.0,888.0,1683.0,907.0,artificial_jewellery,video_20260404_115542,frame_006060.jpg,006060,heuristic
small_object_proposal,-1,1.0,1140.0,1005.0,1181.0,1050.0,artificial_jewellery,video_20260404_115542,frame_006060.jpg,006060,heuristic
small_object_proposal,-1,1.0,694.0,821.0,744.0,855.0,artificial_jewellery,video_20260404_115542,frame_006060.jpg,006060,heuristic
small_object_proposal,-1,1.0,1306.0,293.0,1343.0,337.0,artificial_jewellery,video_20260404_115542,frame_006060.jpg,006060,heuristic
small_object_proposal,-1,1.0,1104.0,825.0,1155.0,853.0,artificial_jewellery,video_20260404_115542,frame_006060.jpg,006060,heuristic
small_object_proposal,-1,1.0,1481.0,691.0,1506.0,748.0,artificial_jewellery,video_20260404_115542,frame_006060.jpg,006060,heuristic
small_object_proposal,-1,1.0,1784.0,244.0,1836.0,271.0,artificial_jewellery,video_20260404_115542,frame_006060.jpg,006060,heuristic
small_object_proposal,-1,1.0,977.0,1009.0,1033.0,1034.0,artificial_jewellery,video_20260404_115542,frame_006060.jpg,006060,heuristic
small_object_proposal,-1,1.0,1238.0,850.0,1265.0,901.0,artificial_jewellery,video_20260404_115542,frame_006060.jpg,006060,heuristic
small_object_proposal,-1,1.0,1072.0,964.0,1112.0,998.0,artificial_jewellery,video_20260404_115542,frame_006060.jpg,006060,heuristic
small_object_proposal,-1,1.0,1198.0,482.0,1261.0,501.0,artificial_jewellery,video_20260404_115542,frame_006060.jpg,006060,heuristic
small_object_proposal,-1,1.0,1346.0,601.0,1379.0,636.0,artificial_jewellery,video_20260404_115542,frame_006060.jpg,006060,heuristic
small_object_proposal,-1,1.0,1235.0,392.0,1259.0,437.0,artificial_jewellery,video_20260404_115542,frame_006060.jpg,006060,heuristic
small_object_proposal,-1,1.0,174.0,28.0,210.0,53.0,artificial_jewellery,video_20260404_115542,frame_006060.jpg,006060,heuristic
small_object_proposal,-1,1.0,325.0,208.0,359.0,234.0,artificial_jewellery,video_20260404_115542,frame_006060.jpg,006060,heuristic
small_object_proposal,-1,1.0,1161.0,833.0,1182.0,872.0,artificial_jewellery,video_20260404_115542,frame_006060.jpg,006060,heuristic
small_object_proposal,-1,1.0,1101.0,797.0,1140.0,818.0,artificial_jewellery,video_20260404_115542,frame_006060.jpg,006060,heuristic
person,0,0.7542922496795654,261.07672119140625,10.02593994140625,1905.3212890625,1065.486572265625,artificial_jewellery,video_20260404_115542,frame_006090.jpg,006090,yolo
small_object_proposal,-1,1.0,1487.0,308.0,1583.0,359.0,artificial_jewellery,video_20260404_115542,frame_006090.jpg,006090,heuristic
small_object_proposal,-1,1.0,1491.0,613.0,1516.0,792.0,artificial_jewellery,video_20260404_115542,frame_006090.jpg,006090,heuristic
small_object_proposal,-1,1.0,344.0,170.0,394.0,258.0,artificial_jewellery,video_20260404_115542,frame_006090.jpg,006090,heuristic
small_object_proposal,-1,1.0,1832.0,5.0,1876.0,92.0,artificial_jewellery,video_20260404_115542,frame_006090.jpg,006090,heuristic
small_object_proposal,-1,1.0,1685.0,703.0,1735.0,776.0,artificial_jewellery,video_20260404_115542,frame_006090.jpg,006090,heuristic
small_object_proposal,-1,1.0,1204.0,752.0,1256.0,818.0,artificial_jewellery,video_20260404_115542,frame_006090.jpg,006090,heuristic
small_object_proposal,-1,1.0,584.0,14.0,635.0,77.0,artificial_jewellery,video_20260404_115542,frame_006090.jpg,006090,heuristic
small_object_proposal,-1,1.0,1210.0,937.0,1253.0,1011.0,artificial_jewellery,video_20260404_115542,frame_006090.jpg,006090,heuristic
small_object_proposal,-1,1.0,1097.0,681.0,1194.0,713.0,artificial_jewellery,video_20260404_115542,frame_006090.jpg,006090,heuristic
small_object_proposal,-1,1.0,165.0,733.0,208.0,804.0,artificial_jewellery,video_20260404_115542,frame_006090.jpg,006090,heuristic
small_object_proposal,-1,1.0,574.0,227.0,613.0,301.0,artificial_jewellery,video_20260404_115542,frame_006090.jpg,006090,heuristic
small_object_proposal,-1,1.0,273.0,175.0,313.0,243.0,artificial_jewellery,video_20260404_115542,frame_006090.jpg,006090,heuristic
small_object_proposal,-1,1.0,1690.0,1050.0,1782.0,1077.0,artificial_jewellery,video_20260404_115542,frame_006090.jpg,006090,heuristic
small_object_proposal,-1,1.0,961.0,19.0,1030.0,52.0,artificial_jewellery,video_20260404_115542,frame_006090.jpg,006090,heuristic
small_object_proposal,-1,1.0,995.0,794.0,1044.0,840.0,artificial_jewellery,video_20260404_115542,frame_006090.jpg,006090,heuristic
small_object_proposal,-1,1.0,1466.0,6.0,1510.0,54.0,artificial_jewellery,video_20260404_115542,frame_006090.jpg,006090,heuristic
small_object_proposal,-1,1.0,1270.0,965.0,1326.0,1001.0,artificial_jewellery,video_20260404_115542,frame_006090.jpg,006090,heuristic
small_object_proposal,-1,1.0,1178.0,1005.0,1220.0,1050.0,artificial_jewellery,video_20260404_115542,frame_006090.jpg,006090,heuristic
small_object_proposal,-1,1.0,1104.0,956.0,1150.0,996.0,artificial_jewellery,video_20260404_115542,frame_006090.jpg,006090,heuristic
small_object_proposal,-1,1.0,1529.0,197.0,1578.0,228.0,artificial_jewellery,video_20260404_115542,frame_006090.jpg,006090,heuristic
small_object_proposal,-1,1.0,700.0,850.0,758.0,876.0,artificial_jewellery,video_20260404_115542,frame_006090.jpg,006090,heuristic
small_object_proposal,-1,1.0,1462.0,567.0,1497.0,610.0,artificial_jewellery,video_20260404_115542,frame_006090.jpg,006090,heuristic
small_object_proposal,-1,1.0,1551.0,375.0,1626.0,395.0,artificial_jewellery,video_20260404_115542,frame_006090.jpg,006090,heuristic
small_object_proposal,-1,1.0,861.0,887.0,893.0,933.0,artificial_jewellery,video_20260404_115542,frame_006090.jpg,006090,heuristic
small_object_proposal,-1,1.0,1017.0,1004.0,1071.0,1030.0,artificial_jewellery,video_20260404_115542,frame_006090.jpg,006090,heuristic
small_object_proposal,-1,1.0,576.0,288.0,590.0,388.0,artificial_jewellery,video_20260404_115542,frame_006090.jpg,006090,heuristic
small_object_proposal,-1,1.0,1140.0,831.0,1188.0,860.0,artificial_jewellery,video_20260404_115542,frame_006090.jpg,006090,heuristic
small_object_proposal,-1,1.0,1473.0,558.0,1515.0,590.0,artificial_jewellery,video_20260404_115542,frame_006090.jpg,006090,heuristic
small_object_proposal,-1,1.0,212.0,823.0,243.0,866.0,artificial_jewellery,video_20260404_115542,frame_006090.jpg,006090,heuristic
small_object_proposal,-1,1.0,1122.0,893.0,1149.0,938.0,artificial_jewellery,video_20260404_115542,frame_006090.jpg,006090,heuristic
person,0,0.7017537951469421,168.31365966796875,76.89981079101562,1908.541015625,1069.1239013671875,artificial_jewellery,video_20260404_115542,frame_006120.jpg,006120,yolo
small_object_proposal,-1,1.0,370.0,119.0,437.0,190.0,artificial_jewellery,video_20260404_115542,frame_006120.jpg,006120,heuristic
small_object_proposal,-1,1.0,182.0,819.0,249.0,881.0,artificial_jewellery,video_20260404_115542,frame_006120.jpg,006120,heuristic
small_object_proposal,-1,1.0,701.0,841.0,783.0,883.0,artificial_jewellery,video_20260404_115542,frame_006120.jpg,006120,heuristic
small_object_proposal,-1,1.0,1459.0,269.0,1523.0,321.0,artificial_jewellery,video_20260404_115542,frame_006120.jpg,006120,heuristic
small_object_proposal,-1,1.0,266.0,183.0,312.0,252.0,artificial_jewellery,video_20260404_115542,frame_006120.jpg,006120,heuristic
small_object_proposal,-1,1.0,574.0,20.0,626.0,80.0,artificial_jewellery,video_20260404_115542,frame_006120.jpg,006120,heuristic
small_object_proposal,-1,1.0,722.0,749.0,776.0,799.0,artificial_jewellery,video_20260404_115542,frame_006120.jpg,006120,heuristic
small_object_proposal,-1,1.0,1191.0,845.0,1220.0,934.0,artificial_jewellery,video_20260404_115542,frame_006120.jpg,006120,heuristic
small_object_proposal,-1,1.0,1844.0,4.0,1876.0,84.0,artificial_jewellery,video_20260404_115542,frame_006120.jpg,006120,heuristic
small_object_proposal,-1,1.0,1224.0,638.0,1283.0,680.0,artificial_jewellery,video_20260404_115542,frame_006120.jpg,006120,heuristic
small_object_proposal,-1,1.0,1262.0,190.0,1298.0,256.0,artificial_jewellery,video_20260404_115542,frame_006120.jpg,006120,heuristic
small_object_proposal,-1,1.0,1873.0,294.0,1910.0,353.0,artificial_jewellery,video_20260404_115542,frame_006120.jpg,006120,heuristic
small_object_proposal,-1,1.0,1220.0,434.0,1270.0,474.0,artificial_jewellery,video_20260404_115542,frame_006120.jpg,006120,heuristic
small_object_proposal,-1,1.0,1401.0,570.0,1468.0,595.0,artificial_jewellery,video_20260404_115542,frame_006120.jpg,006120,heuristic
small_object_proposal,-1,1.0,1102.0,963.0,1146.0,1000.0,artificial_jewellery,video_20260404_115542,frame_006120.jpg,006120,heuristic
small_object_proposal,-1,1.0,1188.0,649.0,1242.0,677.0,artificial_jewellery,video_20260404_115542,frame_006120.jpg,006120,heuristic
small_object_proposal,-1,1.0,1328.0,221.0,1363.0,261.0,artificial_jewellery,video_20260404_115542,frame_006120.jpg,006120,heuristic
small_object_proposal,-1,1.0,1135.0,831.0,1183.0,860.0,artificial_jewellery,video_20260404_115542,frame_006120.jpg,006120,heuristic
small_object_proposal,-1,1.0,1015.0,1008.0,1068.0,1033.0,artificial_jewellery,video_20260404_115542,frame_006120.jpg,006120,heuristic
small_object_proposal,-1,1.0,856.0,893.0,886.0,936.0,artificial_jewellery,video_20260404_115542,frame_006120.jpg,006120,heuristic
small_object_proposal,-1,1.0,61.0,750.0,87.0,799.0,artificial_jewellery,video_20260404_115542,frame_006120.jpg,006120,heuristic
small_object_proposal,-1,1.0,53.0,813.0,88.0,848.0,artificial_jewellery,video_20260404_115542,frame_006120.jpg,006120,heuristic
small_object_proposal,-1,1.0,1402.0,616.0,1427.0,665.0,artificial_jewellery,video_20260404_115542,frame_006120.jpg,006120,heuristic
small_object_proposal,-1,1.0,1078.0,222.0,1117.0,251.0,artificial_jewellery,video_20260404_115542,frame_006120.jpg,006120,heuristic
small_object_proposal,-1,1.0,1030.0,66.0,1077.0,90.0,artificial_jewellery,video_20260404_115542,frame_006120.jpg,006120,heuristic
small_object_proposal,-1,1.0,1273.0,453.0,1305.0,488.0,artificial_jewellery,video_20260404_115542,frame_006120.jpg,006120,heuristic
small_object_proposal,-1,1.0,1151.0,891.0,1199.0,913.0,artificial_jewellery,video_20260404_115542,frame_006120.jpg,006120,heuristic
small_object_proposal,-1,1.0,1253.0,161.0,1279.0,201.0,artificial_jewellery,video_20260404_115542,frame_006120.jpg,006120,heuristic
small_object_proposal,-1,1.0,1002.0,3.0,1022.0,52.0,artificial_jewellery,video_20260404_115542,frame_006120.jpg,006120,heuristic
small_object_proposal,-1,1.0,1660.0,220.0,1702.0,241.0,artificial_jewellery,video_20260404_115542,frame_006120.jpg,006120,heuristic
person,0,0.7781473398208618,8.370849609375,62.89141845703125,1863.169189453125,1071.454345703125,artificial_jewellery,video_20260404_115542,frame_006150.jpg,006150,yolo
teddy bear,77,0.29126131534576416,1.691986083984375,4.789764404296875,519.9234008789062,449.4049987792969,artificial_jewellery,video_20260404_115542,frame_006150.jpg,006150,yolo
small_object_proposal,-1,1.0,1639.0,757.0,1731.0,810.0,artificial_jewellery,video_20260404_115542,frame_006150.jpg,006150,heuristic
small_object_proposal,-1,1.0,957.0,292.0,1002.0,390.0,artificial_jewellery,video_20260404_115542,frame_006150.jpg,006150,heuristic
small_object_proposal,-1,1.0,685.0,821.0,773.0,869.0,artificial_jewellery,video_20260404_115542,frame_006150.jpg,006150,heuristic
small_object_proposal,-1,1.0,166.0,41.0,203.0,154.0,artificial_jewellery,video_20260404_115542,frame_006150.jpg,006150,heuristic
small_object_proposal,-1,1.0,1256.0,984.0,1291.0,1076.0,artificial_jewellery,video_20260404_115542,frame_006150.jpg,006150,heuristic
small_object_proposal,-1,1.0,177.0,206.0,216.0,277.0,artificial_jewellery,video_20260404_115542,frame_006150.jpg,006150,heuristic
small_object_proposal,-1,1.0,227.0,20.0,277.0,74.0,artificial_jewellery,video_20260404_115542,frame_006150.jpg,006150,heuristic
small_object_proposal,-1,1.0,389.0,867.0,450.0,911.0,artificial_jewellery,video_20260404_115542,frame_006150.jpg,006150,heuristic
small_object_proposal,-1,1.0,174.0,847.0,225.0,899.0,artificial_jewellery,video_20260404_115542,frame_006150.jpg,006150,heuristic
small_object_proposal,-1,1.0,237.0,216.0,275.0,285.0,artificial_jewellery,video_20260404_115542,frame_006150.jpg,006150,heuristic
small_object_proposal,-1,1.0,1190.0,209.0,1262.0,244.0,artificial_jewellery,video_20260404_115542,frame_006150.jpg,006150,heuristic
small_object_proposal,-1,1.0,216.0,158.0,244.0,239.0,artificial_jewellery,video_20260404_115542,frame_006150.jpg,006150,heuristic
small_object_proposal,-1,1.0,1786.0,200.0,1853.0,232.0,artificial_jewellery,video_20260404_115542,frame_006150.jpg,006150,heuristic
small_object_proposal,-1,1.0,1378.0,687.0,1417.0,740.0,artificial_jewellery,video_20260404_115542,frame_006150.jpg,006150,heuristic
small_object_proposal,-1,1.0,1009.0,53.0,1058.0,95.0,artificial_jewellery,video_20260404_115542,frame_006150.jpg,006150,heuristic
small_object_proposal,-1,1.0,362.0,154.0,390.0,221.0,artificial_jewellery,video_20260404_115542,frame_006150.jpg,006150,heuristic
small_object_proposal,-1,1.0,1320.0,807.0,1355.0,860.0,artificial_jewellery,video_20260404_115542,frame_006150.jpg,006150,heuristic
small_object_proposal,-1,1.0,629.0,833.0,672.0,873.0,artificial_jewellery,video_20260404_115542,frame_006150.jpg,006150,heuristic
small_object_proposal,-1,1.0,1354.0,592.0,1404.0,622.0,artificial_jewellery,video_20260404_115542,frame_006150.jpg,006150,heuristic
small_object_proposal,-1,1.0,983.0,1014.0,1037.0,1041.0,artificial_jewellery,video_20260404_115542,frame_006150.jpg,006150,heuristic
small_object_proposal,-1,1.0,1780.0,545.0,1848.0,566.0,artificial_jewellery,video_20260404_115542,frame_006150.jpg,006150,heuristic
small_object_proposal,-1,1.0,1451.0,247.0,1482.0,293.0,artificial_jewellery,video_20260404_115542,frame_006150.jpg,006150,heuristic
small_object_proposal,-1,1.0,1249.0,950.0,1298.0,976.0,artificial_jewellery,video_20260404_115542,frame_006150.jpg,006150,heuristic
small_object_proposal,-1,1.0,26.0,197.0,46.0,256.0,artificial_jewellery,video_20260404_115542,frame_006150.jpg,006150,heuristic
small_object_proposal,-1,1.0,403.0,303.0,428.0,350.0,artificial_jewellery,video_20260404_115542,frame_006150.jpg,006150,heuristic
small_object_proposal,-1,1.0,52.0,785.0,76.0,832.0,artificial_jewellery,video_20260404_115542,frame_006150.jpg,006150,heuristic
small_object_proposal,-1,1.0,1211.0,358.0,1227.0,427.0,artificial_jewellery,video_20260404_115542,frame_006150.jpg,006150,heuristic
small_object_proposal,-1,1.0,873.0,79.0,938.0,95.0,artificial_jewellery,video_20260404_115542,frame_006150.jpg,006150,heuristic
small_object_proposal,-1,1.0,1127.0,944.0,1160.0,975.0,artificial_jewellery,video_20260404_115542,frame_006150.jpg,006150,heuristic
small_object_proposal,-1,1.0,1144.0,1016.0,1170.0,1053.0,artificial_jewellery,video_20260404_115542,frame_006150.jpg,006150,heuristic
person,0,0.8240699768066406,74.12493896484375,0.0,1910.5218505859375,1069.9173583984375,artificial_jewellery,video_20260404_115542,frame_006180.jpg,006180,yolo
teddy bear,77,0.47940775752067566,0.8935546875,3.34222412109375,504.3470764160156,484.7102966308594,artificial_jewellery,video_20260404_115542,frame_006180.jpg,006180,yolo
hot dog,52,0.30866706371307373,960.3323364257812,200.2235107421875,1290.5633544921875,496.5520935058594,artificial_jewellery,video_20260404_115542,frame_006180.jpg,006180,yolo
small_object_proposal,-1,1.0,899.0,28.0,986.0,75.0,artificial_jewellery,video_20260404_115542,frame_006180.jpg,006180,heuristic
small_object_proposal,-1,1.0,1348.0,494.0,1442.0,535.0,artificial_jewellery,video_20260404_115542,frame_006180.jpg,006180,heuristic
small_object_proposal,-1,1.0,965.0,312.0,1022.0,374.0,artificial_jewellery,video_20260404_115542,frame_006180.jpg,006180,heuristic
small_object_proposal,-1,1.0,1358.0,978.0,1448.0,1014.0,artificial_jewellery,video_20260404_115542,frame_006180.jpg,006180,heuristic
small_object_proposal,-1,1.0,852.0,1003.0,894.0,1074.0,artificial_jewellery,video_20260404_115542,frame_006180.jpg,006180,heuristic
small_object_proposal,-1,1.0,1474.0,754.0,1504.0,850.0,artificial_jewellery,video_20260404_115542,frame_006180.jpg,006180,heuristic
small_object_proposal,-1,1.0,1157.0,231.0,1226.0,267.0,artificial_jewellery,video_20260404_115542,frame_006180.jpg,006180,heuristic
small_object_proposal,-1,1.0,234.0,47.0,283.0,95.0,artificial_jewellery,video_20260404_115542,frame_006180.jpg,006180,heuristic
small_object_proposal,-1,1.0,1152.0,1006.0,1196.0,1054.0,artificial_jewellery,video_20260404_115542,frame_006180.jpg,006180,heuristic
small_object_proposal,-1,1.0,250.0,263.0,282.0,327.0,artificial_jewellery,video_20260404_115542,frame_006180.jpg,006180,heuristic
small_object_proposal,-1,1.0,1504.0,279.0,1550.0,321.0,artificial_jewellery,video_20260404_115542,frame_006180.jpg,006180,heuristic
small_object_proposal,-1,1.0,1277.0,523.0,1318.0,569.0,artificial_jewellery,video_20260404_115542,frame_006180.jpg,006180,heuristic
small_object_proposal,-1,1.0,754.0,865.0,810.0,897.0,artificial_jewellery,video_20260404_115542,frame_006180.jpg,006180,heuristic
small_object_proposal,-1,1.0,308.0,271.0,346.0,315.0,artificial_jewellery,video_20260404_115542,frame_006180.jpg,006180,heuristic
small_object_proposal,-1,1.0,1079.0,966.0,1124.0,1003.0,artificial_jewellery,video_20260404_115542,frame_006180.jpg,006180,heuristic
small_object_proposal,-1,1.0,1447.0,245.0,1478.0,294.0,artificial_jewellery,video_20260404_115542,frame_006180.jpg,006180,heuristic
small_object_proposal,-1,1.0,80.0,824.0,111.0,871.0,artificial_jewellery,video_20260404_115542,frame_006180.jpg,006180,heuristic
small_object_proposal,-1,1.0,1799.0,188.0,1855.0,214.0,artificial_jewellery,video_20260404_115542,frame_006180.jpg,006180,heuristic
small_object_proposal,-1,1.0,991.0,1019.0,1046.0,1045.0,artificial_jewellery,video_20260404_115542,frame_006180.jpg,006180,heuristic
small_object_proposal,-1,1.0,1598.0,1027.0,1658.0,1046.0,artificial_jewellery,video_20260404_115542,frame_006180.jpg,006180,heuristic
small_object_proposal,-1,1.0,1015.0,308.0,1040.0,353.0,artificial_jewellery,video_20260404_115542,frame_006180.jpg,006180,heuristic
small_object_proposal,-1,1.0,235.0,82.0,268.0,115.0,artificial_jewellery,video_20260404_115542,frame_006180.jpg,006180,heuristic
small_object_proposal,-1,1.0,1342.0,215.0,1370.0,253.0,artificial_jewellery,video_20260404_115542,frame_006180.jpg,006180,heuristic
small_object_proposal,-1,1.0,76.0,884.0,107.0,918.0,artificial_jewellery,video_20260404_115542,frame_006180.jpg,006180,heuristic
small_object_proposal,-1,1.0,691.0,846.0,731.0,872.0,artificial_jewellery,video_20260404_115542,frame_006180.jpg,006180,heuristic
small_object_proposal,-1,1.0,842.0,919.0,862.0,968.0,artificial_jewellery,video_20260404_115542,frame_006180.jpg,006180,heuristic
small_object_proposal,-1,1.0,1422.0,233.0,1450.0,265.0,artificial_jewellery,video_20260404_115542,frame_006180.jpg,006180,heuristic
small_object_proposal,-1,1.0,75.0,717.0,111.0,741.0,artificial_jewellery,video_20260404_115542,frame_006180.jpg,006180,heuristic
small_object_proposal,-1,1.0,872.0,97.0,927.0,112.0,artificial_jewellery,video_20260404_115542,frame_006180.jpg,006180,heuristic
small_object_proposal,-1,1.0,1628.0,179.0,1669.0,198.0,artificial_jewellery,video_20260404_115542,frame_006180.jpg,006180,heuristic
person,0,0.7370336055755615,109.6856689453125,123.56085205078125,1903.1993408203125,1069.5556640625,artificial_jewellery,video_20260404_115542,frame_006210.jpg,006210,yolo
small_object_proposal,-1,1.0,1492.0,167.0,1588.0,214.0,artificial_jewellery,video_20260404_115542,frame_006210.jpg,006210,heuristic
small_object_proposal,-1,1.0,1289.0,979.0,1327.0,1072.0,artificial_jewellery,video_20260404_115542,frame_006210.jpg,006210,heuristic
small_object_proposal,-1,1.0,1634.0,832.0,1679.0,905.0,artificial_jewellery,video_20260404_115542,frame_006210.jpg,006210,heuristic
small_object_proposal,-1,1.0,208.0,878.0,257.0,942.0,artificial_jewellery,video_20260404_115542,frame_006210.jpg,006210,heuristic
small_object_proposal,-1,1.0,1648.0,546.0,1668.0,695.0,artificial_jewellery,video_20260404_115542,frame_006210.jpg,006210,heuristic
small_object_proposal,-1,1.0,356.0,185.0,395.0,251.0,artificial_jewellery,video_20260404_115542,frame_006210.jpg,006210,heuristic
small_object_proposal,-1,1.0,1471.0,296.0,1513.0,355.0,artificial_jewellery,video_20260404_115542,frame_006210.jpg,006210,heuristic
small_object_proposal,-1,1.0,1489.0,369.0,1527.0,433.0,artificial_jewellery,video_20260404_115542,frame_006210.jpg,006210,heuristic
small_object_proposal,-1,1.0,236.0,36.0,285.0,84.0,artificial_jewellery,video_20260404_115542,frame_006210.jpg,006210,heuristic
small_object_proposal,-1,1.0,1115.0,779.0,1176.0,815.0,artificial_jewellery,video_20260404_115542,frame_006210.jpg,006210,heuristic
small_object_proposal,-1,1.0,1371.0,387.0,1426.0,421.0,artificial_jewellery,video_20260404_115542,frame_006210.jpg,006210,heuristic
small_object_proposal,-1,1.0,1096.0,959.0,1142.0,999.0,artificial_jewellery,video_20260404_115542,frame_006210.jpg,006210,heuristic
small_object_proposal,-1,1.0,1068.0,777.0,1119.0,813.0,artificial_jewellery,video_20260404_115542,frame_006210.jpg,006210,heuristic
small_object_proposal,-1,1.0,994.0,242.0,1038.0,283.0,artificial_jewellery,video_20260404_115542,frame_006210.jpg,006210,heuristic
small_object_proposal,-1,1.0,1254.0,544.0,1324.0,567.0,artificial_jewellery,video_20260404_115542,frame_006210.jpg,006210,heuristic
small_object_proposal,-1,1.0,82.0,820.0,115.0,868.0,artificial_jewellery,video_20260404_115542,frame_006210.jpg,006210,heuristic
small_object_proposal,-1,1.0,1653.0,766.0,1670.0,855.0,artificial_jewellery,video_20260404_115542,frame_006210.jpg,006210,heuristic
small_object_proposal,-1,1.0,1136.0,820.0,1188.0,849.0,artificial_jewellery,video_20260404_115542,frame_006210.jpg,006210,heuristic
small_object_proposal,-1,1.0,1008.0,1014.0,1065.0,1040.0,artificial_jewellery,video_20260404_115542,frame_006210.jpg,006210,heuristic
small_object_proposal,-1,1.0,1798.0,180.0,1853.0,206.0,artificial_jewellery,video_20260404_115542,frame_006210.jpg,006210,heuristic
small_object_proposal,-1,1.0,1510.0,336.0,1558.0,364.0,artificial_jewellery,video_20260404_115542,frame_006210.jpg,006210,heuristic
small_object_proposal,-1,1.0,749.0,871.0,806.0,893.0,artificial_jewellery,video_20260404_115542,frame_006210.jpg,006210,heuristic
small_object_proposal,-1,1.0,706.0,842.0,745.0,871.0,artificial_jewellery,video_20260404_115542,frame_006210.jpg,006210,heuristic
small_object_proposal,-1,1.0,237.0,72.0,271.0,105.0,artificial_jewellery,video_20260404_115542,frame_006210.jpg,006210,heuristic
small_object_proposal,-1,1.0,1578.0,202.0,1615.0,232.0,artificial_jewellery,video_20260404_115542,frame_006210.jpg,006210,heuristic
small_object_proposal,-1,1.0,1234.0,248.0,1280.0,271.0,artificial_jewellery,video_20260404_115542,frame_006210.jpg,006210,heuristic
small_object_proposal,-1,1.0,1368.0,584.0,1397.0,614.0,artificial_jewellery,video_20260404_115542,frame_006210.jpg,006210,heuristic
small_object_proposal,-1,1.0,1194.0,821.0,1214.0,863.0,artificial_jewellery,video_20260404_115542,frame_006210.jpg,006210,heuristic
small_object_proposal,-1,1.0,1817.0,156.0,1842.0,189.0,artificial_jewellery,video_20260404_115542,frame_006210.jpg,006210,heuristic
small_object_proposal,-1,1.0,1628.0,172.0,1671.0,191.0,artificial_jewellery,video_20260404_115542,frame_006210.jpg,006210,heuristic
person,0,0.7817675471305847,116.2489013671875,0.0,1911.05859375,1070.618408203125,artificial_jewellery,video_20260404_115542,frame_006240.jpg,006240,yolo
small_object_proposal,-1,1.0,502.0,282.0,536.0,427.0,artificial_jewellery,video_20260404_115542,frame_006240.jpg,006240,heuristic
small_object_proposal,-1,1.0,14.0,497.0,66.0,579.0,artificial_jewellery,video_20260404_115542,frame_006240.jpg,006240,heuristic
small_object_proposal,-1,1.0,505.0,41.0,572.0,98.0,artificial_jewellery,video_20260404_115542,frame_006240.jpg,006240,heuristic
small_object_proposal,-1,1.0,1662.0,664.0,1736.0,706.0,artificial_jewellery,video_20260404_115542,frame_006240.jpg,006240,heuristic
small_object_proposal,-1,1.0,1086.0,929.0,1150.0,974.0,artificial_jewellery,video_20260404_115542,frame_006240.jpg,006240,heuristic
small_object_proposal,-1,1.0,1174.0,978.0,1229.0,1027.0,artificial_jewellery,video_20260404_115542,frame_006240.jpg,006240,heuristic
small_object_proposal,-1,1.0,1199.0,677.0,1247.0,733.0,artificial_jewellery,video_20260404_115542,frame_006240.jpg,006240,heuristic
small_object_proposal,-1,1.0,105.0,10.0,158.0,57.0,artificial_jewellery,video_20260404_115542,frame_006240.jpg,006240,heuristic
small_object_proposal,-1,1.0,243.0,217.0,280.0,281.0,artificial_jewellery,video_20260404_115542,frame_006240.jpg,006240,heuristic
small_object_proposal,-1,1.0,195.0,199.0,229.0,268.0,artificial_jewellery,video_20260404_115542,frame_006240.jpg,006240,heuristic
small_object_proposal,-1,1.0,1813.0,203.0,1851.0,262.0,artificial_jewellery,video_20260404_115542,frame_006240.jpg,006240,heuristic
small_object_proposal,-1,1.0,676.0,815.0,748.0,846.0,artificial_jewellery,video_20260404_115542,frame_006240.jpg,006240,heuristic
small_object_proposal,-1,1.0,985.0,758.0,1032.0,805.0,artificial_jewellery,video_20260404_115542,frame_006240.jpg,006240,heuristic
small_object_proposal,-1,1.0,648.0,759.0,698.0,800.0,artificial_jewellery,video_20260404_115542,frame_006240.jpg,006240,heuristic
small_object_proposal,-1,1.0,401.0,287.0,440.0,336.0,artificial_jewellery,video_20260404_115542,frame_006240.jpg,006240,heuristic
small_object_proposal,-1,1.0,285.0,279.0,344.0,311.0,artificial_jewellery,video_20260404_115542,frame_006240.jpg,006240,heuristic
small_object_proposal,-1,1.0,1199.0,776.0,1217.0,876.0,artificial_jewellery,video_20260404_115542,frame_006240.jpg,006240,heuristic
small_object_proposal,-1,1.0,301.0,243.0,361.0,273.0,artificial_jewellery,video_20260404_115542,frame_006240.jpg,006240,heuristic
small_object_proposal,-1,1.0,1759.0,158.0,1821.0,186.0,artificial_jewellery,video_20260404_115542,frame_006240.jpg,006240,heuristic
small_object_proposal,-1,1.0,1357.0,372.0,1388.0,424.0,artificial_jewellery,video_20260404_115542,frame_006240.jpg,006240,heuristic
small_object_proposal,-1,1.0,7.0,603.0,41.0,648.0,artificial_jewellery,video_20260404_115542,frame_006240.jpg,006240,heuristic
small_object_proposal,-1,1.0,1017.0,988.0,1073.0,1015.0,artificial_jewellery,video_20260404_115542,frame_006240.jpg,006240,heuristic
small_object_proposal,-1,1.0,1154.0,889.0,1182.0,940.0,artificial_jewellery,video_20260404_115542,frame_006240.jpg,006240,heuristic
small_object_proposal,-1,1.0,1459.0,698.0,1492.0,741.0,artificial_jewellery,video_20260404_115542,frame_006240.jpg,006240,heuristic
small_object_proposal,-1,1.0,1244.0,274.0,1274.0,319.0,artificial_jewellery,video_20260404_115542,frame_006240.jpg,006240,heuristic
small_object_proposal,-1,1.0,1120.0,751.0,1171.0,777.0,artificial_jewellery,video_20260404_115542,frame_006240.jpg,006240,heuristic
small_object_proposal,-1,1.0,1354.0,548.0,1400.0,576.0,artificial_jewellery,video_20260404_115542,frame_006240.jpg,006240,heuristic
small_object_proposal,-1,1.0,525.0,16.0,581.0,39.0,artificial_jewellery,video_20260404_115542,frame_006240.jpg,006240,heuristic
small_object_proposal,-1,1.0,1007.0,767.0,1039.0,803.0,artificial_jewellery,video_20260404_115542,frame_006240.jpg,006240,heuristic
small_object_proposal,-1,1.0,1130.0,808.0,1174.0,834.0,artificial_jewellery,video_20260404_115542,frame_006240.jpg,006240,heuristic
person,0,0.7005061507225037,62.1591796875,0.0,1912.3751220703125,1067.1556396484375,artificial_jewellery,video_20260404_115542,frame_006270.jpg,006270,yolo
person,0,0.4977594017982483,476.0563659667969,3.8830718994140625,705.77880859375,477.0404052734375,artificial_jewellery,video_20260404_115542,frame_006270.jpg,006270,yolo
small_object_proposal,-1,1.0,1190.0,629.0,1241.0,722.0,artificial_jewellery,video_20260404_115542,frame_006270.jpg,006270,heuristic
small_object_proposal,-1,1.0,1807.0,305.0,1870.0,371.0,artificial_jewellery,video_20260404_115542,frame_006270.jpg,006270,heuristic
small_object_proposal,-1,1.0,1729.0,500.0,1855.0,531.0,artificial_jewellery,video_20260404_115542,frame_006270.jpg,006270,heuristic
small_object_proposal,-1,1.0,1274.0,977.0,1313.0,1071.0,artificial_jewellery,video_20260404_115542,frame_006270.jpg,006270,heuristic
small_object_proposal,-1,1.0,136.0,83.0,171.0,187.0,artificial_jewellery,video_20260404_115542,frame_006270.jpg,006270,heuristic
small_object_proposal,-1,1.0,841.0,1002.0,888.0,1076.0,artificial_jewellery,video_20260404_115542,frame_006270.jpg,006270,heuristic
small_object_proposal,-1,1.0,1536.0,894.0,1645.0,922.0,artificial_jewellery,video_20260404_115542,frame_006270.jpg,006270,heuristic
small_object_proposal,-1,1.0,1407.0,223.0,1470.0,271.0,artificial_jewellery,video_20260404_115542,frame_006270.jpg,006270,heuristic
small_object_proposal,-1,1.0,278.0,252.0,330.0,310.0,artificial_jewellery,video_20260404_115542,frame_006270.jpg,006270,heuristic
small_object_proposal,-1,1.0,1051.0,769.0,1112.0,812.0,artificial_jewellery,video_20260404_115542,frame_006270.jpg,006270,heuristic
small_object_proposal,-1,1.0,199.0,26.0,248.0,74.0,artificial_jewellery,video_20260404_115542,frame_006270.jpg,006270,heuristic
small_object_proposal,-1,1.0,1597.0,503.0,1642.0,555.0,artificial_jewellery,video_20260404_115542,frame_006270.jpg,006270,heuristic
small_object_proposal,-1,1.0,1155.0,1007.0,1202.0,1056.0,artificial_jewellery,video_20260404_115542,frame_006270.jpg,006270,heuristic
small_object_proposal,-1,1.0,1202.0,399.0,1260.0,437.0,artificial_jewellery,video_20260404_115542,frame_006270.jpg,006270,heuristic
small_object_proposal,-1,1.0,1524.0,690.0,1566.0,737.0,artificial_jewellery,video_20260404_115542,frame_006270.jpg,006270,heuristic
small_object_proposal,-1,1.0,1081.0,961.0,1127.0,1003.0,artificial_jewellery,video_20260404_115542,frame_006270.jpg,006270,heuristic
small_object_proposal,-1,1.0,130.0,61.0,189.0,92.0,artificial_jewellery,video_20260404_115542,frame_006270.jpg,006270,heuristic
small_object_proposal,-1,1.0,393.0,899.0,430.0,947.0,artificial_jewellery,video_20260404_115542,frame_006270.jpg,006270,heuristic
small_object_proposal,-1,1.0,1372.0,474.0,1420.0,511.0,artificial_jewellery,video_20260404_115542,frame_006270.jpg,006270,heuristic
small_object_proposal,-1,1.0,1243.0,284.0,1274.0,334.0,artificial_jewellery,video_20260404_115542,frame_006270.jpg,006270,heuristic
small_object_proposal,-1,1.0,1121.0,816.0,1169.0,847.0,artificial_jewellery,video_20260404_115542,frame_006270.jpg,006270,heuristic
small_object_proposal,-1,1.0,993.0,1016.0,1048.0,1043.0,artificial_jewellery,video_20260404_115542,frame_006270.jpg,006270,heuristic
small_object_proposal,-1,1.0,1118.0,887.0,1140.0,952.0,artificial_jewellery,video_20260404_115542,frame_006270.jpg,006270,heuristic
small_object_proposal,-1,1.0,1792.0,163.0,1847.0,189.0,artificial_jewellery,video_20260404_115542,frame_006270.jpg,006270,heuristic
small_object_proposal,-1,1.0,1223.0,1025.0,1258.0,1062.0,artificial_jewellery,video_20260404_115542,frame_006270.jpg,006270,heuristic
small_object_proposal,-1,1.0,1153.0,585.0,1187.0,619.0,artificial_jewellery,video_20260404_115542,frame_006270.jpg,006270,heuristic
small_object_proposal,-1,1.0,962.0,181.0,975.0,266.0,artificial_jewellery,video_20260404_115542,frame_006270.jpg,006270,heuristic
small_object_proposal,-1,1.0,1401.0,391.0,1455.0,411.0,artificial_jewellery,video_20260404_115542,frame_006270.jpg,006270,heuristic
small_object_proposal,-1,1.0,1122.0,790.0,1168.0,813.0,artificial_jewellery,video_20260404_115542,frame_006270.jpg,006270,heuristic
small_object_proposal,-1,1.0,1231.0,951.0,1245.0,1018.0,artificial_jewellery,video_20260404_115542,frame_006270.jpg,006270,heuristic
person,0,0.6715183258056641,221.5484619140625,7.60162353515625,1898.444091796875,1063.3568115234375,artificial_jewellery,video_20260404_115542,frame_006300.jpg,006300,yolo
teddy bear,77,0.47744306921958923,0.0,4.12261962890625,481.9017639160156,439.9688720703125,artificial_jewellery,video_20260404_115542,frame_006300.jpg,006300,yolo
small_object_proposal,-1,1.0,678.0,688.0,729.0,785.0,artificial_jewellery,video_20260404_115542,frame_006300.jpg,006300,heuristic
small_object_proposal,-1,1.0,282.0,742.0,363.0,802.0,artificial_jewellery,video_20260404_115542,frame_006300.jpg,006300,heuristic
small_object_proposal,-1,1.0,1477.0,144.0,1585.0,189.0,artificial_jewellery,video_20260404_115542,frame_006300.jpg,006300,heuristic
small_object_proposal,-1,1.0,712.0,900.0,759.0,994.0,artificial_jewellery,video_20260404_115542,frame_006300.jpg,006300,heuristic
small_object_proposal,-1,1.0,1679.0,463.0,1781.0,506.0,artificial_jewellery,video_20260404_115542,frame_006300.jpg,006300,heuristic
small_object_proposal,-1,1.0,697.0,809.0,807.0,848.0,artificial_jewellery,video_20260404_115542,frame_006300.jpg,006300,heuristic
small_object_proposal,-1,1.0,1093.0,649.0,1191.0,688.0,artificial_jewellery,video_20260404_115542,frame_006300.jpg,006300,heuristic
small_object_proposal,-1,1.0,1270.0,961.0,1310.0,1055.0,artificial_jewellery,video_20260404_115542,frame_006300.jpg,006300,heuristic
small_object_proposal,-1,1.0,285.0,226.0,340.0,291.0,artificial_jewellery,video_20260404_115542,frame_006300.jpg,006300,heuristic
small_object_proposal,-1,1.0,323.0,150.0,374.0,216.0,artificial_jewellery,video_20260404_115542,frame_006300.jpg,006300,heuristic
small_object_proposal,-1,1.0,382.0,856.0,435.0,916.0,artificial_jewellery,video_20260404_115542,frame_006300.jpg,006300,heuristic
small_object_proposal,-1,1.0,1225.0,566.0,1284.0,619.0,artificial_jewellery,video_20260404_115542,frame_006300.jpg,006300,heuristic
small_object_proposal,-1,1.0,1152.0,983.0,1201.0,1041.0,artificial_jewellery,video_20260404_115542,frame_006300.jpg,006300,heuristic
small_object_proposal,-1,1.0,1094.0,753.0,1159.0,796.0,artificial_jewellery,video_20260404_115542,frame_006300.jpg,006300,heuristic
small_object_proposal,-1,1.0,983.0,33.0,1040.0,73.0,artificial_jewellery,video_20260404_115542,frame_006300.jpg,006300,heuristic
small_object_proposal,-1,1.0,1472.0,198.0,1523.0,239.0,artificial_jewellery,video_20260404_115542,frame_006300.jpg,006300,heuristic
small_object_proposal,-1,1.0,1083.0,693.0,1120.0,749.0,artificial_jewellery,video_20260404_115542,frame_006300.jpg,006300,heuristic
small_object_proposal,-1,1.0,1079.0,946.0,1125.0,986.0,artificial_jewellery,video_20260404_115542,frame_006300.jpg,006300,heuristic
small_object_proposal,-1,1.0,214.0,19.0,256.0,56.0,artificial_jewellery,video_20260404_115542,frame_006300.jpg,006300,heuristic
small_object_proposal,-1,1.0,61.0,786.0,93.0,834.0,artificial_jewellery,video_20260404_115542,frame_006300.jpg,006300,heuristic
small_object_proposal,-1,1.0,1327.0,9.0,1379.0,38.0,artificial_jewellery,video_20260404_115542,frame_006300.jpg,006300,heuristic
small_object_proposal,-1,1.0,1119.0,799.0,1167.0,830.0,artificial_jewellery,video_20260404_115542,frame_006300.jpg,006300,heuristic
small_object_proposal,-1,1.0,992.0,999.0,1047.0,1026.0,artificial_jewellery,video_20260404_115542,frame_006300.jpg,006300,heuristic
small_object_proposal,-1,1.0,1803.0,161.0,1858.0,187.0,artificial_jewellery,video_20260404_115542,frame_006300.jpg,006300,heuristic
small_object_proposal,-1,1.0,1192.0,813.0,1207.0,897.0,artificial_jewellery,video_20260404_115542,frame_006300.jpg,006300,heuristic
small_object_proposal,-1,1.0,29.0,732.0,65.0,765.0,artificial_jewellery,video_20260404_115542,frame_006300.jpg,006300,heuristic
small_object_proposal,-1,1.0,841.0,754.0,858.0,821.0,artificial_jewellery,video_20260404_115542,frame_006300.jpg,006300,heuristic
small_object_proposal,-1,1.0,830.0,889.0,851.0,943.0,artificial_jewellery,video_20260404_115542,frame_006300.jpg,006300,heuristic
small_object_proposal,-1,1.0,58.0,848.0,90.0,882.0,artificial_jewellery,video_20260404_115542,frame_006300.jpg,006300,heuristic
small_object_proposal,-1,1.0,348.0,273.0,378.0,307.0,artificial_jewellery,video_20260404_115542,frame_006300.jpg,006300,heuristic
person,0,0.7492586374282837,79.91656494140625,14.709228515625,1916.5850830078125,1069.6552734375,artificial_jewellery,video_20260404_115542,frame_006330.jpg,006330,yolo
small_object_proposal,-1,1.0,322.0,232.0,399.0,288.0,artificial_jewellery,video_20260404_115542,frame_006330.jpg,006330,heuristic
small_object_proposal,-1,1.0,1826.0,289.0,1892.0,354.0,artificial_jewellery,video_20260404_115542,frame_006330.jpg,006330,heuristic
small_object_proposal,-1,1.0,266.0,278.0,310.0,370.0,artificial_jewellery,video_20260404_115542,frame_006330.jpg,006330,heuristic
small_object_proposal,-1,1.0,1398.0,1017.0,1504.0,1055.0,artificial_jewellery,video_20260404_115542,frame_006330.jpg,006330,heuristic
small_object_proposal,-1,1.0,216.0,157.0,263.0,239.0,artificial_jewellery,video_20260404_115542,frame_006330.jpg,006330,heuristic
small_object_proposal,-1,1.0,485.0,242.0,524.0,335.0,artificial_jewellery,video_20260404_115542,frame_006330.jpg,006330,heuristic
small_object_proposal,-1,1.0,1054.0,995.0,1100.0,1071.0,artificial_jewellery,video_20260404_115542,frame_006330.jpg,006330,heuristic
small_object_proposal,-1,1.0,1508.0,995.0,1610.0,1029.0,artificial_jewellery,video_20260404_115542,frame_006330.jpg,006330,heuristic
small_object_proposal,-1,1.0,294.0,150.0,354.0,203.0,artificial_jewellery,video_20260404_115542,frame_006330.jpg,006330,heuristic
small_object_proposal,-1,1.0,1362.0,357.0,1407.0,425.0,artificial_jewellery,video_20260404_115542,frame_006330.jpg,006330,heuristic
small_object_proposal,-1,1.0,641.0,634.0,681.0,710.0,artificial_jewellery,video_20260404_115542,frame_006330.jpg,006330,heuristic
small_object_proposal,-1,1.0,393.0,803.0,430.0,871.0,artificial_jewellery,video_20260404_115542,frame_006330.jpg,006330,heuristic
small_object_proposal,-1,1.0,167.0,149.0,204.0,216.0,artificial_jewellery,video_20260404_115542,frame_006330.jpg,006330,heuristic
small_object_proposal,-1,1.0,1620.0,906.0,1682.0,945.0,artificial_jewellery,video_20260404_115542,frame_006330.jpg,006330,heuristic
small_object_proposal,-1,1.0,975.0,745.0,1023.0,793.0,artificial_jewellery,video_20260404_115542,frame_006330.jpg,006330,heuristic
small_object_proposal,-1,1.0,353.0,94.0,382.0,161.0,artificial_jewellery,video_20260404_115542,frame_006330.jpg,006330,heuristic
small_object_proposal,-1,1.0,1092.0,930.0,1138.0,971.0,artificial_jewellery,video_20260404_115542,frame_006330.jpg,006330,heuristic
small_object_proposal,-1,1.0,485.0,334.0,516.0,394.0,artificial_jewellery,video_20260404_115542,frame_006330.jpg,006330,heuristic
small_object_proposal,-1,1.0,1333.0,614.0,1351.0,716.0,artificial_jewellery,video_20260404_115542,frame_006330.jpg,006330,heuristic
small_object_proposal,-1,1.0,1138.0,886.0,1174.0,936.0,artificial_jewellery,video_20260404_115542,frame_006330.jpg,006330,heuristic
small_object_proposal,-1,1.0,335.0,723.0,382.0,761.0,artificial_jewellery,video_20260404_115542,frame_006330.jpg,006330,heuristic
small_object_proposal,-1,1.0,986.0,748.0,1029.0,789.0,artificial_jewellery,video_20260404_115542,frame_006330.jpg,006330,heuristic
small_object_proposal,-1,1.0,855.0,223.0,910.0,255.0,artificial_jewellery,video_20260404_115542,frame_006330.jpg,006330,heuristic
small_object_proposal,-1,1.0,1117.0,769.0,1171.0,800.0,artificial_jewellery,video_20260404_115542,frame_006330.jpg,006330,heuristic
small_object_proposal,-1,1.0,57.0,730.0,91.0,777.0,artificial_jewellery,video_20260404_115542,frame_006330.jpg,006330,heuristic
small_object_proposal,-1,1.0,1364.0,542.0,1417.0,572.0,artificial_jewellery,video_20260404_115542,frame_006330.jpg,006330,heuristic
small_object_proposal,-1,1.0,1259.0,249.0,1292.0,294.0,artificial_jewellery,video_20260404_115542,frame_006330.jpg,006330,heuristic
small_object_proposal,-1,1.0,1419.0,761.0,1456.0,800.0,artificial_jewellery,video_20260404_115542,frame_006330.jpg,006330,heuristic
small_object_proposal,-1,1.0,1579.0,1006.0,1641.0,1029.0,artificial_jewellery,video_20260404_115542,frame_006330.jpg,006330,heuristic
small_object_proposal,-1,1.0,220.0,272.0,277.0,297.0,artificial_jewellery,video_20260404_115542,frame_006330.jpg,006330,heuristic
person,0,0.8217937350273132,311.79547119140625,0.0,1899.126708984375,1072.221435546875,artificial_jewellery,video_20260404_115542,frame_006420.jpg,006420,yolo
small_object_proposal,-1,1.0,841.0,841.0,927.0,894.0,artificial_jewellery,video_20260404_115542,frame_006420.jpg,006420,heuristic
small_object_proposal,-1,1.0,1352.0,88.0,1419.0,155.0,artificial_jewellery,video_20260404_115542,frame_006420.jpg,006420,heuristic
small_object_proposal,-1,1.0,1345.0,383.0,1408.0,441.0,artificial_jewellery,video_20260404_115542,frame_006420.jpg,006420,heuristic
small_object_proposal,-1,1.0,437.0,966.0,471.0,1067.0,artificial_jewellery,video_20260404_115542,frame_006420.jpg,006420,heuristic
small_object_proposal,-1,1.0,1483.0,133.0,1545.0,184.0,artificial_jewellery,video_20260404_115542,frame_006420.jpg,006420,heuristic
small_object_proposal,-1,1.0,884.0,796.0,951.0,843.0,artificial_jewellery,video_20260404_115542,frame_006420.jpg,006420,heuristic
small_object_proposal,-1,1.0,689.0,186.0,758.0,231.0,artificial_jewellery,video_20260404_115542,frame_006420.jpg,006420,heuristic
small_object_proposal,-1,1.0,1722.0,402.0,1850.0,424.0,artificial_jewellery,video_20260404_115542,frame_006420.jpg,006420,heuristic
small_object_proposal,-1,1.0,603.0,837.0,678.0,874.0,artificial_jewellery,video_20260404_115542,frame_006420.jpg,006420,heuristic
small_object_proposal,-1,1.0,1595.0,971.0,1671.0,1007.0,artificial_jewellery,video_20260404_115542,frame_006420.jpg,006420,heuristic
small_object_proposal,-1,1.0,1417.0,232.0,1492.0,266.0,artificial_jewellery,video_20260404_115542,frame_006420.jpg,006420,heuristic
small_object_proposal,-1,1.0,1304.0,792.0,1338.0,862.0,artificial_jewellery,video_20260404_115542,frame_006420.jpg,006420,heuristic
small_object_proposal,-1,1.0,877.0,43.0,920.0,94.0,artificial_jewellery,video_20260404_115542,frame_006420.jpg,006420,heuristic
small_object_proposal,-1,1.0,820.0,833.0,870.0,876.0,artificial_jewellery,video_20260404_115542,frame_006420.jpg,006420,heuristic
small_object_proposal,-1,1.0,77.0,822.0,93.0,955.0,artificial_jewellery,video_20260404_115542,frame_006420.jpg,006420,heuristic
small_object_proposal,-1,1.0,1198.0,320.0,1250.0,360.0,artificial_jewellery,video_20260404_115542,frame_006420.jpg,006420,heuristic
small_object_proposal,-1,1.0,1220.0,875.0,1263.0,922.0,artificial_jewellery,video_20260404_115542,frame_006420.jpg,006420,heuristic
small_object_proposal,-1,1.0,882.0,889.0,922.0,939.0,artificial_jewellery,video_20260404_115542,frame_006420.jpg,006420,heuristic
small_object_proposal,-1,1.0,1078.0,711.0,1129.0,749.0,artificial_jewellery,video_20260404_115542,frame_006420.jpg,006420,heuristic
small_object_proposal,-1,1.0,204.0,946.0,256.0,981.0,artificial_jewellery,video_20260404_115542,frame_006420.jpg,006420,heuristic
small_object_proposal,-1,1.0,1152.0,824.0,1195.0,866.0,artificial_jewellery,video_20260404_115542,frame_006420.jpg,006420,heuristic
small_object_proposal,-1,1.0,765.0,919.0,801.0,968.0,artificial_jewellery,video_20260404_115542,frame_006420.jpg,006420,heuristic
small_object_proposal,-1,1.0,1398.0,187.0,1461.0,215.0,artificial_jewellery,video_20260404_115542,frame_006420.jpg,006420,heuristic
small_object_proposal,-1,1.0,1148.0,35.0,1186.0,77.0,artificial_jewellery,video_20260404_115542,frame_006420.jpg,006420,heuristic
small_object_proposal,-1,1.0,179.0,967.0,231.0,997.0,artificial_jewellery,video_20260404_115542,frame_006420.jpg,006420,heuristic
small_object_proposal,-1,1.0,672.0,844.0,738.0,867.0,artificial_jewellery,video_20260404_115542,frame_006420.jpg,006420,heuristic
small_object_proposal,-1,1.0,1297.0,7.0,1335.0,43.0,artificial_jewellery,video_20260404_115542,frame_006420.jpg,006420,heuristic
small_object_proposal,-1,1.0,1064.0,874.0,1114.0,900.0,artificial_jewellery,video_20260404_115542,frame_006420.jpg,006420,heuristic
small_object_proposal,-1,1.0,1320.0,143.0,1353.0,180.0,artificial_jewellery,video_20260404_115542,frame_006420.jpg,006420,heuristic
small_object_proposal,-1,1.0,10.0,478.0,36.0,524.0,artificial_jewellery,video_20260404_115542,frame_006420.jpg,006420,heuristic
person,0,0.7359125018119812,475.2513732910156,16.17498779296875,1856.3785400390625,1070.209716796875,artificial_jewellery,video_20260404_115542,frame_006450.jpg,006450,yolo
backpack,24,0.2566504180431366,1014.4238891601562,445.6654357910156,1466.3387451171875,1079.1044921875,artificial_jewellery,video_20260404_115542,frame_006450.jpg,006450,yolo
small_object_proposal,-1,1.0,738.0,886.0,831.0,938.0,artificial_jewellery,video_20260404_115542,frame_006450.jpg,006450,heuristic
small_object_proposal,-1,1.0,468.0,829.0,527.0,909.0,artificial_jewellery,video_20260404_115542,frame_006450.jpg,006450,heuristic
small_object_proposal,-1,1.0,1178.0,472.0,1259.0,527.0,artificial_jewellery,video_20260404_115542,frame_006450.jpg,006450,heuristic
small_object_proposal,-1,1.0,952.0,733.0,1033.0,785.0,artificial_jewellery,video_20260404_115542,frame_006450.jpg,006450,heuristic
small_object_proposal,-1,1.0,511.0,24.0,536.0,189.0,artificial_jewellery,video_20260404_115542,frame_006450.jpg,006450,heuristic
small_object_proposal,-1,1.0,535.0,912.0,631.0,942.0,artificial_jewellery,video_20260404_115542,frame_006450.jpg,006450,heuristic
small_object_proposal,-1,1.0,52.0,391.0,112.0,439.0,artificial_jewellery,video_20260404_115542,frame_006450.jpg,006450,heuristic
small_object_proposal,-1,1.0,542.0,830.0,608.0,873.0,artificial_jewellery,video_20260404_115542,frame_006450.jpg,006450,heuristic
small_object_proposal,-1,1.0,643.0,962.0,699.0,1010.0,artificial_jewellery,video_20260404_115542,frame_006450.jpg,006450,heuristic
small_object_proposal,-1,1.0,1556.0,133.0,1589.0,210.0,artificial_jewellery,video_20260404_115542,frame_006450.jpg,006450,heuristic
small_object_proposal,-1,1.0,952.0,624.0,997.0,677.0,artificial_jewellery,video_20260404_115542,frame_006450.jpg,006450,heuristic
small_object_proposal,-1,1.0,1269.0,333.0,1301.0,401.0,artificial_jewellery,video_20260404_115542,frame_006450.jpg,006450,heuristic
small_object_proposal,-1,1.0,1060.0,574.0,1104.0,623.0,artificial_jewellery,video_20260404_115542,frame_006450.jpg,006450,heuristic
small_object_proposal,-1,1.0,716.0,876.0,768.0,917.0,artificial_jewellery,video_20260404_115542,frame_006450.jpg,006450,heuristic
small_object_proposal,-1,1.0,1435.0,169.0,1500.0,201.0,artificial_jewellery,video_20260404_115542,frame_006450.jpg,006450,heuristic
small_object_proposal,-1,1.0,779.0,859.0,856.0,886.0,artificial_jewellery,video_20260404_115542,frame_006450.jpg,006450,heuristic
small_object_proposal,-1,1.0,1055.0,877.0,1099.0,924.0,artificial_jewellery,video_20260404_115542,frame_006450.jpg,006450,heuristic
small_object_proposal,-1,1.0,1416.0,398.0,1457.0,448.0,artificial_jewellery,video_20260404_115542,frame_006450.jpg,006450,heuristic
small_object_proposal,-1,1.0,1107.0,768.0,1128.0,857.0,artificial_jewellery,video_20260404_115542,frame_006450.jpg,006450,heuristic
small_object_proposal,-1,1.0,432.0,810.0,468.0,859.0,artificial_jewellery,video_20260404_115542,frame_006450.jpg,006450,heuristic
small_object_proposal,-1,1.0,110.0,997.0,163.0,1029.0,artificial_jewellery,video_20260404_115542,frame_006450.jpg,006450,heuristic
small_object_proposal,-1,1.0,960.0,934.0,1017.0,963.0,artificial_jewellery,video_20260404_115542,frame_006450.jpg,006450,heuristic
small_object_proposal,-1,1.0,1149.0,677.0,1168.0,757.0,artificial_jewellery,video_20260404_115542,frame_006450.jpg,006450,heuristic
small_object_proposal,-1,1.0,887.0,738.0,928.0,774.0,artificial_jewellery,video_20260404_115542,frame_006450.jpg,006450,heuristic
small_object_proposal,-1,1.0,1716.0,387.0,1748.0,432.0,artificial_jewellery,video_20260404_115542,frame_006450.jpg,006450,heuristic
small_object_proposal,-1,1.0,81.0,1022.0,138.0,1047.0,artificial_jewellery,video_20260404_115542,frame_006450.jpg,006450,heuristic
small_object_proposal,-1,1.0,1042.0,563.0,1092.0,591.0,artificial_jewellery,video_20260404_115542,frame_006450.jpg,006450,heuristic
small_object_proposal,-1,1.0,572.0,866.0,630.0,889.0,artificial_jewellery,video_20260404_115542,frame_006450.jpg,006450,heuristic
small_object_proposal,-1,1.0,1683.0,773.0,1707.0,828.0,artificial_jewellery,video_20260404_115542,frame_006450.jpg,006450,heuristic
small_object_proposal,-1,1.0,30.0,34.0,76.0,62.0,artificial_jewellery,video_20260404_115542,frame_006450.jpg,006450,heuristic
person,0,0.6679903268814087,320.757568359375,93.40786743164062,1888.7340087890625,1070.9176025390625,artificial_jewellery,video_20260404_115542,frame_006480.jpg,006480,yolo
small_object_proposal,-1,1.0,1167.0,650.0,1217.0,743.0,artificial_jewellery,video_20260404_115542,frame_006480.jpg,006480,heuristic
small_object_proposal,-1,1.0,977.0,726.0,1059.0,780.0,artificial_jewellery,video_20260404_115542,frame_006480.jpg,006480,heuristic
small_object_proposal,-1,1.0,578.0,861.0,647.0,919.0,artificial_jewellery,video_20260404_115542,frame_006480.jpg,006480,heuristic
small_object_proposal,-1,1.0,1070.0,864.0,1136.0,917.0,artificial_jewellery,video_20260404_115542,frame_006480.jpg,006480,heuristic
small_object_proposal,-1,1.0,1566.0,749.0,1605.0,829.0,artificial_jewellery,video_20260404_115542,frame_006480.jpg,006480,heuristic
small_object_proposal,-1,1.0,508.0,26.0,528.0,178.0,artificial_jewellery,video_20260404_115542,frame_006480.jpg,006480,heuristic
small_object_proposal,-1,1.0,811.0,943.0,866.0,998.0,artificial_jewellery,video_20260404_115542,frame_006480.jpg,006480,heuristic
small_object_proposal,-1,1.0,856.0,585.0,904.0,648.0,artificial_jewellery,video_20260404_115542,frame_006480.jpg,006480,heuristic
small_object_proposal,-1,1.0,668.0,969.0,726.0,1016.0,artificial_jewellery,video_20260404_115542,frame_006480.jpg,006480,heuristic
small_object_proposal,-1,1.0,1165.0,917.0,1212.0,975.0,artificial_jewellery,video_20260404_115542,frame_006480.jpg,006480,heuristic
small_object_proposal,-1,1.0,1080.0,558.0,1125.0,615.0,artificial_jewellery,video_20260404_115542,frame_006480.jpg,006480,heuristic
small_object_proposal,-1,1.0,48.0,400.0,106.0,444.0,artificial_jewellery,video_20260404_115542,frame_006480.jpg,006480,heuristic
small_object_proposal,-1,1.0,740.0,877.0,793.0,922.0,artificial_jewellery,video_20260404_115542,frame_006480.jpg,006480,heuristic
small_object_proposal,-1,1.0,803.0,860.0,878.0,890.0,artificial_jewellery,video_20260404_115542,frame_006480.jpg,006480,heuristic
small_object_proposal,-1,1.0,1423.0,188.0,1487.0,222.0,artificial_jewellery,video_20260404_115542,frame_006480.jpg,006480,heuristic
small_object_proposal,-1,1.0,1186.0,524.0,1222.0,579.0,artificial_jewellery,video_20260404_115542,frame_006480.jpg,006480,heuristic
small_object_proposal,-1,1.0,1632.0,797.0,1690.0,831.0,artificial_jewellery,video_20260404_115542,frame_006480.jpg,006480,heuristic
small_object_proposal,-1,1.0,1061.0,761.0,1095.0,817.0,artificial_jewellery,video_20260404_115542,frame_006480.jpg,006480,heuristic
small_object_proposal,-1,1.0,1711.0,752.0,1741.0,815.0,artificial_jewellery,video_20260404_115542,frame_006480.jpg,006480,heuristic
small_object_proposal,-1,1.0,1399.0,109.0,1442.0,151.0,artificial_jewellery,video_20260404_115542,frame_006480.jpg,006480,heuristic
small_object_proposal,-1,1.0,324.0,765.0,369.0,805.0,artificial_jewellery,video_20260404_115542,frame_006480.jpg,006480,heuristic
small_object_proposal,-1,1.0,1082.0,724.0,1125.0,765.0,artificial_jewellery,video_20260404_115542,frame_006480.jpg,006480,heuristic
small_object_proposal,-1,1.0,1281.0,733.0,1314.0,785.0,artificial_jewellery,video_20260404_115542,frame_006480.jpg,006480,heuristic
small_object_proposal,-1,1.0,1134.0,768.0,1156.0,845.0,artificial_jewellery,video_20260404_115542,frame_006480.jpg,006480,heuristic
small_object_proposal,-1,1.0,441.0,561.0,560.0,575.0,artificial_jewellery,video_20260404_115542,frame_006480.jpg,006480,heuristic
small_object_proposal,-1,1.0,1194.0,249.0,1227.0,299.0,artificial_jewellery,video_20260404_115542,frame_006480.jpg,006480,heuristic
small_object_proposal,-1,1.0,131.0,1011.0,192.0,1038.0,artificial_jewellery,video_20260404_115542,frame_006480.jpg,006480,heuristic
small_object_proposal,-1,1.0,1449.0,795.0,1535.0,814.0,artificial_jewellery,video_20260404_115542,frame_006480.jpg,006480,heuristic
small_object_proposal,-1,1.0,1000.0,927.0,1052.0,957.0,artificial_jewellery,video_20260404_115542,frame_006480.jpg,006480,heuristic
small_object_proposal,-1,1.0,1137.0,57.0,1169.0,105.0,artificial_jewellery,video_20260404_115542,frame_006480.jpg,006480,heuristic
person,0,0.7410000562667847,119.66729736328125,13.801025390625,1790.735595703125,1075.3692626953125,artificial_jewellery,video_20260404_115542,frame_006510.jpg,006510,yolo
couch,57,0.3065354824066162,176.95550537109375,1.072265625,1909.7662353515625,1063.2127685546875,artificial_jewellery,video_20260404_115542,frame_006510.jpg,006510,yolo
small_object_proposal,-1,1.0,1447.0,292.0,1501.0,383.0,artificial_jewellery,video_20260404_115542,frame_006510.jpg,006510,heuristic
small_object_proposal,-1,1.0,1506.0,397.0,1573.0,470.0,artificial_jewellery,video_20260404_115542,frame_006510.jpg,006510,heuristic
small_object_proposal,-1,1.0,924.0,717.0,1005.0,774.0,artificial_jewellery,video_20260404_115542,frame_006510.jpg,006510,heuristic
small_object_proposal,-1,1.0,1212.0,792.0,1250.0,913.0,artificial_jewellery,video_20260404_115542,frame_006510.jpg,006510,heuristic
small_object_proposal,-1,1.0,956.0,936.0,1026.0,1001.0,artificial_jewellery,video_20260404_115542,frame_006510.jpg,006510,heuristic
small_object_proposal,-1,1.0,151.0,895.0,221.0,960.0,artificial_jewellery,video_20260404_115542,frame_006510.jpg,006510,heuristic
small_object_proposal,-1,1.0,787.0,339.0,885.0,381.0,artificial_jewellery,video_20260404_115542,frame_006510.jpg,006510,heuristic
small_object_proposal,-1,1.0,902.0,601.0,966.0,664.0,artificial_jewellery,video_20260404_115542,frame_006510.jpg,006510,heuristic
small_object_proposal,-1,1.0,1202.0,732.0,1273.0,788.0,artificial_jewellery,video_20260404_115542,frame_006510.jpg,006510,heuristic
small_object_proposal,-1,1.0,1328.0,382.0,1420.0,420.0,artificial_jewellery,video_20260404_115542,frame_006510.jpg,006510,heuristic
small_object_proposal,-1,1.0,1265.0,632.0,1324.0,686.0,artificial_jewellery,video_20260404_115542,frame_006510.jpg,006510,heuristic
small_object_proposal,-1,1.0,1296.0,319.0,1362.0,367.0,artificial_jewellery,video_20260404_115542,frame_006510.jpg,006510,heuristic
small_object_proposal,-1,1.0,760.0,945.0,818.0,994.0,artificial_jewellery,video_20260404_115542,frame_006510.jpg,006510,heuristic
small_object_proposal,-1,1.0,629.0,971.0,684.0,1021.0,artificial_jewellery,video_20260404_115542,frame_006510.jpg,006510,heuristic
small_object_proposal,-1,1.0,1038.0,546.0,1081.0,607.0,artificial_jewellery,video_20260404_115542,frame_006510.jpg,006510,heuristic
small_object_proposal,-1,1.0,754.0,861.0,830.0,891.0,artificial_jewellery,video_20260404_115542,frame_006510.jpg,006510,heuristic
small_object_proposal,-1,1.0,1091.0,95.0,1138.0,143.0,artificial_jewellery,video_20260404_115542,frame_006510.jpg,006510,heuristic
small_object_proposal,-1,1.0,1089.0,745.0,1111.0,841.0,artificial_jewellery,video_20260404_115542,frame_006510.jpg,006510,heuristic
small_object_proposal,-1,1.0,1021.0,866.0,1066.0,912.0,artificial_jewellery,video_20260404_115542,frame_006510.jpg,006510,heuristic
small_object_proposal,-1,1.0,693.0,883.0,740.0,924.0,artificial_jewellery,video_20260404_115542,frame_006510.jpg,006510,heuristic
small_object_proposal,-1,1.0,11.0,384.0,61.0,421.0,artificial_jewellery,video_20260404_115542,frame_006510.jpg,006510,heuristic
small_object_proposal,-1,1.0,928.0,927.0,985.0,959.0,artificial_jewellery,video_20260404_115542,frame_006510.jpg,006510,heuristic
small_object_proposal,-1,1.0,1386.0,72.0,1427.0,116.0,artificial_jewellery,video_20260404_115542,frame_006510.jpg,006510,heuristic
small_object_proposal,-1,1.0,977.0,231.0,1022.0,270.0,artificial_jewellery,video_20260404_115542,frame_006510.jpg,006510,heuristic
small_object_proposal,-1,1.0,970.0,258.0,1011.0,298.0,artificial_jewellery,video_20260404_115542,frame_006510.jpg,006510,heuristic
small_object_proposal,-1,1.0,856.0,732.0,900.0,769.0,artificial_jewellery,video_20260404_115542,frame_006510.jpg,006510,heuristic
small_object_proposal,-1,1.0,1588.0,862.0,1628.0,900.0,artificial_jewellery,video_20260404_115542,frame_006510.jpg,006510,heuristic
small_object_proposal,-1,1.0,1685.0,700.0,1711.0,757.0,artificial_jewellery,video_20260404_115542,frame_006510.jpg,006510,heuristic
small_object_proposal,-1,1.0,761.0,305.0,787.0,361.0,artificial_jewellery,video_20260404_115542,frame_006510.jpg,006510,heuristic
small_object_proposal,-1,1.0,919.0,257.0,946.0,307.0,artificial_jewellery,video_20260404_115542,frame_006510.jpg,006510,heuristic
person,0,0.757585346698761,79.43994140625,0.992431640625,1822.0697021484375,1067.01708984375,artificial_jewellery,video_20260404_115542,frame_006540.jpg,006540,yolo
small_object_proposal,-1,1.0,941.0,731.0,1021.0,791.0,artificial_jewellery,video_20260404_115542,frame_006540.jpg,006540,heuristic
small_object_proposal,-1,1.0,1015.0,197.0,1101.0,246.0,artificial_jewellery,video_20260404_115542,frame_006540.jpg,006540,heuristic
small_object_proposal,-1,1.0,827.0,335.0,864.0,447.0,artificial_jewellery,video_20260404_115542,frame_006540.jpg,006540,heuristic
small_object_proposal,-1,1.0,977.0,946.0,1045.0,1005.0,artificial_jewellery,video_20260404_115542,frame_006540.jpg,006540,heuristic
small_object_proposal,-1,1.0,1111.0,911.0,1176.0,969.0,artificial_jewellery,video_20260404_115542,frame_006540.jpg,006540,heuristic
small_object_proposal,-1,1.0,1066.0,556.0,1133.0,607.0,artificial_jewellery,video_20260404_115542,frame_006540.jpg,006540,heuristic
small_object_proposal,-1,1.0,50.0,423.0,113.0,474.0,artificial_jewellery,video_20260404_115542,frame_006540.jpg,006540,heuristic
small_object_proposal,-1,1.0,1607.0,866.0,1657.0,923.0,artificial_jewellery,video_20260404_115542,frame_006540.jpg,006540,heuristic
small_object_proposal,-1,1.0,994.0,760.0,1065.0,800.0,artificial_jewellery,video_20260404_115542,frame_006540.jpg,006540,heuristic
small_object_proposal,-1,1.0,784.0,962.0,840.0,1012.0,artificial_jewellery,video_20260404_115542,frame_006540.jpg,006540,heuristic
small_object_proposal,-1,1.0,770.0,876.0,849.0,910.0,artificial_jewellery,video_20260404_115542,frame_006540.jpg,006540,heuristic
small_object_proposal,-1,1.0,969.0,167.0,1013.0,224.0,artificial_jewellery,video_20260404_115542,frame_006540.jpg,006540,heuristic
small_object_proposal,-1,1.0,39.0,481.0,97.0,524.0,artificial_jewellery,video_20260404_115542,frame_006540.jpg,006540,heuristic
small_object_proposal,-1,1.0,714.0,897.0,763.0,943.0,artificial_jewellery,video_20260404_115542,frame_006540.jpg,006540,heuristic
small_object_proposal,-1,1.0,282.0,948.0,322.0,1004.0,artificial_jewellery,video_20260404_115542,frame_006540.jpg,006540,heuristic
small_object_proposal,-1,1.0,656.0,994.0,708.0,1037.0,artificial_jewellery,video_20260404_115542,frame_006540.jpg,006540,heuristic
small_object_proposal,-1,1.0,1381.0,349.0,1423.0,402.0,artificial_jewellery,video_20260404_115542,frame_006540.jpg,006540,heuristic
small_object_proposal,-1,1.0,890.0,250.0,936.0,297.0,artificial_jewellery,video_20260404_115542,frame_006540.jpg,006540,heuristic
small_object_proposal,-1,1.0,1106.0,757.0,1129.0,849.0,artificial_jewellery,video_20260404_115542,frame_006540.jpg,006540,heuristic
small_object_proposal,-1,1.0,1037.0,873.0,1082.0,917.0,artificial_jewellery,video_20260404_115542,frame_006540.jpg,006540,heuristic
small_object_proposal,-1,1.0,946.0,933.0,1004.0,965.0,artificial_jewellery,video_20260404_115542,frame_006540.jpg,006540,heuristic
small_object_proposal,-1,1.0,1714.0,704.0,1750.0,754.0,artificial_jewellery,video_20260404_115542,frame_006540.jpg,006540,heuristic
small_object_proposal,-1,1.0,1163.0,65.0,1194.0,122.0,artificial_jewellery,video_20260404_115542,frame_006540.jpg,006540,heuristic
small_object_proposal,-1,1.0,1212.0,475.0,1284.0,499.0,artificial_jewellery,video_20260404_115542,frame_006540.jpg,006540,heuristic
small_object_proposal,-1,1.0,359.0,713.0,416.0,743.0,artificial_jewellery,video_20260404_115542,frame_006540.jpg,006540,heuristic
small_object_proposal,-1,1.0,107.0,71.0,137.0,126.0,artificial_jewellery,video_20260404_115542,frame_006540.jpg,006540,heuristic
small_object_proposal,-1,1.0,4.0,821.0,18.0,913.0,artificial_jewellery,video_20260404_115542,frame_006540.jpg,006540,heuristic
small_object_proposal,-1,1.0,1221.0,773.0,1276.0,796.0,artificial_jewellery,video_20260404_115542,frame_006540.jpg,006540,heuristic
small_object_proposal,-1,1.0,960.0,642.0,992.0,680.0,artificial_jewellery,video_20260404_115542,frame_006540.jpg,006540,heuristic
small_object_proposal,-1,1.0,1581.0,852.0,1653.0,867.0,artificial_jewellery,video_20260404_115542,frame_006540.jpg,006540,heuristic
person,0,0.7796615362167358,66.01116943359375,0.0,1866.9869384765625,1066.9486083984375,artificial_jewellery,video_20260404_115542,frame_006600.jpg,006600,yolo
small_object_proposal,-1,1.0,936.0,747.0,1016.0,807.0,artificial_jewellery,video_20260404_115542,frame_006600.jpg,006600,heuristic
small_object_proposal,-1,1.0,743.0,927.0,816.0,986.0,artificial_jewellery,video_20260404_115542,frame_006600.jpg,006600,heuristic
small_object_proposal,-1,1.0,1393.0,318.0,1489.0,358.0,artificial_jewellery,video_20260404_115542,frame_006600.jpg,006600,heuristic
small_object_proposal,-1,1.0,1085.0,769.0,1125.0,864.0,artificial_jewellery,video_20260404_115542,frame_006600.jpg,006600,heuristic
small_object_proposal,-1,1.0,1091.0,923.0,1154.0,981.0,artificial_jewellery,video_20260404_115542,frame_006600.jpg,006600,heuristic
small_object_proposal,-1,1.0,1706.0,676.0,1753.0,750.0,artificial_jewellery,video_20260404_115542,frame_006600.jpg,006600,heuristic
small_object_proposal,-1,1.0,1229.0,806.0,1265.0,895.0,artificial_jewellery,video_20260404_115542,frame_006600.jpg,006600,heuristic
small_object_proposal,-1,1.0,1052.0,641.0,1114.0,692.0,artificial_jewellery,video_20260404_115542,frame_006600.jpg,006600,heuristic
small_object_proposal,-1,1.0,667.0,1014.0,717.0,1067.0,artificial_jewellery,video_20260404_115542,frame_006600.jpg,006600,heuristic
small_object_proposal,-1,1.0,479.0,921.0,539.0,965.0,artificial_jewellery,video_20260404_115542,frame_006600.jpg,006600,heuristic
small_object_proposal,-1,1.0,273.0,791.0,308.0,865.0,artificial_jewellery,video_20260404_115542,frame_006600.jpg,006600,heuristic
small_object_proposal,-1,1.0,1591.0,872.0,1640.0,922.0,artificial_jewellery,video_20260404_115542,frame_006600.jpg,006600,heuristic
small_object_proposal,-1,1.0,1167.0,827.0,1195.0,914.0,artificial_jewellery,video_20260404_115542,frame_006600.jpg,006600,heuristic
small_object_proposal,-1,1.0,1213.0,47.0,1245.0,120.0,artificial_jewellery,video_20260404_115542,frame_006600.jpg,006600,heuristic
small_object_proposal,-1,1.0,775.0,897.0,840.0,931.0,artificial_jewellery,video_20260404_115542,frame_006600.jpg,006600,heuristic
small_object_proposal,-1,1.0,63.0,492.0,109.0,539.0,artificial_jewellery,video_20260404_115542,frame_006600.jpg,006600,heuristic
small_object_proposal,-1,1.0,1018.0,886.0,1063.0,931.0,artificial_jewellery,video_20260404_115542,frame_006600.jpg,006600,heuristic
small_object_proposal,-1,1.0,930.0,952.0,989.0,985.0,artificial_jewellery,video_20260404_115542,frame_006600.jpg,006600,heuristic
small_object_proposal,-1,1.0,1416.0,608.0,1455.0,656.0,artificial_jewellery,video_20260404_115542,frame_006600.jpg,006600,heuristic
small_object_proposal,-1,1.0,77.0,472.0,135.0,504.0,artificial_jewellery,video_20260404_115542,frame_006600.jpg,006600,heuristic
small_object_proposal,-1,1.0,721.0,931.0,766.0,967.0,artificial_jewellery,video_20260404_115542,frame_006600.jpg,006600,heuristic
small_object_proposal,-1,1.0,1576.0,952.0,1615.0,992.0,artificial_jewellery,video_20260404_115542,frame_006600.jpg,006600,heuristic
small_object_proposal,-1,1.0,76.0,565.0,123.0,597.0,artificial_jewellery,video_20260404_115542,frame_006600.jpg,006600,heuristic
small_object_proposal,-1,1.0,629.0,949.0,693.0,972.0,artificial_jewellery,video_20260404_115542,frame_006600.jpg,006600,heuristic
small_object_proposal,-1,1.0,1118.0,538.0,1155.0,573.0,artificial_jewellery,video_20260404_115542,frame_006600.jpg,006600,heuristic
small_object_proposal,-1,1.0,1107.0,871.0,1145.0,903.0,artificial_jewellery,video_20260404_115542,frame_006600.jpg,006600,heuristic
small_object_proposal,-1,1.0,510.0,751.0,554.0,775.0,artificial_jewellery,video_20260404_115542,frame_006600.jpg,006600,heuristic
small_object_proposal,-1,1.0,67.0,547.0,97.0,580.0,artificial_jewellery,video_20260404_115542,frame_006600.jpg,006600,heuristic
small_object_proposal,-1,1.0,1146.0,548.0,1170.0,587.0,artificial_jewellery,video_20260404_115542,frame_006600.jpg,006600,heuristic
small_object_proposal,-1,1.0,1126.0,1043.0,1157.0,1073.0,artificial_jewellery,video_20260404_115542,frame_006600.jpg,006600,heuristic
person,0,0.8020944595336914,112.818603515625,0.97760009765625,1871.3035888671875,1074.7904052734375,artificial_jewellery,video_20260404_115542,frame_006630.jpg,006630,yolo
small_object_proposal,-1,1.0,983.0,982.0,1053.0,1043.0,artificial_jewellery,video_20260404_115542,frame_006630.jpg,006630,heuristic
small_object_proposal,-1,1.0,1117.0,940.0,1183.0,1004.0,artificial_jewellery,video_20260404_115542,frame_006630.jpg,006630,heuristic
small_object_proposal,-1,1.0,51.0,914.0,82.0,1050.0,artificial_jewellery,video_20260404_115542,frame_006630.jpg,006630,heuristic
small_object_proposal,-1,1.0,1510.0,440.0,1551.0,531.0,artificial_jewellery,video_20260404_115542,frame_006630.jpg,006630,heuristic
small_object_proposal,-1,1.0,373.0,696.0,425.0,767.0,artificial_jewellery,video_20260404_115542,frame_006630.jpg,006630,heuristic
small_object_proposal,-1,1.0,1536.0,533.0,1570.0,639.0,artificial_jewellery,video_20260404_115542,frame_006630.jpg,006630,heuristic
small_object_proposal,-1,1.0,128.0,879.0,166.0,973.0,artificial_jewellery,video_20260404_115542,frame_006630.jpg,006630,heuristic
small_object_proposal,-1,1.0,1002.0,791.0,1081.0,836.0,artificial_jewellery,video_20260404_115542,frame_006630.jpg,006630,heuristic
small_object_proposal,-1,1.0,1536.0,393.0,1589.0,460.0,artificial_jewellery,video_20260404_115542,frame_006630.jpg,006630,heuristic
small_object_proposal,-1,1.0,24.0,74.0,49.0,208.0,artificial_jewellery,video_20260404_115542,frame_006630.jpg,006630,heuristic
small_object_proposal,-1,1.0,789.0,917.0,863.0,955.0,artificial_jewellery,video_20260404_115542,frame_006630.jpg,006630,heuristic
small_object_proposal,-1,1.0,588.0,821.0,644.0,871.0,artificial_jewellery,video_20260404_115542,frame_006630.jpg,006630,heuristic
small_object_proposal,-1,1.0,803.0,1006.0,862.0,1053.0,artificial_jewellery,video_20260404_115542,frame_006630.jpg,006630,heuristic
small_object_proposal,-1,1.0,911.0,984.0,957.0,1044.0,artificial_jewellery,video_20260404_115542,frame_006630.jpg,006630,heuristic
small_object_proposal,-1,1.0,439.0,808.0,488.0,864.0,artificial_jewellery,video_20260404_115542,frame_006630.jpg,006630,heuristic
small_object_proposal,-1,1.0,69.0,570.0,122.0,619.0,artificial_jewellery,video_20260404_115542,frame_006630.jpg,006630,heuristic
small_object_proposal,-1,1.0,943.0,969.0,1011.0,1003.0,artificial_jewellery,video_20260404_115542,frame_006630.jpg,006630,heuristic
small_object_proposal,-1,1.0,680.0,949.0,725.0,999.0,artificial_jewellery,video_20260404_115542,frame_006630.jpg,006630,heuristic
small_object_proposal,-1,1.0,1121.0,784.0,1145.0,876.0,artificial_jewellery,video_20260404_115542,frame_006630.jpg,006630,heuristic
small_object_proposal,-1,1.0,734.0,949.0,784.0,992.0,artificial_jewellery,video_20260404_115542,frame_006630.jpg,006630,heuristic
small_object_proposal,-1,1.0,1040.0,903.0,1086.0,949.0,artificial_jewellery,video_20260404_115542,frame_006630.jpg,006630,heuristic
small_object_proposal,-1,1.0,1403.0,697.0,1509.0,715.0,artificial_jewellery,video_20260404_115542,frame_006630.jpg,006630,heuristic
small_object_proposal,-1,1.0,1409.0,660.0,1499.0,681.0,artificial_jewellery,video_20260404_115542,frame_006630.jpg,006630,heuristic
small_object_proposal,-1,1.0,1214.0,674.0,1247.0,729.0,artificial_jewellery,video_20260404_115542,frame_006630.jpg,006630,heuristic
small_object_proposal,-1,1.0,1547.0,627.0,1581.0,679.0,artificial_jewellery,video_20260404_115542,frame_006630.jpg,006630,heuristic
small_object_proposal,-1,1.0,843.0,195.0,870.0,259.0,artificial_jewellery,video_20260404_115542,frame_006630.jpg,006630,heuristic
small_object_proposal,-1,1.0,1676.0,753.0,1720.0,792.0,artificial_jewellery,video_20260404_115542,frame_006630.jpg,006630,heuristic
small_object_proposal,-1,1.0,1083.0,676.0,1135.0,706.0,artificial_jewellery,video_20260404_115542,frame_006630.jpg,006630,heuristic
small_object_proposal,-1,1.0,1224.0,794.0,1292.0,816.0,artificial_jewellery,video_20260404_115542,frame_006630.jpg,006630,heuristic
small_object_proposal,-1,1.0,884.0,790.0,928.0,822.0,artificial_jewellery,video_20260404_115542,frame_006630.jpg,006630,heuristic
person,0,0.4106709957122803,364.8446044921875,6.75823974609375,1916.6566162109375,1059.15673828125,artificial_jewellery,video_20260404_115542,frame_006690.jpg,006690,yolo
donut,54,0.3943667411804199,225.39340209960938,216.6011962890625,552.2561645507812,550.4227905273438,artificial_jewellery,video_20260404_115542,frame_006690.jpg,006690,yolo
person,0,0.30569174885749817,152.00006103515625,481.7606506347656,1851.9383544921875,1067.4820556640625,artificial_jewellery,video_20260404_115542,frame_006690.jpg,006690,yolo
small_object_proposal,-1,1.0,252.0,378.0,302.0,469.0,artificial_jewellery,video_20260404_115542,frame_006690.jpg,006690,heuristic
small_object_proposal,-1,1.0,1257.0,686.0,1356.0,729.0,artificial_jewellery,video_20260404_115542,frame_006690.jpg,006690,heuristic
small_object_proposal,-1,1.0,841.0,202.0,885.0,292.0,artificial_jewellery,video_20260404_115542,frame_006690.jpg,006690,heuristic
small_object_proposal,-1,1.0,928.0,924.0,1026.0,964.0,artificial_jewellery,video_20260404_115542,frame_006690.jpg,006690,heuristic
small_object_proposal,-1,1.0,422.0,286.0,498.0,337.0,artificial_jewellery,video_20260404_115542,frame_006690.jpg,006690,heuristic
small_object_proposal,-1,1.0,1374.0,944.0,1412.0,1040.0,artificial_jewellery,video_20260404_115542,frame_006690.jpg,006690,heuristic
small_object_proposal,-1,1.0,712.0,781.0,785.0,830.0,artificial_jewellery,video_20260404_115542,frame_006690.jpg,006690,heuristic
small_object_proposal,-1,1.0,380.0,990.0,455.0,1035.0,artificial_jewellery,video_20260404_115542,frame_006690.jpg,006690,heuristic
small_object_proposal,-1,1.0,811.0,977.0,880.0,1024.0,artificial_jewellery,video_20260404_115542,frame_006690.jpg,006690,heuristic
small_object_proposal,-1,1.0,964.0,972.0,1011.0,1034.0,artificial_jewellery,video_20260404_115542,frame_006690.jpg,006690,heuristic
small_object_proposal,-1,1.0,1241.0,922.0,1300.0,970.0,artificial_jewellery,video_20260404_115542,frame_006690.jpg,006690,heuristic
small_object_proposal,-1,1.0,1245.0,693.0,1284.0,763.0,artificial_jewellery,video_20260404_115542,frame_006690.jpg,006690,heuristic
small_object_proposal,-1,1.0,155.0,392.0,178.0,497.0,artificial_jewellery,video_20260404_115542,frame_006690.jpg,006690,heuristic
small_object_proposal,-1,1.0,1678.0,156.0,1751.0,188.0,artificial_jewellery,video_20260404_115542,frame_006690.jpg,006690,heuristic
small_object_proposal,-1,1.0,8.0,222.0,94.0,249.0,artificial_jewellery,video_20260404_115542,frame_006690.jpg,006690,heuristic
small_object_proposal,-1,1.0,908.0,901.0,966.0,940.0,artificial_jewellery,video_20260404_115542,frame_006690.jpg,006690,heuristic
small_object_proposal,-1,1.0,1169.0,838.0,1224.0,878.0,artificial_jewellery,video_20260404_115542,frame_006690.jpg,006690,heuristic
small_object_proposal,-1,1.0,675.0,160.0,766.0,184.0,artificial_jewellery,video_20260404_115542,frame_006690.jpg,006690,heuristic
small_object_proposal,-1,1.0,1146.0,703.0,1179.0,765.0,artificial_jewellery,video_20260404_115542,frame_006690.jpg,006690,heuristic
small_object_proposal,-1,1.0,1451.0,772.0,1476.0,853.0,artificial_jewellery,video_20260404_115542,frame_006690.jpg,006690,heuristic
small_object_proposal,-1,1.0,1248.0,874.0,1295.0,916.0,artificial_jewellery,video_20260404_115542,frame_006690.jpg,006690,heuristic
small_object_proposal,-1,1.0,975.0,898.0,1060.0,921.0,artificial_jewellery,video_20260404_115542,frame_006690.jpg,006690,heuristic
small_object_proposal,-1,1.0,371.0,24.0,400.0,88.0,artificial_jewellery,video_20260404_115542,frame_006690.jpg,006690,heuristic
small_object_proposal,-1,1.0,926.0,27.0,966.0,72.0,artificial_jewellery,video_20260404_115542,frame_006690.jpg,006690,heuristic
small_object_proposal,-1,1.0,145.0,937.0,182.0,981.0,artificial_jewellery,video_20260404_115542,frame_006690.jpg,006690,heuristic
small_object_proposal,-1,1.0,1649.0,342.0,1715.0,365.0,artificial_jewellery,video_20260404_115542,frame_006690.jpg,006690,heuristic
small_object_proposal,-1,1.0,509.0,1016.0,548.0,1051.0,artificial_jewellery,video_20260404_115542,frame_006690.jpg,006690,heuristic
small_object_proposal,-1,1.0,884.0,179.0,904.0,243.0,artificial_jewellery,video_20260404_115542,frame_006690.jpg,006690,heuristic
small_object_proposal,-1,1.0,1524.0,898.0,1573.0,924.0,artificial_jewellery,video_20260404_115542,frame_006690.jpg,006690,heuristic
small_object_proposal,-1,1.0,1168.0,968.0,1219.0,992.0,artificial_jewellery,video_20260404_115542,frame_006690.jpg,006690,heuristic
person,0,0.6665824055671692,307.21893310546875,0.399261474609375,1906.7183837890625,1064.170166015625,artificial_jewellery,video_20260404_115542,frame_006720.jpg,006720,yolo
small_object_proposal,-1,1.0,932.0,778.0,1000.0,847.0,artificial_jewellery,video_20260404_115542,frame_006720.jpg,006720,heuristic
small_object_proposal,-1,1.0,1198.0,289.0,1247.0,383.0,artificial_jewellery,video_20260404_115542,frame_006720.jpg,006720,heuristic
small_object_proposal,-1,1.0,1304.0,685.0,1327.0,879.0,artificial_jewellery,video_20260404_115542,frame_006720.jpg,006720,heuristic
small_object_proposal,-1,1.0,1661.0,808.0,1755.0,855.0,artificial_jewellery,video_20260404_115542,frame_006720.jpg,006720,heuristic
small_object_proposal,-1,1.0,801.0,975.0,853.0,1054.0,artificial_jewellery,video_20260404_115542,frame_006720.jpg,006720,heuristic
small_object_proposal,-1,1.0,396.0,170.0,436.0,266.0,artificial_jewellery,video_20260404_115542,frame_006720.jpg,006720,heuristic
small_object_proposal,-1,1.0,154.0,744.0,216.0,800.0,artificial_jewellery,video_20260404_115542,frame_006720.jpg,006720,heuristic
small_object_proposal,-1,1.0,1090.0,796.0,1147.0,854.0,artificial_jewellery,video_20260404_115542,frame_006720.jpg,006720,heuristic
small_object_proposal,-1,1.0,1172.0,945.0,1216.0,1018.0,artificial_jewellery,video_20260404_115542,frame_006720.jpg,006720,heuristic
small_object_proposal,-1,1.0,136.0,195.0,184.0,248.0,artificial_jewellery,video_20260404_115542,frame_006720.jpg,006720,heuristic
small_object_proposal,-1,1.0,1252.0,393.0,1287.0,465.0,artificial_jewellery,video_20260404_115542,frame_006720.jpg,006720,heuristic
small_object_proposal,-1,1.0,38.0,562.0,95.0,604.0,artificial_jewellery,video_20260404_115542,frame_006720.jpg,006720,heuristic
small_object_proposal,-1,1.0,1393.0,2.0,1439.0,54.0,artificial_jewellery,video_20260404_115542,frame_006720.jpg,006720,heuristic
small_object_proposal,-1,1.0,23.0,144.0,84.0,183.0,artificial_jewellery,video_20260404_115542,frame_006720.jpg,006720,heuristic
small_object_proposal,-1,1.0,701.0,638.0,772.0,670.0,artificial_jewellery,video_20260404_115542,frame_006720.jpg,006720,heuristic
small_object_proposal,-1,1.0,1186.0,692.0,1225.0,746.0,artificial_jewellery,video_20260404_115542,frame_006720.jpg,006720,heuristic
small_object_proposal,-1,1.0,1508.0,533.0,1539.0,600.0,artificial_jewellery,video_20260404_115542,frame_006720.jpg,006720,heuristic
small_object_proposal,-1,1.0,1058.0,1009.0,1101.0,1056.0,artificial_jewellery,video_20260404_115542,frame_006720.jpg,006720,heuristic
small_object_proposal,-1,1.0,1706.0,536.0,1760.0,573.0,artificial_jewellery,video_20260404_115542,frame_006720.jpg,006720,heuristic
small_object_proposal,-1,1.0,1583.0,669.0,1611.0,737.0,artificial_jewellery,video_20260404_115542,frame_006720.jpg,006720,heuristic
small_object_proposal,-1,1.0,282.0,8.0,318.0,60.0,artificial_jewellery,video_20260404_115542,frame_006720.jpg,006720,heuristic
small_object_proposal,-1,1.0,1237.0,971.0,1291.0,1004.0,artificial_jewellery,video_20260404_115542,frame_006720.jpg,006720,heuristic
small_object_proposal,-1,1.0,914.0,321.0,944.0,378.0,artificial_jewellery,video_20260404_115542,frame_006720.jpg,006720,heuristic
small_object_proposal,-1,1.0,1120.0,941.0,1143.0,1014.0,artificial_jewellery,video_20260404_115542,frame_006720.jpg,006720,heuristic
small_object_proposal,-1,1.0,1740.0,958.0,1771.0,1012.0,artificial_jewellery,video_20260404_115542,frame_006720.jpg,006720,heuristic
small_object_proposal,-1,1.0,486.0,814.0,566.0,834.0,artificial_jewellery,video_20260404_115542,frame_006720.jpg,006720,heuristic
small_object_proposal,-1,1.0,1312.0,248.0,1345.0,296.0,artificial_jewellery,video_20260404_115542,frame_006720.jpg,006720,heuristic
small_object_proposal,-1,1.0,1456.0,648.0,1494.0,684.0,artificial_jewellery,video_20260404_115542,frame_006720.jpg,006720,heuristic
small_object_proposal,-1,1.0,1282.0,597.0,1315.0,636.0,artificial_jewellery,video_20260404_115542,frame_006720.jpg,006720,heuristic
small_object_proposal,-1,1.0,1009.0,915.0,1044.0,951.0,artificial_jewellery,video_20260404_115542,frame_006720.jpg,006720,heuristic
person,0,0.725519597530365,399.3497314453125,0.0,1891.65576171875,1064.015625,artificial_jewellery,video_20260404_115542,frame_006750.jpg,006750,yolo
small_object_proposal,-1,1.0,1217.0,923.0,1276.0,1006.0,artificial_jewellery,video_20260404_115542,frame_006750.jpg,006750,heuristic
small_object_proposal,-1,1.0,1566.0,830.0,1705.0,865.0,artificial_jewellery,video_20260404_115542,frame_006750.jpg,006750,heuristic
small_object_proposal,-1,1.0,1525.0,495.0,1581.0,581.0,artificial_jewellery,video_20260404_115542,frame_006750.jpg,006750,heuristic
small_object_proposal,-1,1.0,427.0,964.0,501.0,1022.0,artificial_jewellery,video_20260404_115542,frame_006750.jpg,006750,heuristic
small_object_proposal,-1,1.0,1217.0,746.0,1273.0,818.0,artificial_jewellery,video_20260404_115542,frame_006750.jpg,006750,heuristic
small_object_proposal,-1,1.0,1269.0,402.0,1304.0,514.0,artificial_jewellery,video_20260404_115542,frame_006750.jpg,006750,heuristic
small_object_proposal,-1,1.0,1497.0,767.0,1590.0,806.0,artificial_jewellery,video_20260404_115542,frame_006750.jpg,006750,heuristic
small_object_proposal,-1,1.0,1556.0,803.0,1645.0,839.0,artificial_jewellery,video_20260404_115542,frame_006750.jpg,006750,heuristic
small_object_proposal,-1,1.0,1225.0,676.0,1263.0,755.0,artificial_jewellery,video_20260404_115542,frame_006750.jpg,006750,heuristic
small_object_proposal,-1,1.0,1518.0,799.0,1617.0,827.0,artificial_jewellery,video_20260404_115542,frame_006750.jpg,006750,heuristic
small_object_proposal,-1,1.0,36.0,654.0,101.0,695.0,artificial_jewellery,video_20260404_115542,frame_006750.jpg,006750,heuristic
small_object_proposal,-1,1.0,1162.0,1005.0,1215.0,1055.0,artificial_jewellery,video_20260404_115542,frame_006750.jpg,006750,heuristic
small_object_proposal,-1,1.0,1152.0,942.0,1201.0,996.0,artificial_jewellery,video_20260404_115542,frame_006750.jpg,006750,heuristic
small_object_proposal,-1,1.0,1217.0,832.0,1245.0,923.0,artificial_jewellery,video_20260404_115542,frame_006750.jpg,006750,heuristic
small_object_proposal,-1,1.0,1297.0,960.0,1370.0,991.0,artificial_jewellery,video_20260404_115542,frame_006750.jpg,006750,heuristic
small_object_proposal,-1,1.0,1028.0,53.0,1075.0,99.0,artificial_jewellery,video_20260404_115542,frame_006750.jpg,006750,heuristic
small_object_proposal,-1,1.0,32.0,84.0,49.0,207.0,artificial_jewellery,video_20260404_115542,frame_006750.jpg,006750,heuristic
small_object_proposal,-1,1.0,1673.0,731.0,1728.0,769.0,artificial_jewellery,video_20260404_115542,frame_006750.jpg,006750,heuristic
small_object_proposal,-1,1.0,895.0,676.0,954.0,711.0,artificial_jewellery,video_20260404_115542,frame_006750.jpg,006750,heuristic
small_object_proposal,-1,1.0,285.0,43.0,320.0,102.0,artificial_jewellery,video_20260404_115542,frame_006750.jpg,006750,heuristic
small_object_proposal,-1,1.0,1097.0,963.0,1140.0,1004.0,artificial_jewellery,video_20260404_115542,frame_006750.jpg,006750,heuristic
small_object_proposal,-1,1.0,1273.0,833.0,1312.0,878.0,artificial_jewellery,video_20260404_115542,frame_006750.jpg,006750,heuristic
small_object_proposal,-1,1.0,1543.0,768.0,1602.0,797.0,artificial_jewellery,video_20260404_115542,frame_006750.jpg,006750,heuristic
small_object_proposal,-1,1.0,1149.0,829.0,1206.0,859.0,artificial_jewellery,video_20260404_115542,frame_006750.jpg,006750,heuristic
small_object_proposal,-1,1.0,852.0,911.0,878.0,976.0,artificial_jewellery,video_20260404_115542,frame_006750.jpg,006750,heuristic
small_object_proposal,-1,1.0,1682.0,910.0,1753.0,933.0,artificial_jewellery,video_20260404_115542,frame_006750.jpg,006750,heuristic
small_object_proposal,-1,1.0,1007.0,1016.0,1063.0,1044.0,artificial_jewellery,video_20260404_115542,frame_006750.jpg,006750,heuristic
small_object_proposal,-1,1.0,1220.0,102.0,1254.0,146.0,artificial_jewellery,video_20260404_115542,frame_006750.jpg,006750,heuristic
small_object_proposal,-1,1.0,1310.0,590.0,1349.0,627.0,artificial_jewellery,video_20260404_115542,frame_006750.jpg,006750,heuristic
small_object_proposal,-1,1.0,1500.0,226.0,1530.0,272.0,artificial_jewellery,video_20260404_115542,frame_006750.jpg,006750,heuristic
person,0,0.7424985766410828,114.99591064453125,47.14599609375,1756.8134765625,1060.2513427734375,artificial_jewellery,video_20260404_115542,frame_006810.jpg,006810,yolo
teddy bear,77,0.40304920077323914,0.33837890625,38.11381530761719,303.2118835449219,511.73724365234375,artificial_jewellery,video_20260404_115542,frame_006810.jpg,006810,yolo
small_object_proposal,-1,1.0,1546.0,461.0,1683.0,497.0,artificial_jewellery,video_20260404_115542,frame_006810.jpg,006810,heuristic
small_object_proposal,-1,1.0,203.0,941.0,291.0,997.0,artificial_jewellery,video_20260404_115542,frame_006810.jpg,006810,heuristic
small_object_proposal,-1,1.0,399.0,906.0,503.0,952.0,artificial_jewellery,video_20260404_115542,frame_006810.jpg,006810,heuristic
small_object_proposal,-1,1.0,1732.0,231.0,1798.0,297.0,artificial_jewellery,video_20260404_115542,frame_006810.jpg,006810,heuristic
small_object_proposal,-1,1.0,1153.0,884.0,1216.0,950.0,artificial_jewellery,video_20260404_115542,frame_006810.jpg,006810,heuristic
small_object_proposal,-1,1.0,1270.0,248.0,1348.0,292.0,artificial_jewellery,video_20260404_115542,frame_006810.jpg,006810,heuristic
small_object_proposal,-1,1.0,1752.0,118.0,1807.0,180.0,artificial_jewellery,video_20260404_115542,frame_006810.jpg,006810,heuristic
small_object_proposal,-1,1.0,1729.0,383.0,1787.0,438.0,artificial_jewellery,video_20260404_115542,frame_006810.jpg,006810,heuristic
small_object_proposal,-1,1.0,274.0,859.0,310.0,945.0,artificial_jewellery,video_20260404_115542,frame_006810.jpg,006810,heuristic
small_object_proposal,-1,1.0,1506.0,964.0,1588.0,1001.0,artificial_jewellery,video_20260404_115542,frame_006810.jpg,006810,heuristic
small_object_proposal,-1,1.0,1023.0,1010.0,1072.0,1068.0,artificial_jewellery,video_20260404_115542,frame_006810.jpg,006810,heuristic
small_object_proposal,-1,1.0,714.0,682.0,779.0,724.0,artificial_jewellery,video_20260404_115542,frame_006810.jpg,006810,heuristic
small_object_proposal,-1,1.0,172.0,357.0,228.0,402.0,artificial_jewellery,video_20260404_115542,frame_006810.jpg,006810,heuristic
small_object_proposal,-1,1.0,1439.0,210.0,1466.0,301.0,artificial_jewellery,video_20260404_115542,frame_006810.jpg,006810,heuristic
small_object_proposal,-1,1.0,1215.0,639.0,1230.0,796.0,artificial_jewellery,video_20260404_115542,frame_006810.jpg,006810,heuristic
small_object_proposal,-1,1.0,1233.0,460.0,1281.0,509.0,artificial_jewellery,video_20260404_115542,frame_006810.jpg,006810,heuristic
small_object_proposal,-1,1.0,1236.0,935.0,1268.0,1006.0,artificial_jewellery,video_20260404_115542,frame_006810.jpg,006810,heuristic
small_object_proposal,-1,1.0,1231.0,375.0,1283.0,418.0,artificial_jewellery,video_20260404_115542,frame_006810.jpg,006810,heuristic
small_object_proposal,-1,1.0,1059.0,890.0,1104.0,939.0,artificial_jewellery,video_20260404_115542,frame_006810.jpg,006810,heuristic
small_object_proposal,-1,1.0,994.0,343.0,1067.0,372.0,artificial_jewellery,video_20260404_115542,frame_006810.jpg,006810,heuristic
small_object_proposal,-1,1.0,889.0,531.0,938.0,573.0,artificial_jewellery,video_20260404_115542,frame_006810.jpg,006810,heuristic
small_object_proposal,-1,1.0,138.0,353.0,178.0,404.0,artificial_jewellery,video_20260404_115542,frame_006810.jpg,006810,heuristic
small_object_proposal,-1,1.0,373.0,775.0,427.0,812.0,artificial_jewellery,video_20260404_115542,frame_006810.jpg,006810,heuristic
small_object_proposal,-1,1.0,950.0,979.0,994.0,1023.0,artificial_jewellery,video_20260404_115542,frame_006810.jpg,006810,heuristic
small_object_proposal,-1,1.0,1074.0,638.0,1109.0,693.0,artificial_jewellery,video_20260404_115542,frame_006810.jpg,006810,heuristic
small_object_proposal,-1,1.0,140.0,1021.0,201.0,1052.0,artificial_jewellery,video_20260404_115542,frame_006810.jpg,006810,heuristic
small_object_proposal,-1,1.0,849.0,609.0,898.0,647.0,artificial_jewellery,video_20260404_115542,frame_006810.jpg,006810,heuristic
small_object_proposal,-1,1.0,1301.0,722.0,1331.0,784.0,artificial_jewellery,video_20260404_115542,frame_006810.jpg,006810,heuristic
small_object_proposal,-1,1.0,972.0,873.0,1013.0,917.0,artificial_jewellery,video_20260404_115542,frame_006810.jpg,006810,heuristic
small_object_proposal,-1,1.0,1024.0,917.0,1048.0,986.0,artificial_jewellery,video_20260404_115542,frame_006810.jpg,006810,heuristic
person,0,0.8159524202346802,6.5408935546875,64.1473388671875,1887.7529296875,1074.8316650390625,artificial_jewellery,video_20260404_115542,frame_006840.jpg,006840,yolo
couch,57,0.516868531703949,45.917724609375,49.256103515625,1912.8076171875,1068.2392578125,artificial_jewellery,video_20260404_115542,frame_006840.jpg,006840,yolo
small_object_proposal,-1,1.0,1104.0,78.0,1460.0,92.0,artificial_jewellery,video_20260404_115542,frame_006840.jpg,006840,heuristic
small_object_proposal,-1,1.0,1651.0,719.0,1729.0,776.0,artificial_jewellery,video_20260404_115542,frame_006840.jpg,006840,heuristic
small_object_proposal,-1,1.0,1824.0,389.0,1895.0,449.0,artificial_jewellery,video_20260404_115542,frame_006840.jpg,006840,heuristic
small_object_proposal,-1,1.0,1297.0,542.0,1340.0,639.0,artificial_jewellery,video_20260404_115542,frame_006840.jpg,006840,heuristic
small_object_proposal,-1,1.0,684.0,798.0,751.0,846.0,artificial_jewellery,video_20260404_115542,frame_006840.jpg,006840,heuristic
small_object_proposal,-1,1.0,114.0,1022.0,199.0,1056.0,artificial_jewellery,video_20260404_115542,frame_006840.jpg,006840,heuristic
small_object_proposal,-1,1.0,1254.0,454.0,1301.0,508.0,artificial_jewellery,video_20260404_115542,frame_006840.jpg,006840,heuristic
small_object_proposal,-1,1.0,1037.0,700.0,1094.0,744.0,artificial_jewellery,video_20260404_115542,frame_006840.jpg,006840,heuristic
small_object_proposal,-1,1.0,307.0,93.0,383.0,126.0,artificial_jewellery,video_20260404_115542,frame_006840.jpg,006840,heuristic
small_object_proposal,-1,1.0,1002.0,1008.0,1050.0,1051.0,artificial_jewellery,video_20260404_115542,frame_006840.jpg,006840,heuristic
small_object_proposal,-1,1.0,1654.0,980.0,1711.0,1016.0,artificial_jewellery,video_20260404_115542,frame_006840.jpg,006840,heuristic
small_object_proposal,-1,1.0,1192.0,847.0,1223.0,909.0,artificial_jewellery,video_20260404_115542,frame_006840.jpg,006840,heuristic
small_object_proposal,-1,1.0,1381.0,176.0,1421.0,224.0,artificial_jewellery,video_20260404_115542,frame_006840.jpg,006840,heuristic
small_object_proposal,-1,1.0,828.0,677.0,873.0,718.0,artificial_jewellery,video_20260404_115542,frame_006840.jpg,006840,heuristic
small_object_proposal,-1,1.0,1026.0,910.0,1068.0,953.0,artificial_jewellery,video_20260404_115542,frame_006840.jpg,006840,heuristic
small_object_proposal,-1,1.0,1878.0,632.0,1913.0,681.0,artificial_jewellery,video_20260404_115542,frame_006840.jpg,006840,heuristic
small_object_proposal,-1,1.0,1080.0,958.0,1106.0,1023.0,artificial_jewellery,video_20260404_115542,frame_006840.jpg,006840,heuristic
small_object_proposal,-1,1.0,1127.0,847.0,1152.0,913.0,artificial_jewellery,video_20260404_115542,frame_006840.jpg,006840,heuristic
small_object_proposal,-1,1.0,1827.0,54.0,1888.0,81.0,artificial_jewellery,video_20260404_115542,frame_006840.jpg,006840,heuristic
small_object_proposal,-1,1.0,1125.0,139.0,1176.0,168.0,artificial_jewellery,video_20260404_115542,frame_006840.jpg,006840,heuristic
small_object_proposal,-1,1.0,1343.0,698.0,1422.0,716.0,artificial_jewellery,video_20260404_115542,frame_006840.jpg,006840,heuristic
small_object_proposal,-1,1.0,104.0,315.0,138.0,356.0,artificial_jewellery,video_20260404_115542,frame_006840.jpg,006840,heuristic
small_object_proposal,-1,1.0,700.0,942.0,726.0,989.0,artificial_jewellery,video_20260404_115542,frame_006840.jpg,006840,heuristic
small_object_proposal,-1,1.0,1039.0,236.0,1070.0,275.0,artificial_jewellery,video_20260404_115542,frame_006840.jpg,006840,heuristic
small_object_proposal,-1,1.0,1052.0,811.0,1099.0,835.0,artificial_jewellery,video_20260404_115542,frame_006840.jpg,006840,heuristic
small_object_proposal,-1,1.0,134.0,1036.0,187.0,1057.0,artificial_jewellery,video_20260404_115542,frame_006840.jpg,006840,heuristic
small_object_proposal,-1,1.0,1186.0,140.0,1223.0,169.0,artificial_jewellery,video_20260404_115542,frame_006840.jpg,006840,heuristic
small_object_proposal,-1,1.0,1350.0,944.0,1376.0,985.0,artificial_jewellery,video_20260404_115542,frame_006840.jpg,006840,heuristic
small_object_proposal,-1,1.0,1699.0,1026.0,1727.0,1063.0,artificial_jewellery,video_20260404_115542,frame_006840.jpg,006840,heuristic
small_object_proposal,-1,1.0,1160.0,102.0,1206.0,124.0,artificial_jewellery,video_20260404_115542,frame_006840.jpg,006840,heuristic
person,0,0.771892786026001,7.05963134765625,55.576263427734375,1867.5238037109375,1073.2823486328125,artificial_jewellery,video_20260404_115542,frame_006870.jpg,006870,yolo
couch,57,0.5902981162071228,47.10260009765625,41.8985595703125,1911.9185791015625,1067.1900634765625,artificial_jewellery,video_20260404_115542,frame_006870.jpg,006870,yolo
small_object_proposal,-1,1.0,1345.0,148.0,1415.0,218.0,artificial_jewellery,video_20260404_115542,frame_006870.jpg,006870,heuristic
small_object_proposal,-1,1.0,1641.0,700.0,1720.0,762.0,artificial_jewellery,video_20260404_115542,frame_006870.jpg,006870,heuristic
small_object_proposal,-1,1.0,107.0,1008.0,213.0,1054.0,artificial_jewellery,video_20260404_115542,frame_006870.jpg,006870,heuristic
small_object_proposal,-1,1.0,1165.0,524.0,1241.0,587.0,artificial_jewellery,video_20260404_115542,frame_006870.jpg,006870,heuristic
small_object_proposal,-1,1.0,1294.0,630.0,1342.0,725.0,artificial_jewellery,video_20260404_115542,frame_006870.jpg,006870,heuristic
small_object_proposal,-1,1.0,1263.0,727.0,1292.0,873.0,artificial_jewellery,video_20260404_115542,frame_006870.jpg,006870,heuristic
small_object_proposal,-1,1.0,1260.0,98.0,1332.0,145.0,artificial_jewellery,video_20260404_115542,frame_006870.jpg,006870,heuristic
small_object_proposal,-1,1.0,1296.0,799.0,1334.0,885.0,artificial_jewellery,video_20260404_115542,frame_006870.jpg,006870,heuristic
small_object_proposal,-1,1.0,1121.0,653.0,1161.0,728.0,artificial_jewellery,video_20260404_115542,frame_006870.jpg,006870,heuristic
small_object_proposal,-1,1.0,1068.0,1014.0,1118.0,1073.0,artificial_jewellery,video_20260404_115542,frame_006870.jpg,006870,heuristic
small_object_proposal,-1,1.0,293.0,85.0,369.0,118.0,artificial_jewellery,video_20260404_115542,frame_006870.jpg,006870,heuristic
small_object_proposal,-1,1.0,1258.0,418.0,1305.0,468.0,artificial_jewellery,video_20260404_115542,frame_006870.jpg,006870,heuristic
small_object_proposal,-1,1.0,8.0,127.0,45.0,187.0,artificial_jewellery,video_20260404_115542,frame_006870.jpg,006870,heuristic
small_object_proposal,-1,1.0,120.0,398.0,173.0,439.0,artificial_jewellery,video_20260404_115542,frame_006870.jpg,006870,heuristic
small_object_proposal,-1,1.0,919.0,287.0,967.0,331.0,artificial_jewellery,video_20260404_115542,frame_006870.jpg,006870,heuristic
small_object_proposal,-1,1.0,987.0,986.0,1036.0,1028.0,artificial_jewellery,video_20260404_115542,frame_006870.jpg,006870,heuristic
small_object_proposal,-1,1.0,1721.0,833.0,1757.0,887.0,artificial_jewellery,video_20260404_115542,frame_006870.jpg,006870,heuristic
small_object_proposal,-1,1.0,1601.0,937.0,1672.0,963.0,artificial_jewellery,video_20260404_115542,frame_006870.jpg,006870,heuristic
small_object_proposal,-1,1.0,1828.0,27.0,1891.0,56.0,artificial_jewellery,video_20260404_115542,frame_006870.jpg,006870,heuristic
small_object_proposal,-1,1.0,1252.0,929.0,1284.0,986.0,artificial_jewellery,video_20260404_115542,frame_006870.jpg,006870,heuristic
small_object_proposal,-1,1.0,1073.0,933.0,1098.0,1002.0,artificial_jewellery,video_20260404_115542,frame_006870.jpg,006870,heuristic
small_object_proposal,-1,1.0,1227.0,887.0,1266.0,931.0,artificial_jewellery,video_20260404_115542,frame_006870.jpg,006870,heuristic
small_object_proposal,-1,1.0,1207.0,943.0,1262.0,973.0,artificial_jewellery,video_20260404_115542,frame_006870.jpg,006870,heuristic
small_object_proposal,-1,1.0,1249.0,356.0,1291.0,394.0,artificial_jewellery,video_20260404_115542,frame_006870.jpg,006870,heuristic
small_object_proposal,-1,1.0,862.0,24.0,898.0,67.0,artificial_jewellery,video_20260404_115542,frame_006870.jpg,006870,heuristic
small_object_proposal,-1,1.0,1348.0,666.0,1425.0,686.0,artificial_jewellery,video_20260404_115542,frame_006870.jpg,006870,heuristic
small_object_proposal,-1,1.0,48.0,578.0,118.0,600.0,artificial_jewellery,video_20260404_115542,frame_006870.jpg,006870,heuristic
small_object_proposal,-1,1.0,1185.0,834.0,1214.0,887.0,artificial_jewellery,video_20260404_115542,frame_006870.jpg,006870,heuristic
small_object_proposal,-1,1.0,705.0,74.0,789.0,90.0,artificial_jewellery,video_20260404_115542,frame_006870.jpg,006870,heuristic
small_object_proposal,-1,1.0,1565.0,915.0,1605.0,947.0,artificial_jewellery,video_20260404_115542,frame_006870.jpg,006870,heuristic
person,0,0.7464054822921753,175.0096435546875,93.09466552734375,1887.59326171875,1070.5899658203125,artificial_jewellery,video_20260404_115542,frame_006900.jpg,006900,yolo
couch,57,0.6033990979194641,73.49102783203125,40.25848388671875,1913.699462890625,1067.3265380859375,artificial_jewellery,video_20260404_115542,frame_006900.jpg,006900,yolo
small_object_proposal,-1,1.0,1620.0,918.0,1684.0,986.0,artificial_jewellery,video_20260404_115542,frame_006900.jpg,006900,heuristic
small_object_proposal,-1,1.0,1274.0,757.0,1304.0,897.0,artificial_jewellery,video_20260404_115542,frame_006900.jpg,006900,heuristic
small_object_proposal,-1,1.0,138.0,1033.0,233.0,1077.0,artificial_jewellery,video_20260404_115542,frame_006900.jpg,006900,heuristic
small_object_proposal,-1,1.0,1795.0,38.0,1908.0,72.0,artificial_jewellery,video_20260404_115542,frame_006900.jpg,006900,heuristic
small_object_proposal,-1,1.0,660.0,746.0,717.0,806.0,artificial_jewellery,video_20260404_115542,frame_006900.jpg,006900,heuristic
small_object_proposal,-1,1.0,320.0,244.0,342.0,393.0,artificial_jewellery,video_20260404_115542,frame_006900.jpg,006900,heuristic
small_object_proposal,-1,1.0,736.0,794.0,800.0,842.0,artificial_jewellery,video_20260404_115542,frame_006900.jpg,006900,heuristic
small_object_proposal,-1,1.0,1295.0,570.0,1332.0,649.0,artificial_jewellery,video_20260404_115542,frame_006900.jpg,006900,heuristic
small_object_proposal,-1,1.0,303.0,100.0,384.0,135.0,artificial_jewellery,video_20260404_115542,frame_006900.jpg,006900,heuristic
small_object_proposal,-1,1.0,1254.0,486.0,1301.0,541.0,artificial_jewellery,video_20260404_115542,frame_006900.jpg,006900,heuristic
small_object_proposal,-1,1.0,106.0,328.0,154.0,378.0,artificial_jewellery,video_20260404_115542,frame_006900.jpg,006900,heuristic
small_object_proposal,-1,1.0,1386.0,175.0,1431.0,228.0,artificial_jewellery,video_20260404_115542,frame_006900.jpg,006900,heuristic
small_object_proposal,-1,1.0,1309.0,834.0,1341.0,906.0,artificial_jewellery,video_20260404_115542,frame_006900.jpg,006900,heuristic
small_object_proposal,-1,1.0,749.0,604.0,790.0,656.0,artificial_jewellery,video_20260404_115542,frame_006900.jpg,006900,heuristic
small_object_proposal,-1,1.0,1117.0,333.0,1161.0,379.0,artificial_jewellery,video_20260404_115542,frame_006900.jpg,006900,heuristic
small_object_proposal,-1,1.0,1008.0,1005.0,1056.0,1047.0,artificial_jewellery,video_20260404_115542,frame_006900.jpg,006900,heuristic
small_object_proposal,-1,1.0,1359.0,919.0,1391.0,979.0,artificial_jewellery,video_20260404_115542,frame_006900.jpg,006900,heuristic
small_object_proposal,-1,1.0,1646.0,983.0,1705.0,1013.0,artificial_jewellery,video_20260404_115542,frame_006900.jpg,006900,heuristic
small_object_proposal,-1,1.0,1741.0,852.0,1771.0,908.0,artificial_jewellery,video_20260404_115542,frame_006900.jpg,006900,heuristic
small_object_proposal,-1,1.0,709.0,87.0,806.0,104.0,artificial_jewellery,video_20260404_115542,frame_006900.jpg,006900,heuristic
small_object_proposal,-1,1.0,1594.0,978.0,1640.0,1012.0,artificial_jewellery,video_20260404_115542,frame_006900.jpg,006900,heuristic
small_object_proposal,-1,1.0,1088.0,955.0,1112.0,1019.0,artificial_jewellery,video_20260404_115542,frame_006900.jpg,006900,heuristic
small_object_proposal,-1,1.0,1471.0,442.0,1532.0,466.0,artificial_jewellery,video_20260404_115542,frame_006900.jpg,006900,heuristic
small_object_proposal,-1,1.0,30.0,145.0,58.0,197.0,artificial_jewellery,video_20260404_115542,frame_006900.jpg,006900,heuristic
small_object_proposal,-1,1.0,1126.0,934.0,1166.0,970.0,artificial_jewellery,video_20260404_115542,frame_006900.jpg,006900,heuristic
small_object_proposal,-1,1.0,1120.0,309.0,1150.0,356.0,artificial_jewellery,video_20260404_115542,frame_006900.jpg,006900,heuristic
small_object_proposal,-1,1.0,1042.0,872.0,1104.0,894.0,artificial_jewellery,video_20260404_115542,frame_006900.jpg,006900,heuristic
small_object_proposal,-1,1.0,1278.0,902.0,1307.0,948.0,artificial_jewellery,video_20260404_115542,frame_006900.jpg,006900,heuristic
small_object_proposal,-1,1.0,1134.0,277.0,1165.0,320.0,artificial_jewellery,video_20260404_115542,frame_006900.jpg,006900,heuristic
small_object_proposal,-1,1.0,1344.0,706.0,1415.0,724.0,artificial_jewellery,video_20260404_115542,frame_006900.jpg,006900,heuristic
person,0,0.7749248743057251,88.3062744140625,33.301116943359375,1917.8482666015625,1067.7674560546875,artificial_jewellery,video_20260404_115542,frame_006990.jpg,006990,yolo
couch,57,0.3265763223171234,0.0,2.97564697265625,1919.086669921875,1061.6119384765625,artificial_jewellery,video_20260404_115542,frame_006990.jpg,006990,yolo
small_object_proposal,-1,1.0,172.0,1002.0,293.0,1041.0,artificial_jewellery,video_20260404_115542,frame_006990.jpg,006990,heuristic
small_object_proposal,-1,1.0,1296.0,677.0,1322.0,850.0,artificial_jewellery,video_20260404_115542,frame_006990.jpg,006990,heuristic
small_object_proposal,-1,1.0,1702.0,876.0,1808.0,915.0,artificial_jewellery,video_20260404_115542,frame_006990.jpg,006990,heuristic
small_object_proposal,-1,1.0,1364.0,693.0,1472.0,729.0,artificial_jewellery,video_20260404_115542,frame_006990.jpg,006990,heuristic
small_object_proposal,-1,1.0,632.0,744.0,695.0,797.0,artificial_jewellery,video_20260404_115542,frame_006990.jpg,006990,heuristic
small_object_proposal,-1,1.0,1286.0,409.0,1358.0,452.0,artificial_jewellery,video_20260404_115542,frame_006990.jpg,006990,heuristic
small_object_proposal,-1,1.0,1519.0,176.0,1548.0,277.0,artificial_jewellery,video_20260404_115542,frame_006990.jpg,006990,heuristic
small_object_proposal,-1,1.0,1317.0,378.0,1363.0,441.0,artificial_jewellery,video_20260404_115542,frame_006990.jpg,006990,heuristic
small_object_proposal,-1,1.0,1104.0,997.0,1154.0,1054.0,artificial_jewellery,video_20260404_115542,frame_006990.jpg,006990,heuristic
small_object_proposal,-1,1.0,1009.0,965.0,1075.0,1008.0,artificial_jewellery,video_20260404_115542,frame_006990.jpg,006990,heuristic
small_object_proposal,-1,1.0,1330.0,932.0,1367.0,1006.0,artificial_jewellery,video_20260404_115542,frame_006990.jpg,006990,heuristic
small_object_proposal,-1,1.0,1394.0,467.0,1466.0,504.0,artificial_jewellery,video_20260404_115542,frame_006990.jpg,006990,heuristic
small_object_proposal,-1,1.0,1772.0,881.0,1836.0,921.0,artificial_jewellery,video_20260404_115542,frame_006990.jpg,006990,heuristic
small_object_proposal,-1,1.0,1149.0,632.0,1183.0,701.0,artificial_jewellery,video_20260404_115542,frame_006990.jpg,006990,heuristic
small_object_proposal,-1,1.0,338.0,221.0,354.0,352.0,artificial_jewellery,video_20260404_115542,frame_006990.jpg,006990,heuristic
small_object_proposal,-1,1.0,1785.0,925.0,1861.0,952.0,artificial_jewellery,video_20260404_115542,frame_006990.jpg,006990,heuristic
small_object_proposal,-1,1.0,691.0,791.0,743.0,830.0,artificial_jewellery,video_20260404_115542,frame_006990.jpg,006990,heuristic
small_object_proposal,-1,1.0,942.0,1028.0,1001.0,1062.0,artificial_jewellery,video_20260404_115542,frame_006990.jpg,006990,heuristic
small_object_proposal,-1,1.0,670.0,755.0,719.0,793.0,artificial_jewellery,video_20260404_115542,frame_006990.jpg,006990,heuristic
small_object_proposal,-1,1.0,1251.0,122.0,1284.0,175.0,artificial_jewellery,video_20260404_115542,frame_006990.jpg,006990,heuristic
small_object_proposal,-1,1.0,1812.0,17.0,1874.0,44.0,artificial_jewellery,video_20260404_115542,frame_006990.jpg,006990,heuristic
small_object_proposal,-1,1.0,664.0,739.0,715.0,771.0,artificial_jewellery,video_20260404_115542,frame_006990.jpg,006990,heuristic
small_object_proposal,-1,1.0,78.0,69.0,107.0,124.0,artificial_jewellery,video_20260404_115542,frame_006990.jpg,006990,heuristic
small_object_proposal,-1,1.0,1109.0,920.0,1133.0,983.0,artificial_jewellery,video_20260404_115542,frame_006990.jpg,006990,heuristic
small_object_proposal,-1,1.0,624.0,757.0,657.0,802.0,artificial_jewellery,video_20260404_115542,frame_006990.jpg,006990,heuristic
small_object_proposal,-1,1.0,1217.0,805.0,1244.0,859.0,artificial_jewellery,video_20260404_115542,frame_006990.jpg,006990,heuristic
small_object_proposal,-1,1.0,1768.0,910.0,1831.0,933.0,artificial_jewellery,video_20260404_115542,frame_006990.jpg,006990,heuristic
small_object_proposal,-1,1.0,1069.0,836.0,1126.0,860.0,artificial_jewellery,video_20260404_115542,frame_006990.jpg,006990,heuristic
small_object_proposal,-1,1.0,1469.0,85.0,1496.0,135.0,artificial_jewellery,video_20260404_115542,frame_006990.jpg,006990,heuristic
small_object_proposal,-1,1.0,1291.0,609.0,1308.0,675.0,artificial_jewellery,video_20260404_115542,frame_006990.jpg,006990,heuristic
person,0,0.7042675614356995,20.1939697265625,7.514190673828125,1913.07861328125,1060.02734375,artificial_jewellery,video_20260404_115542,frame_007140.jpg,007140,yolo
couch,57,0.32770103216171265,3.27593994140625,4.42657470703125,1850.67822265625,1067.822021484375,artificial_jewellery,video_20260404_115542,frame_007140.jpg,007140,yolo
small_object_proposal,-1,1.0,1088.0,253.0,1129.0,374.0,artificial_jewellery,video_20260404_115542,frame_007140.jpg,007140,heuristic
small_object_proposal,-1,1.0,113.0,5.0,181.0,77.0,artificial_jewellery,video_20260404_115542,frame_007140.jpg,007140,heuristic
small_object_proposal,-1,1.0,1444.0,383.0,1559.0,422.0,artificial_jewellery,video_20260404_115542,frame_007140.jpg,007140,heuristic
small_object_proposal,-1,1.0,1169.0,854.0,1221.0,939.0,artificial_jewellery,video_20260404_115542,frame_007140.jpg,007140,heuristic
small_object_proposal,-1,1.0,790.0,943.0,839.0,1026.0,artificial_jewellery,video_20260404_115542,frame_007140.jpg,007140,heuristic
small_object_proposal,-1,1.0,911.0,721.0,980.0,778.0,artificial_jewellery,video_20260404_115542,frame_007140.jpg,007140,heuristic
small_object_proposal,-1,1.0,766.0,1023.0,853.0,1068.0,artificial_jewellery,video_20260404_115542,frame_007140.jpg,007140,heuristic
small_object_proposal,-1,1.0,1395.0,72.0,1438.0,157.0,artificial_jewellery,video_20260404_115542,frame_007140.jpg,007140,heuristic
small_object_proposal,-1,1.0,1477.0,632.0,1565.0,670.0,artificial_jewellery,video_20260404_115542,frame_007140.jpg,007140,heuristic
small_object_proposal,-1,1.0,1030.0,897.0,1097.0,945.0,artificial_jewellery,video_20260404_115542,frame_007140.jpg,007140,heuristic
small_object_proposal,-1,1.0,1126.0,940.0,1178.0,998.0,artificial_jewellery,video_20260404_115542,frame_007140.jpg,007140,heuristic
small_object_proposal,-1,1.0,737.0,754.0,801.0,800.0,artificial_jewellery,video_20260404_115542,frame_007140.jpg,007140,heuristic
small_object_proposal,-1,1.0,1093.0,861.0,1143.0,914.0,artificial_jewellery,video_20260404_115542,frame_007140.jpg,007140,heuristic
small_object_proposal,-1,1.0,195.0,1029.0,258.0,1068.0,artificial_jewellery,video_20260404_115542,frame_007140.jpg,007140,heuristic
small_object_proposal,-1,1.0,1346.0,114.0,1394.0,163.0,artificial_jewellery,video_20260404_115542,frame_007140.jpg,007140,heuristic
small_object_proposal,-1,1.0,1278.0,116.0,1328.0,162.0,artificial_jewellery,video_20260404_115542,frame_007140.jpg,007140,heuristic
small_object_proposal,-1,1.0,1234.0,93.0,1287.0,135.0,artificial_jewellery,video_20260404_115542,frame_007140.jpg,007140,heuristic
small_object_proposal,-1,1.0,1538.0,1017.0,1618.0,1044.0,artificial_jewellery,video_20260404_115542,frame_007140.jpg,007140,heuristic
small_object_proposal,-1,1.0,1437.0,78.0,1473.0,136.0,artificial_jewellery,video_20260404_115542,frame_007140.jpg,007140,heuristic
small_object_proposal,-1,1.0,957.0,962.0,1018.0,995.0,artificial_jewellery,video_20260404_115542,frame_007140.jpg,007140,heuristic
small_object_proposal,-1,1.0,1479.0,941.0,1538.0,974.0,artificial_jewellery,video_20260404_115542,frame_007140.jpg,007140,heuristic
small_object_proposal,-1,1.0,1472.0,369.0,1558.0,391.0,artificial_jewellery,video_20260404_115542,frame_007140.jpg,007140,heuristic
small_object_proposal,-1,1.0,1161.0,755.0,1181.0,849.0,artificial_jewellery,video_20260404_115542,frame_007140.jpg,007140,heuristic
small_object_proposal,-1,1.0,1119.0,368.0,1194.0,392.0,artificial_jewellery,video_20260404_115542,frame_007140.jpg,007140,heuristic
small_object_proposal,-1,1.0,1067.0,816.0,1106.0,857.0,artificial_jewellery,video_20260404_115542,frame_007140.jpg,007140,heuristic
small_object_proposal,-1,1.0,711.0,803.0,768.0,830.0,artificial_jewellery,video_20260404_115542,frame_007140.jpg,007140,heuristic
small_object_proposal,-1,1.0,1231.0,200.0,1270.0,239.0,artificial_jewellery,video_20260404_115542,frame_007140.jpg,007140,heuristic
small_object_proposal,-1,1.0,1318.0,214.0,1354.0,253.0,artificial_jewellery,video_20260404_115542,frame_007140.jpg,007140,heuristic
small_object_proposal,-1,1.0,1347.0,69.0,1377.0,115.0,artificial_jewellery,video_20260404_115542,frame_007140.jpg,007140,heuristic
small_object_proposal,-1,1.0,1474.0,22.0,1510.0,58.0,artificial_jewellery,video_20260404_115542,frame_007140.jpg,007140,heuristic
small_object_proposal,-1,1.0,270.0,1016.0,398.0,1053.0,artificial_jewellery,video_20260404_115542,frame_007320.jpg,007320,heuristic
small_object_proposal,-1,1.0,1089.0,908.0,1160.0,969.0,artificial_jewellery,video_20260404_115542,frame_007320.jpg,007320,heuristic
small_object_proposal,-1,1.0,960.0,36.0,1008.0,126.0,artificial_jewellery,video_20260404_115542,frame_007320.jpg,007320,heuristic
small_object_proposal,-1,1.0,1806.0,205.0,1860.0,281.0,artificial_jewellery,video_20260404_115542,frame_007320.jpg,007320,heuristic
small_object_proposal,-1,1.0,1614.0,10.0,1665.0,83.0,artificial_jewellery,video_20260404_115542,frame_007320.jpg,007320,heuristic
small_object_proposal,-1,1.0,500.0,486.0,553.0,550.0,artificial_jewellery,video_20260404_115542,frame_007320.jpg,007320,heuristic
small_object_proposal,-1,1.0,1240.0,572.0,1262.0,714.0,artificial_jewellery,video_20260404_115542,frame_007320.jpg,007320,heuristic
small_object_proposal,-1,1.0,1533.0,54.0,1569.0,140.0,artificial_jewellery,video_20260404_115542,frame_007320.jpg,007320,heuristic
small_object_proposal,-1,1.0,418.0,470.0,507.0,504.0,artificial_jewellery,video_20260404_115542,frame_007320.jpg,007320,heuristic
small_object_proposal,-1,1.0,35.0,189.0,85.0,248.0,artificial_jewellery,video_20260404_115542,frame_007320.jpg,007320,heuristic
small_object_proposal,-1,1.0,1139.0,914.0,1191.0,963.0,artificial_jewellery,video_20260404_115542,frame_007320.jpg,007320,heuristic
small_object_proposal,-1,1.0,62.0,130.0,128.0,168.0,artificial_jewellery,video_20260404_115542,frame_007320.jpg,007320,heuristic
small_object_proposal,-1,1.0,56.0,334.0,106.0,383.0,artificial_jewellery,video_20260404_115542,frame_007320.jpg,007320,heuristic
small_object_proposal,-1,1.0,156.0,685.0,205.0,733.0,artificial_jewellery,video_20260404_115542,frame_007320.jpg,007320,heuristic
small_object_proposal,-1,1.0,1294.0,56.0,1342.0,102.0,artificial_jewellery,video_20260404_115542,frame_007320.jpg,007320,heuristic
small_object_proposal,-1,1.0,15.0,629.0,68.0,670.0,artificial_jewellery,video_20260404_115542,frame_007320.jpg,007320,heuristic
small_object_proposal,-1,1.0,685.0,248.0,727.0,295.0,artificial_jewellery,video_20260404_115542,frame_007320.jpg,007320,heuristic
small_object_proposal,-1,1.0,274.0,1045.0,359.0,1068.0,artificial_jewellery,video_20260404_115542,frame_007320.jpg,007320,heuristic
small_object_proposal,-1,1.0,1323.0,840.0,1392.0,868.0,artificial_jewellery,video_20260404_115542,frame_007320.jpg,007320,heuristic
small_object_proposal,-1,1.0,21.0,285.0,79.0,318.0,artificial_jewellery,video_20260404_115542,frame_007320.jpg,007320,heuristic
small_object_proposal,-1,1.0,139.0,936.0,200.0,967.0,artificial_jewellery,video_20260404_115542,frame_007320.jpg,007320,heuristic
small_object_proposal,-1,1.0,1816.0,425.0,1879.0,454.0,artificial_jewellery,video_20260404_115542,frame_007320.jpg,007320,heuristic
small_object_proposal,-1,1.0,1327.0,531.0,1355.0,596.0,artificial_jewellery,video_20260404_115542,frame_007320.jpg,007320,heuristic
small_object_proposal,-1,1.0,53.0,688.0,86.0,743.0,artificial_jewellery,video_20260404_115542,frame_007320.jpg,007320,heuristic
small_object_proposal,-1,1.0,1122.0,683.0,1145.0,759.0,artificial_jewellery,video_20260404_115542,frame_007320.jpg,007320,heuristic
small_object_proposal,-1,1.0,1240.0,903.0,1265.0,972.0,artificial_jewellery,video_20260404_115542,frame_007320.jpg,007320,heuristic
small_object_proposal,-1,1.0,126.0,916.0,173.0,950.0,artificial_jewellery,video_20260404_115542,frame_007320.jpg,007320,heuristic
small_object_proposal,-1,1.0,1003.0,471.0,1028.0,534.0,artificial_jewellery,video_20260404_115542,frame_007320.jpg,007320,heuristic
small_object_proposal,-1,1.0,38.0,234.0,71.0,280.0,artificial_jewellery,video_20260404_115542,frame_007320.jpg,007320,heuristic
small_object_proposal,-1,1.0,1304.0,864.0,1339.0,906.0,artificial_jewellery,video_20260404_115542,frame_007320.jpg,007320,heuristic
dining table,60,0.30490627884864807,9.0047607421875,1.739959716796875,1916.84326171875,1070.04541015625,artificial_jewellery,video_20260404_115542,frame_007350.jpg,007350,yolo
small_object_proposal,-1,1.0,1599.0,8.0,1642.0,120.0,artificial_jewellery,video_20260404_115542,frame_007350.jpg,007350,heuristic
small_object_proposal,-1,1.0,1648.0,355.0,1704.0,436.0,artificial_jewellery,video_20260404_115542,frame_007350.jpg,007350,heuristic
small_object_proposal,-1,1.0,1038.0,628.0,1108.0,692.0,artificial_jewellery,video_20260404_115542,frame_007350.jpg,007350,heuristic
small_object_proposal,-1,1.0,526.0,239.0,578.0,308.0,artificial_jewellery,video_20260404_115542,frame_007350.jpg,007350,heuristic
small_object_proposal,-1,1.0,11.0,723.0,60.0,792.0,artificial_jewellery,video_20260404_115542,frame_007350.jpg,007350,heuristic
small_object_proposal,-1,1.0,1193.0,128.0,1279.0,160.0,artificial_jewellery,video_20260404_115542,frame_007350.jpg,007350,heuristic
small_object_proposal,-1,1.0,856.0,352.0,880.0,460.0,artificial_jewellery,video_20260404_115542,frame_007350.jpg,007350,heuristic
small_object_proposal,-1,1.0,1420.0,516.0,1469.0,568.0,artificial_jewellery,video_20260404_115542,frame_007350.jpg,007350,heuristic
small_object_proposal,-1,1.0,1495.0,520.0,1528.0,594.0,artificial_jewellery,video_20260404_115542,frame_007350.jpg,007350,heuristic
small_object_proposal,-1,1.0,559.0,247.0,601.0,305.0,artificial_jewellery,video_20260404_115542,frame_007350.jpg,007350,heuristic
small_object_proposal,-1,1.0,1035.0,63.0,1073.0,126.0,artificial_jewellery,video_20260404_115542,frame_007350.jpg,007350,heuristic
small_object_proposal,-1,1.0,625.0,717.0,679.0,758.0,artificial_jewellery,video_20260404_115542,frame_007350.jpg,007350,heuristic
small_object_proposal,-1,1.0,1130.0,219.0,1171.0,273.0,artificial_jewellery,video_20260404_115542,frame_007350.jpg,007350,heuristic
small_object_proposal,-1,1.0,1478.0,787.0,1522.0,834.0,artificial_jewellery,video_20260404_115542,frame_007350.jpg,007350,heuristic
small_object_proposal,-1,1.0,526.0,423.0,563.0,478.0,artificial_jewellery,video_20260404_115542,frame_007350.jpg,007350,heuristic
small_object_proposal,-1,1.0,436.0,250.0,468.0,312.0,artificial_jewellery,video_20260404_115542,frame_007350.jpg,007350,heuristic
small_object_proposal,-1,1.0,1577.0,618.0,1632.0,654.0,artificial_jewellery,video_20260404_115542,frame_007350.jpg,007350,heuristic
small_object_proposal,-1,1.0,1403.0,513.0,1440.0,565.0,artificial_jewellery,video_20260404_115542,frame_007350.jpg,007350,heuristic
small_object_proposal,-1,1.0,882.0,41.0,925.0,85.0,artificial_jewellery,video_20260404_115542,frame_007350.jpg,007350,heuristic
small_object_proposal,-1,1.0,601.0,337.0,654.0,371.0,artificial_jewellery,video_20260404_115542,frame_007350.jpg,007350,heuristic
small_object_proposal,-1,1.0,1657.0,858.0,1688.0,914.0,artificial_jewellery,video_20260404_115542,frame_007350.jpg,007350,heuristic
small_object_proposal,-1,1.0,1235.0,319.0,1267.0,370.0,artificial_jewellery,video_20260404_115542,frame_007350.jpg,007350,heuristic
small_object_proposal,-1,1.0,1489.0,765.0,1545.0,794.0,artificial_jewellery,video_20260404_115542,frame_007350.jpg,007350,heuristic
small_object_proposal,-1,1.0,1570.0,916.0,1600.0,968.0,artificial_jewellery,video_20260404_115542,frame_007350.jpg,007350,heuristic
small_object_proposal,-1,1.0,1622.0,412.0,1650.0,466.0,artificial_jewellery,video_20260404_115542,frame_007350.jpg,007350,heuristic
small_object_proposal,-1,1.0,1415.0,765.0,1478.0,788.0,artificial_jewellery,video_20260404_115542,frame_007350.jpg,007350,heuristic
small_object_proposal,-1,1.0,1324.0,441.0,1363.0,477.0,artificial_jewellery,video_20260404_115542,frame_007350.jpg,007350,heuristic
small_object_proposal,-1,1.0,1300.0,939.0,1324.0,996.0,artificial_jewellery,video_20260404_115542,frame_007350.jpg,007350,heuristic
small_object_proposal,-1,1.0,1154.0,89.0,1185.0,130.0,artificial_jewellery,video_20260404_115542,frame_007350.jpg,007350,heuristic
small_object_proposal,-1,1.0,1293.0,759.0,1376.0,772.0,artificial_jewellery,video_20260404_115542,frame_007350.jpg,007350,heuristic
person,0,0.6757656931877136,458.6261291503906,385.6749572753906,1557.9884033203125,1068.7730712890625,artificial_jewellery,video_20260404_115542,frame_007380.jpg,007380,yolo
cake,55,0.33626559376716614,138.43052673339844,542.9773559570312,486.1307373046875,888.340087890625,artificial_jewellery,video_20260404_115542,frame_007380.jpg,007380,yolo
sandwich,48,0.26815560460090637,817.5784301757812,324.83721923828125,1252.2315673828125,656.7828979492188,artificial_jewellery,video_20260404_115542,frame_007380.jpg,007380,yolo
small_object_proposal,-1,1.0,190.0,107.0,286.0,157.0,artificial_jewellery,video_20260404_115542,frame_007380.jpg,007380,heuristic
small_object_proposal,-1,1.0,376.0,196.0,463.0,246.0,artificial_jewellery,video_20260404_115542,frame_007380.jpg,007380,heuristic
small_object_proposal,-1,1.0,1397.0,999.0,1482.0,1050.0,artificial_jewellery,video_20260404_115542,frame_007380.jpg,007380,heuristic
small_object_proposal,-1,1.0,1846.0,309.0,1901.0,384.0,artificial_jewellery,video_20260404_115542,frame_007380.jpg,007380,heuristic
small_object_proposal,-1,1.0,1299.0,618.0,1351.0,693.0,artificial_jewellery,video_20260404_115542,frame_007380.jpg,007380,heuristic
small_object_proposal,-1,1.0,1450.0,913.0,1487.0,1005.0,artificial_jewellery,video_20260404_115542,frame_007380.jpg,007380,heuristic
small_object_proposal,-1,1.0,741.0,494.0,779.0,577.0,artificial_jewellery,video_20260404_115542,frame_007380.jpg,007380,heuristic
small_object_proposal,-1,1.0,20.0,913.0,60.0,990.0,artificial_jewellery,video_20260404_115542,frame_007380.jpg,007380,heuristic
small_object_proposal,-1,1.0,636.0,875.0,677.0,949.0,artificial_jewellery,video_20260404_115542,frame_007380.jpg,007380,heuristic
small_object_proposal,-1,1.0,554.0,363.0,597.0,433.0,artificial_jewellery,video_20260404_115542,frame_007380.jpg,007380,heuristic
small_object_proposal,-1,1.0,802.0,298.0,849.0,356.0,artificial_jewellery,video_20260404_115542,frame_007380.jpg,007380,heuristic
small_object_proposal,-1,1.0,532.0,284.0,565.0,366.0,artificial_jewellery,video_20260404_115542,frame_007380.jpg,007380,heuristic
small_object_proposal,-1,1.0,575.0,405.0,621.0,461.0,artificial_jewellery,video_20260404_115542,frame_007380.jpg,007380,heuristic
small_object_proposal,-1,1.0,497.0,256.0,529.0,329.0,artificial_jewellery,video_20260404_115542,frame_007380.jpg,007380,heuristic
small_object_proposal,-1,1.0,1119.0,142.0,1156.0,205.0,artificial_jewellery,video_20260404_115542,frame_007380.jpg,007380,heuristic
small_object_proposal,-1,1.0,1426.0,459.0,1475.0,502.0,artificial_jewellery,video_20260404_115542,frame_007380.jpg,007380,heuristic
small_object_proposal,-1,1.0,61.0,753.0,88.0,829.0,artificial_jewellery,video_20260404_115542,frame_007380.jpg,007380,heuristic
small_object_proposal,-1,1.0,1368.0,713.0,1410.0,759.0,artificial_jewellery,video_20260404_115542,frame_007380.jpg,007380,heuristic
small_object_proposal,-1,1.0,934.0,761.0,975.0,808.0,artificial_jewellery,video_20260404_115542,frame_007380.jpg,007380,heuristic
small_object_proposal,-1,1.0,1632.0,82.0,1659.0,153.0,artificial_jewellery,video_20260404_115542,frame_007380.jpg,007380,heuristic
small_object_proposal,-1,1.0,279.0,28.0,308.0,90.0,artificial_jewellery,video_20260404_115542,frame_007380.jpg,007380,heuristic
small_object_proposal,-1,1.0,1494.0,706.0,1558.0,732.0,artificial_jewellery,video_20260404_115542,frame_007380.jpg,007380,heuristic
small_object_proposal,-1,1.0,1516.0,189.0,1538.0,261.0,artificial_jewellery,video_20260404_115542,frame_007380.jpg,007380,heuristic
small_object_proposal,-1,1.0,240.0,534.0,302.0,558.0,artificial_jewellery,video_20260404_115542,frame_007380.jpg,007380,heuristic
small_object_proposal,-1,1.0,553.0,402.0,588.0,444.0,artificial_jewellery,video_20260404_115542,frame_007380.jpg,007380,heuristic
small_object_proposal,-1,1.0,398.0,178.0,456.0,203.0,artificial_jewellery,video_20260404_115542,frame_007380.jpg,007380,heuristic
small_object_proposal,-1,1.0,1355.0,998.0,1404.0,1027.0,artificial_jewellery,video_20260404_115542,frame_007380.jpg,007380,heuristic
small_object_proposal,-1,1.0,520.0,372.0,549.0,420.0,artificial_jewellery,video_20260404_115542,frame_007380.jpg,007380,heuristic
small_object_proposal,-1,1.0,243.0,659.0,271.0,708.0,artificial_jewellery,video_20260404_115542,frame_007380.jpg,007380,heuristic
small_object_proposal,-1,1.0,1815.0,794.0,1878.0,815.0,artificial_jewellery,video_20260404_115542,frame_007380.jpg,007380,heuristic
person,0,0.7016847133636475,481.40899658203125,5.448944091796875,1779.8089599609375,1056.1387939453125,artificial_jewellery,video_20260404_115542,frame_007410.jpg,007410,yolo
small_object_proposal,-1,1.0,877.0,14.0,931.0,104.0,artificial_jewellery,video_20260404_115542,frame_007410.jpg,007410,heuristic
small_object_proposal,-1,1.0,1782.0,126.0,1842.0,203.0,artificial_jewellery,video_20260404_115542,frame_007410.jpg,007410,heuristic
small_object_proposal,-1,1.0,79.0,707.0,137.0,761.0,artificial_jewellery,video_20260404_115542,frame_007410.jpg,007410,heuristic
small_object_proposal,-1,1.0,1168.0,343.0,1204.0,417.0,artificial_jewellery,video_20260404_115542,frame_007410.jpg,007410,heuristic
small_object_proposal,-1,1.0,1089.0,803.0,1166.0,834.0,artificial_jewellery,video_20260404_115542,frame_007410.jpg,007410,heuristic
small_object_proposal,-1,1.0,1143.0,817.0,1196.0,860.0,artificial_jewellery,video_20260404_115542,frame_007410.jpg,007410,heuristic
small_object_proposal,-1,1.0,598.0,242.0,645.0,290.0,artificial_jewellery,video_20260404_115542,frame_007410.jpg,007410,heuristic
small_object_proposal,-1,1.0,595.0,418.0,618.0,511.0,artificial_jewellery,video_20260404_115542,frame_007410.jpg,007410,heuristic
small_object_proposal,-1,1.0,1370.0,260.0,1419.0,302.0,artificial_jewellery,video_20260404_115542,frame_007410.jpg,007410,heuristic
small_object_proposal,-1,1.0,1077.0,274.0,1116.0,325.0,artificial_jewellery,video_20260404_115542,frame_007410.jpg,007410,heuristic
small_object_proposal,-1,1.0,1227.0,12.0,1269.0,57.0,artificial_jewellery,video_20260404_115542,frame_007410.jpg,007410,heuristic
small_object_proposal,-1,1.0,1123.0,939.0,1180.0,971.0,artificial_jewellery,video_20260404_115542,frame_007410.jpg,007410,heuristic
small_object_proposal,-1,1.0,648.0,816.0,686.0,861.0,artificial_jewellery,video_20260404_115542,frame_007410.jpg,007410,heuristic
small_object_proposal,-1,1.0,580.0,456.0,598.0,547.0,artificial_jewellery,video_20260404_115542,frame_007410.jpg,007410,heuristic
small_object_proposal,-1,1.0,1384.0,293.0,1438.0,323.0,artificial_jewellery,video_20260404_115542,frame_007410.jpg,007410,heuristic
small_object_proposal,-1,1.0,1393.0,854.0,1463.0,877.0,artificial_jewellery,video_20260404_115542,frame_007410.jpg,007410,heuristic
small_object_proposal,-1,1.0,1248.0,505.0,1264.0,596.0,artificial_jewellery,video_20260404_115542,frame_007410.jpg,007410,heuristic
small_object_proposal,-1,1.0,144.0,924.0,177.0,968.0,artificial_jewellery,video_20260404_115542,frame_007410.jpg,007410,heuristic
small_object_proposal,-1,1.0,1519.0,352.0,1549.0,399.0,artificial_jewellery,video_20260404_115542,frame_007410.jpg,007410,heuristic
small_object_proposal,-1,1.0,1250.0,452.0,1283.0,494.0,artificial_jewellery,video_20260404_115542,frame_007410.jpg,007410,heuristic
small_object_proposal,-1,1.0,151.0,244.0,175.0,299.0,artificial_jewellery,video_20260404_115542,frame_007410.jpg,007410,heuristic
small_object_proposal,-1,1.0,155.0,867.0,185.0,909.0,artificial_jewellery,video_20260404_115542,frame_007410.jpg,007410,heuristic
small_object_proposal,-1,1.0,1185.0,430.0,1214.0,473.0,artificial_jewellery,video_20260404_115542,frame_007410.jpg,007410,heuristic
small_object_proposal,-1,1.0,2.0,346.0,38.0,380.0,artificial_jewellery,video_20260404_115542,frame_007410.jpg,007410,heuristic
small_object_proposal,-1,1.0,601.0,221.0,657.0,241.0,artificial_jewellery,video_20260404_115542,frame_007410.jpg,007410,heuristic
small_object_proposal,-1,1.0,1159.0,282.0,1194.0,312.0,artificial_jewellery,video_20260404_115542,frame_007410.jpg,007410,heuristic
small_object_proposal,-1,1.0,704.0,798.0,745.0,823.0,artificial_jewellery,video_20260404_115542,frame_007410.jpg,007410,heuristic
small_object_proposal,-1,1.0,1130.0,304.0,1153.0,345.0,artificial_jewellery,video_20260404_115542,frame_007410.jpg,007410,heuristic
small_object_proposal,-1,1.0,1115.0,1031.0,1146.0,1061.0,artificial_jewellery,video_20260404_115542,frame_007410.jpg,007410,heuristic
small_object_proposal,-1,1.0,1276.0,65.0,1302.0,100.0,artificial_jewellery,video_20260404_115542,frame_007410.jpg,007410,heuristic
person,0,0.6929531693458557,320.73321533203125,9.80511474609375,1596.8778076171875,1066.603759765625,artificial_jewellery,video_20260404_115542,frame_007440.jpg,007440,yolo
small_object_proposal,-1,1.0,177.0,390.0,253.0,447.0,artificial_jewellery,video_20260404_115542,frame_007440.jpg,007440,heuristic
small_object_proposal,-1,1.0,1431.0,188.0,1538.0,226.0,artificial_jewellery,video_20260404_115542,frame_007440.jpg,007440,heuristic
small_object_proposal,-1,1.0,156.0,326.0,233.0,377.0,artificial_jewellery,video_20260404_115542,frame_007440.jpg,007440,heuristic
small_object_proposal,-1,1.0,898.0,55.0,963.0,103.0,artificial_jewellery,video_20260404_115542,frame_007440.jpg,007440,heuristic
small_object_proposal,-1,1.0,1282.0,8.0,1322.0,82.0,artificial_jewellery,video_20260404_115542,frame_007440.jpg,007440,heuristic
small_object_proposal,-1,1.0,1140.0,732.0,1181.0,801.0,artificial_jewellery,video_20260404_115542,frame_007440.jpg,007440,heuristic
small_object_proposal,-1,1.0,1349.0,23.0,1406.0,71.0,artificial_jewellery,video_20260404_115542,frame_007440.jpg,007440,heuristic
small_object_proposal,-1,1.0,1787.0,501.0,1857.0,540.0,artificial_jewellery,video_20260404_115542,frame_007440.jpg,007440,heuristic
small_object_proposal,-1,1.0,1056.0,91.0,1180.0,113.0,artificial_jewellery,video_20260404_115542,frame_007440.jpg,007440,heuristic
small_object_proposal,-1,1.0,104.0,101.0,178.0,137.0,artificial_jewellery,video_20260404_115542,frame_007440.jpg,007440,heuristic
small_object_proposal,-1,1.0,1666.0,548.0,1771.0,572.0,artificial_jewellery,video_20260404_115542,frame_007440.jpg,007440,heuristic
small_object_proposal,-1,1.0,638.0,882.0,669.0,962.0,artificial_jewellery,video_20260404_115542,frame_007440.jpg,007440,heuristic
small_object_proposal,-1,1.0,89.0,133.0,134.0,187.0,artificial_jewellery,video_20260404_115542,frame_007440.jpg,007440,heuristic
small_object_proposal,-1,1.0,197.0,453.0,230.0,522.0,artificial_jewellery,video_20260404_115542,frame_007440.jpg,007440,heuristic
small_object_proposal,-1,1.0,271.0,323.0,304.0,386.0,artificial_jewellery,video_20260404_115542,frame_007440.jpg,007440,heuristic
small_object_proposal,-1,1.0,529.0,759.0,572.0,806.0,artificial_jewellery,video_20260404_115542,frame_007440.jpg,007440,heuristic
small_object_proposal,-1,1.0,41.0,135.0,104.0,167.0,artificial_jewellery,video_20260404_115542,frame_007440.jpg,007440,heuristic
small_object_proposal,-1,1.0,1824.0,229.0,1876.0,266.0,artificial_jewellery,video_20260404_115542,frame_007440.jpg,007440,heuristic
small_object_proposal,-1,1.0,729.0,686.0,762.0,744.0,artificial_jewellery,video_20260404_115542,frame_007440.jpg,007440,heuristic
small_object_proposal,-1,1.0,1651.0,522.0,1693.0,561.0,artificial_jewellery,video_20260404_115542,frame_007440.jpg,007440,heuristic
small_object_proposal,-1,1.0,1787.0,211.0,1829.0,249.0,artificial_jewellery,video_20260404_115542,frame_007440.jpg,007440,heuristic
small_object_proposal,-1,1.0,1052.0,955.0,1088.0,999.0,artificial_jewellery,video_20260404_115542,frame_007440.jpg,007440,heuristic
small_object_proposal,-1,1.0,1720.0,935.0,1748.0,990.0,artificial_jewellery,video_20260404_115542,frame_007440.jpg,007440,heuristic
small_object_proposal,-1,1.0,1082.0,403.0,1099.0,487.0,artificial_jewellery,video_20260404_115542,frame_007440.jpg,007440,heuristic
small_object_proposal,-1,1.0,932.0,51.0,974.0,82.0,artificial_jewellery,video_20260404_115542,frame_007440.jpg,007440,heuristic
small_object_proposal,-1,1.0,808.0,730.0,856.0,757.0,artificial_jewellery,video_20260404_115542,frame_007440.jpg,007440,heuristic
small_object_proposal,-1,1.0,1791.0,186.0,1845.0,209.0,artificial_jewellery,video_20260404_115542,frame_007440.jpg,007440,heuristic
small_object_proposal,-1,1.0,1871.0,454.0,1912.0,483.0,artificial_jewellery,video_20260404_115542,frame_007440.jpg,007440,heuristic
small_object_proposal,-1,1.0,642.0,630.0,710.0,647.0,artificial_jewellery,video_20260404_115542,frame_007440.jpg,007440,heuristic
small_object_proposal,-1,1.0,937.0,864.0,972.0,897.0,artificial_jewellery,video_20260404_115542,frame_007440.jpg,007440,heuristic
person,0,0.7365603446960449,316.41961669921875,95.24807739257812,1745.5810546875,1069.4908447265625,artificial_jewellery,video_20260404_115542,frame_007590.jpg,007590,yolo
couch,57,0.4860610067844391,46.138916015625,55.361297607421875,1915.4794921875,1056.092041015625,artificial_jewellery,video_20260404_115542,frame_007590.jpg,007590,yolo
small_object_proposal,-1,1.0,1678.0,971.0,1738.0,1049.0,artificial_jewellery,video_20260404_115542,frame_007590.jpg,007590,heuristic
small_object_proposal,-1,1.0,1082.0,890.0,1174.0,939.0,artificial_jewellery,video_20260404_115542,frame_007590.jpg,007590,heuristic
small_object_proposal,-1,1.0,1242.0,952.0,1308.0,1014.0,artificial_jewellery,video_20260404_115542,frame_007590.jpg,007590,heuristic
small_object_proposal,-1,1.0,1279.0,663.0,1329.0,739.0,artificial_jewellery,video_20260404_115542,frame_007590.jpg,007590,heuristic
small_object_proposal,-1,1.0,1254.0,253.0,1330.0,300.0,artificial_jewellery,video_20260404_115542,frame_007590.jpg,007590,heuristic
small_object_proposal,-1,1.0,1699.0,457.0,1753.0,520.0,artificial_jewellery,video_20260404_115542,frame_007590.jpg,007590,heuristic
small_object_proposal,-1,1.0,1265.0,732.0,1290.0,862.0,artificial_jewellery,video_20260404_115542,frame_007590.jpg,007590,heuristic
small_object_proposal,-1,1.0,1036.0,1010.0,1103.0,1057.0,artificial_jewellery,video_20260404_115542,frame_007590.jpg,007590,heuristic
small_object_proposal,-1,1.0,1429.0,190.0,1470.0,254.0,artificial_jewellery,video_20260404_115542,frame_007590.jpg,007590,heuristic
small_object_proposal,-1,1.0,1318.0,394.0,1366.0,448.0,artificial_jewellery,video_20260404_115542,frame_007590.jpg,007590,heuristic
small_object_proposal,-1,1.0,354.0,107.0,429.0,140.0,artificial_jewellery,video_20260404_115542,frame_007590.jpg,007590,heuristic
small_object_proposal,-1,1.0,1081.0,853.0,1146.0,889.0,artificial_jewellery,video_20260404_115542,frame_007590.jpg,007590,heuristic
small_object_proposal,-1,1.0,66.0,145.0,105.0,200.0,artificial_jewellery,video_20260404_115542,frame_007590.jpg,007590,heuristic
small_object_proposal,-1,1.0,1049.0,103.0,1078.0,167.0,artificial_jewellery,video_20260404_115542,frame_007590.jpg,007590,heuristic
small_object_proposal,-1,1.0,1235.0,350.0,1274.0,397.0,artificial_jewellery,video_20260404_115542,frame_007590.jpg,007590,heuristic
small_object_proposal,-1,1.0,174.0,288.0,213.0,335.0,artificial_jewellery,video_20260404_115542,frame_007590.jpg,007590,heuristic
small_object_proposal,-1,1.0,1360.0,798.0,1429.0,824.0,artificial_jewellery,video_20260404_115542,frame_007590.jpg,007590,heuristic
small_object_proposal,-1,1.0,1379.0,300.0,1419.0,339.0,artificial_jewellery,video_20260404_115542,frame_007590.jpg,007590,heuristic
small_object_proposal,-1,1.0,527.0,872.0,582.0,900.0,artificial_jewellery,video_20260404_115542,frame_007590.jpg,007590,heuristic
small_object_proposal,-1,1.0,1119.0,980.0,1149.0,1031.0,artificial_jewellery,video_20260404_115542,frame_007590.jpg,007590,heuristic
small_object_proposal,-1,1.0,1774.0,888.0,1805.0,937.0,artificial_jewellery,video_20260404_115542,frame_007590.jpg,007590,heuristic
small_object_proposal,-1,1.0,853.0,249.0,876.0,315.0,artificial_jewellery,video_20260404_115542,frame_007590.jpg,007590,heuristic
small_object_proposal,-1,1.0,108.0,473.0,172.0,496.0,artificial_jewellery,video_20260404_115542,frame_007590.jpg,007590,heuristic
small_object_proposal,-1,1.0,1099.0,445.0,1131.0,491.0,artificial_jewellery,video_20260404_115542,frame_007590.jpg,007590,heuristic
small_object_proposal,-1,1.0,1866.0,412.0,1906.0,448.0,artificial_jewellery,video_20260404_115542,frame_007590.jpg,007590,heuristic
small_object_proposal,-1,1.0,45.0,949.0,86.0,980.0,artificial_jewellery,video_20260404_115542,frame_007590.jpg,007590,heuristic
small_object_proposal,-1,1.0,1082.0,825.0,1132.0,849.0,artificial_jewellery,video_20260404_115542,frame_007590.jpg,007590,heuristic
small_object_proposal,-1,1.0,1520.0,230.0,1552.0,267.0,artificial_jewellery,video_20260404_115542,frame_007590.jpg,007590,heuristic
small_object_proposal,-1,1.0,1408.0,361.0,1431.0,411.0,artificial_jewellery,video_20260404_115542,frame_007590.jpg,007590,heuristic
small_object_proposal,-1,1.0,68.0,117.0,108.0,145.0,artificial_jewellery,video_20260404_115542,frame_007590.jpg,007590,heuristic
person,0,0.7245418429374695,323.1156005859375,90.28115844726562,1865.0518798828125,1070.6497802734375,artificial_jewellery,video_20260404_115542,frame_007620.jpg,007620,yolo
couch,57,0.6784483790397644,79.7625732421875,54.507568359375,1918.4150390625,1080.0,artificial_jewellery,video_20260404_115542,frame_007620.jpg,007620,yolo
small_object_proposal,-1,1.0,1472.0,471.0,1567.0,509.0,artificial_jewellery,video_20260404_115542,frame_007620.jpg,007620,heuristic
small_object_proposal,-1,1.0,1699.0,471.0,1756.0,534.0,artificial_jewellery,video_20260404_115542,frame_007620.jpg,007620,heuristic
small_object_proposal,-1,1.0,46.0,131.0,95.0,199.0,artificial_jewellery,video_20260404_115542,frame_007620.jpg,007620,heuristic
small_object_proposal,-1,1.0,274.0,1018.0,355.0,1059.0,artificial_jewellery,video_20260404_115542,frame_007620.jpg,007620,heuristic
small_object_proposal,-1,1.0,1026.0,1019.0,1094.0,1066.0,artificial_jewellery,video_20260404_115542,frame_007620.jpg,007620,heuristic
small_object_proposal,-1,1.0,1116.0,179.0,1187.0,224.0,artificial_jewellery,video_20260404_115542,frame_007620.jpg,007620,heuristic
small_object_proposal,-1,1.0,742.0,97.0,839.0,128.0,artificial_jewellery,video_20260404_115542,frame_007620.jpg,007620,heuristic
small_object_proposal,-1,1.0,1582.0,964.0,1629.0,1026.0,artificial_jewellery,video_20260404_115542,frame_007620.jpg,007620,heuristic
small_object_proposal,-1,1.0,1503.0,227.0,1556.0,275.0,artificial_jewellery,video_20260404_115542,frame_007620.jpg,007620,heuristic
small_object_proposal,-1,1.0,512.0,866.0,573.0,904.0,artificial_jewellery,video_20260404_115542,frame_007620.jpg,007620,heuristic
small_object_proposal,-1,1.0,1096.0,540.0,1133.0,602.0,artificial_jewellery,video_20260404_115542,frame_007620.jpg,007620,heuristic
small_object_proposal,-1,1.0,1290.0,165.0,1327.0,226.0,artificial_jewellery,video_20260404_115542,frame_007620.jpg,007620,heuristic
small_object_proposal,-1,1.0,1077.0,863.0,1138.0,899.0,artificial_jewellery,video_20260404_115542,frame_007620.jpg,007620,heuristic
small_object_proposal,-1,1.0,1064.0,825.0,1123.0,861.0,artificial_jewellery,video_20260404_115542,frame_007620.jpg,007620,heuristic
small_object_proposal,-1,1.0,1608.0,989.0,1652.0,1035.0,artificial_jewellery,video_20260404_115542,frame_007620.jpg,007620,heuristic
small_object_proposal,-1,1.0,1264.0,423.0,1298.0,481.0,artificial_jewellery,video_20260404_115542,frame_007620.jpg,007620,heuristic
small_object_proposal,-1,1.0,507.0,737.0,540.0,792.0,artificial_jewellery,video_20260404_115542,frame_007620.jpg,007620,heuristic
small_object_proposal,-1,1.0,849.0,18.0,905.0,50.0,artificial_jewellery,video_20260404_115542,frame_007620.jpg,007620,heuristic
small_object_proposal,-1,1.0,1086.0,653.0,1123.0,701.0,artificial_jewellery,video_20260404_115542,frame_007620.jpg,007620,heuristic
small_object_proposal,-1,1.0,1151.0,346.0,1185.0,398.0,artificial_jewellery,video_20260404_115542,frame_007620.jpg,007620,heuristic
small_object_proposal,-1,1.0,1254.0,197.0,1289.0,245.0,artificial_jewellery,video_20260404_115542,frame_007620.jpg,007620,heuristic
small_object_proposal,-1,1.0,1076.0,154.0,1130.0,183.0,artificial_jewellery,video_20260404_115542,frame_007620.jpg,007620,heuristic
small_object_proposal,-1,1.0,1269.0,477.0,1319.0,508.0,artificial_jewellery,video_20260404_115542,frame_007620.jpg,007620,heuristic
small_object_proposal,-1,1.0,1376.0,383.0,1396.0,456.0,artificial_jewellery,video_20260404_115542,frame_007620.jpg,007620,heuristic
small_object_proposal,-1,1.0,1072.0,901.0,1135.0,924.0,artificial_jewellery,video_20260404_115542,frame_007620.jpg,007620,heuristic
small_object_proposal,-1,1.0,1109.0,991.0,1138.0,1038.0,artificial_jewellery,video_20260404_115542,frame_007620.jpg,007620,heuristic
small_object_proposal,-1,1.0,1774.0,900.0,1804.0,945.0,artificial_jewellery,video_20260404_115542,frame_007620.jpg,007620,heuristic
small_object_proposal,-1,1.0,1001.0,260.0,1024.0,311.0,artificial_jewellery,video_20260404_115542,frame_007620.jpg,007620,heuristic
small_object_proposal,-1,1.0,841.0,252.0,861.0,303.0,artificial_jewellery,video_20260404_115542,frame_007620.jpg,007620,heuristic
small_object_proposal,-1,1.0,1150.0,870.0,1168.0,922.0,artificial_jewellery,video_20260404_115542,frame_007620.jpg,007620,heuristic
person,0,0.788882315158844,293.62554931640625,40.87921142578125,1834.7625732421875,1069.705810546875,artificial_jewellery,video_20260404_115542,frame_007830.jpg,007830,yolo
couch,57,0.6876795887947083,108.66741943359375,25.8369140625,1918.5462646484375,1072.889404296875,artificial_jewellery,video_20260404_115542,frame_007830.jpg,007830,yolo
small_object_proposal,-1,1.0,1774.0,443.0,1841.0,512.0,artificial_jewellery,video_20260404_115542,frame_007830.jpg,007830,heuristic
small_object_proposal,-1,1.0,761.0,24.0,878.0,59.0,artificial_jewellery,video_20260404_115542,frame_007830.jpg,007830,heuristic
small_object_proposal,-1,1.0,1215.0,122.0,1267.0,176.0,artificial_jewellery,video_20260404_115542,frame_007830.jpg,007830,heuristic
small_object_proposal,-1,1.0,1487.0,279.0,1537.0,335.0,artificial_jewellery,video_20260404_115542,frame_007830.jpg,007830,heuristic
small_object_proposal,-1,1.0,1152.0,152.0,1200.0,209.0,artificial_jewellery,video_20260404_115542,frame_007830.jpg,007830,heuristic
small_object_proposal,-1,1.0,1094.0,792.0,1158.0,833.0,artificial_jewellery,video_20260404_115542,frame_007830.jpg,007830,heuristic
small_object_proposal,-1,1.0,1643.0,964.0,1693.0,1012.0,artificial_jewellery,video_20260404_115542,frame_007830.jpg,007830,heuristic
small_object_proposal,-1,1.0,150.0,225.0,202.0,270.0,artificial_jewellery,video_20260404_115542,frame_007830.jpg,007830,heuristic
small_object_proposal,-1,1.0,1104.0,834.0,1168.0,870.0,artificial_jewellery,video_20260404_115542,frame_007830.jpg,007830,heuristic
small_object_proposal,-1,1.0,1816.0,895.0,1859.0,948.0,artificial_jewellery,video_20260404_115542,frame_007830.jpg,007830,heuristic
small_object_proposal,-1,1.0,1071.0,992.0,1121.0,1037.0,artificial_jewellery,video_20260404_115542,frame_007830.jpg,007830,heuristic
small_object_proposal,-1,1.0,806.0,187.0,845.0,239.0,artificial_jewellery,video_20260404_115542,frame_007830.jpg,007830,heuristic
small_object_proposal,-1,1.0,1562.0,439.0,1630.0,468.0,artificial_jewellery,video_20260404_115542,frame_007830.jpg,007830,heuristic
small_object_proposal,-1,1.0,1535.0,204.0,1588.0,238.0,artificial_jewellery,video_20260404_115542,frame_007830.jpg,007830,heuristic
small_object_proposal,-1,1.0,1277.0,354.0,1330.0,387.0,artificial_jewellery,video_20260404_115542,frame_007830.jpg,007830,heuristic
small_object_proposal,-1,1.0,1129.0,955.0,1161.0,1008.0,artificial_jewellery,video_20260404_115542,frame_007830.jpg,007830,heuristic
small_object_proposal,-1,1.0,1749.0,34.0,1823.0,53.0,artificial_jewellery,video_20260404_115542,frame_007830.jpg,007830,heuristic
small_object_proposal,-1,1.0,1119.0,500.0,1151.0,540.0,artificial_jewellery,video_20260404_115542,frame_007830.jpg,007830,heuristic
small_object_proposal,-1,1.0,1461.0,254.0,1501.0,284.0,artificial_jewellery,video_20260404_115542,frame_007830.jpg,007830,heuristic
small_object_proposal,-1,1.0,1655.0,1030.0,1693.0,1061.0,artificial_jewellery,video_20260404_115542,frame_007830.jpg,007830,heuristic
small_object_proposal,-1,1.0,1268.0,464.0,1294.0,509.0,artificial_jewellery,video_20260404_115542,frame_007830.jpg,007830,heuristic
small_object_proposal,-1,1.0,533.0,830.0,571.0,859.0,artificial_jewellery,video_20260404_115542,frame_007830.jpg,007830,heuristic
small_object_proposal,-1,1.0,1454.0,385.0,1483.0,422.0,artificial_jewellery,video_20260404_115542,frame_007830.jpg,007830,heuristic
small_object_proposal,-1,1.0,1185.0,92.0,1211.0,133.0,artificial_jewellery,video_20260404_115542,frame_007830.jpg,007830,heuristic
small_object_proposal,-1,1.0,1608.0,166.0,1647.0,192.0,artificial_jewellery,video_20260404_115542,frame_007830.jpg,007830,heuristic
small_object_proposal,-1,1.0,796.0,951.0,817.0,997.0,artificial_jewellery,video_20260404_115542,frame_007830.jpg,007830,heuristic
small_object_proposal,-1,1.0,1625.0,414.0,1663.0,437.0,artificial_jewellery,video_20260404_115542,frame_007830.jpg,007830,heuristic
small_object_proposal,-1,1.0,1165.0,105.0,1188.0,141.0,artificial_jewellery,video_20260404_115542,frame_007830.jpg,007830,heuristic
small_object_proposal,-1,1.0,48.0,396.0,92.0,414.0,artificial_jewellery,video_20260404_115542,frame_007830.jpg,007830,heuristic
small_object_proposal,-1,1.0,1618.0,88.0,1635.0,134.0,artificial_jewellery,video_20260404_115542,frame_007830.jpg,007830,heuristic
person,0,0.7825973629951477,316.21600341796875,47.626007080078125,1801.125732421875,1072.0084228515625,artificial_jewellery,video_20260404_115542,frame_007890.jpg,007890,yolo
couch,57,0.7082321643829346,58.540283203125,24.426177978515625,1913.5133056640625,1075.568603515625,artificial_jewellery,video_20260404_115542,frame_007890.jpg,007890,yolo
donut,54,0.3086259961128235,973.834716796875,100.6671142578125,1208.72607421875,337.8450012207031,artificial_jewellery,video_20260404_115542,frame_007890.jpg,007890,yolo
small_object_proposal,-1,1.0,1085.0,688.0,1166.0,747.0,artificial_jewellery,video_20260404_115542,frame_007890.jpg,007890,heuristic
small_object_proposal,-1,1.0,1242.0,642.0,1300.0,720.0,artificial_jewellery,video_20260404_115542,frame_007890.jpg,007890,heuristic
small_object_proposal,-1,1.0,776.0,10.0,894.0,47.0,artificial_jewellery,video_20260404_115542,frame_007890.jpg,007890,heuristic
small_object_proposal,-1,1.0,49.0,377.0,138.0,418.0,artificial_jewellery,video_20260404_115542,frame_007890.jpg,007890,heuristic
small_object_proposal,-1,1.0,1485.0,206.0,1534.0,280.0,artificial_jewellery,video_20260404_115542,frame_007890.jpg,007890,heuristic
small_object_proposal,-1,1.0,1563.0,447.0,1701.0,473.0,artificial_jewellery,video_20260404_115542,frame_007890.jpg,007890,heuristic
small_object_proposal,-1,1.0,1058.0,981.0,1127.0,1032.0,artificial_jewellery,video_20260404_115542,frame_007890.jpg,007890,heuristic
small_object_proposal,-1,1.0,1464.0,360.0,1513.0,421.0,artificial_jewellery,video_20260404_115542,frame_007890.jpg,007890,heuristic
small_object_proposal,-1,1.0,1098.0,787.0,1161.0,831.0,artificial_jewellery,video_20260404_115542,frame_007890.jpg,007890,heuristic
small_object_proposal,-1,1.0,1292.0,450.0,1335.0,510.0,artificial_jewellery,video_20260404_115542,frame_007890.jpg,007890,heuristic
small_object_proposal,-1,1.0,1492.0,301.0,1532.0,362.0,artificial_jewellery,video_20260404_115542,frame_007890.jpg,007890,heuristic
small_object_proposal,-1,1.0,1608.0,183.0,1655.0,233.0,artificial_jewellery,video_20260404_115542,frame_007890.jpg,007890,heuristic
small_object_proposal,-1,1.0,1111.0,833.0,1176.0,869.0,artificial_jewellery,video_20260404_115542,frame_007890.jpg,007890,heuristic
small_object_proposal,-1,1.0,864.0,197.0,902.0,256.0,artificial_jewellery,video_20260404_115542,frame_007890.jpg,007890,heuristic
small_object_proposal,-1,1.0,58.0,31.0,103.0,74.0,artificial_jewellery,video_20260404_115542,frame_007890.jpg,007890,heuristic
small_object_proposal,-1,1.0,1375.0,292.0,1427.0,328.0,artificial_jewellery,video_20260404_115542,frame_007890.jpg,007890,heuristic
small_object_proposal,-1,1.0,1124.0,961.0,1164.0,1005.0,artificial_jewellery,video_20260404_115542,frame_007890.jpg,007890,heuristic
small_object_proposal,-1,1.0,1768.0,33.0,1851.0,54.0,artificial_jewellery,video_20260404_115542,frame_007890.jpg,007890,heuristic
small_object_proposal,-1,1.0,344.0,159.0,355.0,306.0,artificial_jewellery,video_20260404_115542,frame_007890.jpg,007890,heuristic
small_object_proposal,-1,1.0,1305.0,798.0,1356.0,828.0,artificial_jewellery,video_20260404_115542,frame_007890.jpg,007890,heuristic
small_object_proposal,-1,1.0,1213.0,533.0,1247.0,574.0,artificial_jewellery,video_20260404_115542,frame_007890.jpg,007890,heuristic
small_object_proposal,-1,1.0,226.0,182.0,250.0,230.0,artificial_jewellery,video_20260404_115542,frame_007890.jpg,007890,heuristic
small_object_proposal,-1,1.0,1568.0,285.0,1599.0,322.0,artificial_jewellery,video_20260404_115542,frame_007890.jpg,007890,heuristic
small_object_proposal,-1,1.0,1825.0,917.0,1855.0,954.0,artificial_jewellery,video_20260404_115542,frame_007890.jpg,007890,heuristic
small_object_proposal,-1,1.0,53.0,75.0,91.0,104.0,artificial_jewellery,video_20260404_115542,frame_007890.jpg,007890,heuristic
small_object_proposal,-1,1.0,1114.0,875.0,1169.0,894.0,artificial_jewellery,video_20260404_115542,frame_007890.jpg,007890,heuristic
small_object_proposal,-1,1.0,1553.0,210.0,1582.0,246.0,artificial_jewellery,video_20260404_115542,frame_007890.jpg,007890,heuristic
small_object_proposal,-1,1.0,1420.0,432.0,1459.0,458.0,artificial_jewellery,video_20260404_115542,frame_007890.jpg,007890,heuristic
small_object_proposal,-1,1.0,1121.0,650.0,1155.0,679.0,artificial_jewellery,video_20260404_115542,frame_007890.jpg,007890,heuristic
small_object_proposal,-1,1.0,1565.0,73.0,1601.0,99.0,artificial_jewellery,video_20260404_115542,frame_007890.jpg,007890,heuristic
person,0,0.7685059309005737,398.1302490234375,16.3623046875,1889.140869140625,1073.72216796875,artificial_jewellery,video_20260404_115542,frame_008010.jpg,008010,yolo
couch,57,0.3508165776729584,112.49176025390625,14.1112060546875,1917.9193115234375,1070.8609619140625,artificial_jewellery,video_20260404_115542,frame_008010.jpg,008010,yolo
small_object_proposal,-1,1.0,388.0,975.0,473.0,1032.0,artificial_jewellery,video_20260404_115542,frame_008010.jpg,008010,heuristic
small_object_proposal,-1,1.0,984.0,815.0,1063.0,872.0,artificial_jewellery,video_20260404_115542,frame_008010.jpg,008010,heuristic
small_object_proposal,-1,1.0,1846.0,413.0,1912.0,479.0,artificial_jewellery,video_20260404_115542,frame_008010.jpg,008010,heuristic
small_object_proposal,-1,1.0,3.0,748.0,78.0,803.0,artificial_jewellery,video_20260404_115542,frame_008010.jpg,008010,heuristic
small_object_proposal,-1,1.0,799.0,56.0,914.0,91.0,artificial_jewellery,video_20260404_115542,frame_008010.jpg,008010,heuristic
small_object_proposal,-1,1.0,946.0,193.0,1002.0,264.0,artificial_jewellery,video_20260404_115542,frame_008010.jpg,008010,heuristic
small_object_proposal,-1,1.0,1661.0,13.0,1727.0,68.0,artificial_jewellery,video_20260404_115542,frame_008010.jpg,008010,heuristic
small_object_proposal,-1,1.0,1426.0,831.0,1465.0,907.0,artificial_jewellery,video_20260404_115542,frame_008010.jpg,008010,heuristic
small_object_proposal,-1,1.0,428.0,216.0,447.0,367.0,artificial_jewellery,video_20260404_115542,frame_008010.jpg,008010,heuristic
small_object_proposal,-1,1.0,836.0,237.0,904.0,279.0,artificial_jewellery,video_20260404_115542,frame_008010.jpg,008010,heuristic
small_object_proposal,-1,1.0,1380.0,109.0,1424.0,172.0,artificial_jewellery,video_20260404_115542,frame_008010.jpg,008010,heuristic
small_object_proposal,-1,1.0,416.0,86.0,490.0,123.0,artificial_jewellery,video_20260404_115542,frame_008010.jpg,008010,heuristic
small_object_proposal,-1,1.0,1460.0,793.0,1536.0,826.0,artificial_jewellery,video_20260404_115542,frame_008010.jpg,008010,heuristic
small_object_proposal,-1,1.0,1044.0,327.0,1079.0,396.0,artificial_jewellery,video_20260404_115542,frame_008010.jpg,008010,heuristic
small_object_proposal,-1,1.0,1379.0,658.0,1420.0,715.0,artificial_jewellery,video_20260404_115542,frame_008010.jpg,008010,heuristic
small_object_proposal,-1,1.0,1430.0,430.0,1516.0,457.0,artificial_jewellery,video_20260404_115542,frame_008010.jpg,008010,heuristic
small_object_proposal,-1,1.0,1734.0,47.0,1767.0,117.0,artificial_jewellery,video_20260404_115542,frame_008010.jpg,008010,heuristic
small_object_proposal,-1,1.0,1166.0,831.0,1230.0,867.0,artificial_jewellery,video_20260404_115542,frame_008010.jpg,008010,heuristic
small_object_proposal,-1,1.0,1392.0,381.0,1471.0,410.0,artificial_jewellery,video_20260404_115542,frame_008010.jpg,008010,heuristic
small_object_proposal,-1,1.0,1038.0,1036.0,1096.0,1073.0,artificial_jewellery,video_20260404_115542,frame_008010.jpg,008010,heuristic
small_object_proposal,-1,1.0,1189.0,231.0,1228.0,286.0,artificial_jewellery,video_20260404_115542,frame_008010.jpg,008010,heuristic
small_object_proposal,-1,1.0,889.0,264.0,985.0,286.0,artificial_jewellery,video_20260404_115542,frame_008010.jpg,008010,heuristic
small_object_proposal,-1,1.0,1576.0,186.0,1620.0,234.0,artificial_jewellery,video_20260404_115542,frame_008010.jpg,008010,heuristic
small_object_proposal,-1,1.0,1123.0,976.0,1173.0,1018.0,artificial_jewellery,video_20260404_115542,frame_008010.jpg,008010,heuristic
small_object_proposal,-1,1.0,1605.0,432.0,1692.0,454.0,artificial_jewellery,video_20260404_115542,frame_008010.jpg,008010,heuristic
small_object_proposal,-1,1.0,1223.0,535.0,1263.0,582.0,artificial_jewellery,video_20260404_115542,frame_008010.jpg,008010,heuristic
small_object_proposal,-1,1.0,500.0,694.0,554.0,728.0,artificial_jewellery,video_20260404_115542,frame_008010.jpg,008010,heuristic
small_object_proposal,-1,1.0,1253.0,135.0,1284.0,193.0,artificial_jewellery,video_20260404_115542,frame_008010.jpg,008010,heuristic
small_object_proposal,-1,1.0,1042.0,248.0,1078.0,290.0,artificial_jewellery,video_20260404_115542,frame_008010.jpg,008010,heuristic
small_object_proposal,-1,1.0,1660.0,53.0,1682.0,110.0,artificial_jewellery,video_20260404_115542,frame_008010.jpg,008010,heuristic
person,0,0.7133315801620483,211.2337646484375,3.737823486328125,1917.0850830078125,1068.6185302734375,artificial_jewellery,video_20260404_115542,frame_008070.jpg,008070,yolo
teddy bear,77,0.2705942392349243,0.0,31.000350952148438,407.7099914550781,548.5350341796875,artificial_jewellery,video_20260404_115542,frame_008070.jpg,008070,yolo
small_object_proposal,-1,1.0,993.0,743.0,1079.0,801.0,artificial_jewellery,video_20260404_115542,frame_008070.jpg,008070,heuristic
small_object_proposal,-1,1.0,963.0,735.0,1048.0,792.0,artificial_jewellery,video_20260404_115542,frame_008070.jpg,008070,heuristic
small_object_proposal,-1,1.0,1504.0,328.0,1621.0,369.0,artificial_jewellery,video_20260404_115542,frame_008070.jpg,008070,heuristic
small_object_proposal,-1,1.0,1225.0,502.0,1288.0,577.0,artificial_jewellery,video_20260404_115542,frame_008070.jpg,008070,heuristic
small_object_proposal,-1,1.0,403.0,835.0,482.0,890.0,artificial_jewellery,video_20260404_115542,frame_008070.jpg,008070,heuristic
small_object_proposal,-1,1.0,1186.0,867.0,1233.0,954.0,artificial_jewellery,video_20260404_115542,frame_008070.jpg,008070,heuristic
small_object_proposal,-1,1.0,1720.0,596.0,1796.0,649.0,artificial_jewellery,video_20260404_115542,frame_008070.jpg,008070,heuristic
small_object_proposal,-1,1.0,864.0,958.0,910.0,1044.0,artificial_jewellery,video_20260404_115542,frame_008070.jpg,008070,heuristic
small_object_proposal,-1,1.0,1159.0,290.0,1211.0,364.0,artificial_jewellery,video_20260404_115542,frame_008070.jpg,008070,heuristic
small_object_proposal,-1,1.0,1576.0,118.0,1607.0,228.0,artificial_jewellery,video_20260404_115542,frame_008070.jpg,008070,heuristic
small_object_proposal,-1,1.0,1366.0,437.0,1423.0,496.0,artificial_jewellery,video_20260404_115542,frame_008070.jpg,008070,heuristic
small_object_proposal,-1,1.0,1674.0,955.0,1752.0,991.0,artificial_jewellery,video_20260404_115542,frame_008070.jpg,008070,heuristic
small_object_proposal,-1,1.0,1350.0,760.0,1378.0,856.0,artificial_jewellery,video_20260404_115542,frame_008070.jpg,008070,heuristic
small_object_proposal,-1,1.0,1122.0,707.0,1199.0,741.0,artificial_jewellery,video_20260404_115542,frame_008070.jpg,008070,heuristic
small_object_proposal,-1,1.0,1413.0,1020.0,1458.0,1077.0,artificial_jewellery,video_20260404_115542,frame_008070.jpg,008070,heuristic
small_object_proposal,-1,1.0,1110.0,932.0,1161.0,982.0,artificial_jewellery,video_20260404_115542,frame_008070.jpg,008070,heuristic
small_object_proposal,-1,1.0,1021.0,998.0,1083.0,1039.0,artificial_jewellery,video_20260404_115542,frame_008070.jpg,008070,heuristic
small_object_proposal,-1,1.0,1441.0,7.0,1494.0,53.0,artificial_jewellery,video_20260404_115542,frame_008070.jpg,008070,heuristic
small_object_proposal,-1,1.0,1471.0,119.0,1517.0,171.0,artificial_jewellery,video_20260404_115542,frame_008070.jpg,008070,heuristic
small_object_proposal,-1,1.0,1213.0,569.0,1241.0,648.0,artificial_jewellery,video_20260404_115542,frame_008070.jpg,008070,heuristic
small_object_proposal,-1,1.0,1212.0,276.0,1235.0,364.0,artificial_jewellery,video_20260404_115542,frame_008070.jpg,008070,heuristic
small_object_proposal,-1,1.0,1829.0,722.0,1862.0,779.0,artificial_jewellery,video_20260404_115542,frame_008070.jpg,008070,heuristic
small_object_proposal,-1,1.0,1429.0,62.0,1465.0,113.0,artificial_jewellery,video_20260404_115542,frame_008070.jpg,008070,heuristic
small_object_proposal,-1,1.0,1106.0,83.0,1148.0,122.0,artificial_jewellery,video_20260404_115542,frame_008070.jpg,008070,heuristic
small_object_proposal,-1,1.0,1341.0,119.0,1387.0,152.0,artificial_jewellery,video_20260404_115542,frame_008070.jpg,008070,heuristic
small_object_proposal,-1,1.0,1159.0,248.0,1191.0,291.0,artificial_jewellery,video_20260404_115542,frame_008070.jpg,008070,heuristic
small_object_proposal,-1,1.0,1319.0,212.0,1359.0,246.0,artificial_jewellery,video_20260404_115542,frame_008070.jpg,008070,heuristic
small_object_proposal,-1,1.0,1148.0,782.0,1202.0,804.0,artificial_jewellery,video_20260404_115542,frame_008070.jpg,008070,heuristic
small_object_proposal,-1,1.0,858.0,635.0,917.0,654.0,artificial_jewellery,video_20260404_115542,frame_008070.jpg,008070,heuristic
small_object_proposal,-1,1.0,632.0,724.0,664.0,758.0,artificial_jewellery,video_20260404_115542,frame_008070.jpg,008070,heuristic
person,0,0.7527997493743896,357.9312744140625,0.0,1889.3236083984375,1066.2611083984375,artificial_jewellery,video_20260404_115542,frame_008130.jpg,008130,yolo
small_object_proposal,-1,1.0,1838.0,303.0,1912.0,363.0,artificial_jewellery,video_20260404_115542,frame_008130.jpg,008130,heuristic
small_object_proposal,-1,1.0,967.0,770.0,1047.0,825.0,artificial_jewellery,video_20260404_115542,frame_008130.jpg,008130,heuristic
small_object_proposal,-1,1.0,873.0,989.0,919.0,1077.0,artificial_jewellery,video_20260404_115542,frame_008130.jpg,008130,heuristic
small_object_proposal,-1,1.0,1192.0,995.0,1259.0,1053.0,artificial_jewellery,video_20260404_115542,frame_008130.jpg,008130,heuristic
small_object_proposal,-1,1.0,974.0,133.0,1042.0,188.0,artificial_jewellery,video_20260404_115542,frame_008130.jpg,008130,heuristic
small_object_proposal,-1,1.0,399.0,137.0,464.0,194.0,artificial_jewellery,video_20260404_115542,frame_008130.jpg,008130,heuristic
small_object_proposal,-1,1.0,1313.0,120.0,1412.0,157.0,artificial_jewellery,video_20260404_115542,frame_008130.jpg,008130,heuristic
small_object_proposal,-1,1.0,1145.0,773.0,1226.0,816.0,artificial_jewellery,video_20260404_115542,frame_008130.jpg,008130,heuristic
small_object_proposal,-1,1.0,1708.0,1021.0,1803.0,1051.0,artificial_jewellery,video_20260404_115542,frame_008130.jpg,008130,heuristic
small_object_proposal,-1,1.0,1174.0,325.0,1211.0,392.0,artificial_jewellery,video_20260404_115542,frame_008130.jpg,008130,heuristic
small_object_proposal,-1,1.0,1029.0,1016.0,1089.0,1056.0,artificial_jewellery,video_20260404_115542,frame_008130.jpg,008130,heuristic
small_object_proposal,-1,1.0,570.0,5.0,614.0,59.0,artificial_jewellery,video_20260404_115542,frame_008130.jpg,008130,heuristic
small_object_proposal,-1,1.0,1115.0,953.0,1164.0,1001.0,artificial_jewellery,video_20260404_115542,frame_008130.jpg,008130,heuristic
small_object_proposal,-1,1.0,853.0,668.0,931.0,698.0,artificial_jewellery,video_20260404_115542,frame_008130.jpg,008130,heuristic
small_object_proposal,-1,1.0,90.0,245.0,118.0,321.0,artificial_jewellery,video_20260404_115542,frame_008130.jpg,008130,heuristic
small_object_proposal,-1,1.0,1775.0,1040.0,1847.0,1068.0,artificial_jewellery,video_20260404_115542,frame_008130.jpg,008130,heuristic
small_object_proposal,-1,1.0,993.0,188.0,1033.0,236.0,artificial_jewellery,video_20260404_115542,frame_008130.jpg,008130,heuristic
small_object_proposal,-1,1.0,1186.0,900.0,1214.0,968.0,artificial_jewellery,video_20260404_115542,frame_008130.jpg,008130,heuristic
small_object_proposal,-1,1.0,1014.0,790.0,1061.0,830.0,artificial_jewellery,video_20260404_115542,frame_008130.jpg,008130,heuristic
small_object_proposal,-1,1.0,1119.0,743.0,1180.0,773.0,artificial_jewellery,video_20260404_115542,frame_008130.jpg,008130,heuristic
small_object_proposal,-1,1.0,1798.0,761.0,1827.0,822.0,artificial_jewellery,video_20260404_115542,frame_008130.jpg,008130,heuristic
small_object_proposal,-1,1.0,1412.0,125.0,1449.0,172.0,artificial_jewellery,video_20260404_115542,frame_008130.jpg,008130,heuristic
small_object_proposal,-1,1.0,1209.0,611.0,1233.0,681.0,artificial_jewellery,video_20260404_115542,frame_008130.jpg,008130,heuristic
small_object_proposal,-1,1.0,148.0,148.0,179.0,197.0,artificial_jewellery,video_20260404_115542,frame_008130.jpg,008130,heuristic
small_object_proposal,-1,1.0,1404.0,591.0,1437.0,637.0,artificial_jewellery,video_20260404_115542,frame_008130.jpg,008130,heuristic
small_object_proposal,-1,1.0,1322.0,316.0,1357.0,357.0,artificial_jewellery,video_20260404_115542,frame_008130.jpg,008130,heuristic
small_object_proposal,-1,1.0,1377.0,931.0,1412.0,971.0,artificial_jewellery,video_20260404_115542,frame_008130.jpg,008130,heuristic
small_object_proposal,-1,1.0,1017.0,169.0,1051.0,206.0,artificial_jewellery,video_20260404_115542,frame_008130.jpg,008130,heuristic
small_object_proposal,-1,1.0,107.0,396.0,143.0,430.0,artificial_jewellery,video_20260404_115542,frame_008130.jpg,008130,heuristic
small_object_proposal,-1,1.0,1160.0,296.0,1186.0,343.0,artificial_jewellery,video_20260404_115542,frame_008130.jpg,008130,heuristic
person,0,0.7480429410934448,372.6075439453125,44.3126220703125,1780.9903564453125,1067.7476806640625,artificial_jewellery,video_20260404_115542,frame_008160.jpg,008160,yolo
couch,57,0.5353411436080933,98.288818359375,17.648529052734375,1918.1656494140625,1076.6533203125,artificial_jewellery,video_20260404_115542,frame_008160.jpg,008160,yolo
small_object_proposal,-1,1.0,1478.0,890.0,1595.0,930.0,artificial_jewellery,video_20260404_115542,frame_008160.jpg,008160,heuristic
small_object_proposal,-1,1.0,1843.0,315.0,1916.0,376.0,artificial_jewellery,video_20260404_115542,frame_008160.jpg,008160,heuristic
small_object_proposal,-1,1.0,979.0,776.0,1057.0,833.0,artificial_jewellery,video_20260404_115542,frame_008160.jpg,008160,heuristic
small_object_proposal,-1,1.0,1412.0,737.0,1503.0,785.0,artificial_jewellery,video_20260404_115542,frame_008160.jpg,008160,heuristic
small_object_proposal,-1,1.0,1261.0,911.0,1296.0,1032.0,artificial_jewellery,video_20260404_115542,frame_008160.jpg,008160,heuristic
small_object_proposal,-1,1.0,625.0,718.0,680.0,795.0,artificial_jewellery,video_20260404_115542,frame_008160.jpg,008160,heuristic
small_object_proposal,-1,1.0,968.0,776.0,1044.0,830.0,artificial_jewellery,video_20260404_115542,frame_008160.jpg,008160,heuristic
small_object_proposal,-1,1.0,1504.0,683.0,1572.0,742.0,artificial_jewellery,video_20260404_115542,frame_008160.jpg,008160,heuristic
small_object_proposal,-1,1.0,846.0,162.0,929.0,208.0,artificial_jewellery,video_20260404_115542,frame_008160.jpg,008160,heuristic
small_object_proposal,-1,1.0,1220.0,555.0,1275.0,621.0,artificial_jewellery,video_20260404_115542,frame_008160.jpg,008160,heuristic
small_object_proposal,-1,1.0,1470.0,392.0,1573.0,426.0,artificial_jewellery,video_20260404_115542,frame_008160.jpg,008160,heuristic
small_object_proposal,-1,1.0,1143.0,780.0,1224.0,822.0,artificial_jewellery,video_20260404_115542,frame_008160.jpg,008160,heuristic
small_object_proposal,-1,1.0,1229.0,484.0,1273.0,558.0,artificial_jewellery,video_20260404_115542,frame_008160.jpg,008160,heuristic
small_object_proposal,-1,1.0,1095.0,956.0,1161.0,1005.0,artificial_jewellery,video_20260404_115542,frame_008160.jpg,008160,heuristic
small_object_proposal,-1,1.0,784.0,193.0,833.0,256.0,artificial_jewellery,video_20260404_115542,frame_008160.jpg,008160,heuristic
small_object_proposal,-1,1.0,1057.0,64.0,1132.0,105.0,artificial_jewellery,video_20260404_115542,frame_008160.jpg,008160,heuristic
small_object_proposal,-1,1.0,1420.0,702.0,1505.0,736.0,artificial_jewellery,video_20260404_115542,frame_008160.jpg,008160,heuristic
small_object_proposal,-1,1.0,1367.0,922.0,1409.0,989.0,artificial_jewellery,video_20260404_115542,frame_008160.jpg,008160,heuristic
small_object_proposal,-1,1.0,1024.0,1021.0,1084.0,1060.0,artificial_jewellery,video_20260404_115542,frame_008160.jpg,008160,heuristic
small_object_proposal,-1,1.0,851.0,670.0,927.0,699.0,artificial_jewellery,video_20260404_115542,frame_008160.jpg,008160,heuristic
small_object_proposal,-1,1.0,1257.0,358.0,1328.0,386.0,artificial_jewellery,video_20260404_115542,frame_008160.jpg,008160,heuristic
small_object_proposal,-1,1.0,1183.0,907.0,1211.0,974.0,artificial_jewellery,video_20260404_115542,frame_008160.jpg,008160,heuristic
small_object_proposal,-1,1.0,808.0,277.0,856.0,316.0,artificial_jewellery,video_20260404_115542,frame_008160.jpg,008160,heuristic
small_object_proposal,-1,1.0,1131.0,861.0,1172.0,906.0,artificial_jewellery,video_20260404_115542,frame_008160.jpg,008160,heuristic
small_object_proposal,-1,1.0,1457.0,345.0,1501.0,383.0,artificial_jewellery,video_20260404_115542,frame_008160.jpg,008160,heuristic
small_object_proposal,-1,1.0,1799.0,775.0,1826.0,833.0,artificial_jewellery,video_20260404_115542,frame_008160.jpg,008160,heuristic
small_object_proposal,-1,1.0,1242.0,332.0,1292.0,363.0,artificial_jewellery,video_20260404_115542,frame_008160.jpg,008160,heuristic
small_object_proposal,-1,1.0,1220.0,100.0,1265.0,134.0,artificial_jewellery,video_20260404_115542,frame_008160.jpg,008160,heuristic
small_object_proposal,-1,1.0,1296.0,108.0,1323.0,162.0,artificial_jewellery,video_20260404_115542,frame_008160.jpg,008160,heuristic
small_object_proposal,-1,1.0,630.0,906.0,691.0,928.0,artificial_jewellery,video_20260404_115542,frame_008160.jpg,008160,heuristic
person,0,0.7442426681518555,419.44061279296875,59.34136962890625,1794.6181640625,1067.7938232421875,artificial_jewellery,video_20260404_115542,frame_008190.jpg,008190,yolo
couch,57,0.6794328093528748,84.6064453125,22.194488525390625,1914.2431640625,1076.397216796875,artificial_jewellery,video_20260404_115542,frame_008190.jpg,008190,yolo
small_object_proposal,-1,1.0,1572.0,165.0,1605.0,302.0,artificial_jewellery,video_20260404_115542,frame_008190.jpg,008190,heuristic
small_object_proposal,-1,1.0,980.0,780.0,1058.0,835.0,artificial_jewellery,video_20260404_115542,frame_008190.jpg,008190,heuristic
small_object_proposal,-1,1.0,1343.0,948.0,1380.0,1060.0,artificial_jewellery,video_20260404_115542,frame_008190.jpg,008190,heuristic
small_object_proposal,-1,1.0,1283.0,303.0,1353.0,358.0,artificial_jewellery,video_20260404_115542,frame_008190.jpg,008190,heuristic
small_object_proposal,-1,1.0,1200.0,1002.0,1265.0,1060.0,artificial_jewellery,video_20260404_115542,frame_008190.jpg,008190,heuristic
small_object_proposal,-1,1.0,1676.0,971.0,1766.0,1012.0,artificial_jewellery,video_20260404_115542,frame_008190.jpg,008190,heuristic
small_object_proposal,-1,1.0,1731.0,357.0,1790.0,418.0,artificial_jewellery,video_20260404_115542,frame_008190.jpg,008190,heuristic
small_object_proposal,-1,1.0,1159.0,787.0,1232.0,829.0,artificial_jewellery,video_20260404_115542,frame_008190.jpg,008190,heuristic
small_object_proposal,-1,1.0,1607.0,576.0,1647.0,646.0,artificial_jewellery,video_20260404_115542,frame_008190.jpg,008190,heuristic
small_object_proposal,-1,1.0,1282.0,949.0,1310.0,1044.0,artificial_jewellery,video_20260404_115542,frame_008190.jpg,008190,heuristic
small_object_proposal,-1,1.0,1123.0,958.0,1172.0,1007.0,artificial_jewellery,video_20260404_115542,frame_008190.jpg,008190,heuristic
small_object_proposal,-1,1.0,1035.0,1020.0,1095.0,1058.0,artificial_jewellery,video_20260404_115542,frame_008190.jpg,008190,heuristic
small_object_proposal,-1,1.0,1315.0,369.0,1390.0,399.0,artificial_jewellery,video_20260404_115542,frame_008190.jpg,008190,heuristic
small_object_proposal,-1,1.0,774.0,203.0,812.0,262.0,artificial_jewellery,video_20260404_115542,frame_008190.jpg,008190,heuristic
small_object_proposal,-1,1.0,1525.0,388.0,1587.0,419.0,artificial_jewellery,video_20260404_115542,frame_008190.jpg,008190,heuristic
small_object_proposal,-1,1.0,1439.0,135.0,1474.0,187.0,artificial_jewellery,video_20260404_115542,frame_008190.jpg,008190,heuristic
small_object_proposal,-1,1.0,1197.0,915.0,1225.0,979.0,artificial_jewellery,video_20260404_115542,frame_008190.jpg,008190,heuristic
small_object_proposal,-1,1.0,841.0,298.0,877.0,346.0,artificial_jewellery,video_20260404_115542,frame_008190.jpg,008190,heuristic
small_object_proposal,-1,1.0,101.0,82.0,178.0,103.0,artificial_jewellery,video_20260404_115542,frame_008190.jpg,008190,heuristic
small_object_proposal,-1,1.0,134.0,421.0,177.0,458.0,artificial_jewellery,video_20260404_115542,frame_008190.jpg,008190,heuristic
small_object_proposal,-1,1.0,1820.0,785.0,1848.0,841.0,artificial_jewellery,video_20260404_115542,frame_008190.jpg,008190,heuristic
small_object_proposal,-1,1.0,1621.0,1043.0,1670.0,1074.0,artificial_jewellery,video_20260404_115542,frame_008190.jpg,008190,heuristic
small_object_proposal,-1,1.0,1314.0,111.0,1341.0,166.0,artificial_jewellery,video_20260404_115542,frame_008190.jpg,008190,heuristic
small_object_proposal,-1,1.0,880.0,255.0,909.0,305.0,artificial_jewellery,video_20260404_115542,frame_008190.jpg,008190,heuristic
small_object_proposal,-1,1.0,590.0,877.0,643.0,904.0,artificial_jewellery,video_20260404_115542,frame_008190.jpg,008190,heuristic
small_object_proposal,-1,1.0,1457.0,244.0,1483.0,295.0,artificial_jewellery,video_20260404_115542,frame_008190.jpg,008190,heuristic
small_object_proposal,-1,1.0,1036.0,166.0,1062.0,215.0,artificial_jewellery,video_20260404_115542,frame_008190.jpg,008190,heuristic
small_object_proposal,-1,1.0,105.0,239.0,124.0,304.0,artificial_jewellery,video_20260404_115542,frame_008190.jpg,008190,heuristic
small_object_proposal,-1,1.0,1710.0,1011.0,1746.0,1045.0,artificial_jewellery,video_20260404_115542,frame_008190.jpg,008190,heuristic
small_object_proposal,-1,1.0,1037.0,805.0,1072.0,839.0,artificial_jewellery,video_20260404_115542,frame_008190.jpg,008190,heuristic
person,0,0.8032763600349426,410.367919921875,35.9765625,1772.2998046875,1070.5616455078125,artificial_jewellery,video_20260404_115542,frame_008220.jpg,008220,yolo
couch,57,0.5085867643356323,79.7896728515625,23.774505615234375,1914.618896484375,1075.0155029296875,artificial_jewellery,video_20260404_115542,frame_008220.jpg,008220,yolo
small_object_proposal,-1,1.0,1167.0,847.0,1243.0,910.0,artificial_jewellery,video_20260404_115542,frame_008220.jpg,008220,heuristic
small_object_proposal,-1,1.0,1344.0,950.0,1381.0,1075.0,artificial_jewellery,video_20260404_115542,frame_008220.jpg,008220,heuristic
small_object_proposal,-1,1.0,979.0,781.0,1060.0,838.0,artificial_jewellery,video_20260404_115542,frame_008220.jpg,008220,heuristic
small_object_proposal,-1,1.0,1271.0,209.0,1353.0,264.0,artificial_jewellery,video_20260404_115542,frame_008220.jpg,008220,heuristic
small_object_proposal,-1,1.0,400.0,878.0,489.0,927.0,artificial_jewellery,video_20260404_115542,frame_008220.jpg,008220,heuristic
small_object_proposal,-1,1.0,1196.0,1000.0,1259.0,1057.0,artificial_jewellery,video_20260404_115542,frame_008220.jpg,008220,heuristic
small_object_proposal,-1,1.0,1603.0,577.0,1648.0,646.0,artificial_jewellery,video_20260404_115542,frame_008220.jpg,008220,heuristic
small_object_proposal,-1,1.0,1161.0,789.0,1229.0,830.0,artificial_jewellery,video_20260404_115542,frame_008220.jpg,008220,heuristic
small_object_proposal,-1,1.0,1266.0,303.0,1335.0,343.0,artificial_jewellery,video_20260404_115542,frame_008220.jpg,008220,heuristic
small_object_proposal,-1,1.0,814.0,216.0,857.0,278.0,artificial_jewellery,video_20260404_115542,frame_008220.jpg,008220,heuristic
small_object_proposal,-1,1.0,1113.0,152.0,1155.0,211.0,artificial_jewellery,video_20260404_115542,frame_008220.jpg,008220,heuristic
small_object_proposal,-1,1.0,1439.0,136.0,1480.0,193.0,artificial_jewellery,video_20260404_115542,frame_008220.jpg,008220,heuristic
small_object_proposal,-1,1.0,1029.0,1020.0,1090.0,1057.0,artificial_jewellery,video_20260404_115542,frame_008220.jpg,008220,heuristic
small_object_proposal,-1,1.0,1119.0,959.0,1167.0,1005.0,artificial_jewellery,video_20260404_115542,frame_008220.jpg,008220,heuristic
small_object_proposal,-1,1.0,1510.0,67.0,1553.0,118.0,artificial_jewellery,video_20260404_115542,frame_008220.jpg,008220,heuristic
small_object_proposal,-1,1.0,914.0,186.0,962.0,231.0,artificial_jewellery,video_20260404_115542,frame_008220.jpg,008220,heuristic
small_object_proposal,-1,1.0,1397.0,127.0,1433.0,185.0,artificial_jewellery,video_20260404_115542,frame_008220.jpg,008220,heuristic
small_object_proposal,-1,1.0,153.0,148.0,194.0,197.0,artificial_jewellery,video_20260404_115542,frame_008220.jpg,008220,heuristic
small_object_proposal,-1,1.0,1199.0,912.0,1226.0,984.0,artificial_jewellery,video_20260404_115542,frame_008220.jpg,008220,heuristic
small_object_proposal,-1,1.0,1536.0,151.0,1572.0,203.0,artificial_jewellery,video_20260404_115542,frame_008220.jpg,008220,heuristic
small_object_proposal,-1,1.0,1823.0,784.0,1853.0,841.0,artificial_jewellery,video_20260404_115542,frame_008220.jpg,008220,heuristic
small_object_proposal,-1,1.0,95.0,195.0,150.0,221.0,artificial_jewellery,video_20260404_115542,frame_008220.jpg,008220,heuristic
small_object_proposal,-1,1.0,199.0,465.0,254.0,488.0,artificial_jewellery,video_20260404_115542,frame_008220.jpg,008220,heuristic
small_object_proposal,-1,1.0,1283.0,1000.0,1309.0,1045.0,artificial_jewellery,video_20260404_115542,frame_008220.jpg,008220,heuristic
small_object_proposal,-1,1.0,134.0,919.0,160.0,960.0,artificial_jewellery,video_20260404_115542,frame_008220.jpg,008220,heuristic
small_object_proposal,-1,1.0,1467.0,71.0,1502.0,101.0,artificial_jewellery,video_20260404_115542,frame_008220.jpg,008220,heuristic
small_object_proposal,-1,1.0,799.0,84.0,862.0,100.0,artificial_jewellery,video_20260404_115542,frame_008220.jpg,008220,heuristic
small_object_proposal,-1,1.0,1391.0,174.0,1414.0,215.0,artificial_jewellery,video_20260404_115542,frame_008220.jpg,008220,heuristic
small_object_proposal,-1,1.0,141.0,971.0,169.0,1004.0,artificial_jewellery,video_20260404_115542,frame_008220.jpg,008220,heuristic
small_object_proposal,-1,1.0,396.0,950.0,410.0,1014.0,artificial_jewellery,video_20260404_115542,frame_008220.jpg,008220,heuristic
couch,57,0.6316573023796082,65.647705078125,17.81268310546875,1912.0694580078125,1077.5126953125,artificial_jewellery,video_20260404_115542,frame_008250.jpg,008250,yolo
person,0,0.6068016290664673,399.76080322265625,72.54547119140625,1735.5059814453125,1073.1007080078125,artificial_jewellery,video_20260404_115542,frame_008250.jpg,008250,yolo
sandwich,48,0.32299843430519104,998.6486206054688,110.63227844238281,1209.9017333984375,360.7870788574219,artificial_jewellery,video_20260404_115542,frame_008250.jpg,008250,yolo
small_object_proposal,-1,1.0,878.0,218.0,940.0,296.0,artificial_jewellery,video_20260404_115542,frame_008250.jpg,008250,heuristic
small_object_proposal,-1,1.0,981.0,775.0,1056.0,826.0,artificial_jewellery,video_20260404_115542,frame_008250.jpg,008250,heuristic
small_object_proposal,-1,1.0,1740.0,356.0,1798.0,415.0,artificial_jewellery,video_20260404_115542,frame_008250.jpg,008250,heuristic
small_object_proposal,-1,1.0,1323.0,414.0,1376.0,478.0,artificial_jewellery,video_20260404_115542,frame_008250.jpg,008250,heuristic
small_object_proposal,-1,1.0,1435.0,445.0,1457.0,599.0,artificial_jewellery,video_20260404_115542,frame_008250.jpg,008250,heuristic
small_object_proposal,-1,1.0,1172.0,858.0,1241.0,907.0,artificial_jewellery,video_20260404_115542,frame_008250.jpg,008250,heuristic
small_object_proposal,-1,1.0,1495.0,388.0,1595.0,420.0,artificial_jewellery,video_20260404_115542,frame_008250.jpg,008250,heuristic
small_object_proposal,-1,1.0,1204.0,999.0,1254.0,1056.0,artificial_jewellery,video_20260404_115542,frame_008250.jpg,008250,heuristic
small_object_proposal,-1,1.0,13.0,760.0,63.0,814.0,artificial_jewellery,video_20260404_115542,frame_008250.jpg,008250,heuristic
small_object_proposal,-1,1.0,1056.0,160.0,1112.0,205.0,artificial_jewellery,video_20260404_115542,frame_008250.jpg,008250,heuristic
small_object_proposal,-1,1.0,1343.0,175.0,1404.0,215.0,artificial_jewellery,video_20260404_115542,frame_008250.jpg,008250,heuristic
small_object_proposal,-1,1.0,1157.0,268.0,1202.0,322.0,artificial_jewellery,video_20260404_115542,frame_008250.jpg,008250,heuristic
small_object_proposal,-1,1.0,1269.0,587.0,1318.0,636.0,artificial_jewellery,video_20260404_115542,frame_008250.jpg,008250,heuristic
small_object_proposal,-1,1.0,1165.0,787.0,1225.0,827.0,artificial_jewellery,video_20260404_115542,frame_008250.jpg,008250,heuristic
small_object_proposal,-1,1.0,619.0,831.0,665.0,883.0,artificial_jewellery,video_20260404_115542,frame_008250.jpg,008250,heuristic
small_object_proposal,-1,1.0,1361.0,763.0,1450.0,789.0,artificial_jewellery,video_20260404_115542,frame_008250.jpg,008250,heuristic
small_object_proposal,-1,1.0,1125.0,957.0,1174.0,1003.0,artificial_jewellery,video_20260404_115542,frame_008250.jpg,008250,heuristic
small_object_proposal,-1,1.0,1262.0,284.0,1334.0,315.0,artificial_jewellery,video_20260404_115542,frame_008250.jpg,008250,heuristic
small_object_proposal,-1,1.0,1037.0,1016.0,1097.0,1053.0,artificial_jewellery,video_20260404_115542,frame_008250.jpg,008250,heuristic
small_object_proposal,-1,1.0,1616.0,575.0,1654.0,632.0,artificial_jewellery,video_20260404_115542,frame_008250.jpg,008250,heuristic
small_object_proposal,-1,1.0,1144.0,227.0,1181.0,283.0,artificial_jewellery,video_20260404_115542,frame_008250.jpg,008250,heuristic
small_object_proposal,-1,1.0,1203.0,911.0,1230.0,977.0,artificial_jewellery,video_20260404_115542,frame_008250.jpg,008250,heuristic
small_object_proposal,-1,1.0,1168.0,308.0,1206.0,353.0,artificial_jewellery,video_20260404_115542,frame_008250.jpg,008250,heuristic
small_object_proposal,-1,1.0,1346.0,948.0,1363.0,1044.0,artificial_jewellery,video_20260404_115542,frame_008250.jpg,008250,heuristic
small_object_proposal,-1,1.0,96.0,376.0,126.0,428.0,artificial_jewellery,video_20260404_115542,frame_008250.jpg,008250,heuristic
small_object_proposal,-1,1.0,1414.0,798.0,1463.0,827.0,artificial_jewellery,video_20260404_115542,frame_008250.jpg,008250,heuristic
small_object_proposal,-1,1.0,107.0,234.0,128.0,301.0,artificial_jewellery,video_20260404_115542,frame_008250.jpg,008250,heuristic
small_object_proposal,-1,1.0,1533.0,162.0,1567.0,201.0,artificial_jewellery,video_20260404_115542,frame_008250.jpg,008250,heuristic
small_object_proposal,-1,1.0,67.0,76.0,146.0,92.0,artificial_jewellery,video_20260404_115542,frame_008250.jpg,008250,heuristic
small_object_proposal,-1,1.0,1287.0,998.0,1315.0,1043.0,artificial_jewellery,video_20260404_115542,frame_008250.jpg,008250,heuristic
couch,57,0.6918013691902161,65.87237548828125,19.891571044921875,1913.1014404296875,1075.1326904296875,artificial_jewellery,video_20260404_115542,frame_008280.jpg,008280,yolo
person,0,0.6917250752449036,329.61578369140625,56.4906005859375,1815.930908203125,1074.897216796875,artificial_jewellery,video_20260404_115542,frame_008280.jpg,008280,yolo
small_object_proposal,-1,1.0,1241.0,488.0,1306.0,559.0,artificial_jewellery,video_20260404_115542,frame_008280.jpg,008280,heuristic
small_object_proposal,-1,1.0,1325.0,417.0,1381.0,490.0,artificial_jewellery,video_20260404_115542,frame_008280.jpg,008280,heuristic
small_object_proposal,-1,1.0,998.0,775.0,1069.0,827.0,artificial_jewellery,video_20260404_115542,frame_008280.jpg,008280,heuristic
small_object_proposal,-1,1.0,1671.0,956.0,1777.0,990.0,artificial_jewellery,video_20260404_115542,frame_008280.jpg,008280,heuristic
small_object_proposal,-1,1.0,1748.0,359.0,1808.0,416.0,artificial_jewellery,video_20260404_115542,frame_008280.jpg,008280,heuristic
small_object_proposal,-1,1.0,1677.0,972.0,1771.0,1006.0,artificial_jewellery,video_20260404_115542,frame_008280.jpg,008280,heuristic
small_object_proposal,-1,1.0,2.0,744.0,74.0,785.0,artificial_jewellery,video_20260404_115542,frame_008280.jpg,008280,heuristic
small_object_proposal,-1,1.0,1442.0,380.0,1484.0,449.0,artificial_jewellery,video_20260404_115542,frame_008280.jpg,008280,heuristic
small_object_proposal,-1,1.0,1209.0,990.0,1260.0,1046.0,artificial_jewellery,video_20260404_115542,frame_008280.jpg,008280,heuristic
small_object_proposal,-1,1.0,50.0,677.0,98.0,731.0,artificial_jewellery,video_20260404_115542,frame_008280.jpg,008280,heuristic
small_object_proposal,-1,1.0,1508.0,399.0,1597.0,427.0,artificial_jewellery,video_20260404_115542,frame_008280.jpg,008280,heuristic
small_object_proposal,-1,1.0,1171.0,782.0,1233.0,822.0,artificial_jewellery,video_20260404_115542,frame_008280.jpg,008280,heuristic
small_object_proposal,-1,1.0,1294.0,944.0,1319.0,1035.0,artificial_jewellery,video_20260404_115542,frame_008280.jpg,008280,heuristic
small_object_proposal,-1,1.0,1042.0,1007.0,1102.0,1043.0,artificial_jewellery,video_20260404_115542,frame_008280.jpg,008280,heuristic
small_object_proposal,-1,1.0,1132.0,947.0,1180.0,992.0,artificial_jewellery,video_20260404_115542,frame_008280.jpg,008280,heuristic
small_object_proposal,-1,1.0,165.0,120.0,207.0,169.0,artificial_jewellery,video_20260404_115542,frame_008280.jpg,008280,heuristic
small_object_proposal,-1,1.0,1336.0,108.0,1377.0,157.0,artificial_jewellery,video_20260404_115542,frame_008280.jpg,008280,heuristic
small_object_proposal,-1,1.0,1349.0,937.0,1369.0,1036.0,artificial_jewellery,video_20260404_115542,frame_008280.jpg,008280,heuristic
small_object_proposal,-1,1.0,1177.0,851.0,1217.0,899.0,artificial_jewellery,video_20260404_115542,frame_008280.jpg,008280,heuristic
small_object_proposal,-1,1.0,1352.0,739.0,1432.0,762.0,artificial_jewellery,video_20260404_115542,frame_008280.jpg,008280,heuristic
small_object_proposal,-1,1.0,987.0,418.0,1014.0,476.0,artificial_jewellery,video_20260404_115542,frame_008280.jpg,008280,heuristic
small_object_proposal,-1,1.0,1548.0,72.0,1583.0,116.0,artificial_jewellery,video_20260404_115542,frame_008280.jpg,008280,heuristic
small_object_proposal,-1,1.0,1462.0,185.0,1503.0,222.0,artificial_jewellery,video_20260404_115542,frame_008280.jpg,008280,heuristic
small_object_proposal,-1,1.0,1303.0,295.0,1375.0,314.0,artificial_jewellery,video_20260404_115542,frame_008280.jpg,008280,heuristic
small_object_proposal,-1,1.0,4.0,149.0,49.0,178.0,artificial_jewellery,video_20260404_115542,frame_008280.jpg,008280,heuristic
small_object_proposal,-1,1.0,118.0,217.0,138.0,279.0,artificial_jewellery,video_20260404_115542,frame_008280.jpg,008280,heuristic
small_object_proposal,-1,1.0,1246.0,884.0,1279.0,921.0,artificial_jewellery,video_20260404_115542,frame_008280.jpg,008280,heuristic
small_object_proposal,-1,1.0,1826.0,791.0,1852.0,837.0,artificial_jewellery,video_20260404_115542,frame_008280.jpg,008280,heuristic
small_object_proposal,-1,1.0,1105.0,244.0,1131.0,290.0,artificial_jewellery,video_20260404_115542,frame_008280.jpg,008280,heuristic
small_object_proposal,-1,1.0,632.0,854.0,671.0,884.0,artificial_jewellery,video_20260404_115542,frame_008280.jpg,008280,heuristic
couch,57,0.6856598258018494,68.671142578125,12.311370849609375,1915.10595703125,1071.21728515625,artificial_jewellery,video_20260404_115542,frame_008310.jpg,008310,yolo
person,0,0.6845601201057434,349.6234130859375,167.98855590820312,1777.489013671875,1066.2159423828125,artificial_jewellery,video_20260404_115542,frame_008310.jpg,008310,yolo
small_object_proposal,-1,1.0,1245.0,689.0,1301.0,768.0,artificial_jewellery,video_20260404_115542,frame_008310.jpg,008310,heuristic
small_object_proposal,-1,1.0,400.0,134.0,465.0,193.0,artificial_jewellery,video_20260404_115542,frame_008310.jpg,008310,heuristic
small_object_proposal,-1,1.0,1723.0,352.0,1784.0,414.0,artificial_jewellery,video_20260404_115542,frame_008310.jpg,008310,heuristic
small_object_proposal,-1,1.0,395.0,89.0,469.0,137.0,artificial_jewellery,video_20260404_115542,frame_008310.jpg,008310,heuristic
small_object_proposal,-1,1.0,1089.0,653.0,1169.0,694.0,artificial_jewellery,video_20260404_115542,frame_008310.jpg,008310,heuristic
small_object_proposal,-1,1.0,1092.0,956.0,1157.0,1006.0,artificial_jewellery,video_20260404_115542,frame_008310.jpg,008310,heuristic
small_object_proposal,-1,1.0,1186.0,1001.0,1237.0,1059.0,artificial_jewellery,video_20260404_115542,frame_008310.jpg,008310,heuristic
small_object_proposal,-1,1.0,1312.0,353.0,1390.0,388.0,artificial_jewellery,video_20260404_115542,frame_008310.jpg,008310,heuristic
small_object_proposal,-1,1.0,1201.0,926.0,1236.0,1000.0,artificial_jewellery,video_20260404_115542,frame_008310.jpg,008310,heuristic
small_object_proposal,-1,1.0,1151.0,789.0,1212.0,830.0,artificial_jewellery,video_20260404_115542,frame_008310.jpg,008310,heuristic
small_object_proposal,-1,1.0,1259.0,734.0,1297.0,799.0,artificial_jewellery,video_20260404_115542,frame_008310.jpg,008310,heuristic
small_object_proposal,-1,1.0,1362.0,846.0,1433.0,880.0,artificial_jewellery,video_20260404_115542,frame_008310.jpg,008310,heuristic
small_object_proposal,-1,1.0,1019.0,1020.0,1080.0,1057.0,artificial_jewellery,video_20260404_115542,frame_008310.jpg,008310,heuristic
small_object_proposal,-1,1.0,1664.0,1020.0,1730.0,1052.0,artificial_jewellery,video_20260404_115542,frame_008310.jpg,008310,heuristic
small_object_proposal,-1,1.0,118.0,426.0,163.0,464.0,artificial_jewellery,video_20260404_115542,frame_008310.jpg,008310,heuristic
small_object_proposal,-1,1.0,1210.0,569.0,1244.0,619.0,artificial_jewellery,video_20260404_115542,frame_008310.jpg,008310,heuristic
small_object_proposal,-1,1.0,84.0,85.0,144.0,113.0,artificial_jewellery,video_20260404_115542,frame_008310.jpg,008310,heuristic
small_object_proposal,-1,1.0,617.0,832.0,666.0,866.0,artificial_jewellery,video_20260404_115542,frame_008310.jpg,008310,heuristic
small_object_proposal,-1,1.0,1193.0,160.0,1240.0,194.0,artificial_jewellery,video_20260404_115542,frame_008310.jpg,008310,heuristic
small_object_proposal,-1,1.0,1303.0,865.0,1334.0,916.0,artificial_jewellery,video_20260404_115542,frame_008310.jpg,008310,heuristic
small_object_proposal,-1,1.0,1689.0,1008.0,1739.0,1039.0,artificial_jewellery,video_20260404_115542,frame_008310.jpg,008310,heuristic
small_object_proposal,-1,1.0,1313.0,485.0,1372.0,510.0,artificial_jewellery,video_20260404_115542,frame_008310.jpg,008310,heuristic
small_object_proposal,-1,1.0,1813.0,782.0,1839.0,833.0,artificial_jewellery,video_20260404_115542,frame_008310.jpg,008310,heuristic
small_object_proposal,-1,1.0,1331.0,967.0,1347.0,1044.0,artificial_jewellery,video_20260404_115542,frame_008310.jpg,008310,heuristic
small_object_proposal,-1,1.0,1327.0,511.0,1355.0,554.0,artificial_jewellery,video_20260404_115542,frame_008310.jpg,008310,heuristic
small_object_proposal,-1,1.0,117.0,923.0,144.0,966.0,artificial_jewellery,video_20260404_115542,frame_008310.jpg,008310,heuristic
small_object_proposal,-1,1.0,1328.0,239.0,1367.0,267.0,artificial_jewellery,video_20260404_115542,frame_008310.jpg,008310,heuristic
small_object_proposal,-1,1.0,1243.0,194.0,1284.0,220.0,artificial_jewellery,video_20260404_115542,frame_008310.jpg,008310,heuristic
small_object_proposal,-1,1.0,856.0,939.0,879.0,985.0,artificial_jewellery,video_20260404_115542,frame_008310.jpg,008310,heuristic
small_object_proposal,-1,1.0,1456.0,65.0,1492.0,94.0,artificial_jewellery,video_20260404_115542,frame_008310.jpg,008310,heuristic
person,0,0.7145330905914307,439.200439453125,141.7265625,1685.4312744140625,1066.7933349609375,artificial_jewellery,video_20260404_115542,frame_008370.jpg,008370,yolo
couch,57,0.45553719997406006,121.4857177734375,15.7386474609375,1916.086669921875,1073.85986328125,artificial_jewellery,video_20260404_115542,frame_008370.jpg,008370,yolo
small_object_proposal,-1,1.0,1167.0,846.0,1242.0,909.0,artificial_jewellery,video_20260404_115542,frame_008370.jpg,008370,heuristic
small_object_proposal,-1,1.0,1658.0,946.0,1773.0,987.0,artificial_jewellery,video_20260404_115542,frame_008370.jpg,008370,heuristic
small_object_proposal,-1,1.0,1430.0,245.0,1479.0,316.0,artificial_jewellery,video_20260404_115542,frame_008370.jpg,008370,heuristic
small_object_proposal,-1,1.0,1268.0,228.0,1329.0,284.0,artificial_jewellery,video_20260404_115542,frame_008370.jpg,008370,heuristic
small_object_proposal,-1,1.0,1257.0,488.0,1313.0,544.0,artificial_jewellery,video_20260404_115542,frame_008370.jpg,008370,heuristic
small_object_proposal,-1,1.0,1279.0,579.0,1332.0,638.0,artificial_jewellery,video_20260404_115542,frame_008370.jpg,008370,heuristic
small_object_proposal,-1,1.0,1117.0,333.0,1183.0,378.0,artificial_jewellery,video_20260404_115542,frame_008370.jpg,008370,heuristic
small_object_proposal,-1,1.0,1192.0,998.0,1243.0,1056.0,artificial_jewellery,video_20260404_115542,frame_008370.jpg,008370,heuristic
small_object_proposal,-1,1.0,1020.0,392.0,1061.0,460.0,artificial_jewellery,video_20260404_115542,frame_008370.jpg,008370,heuristic
small_object_proposal,-1,1.0,1083.0,229.0,1128.0,287.0,artificial_jewellery,video_20260404_115542,frame_008370.jpg,008370,heuristic
small_object_proposal,-1,1.0,879.0,348.0,921.0,410.0,artificial_jewellery,video_20260404_115542,frame_008370.jpg,008370,heuristic
small_object_proposal,-1,1.0,1045.0,289.0,1093.0,343.0,artificial_jewellery,video_20260404_115542,frame_008370.jpg,008370,heuristic
small_object_proposal,-1,1.0,1160.0,790.0,1218.0,831.0,artificial_jewellery,video_20260404_115542,frame_008370.jpg,008370,heuristic
small_object_proposal,-1,1.0,1115.0,957.0,1163.0,1004.0,artificial_jewellery,video_20260404_115542,frame_008370.jpg,008370,heuristic
small_object_proposal,-1,1.0,1029.0,1019.0,1087.0,1057.0,artificial_jewellery,video_20260404_115542,frame_008370.jpg,008370,heuristic
small_object_proposal,-1,1.0,1179.0,314.0,1226.0,360.0,artificial_jewellery,video_20260404_115542,frame_008370.jpg,008370,heuristic
small_object_proposal,-1,1.0,1519.0,377.0,1582.0,411.0,artificial_jewellery,video_20260404_115542,frame_008370.jpg,008370,heuristic
small_object_proposal,-1,1.0,1502.0,148.0,1550.0,192.0,artificial_jewellery,video_20260404_115542,frame_008370.jpg,008370,heuristic
small_object_proposal,-1,1.0,1343.0,942.0,1362.0,1044.0,artificial_jewellery,video_20260404_115542,frame_008370.jpg,008370,heuristic
small_object_proposal,-1,1.0,203.0,460.0,261.0,493.0,artificial_jewellery,video_20260404_115542,frame_008370.jpg,008370,heuristic
small_object_proposal,-1,1.0,1299.0,611.0,1330.0,668.0,artificial_jewellery,video_20260404_115542,frame_008370.jpg,008370,heuristic
small_object_proposal,-1,1.0,389.0,27.0,426.0,72.0,artificial_jewellery,video_20260404_115542,frame_008370.jpg,008370,heuristic
small_object_proposal,-1,1.0,1824.0,770.0,1851.0,826.0,artificial_jewellery,video_20260404_115542,frame_008370.jpg,008370,heuristic
small_object_proposal,-1,1.0,1071.0,267.0,1107.0,309.0,artificial_jewellery,video_20260404_115542,frame_008370.jpg,008370,heuristic
small_object_proposal,-1,1.0,439.0,399.0,472.0,444.0,artificial_jewellery,video_20260404_115542,frame_008370.jpg,008370,heuristic
small_object_proposal,-1,1.0,1260.0,519.0,1295.0,560.0,artificial_jewellery,video_20260404_115542,frame_008370.jpg,008370,heuristic
small_object_proposal,-1,1.0,79.0,217.0,136.0,242.0,artificial_jewellery,video_20260404_115542,frame_008370.jpg,008370,heuristic
small_object_proposal,-1,1.0,1231.0,237.0,1260.0,286.0,artificial_jewellery,video_20260404_115542,frame_008370.jpg,008370,heuristic
small_object_proposal,-1,1.0,1146.0,113.0,1174.0,156.0,artificial_jewellery,video_20260404_115542,frame_008370.jpg,008370,heuristic
small_object_proposal,-1,1.0,138.0,939.0,164.0,983.0,artificial_jewellery,video_20260404_115542,frame_008370.jpg,008370,heuristic
person,0,0.7208622694015503,469.5809631347656,158.78631591796875,1717.348388671875,1068.48046875,artificial_jewellery,video_20260404_115542,frame_008400.jpg,008400,yolo
couch,57,0.4343200623989105,63.12176513671875,16.664703369140625,1914.6673583984375,1068.14892578125,artificial_jewellery,video_20260404_115542,frame_008400.jpg,008400,yolo
cake,55,0.3016008734703064,0.06812667846679688,616.363037109375,158.91688537597656,1016.4497680664062,artificial_jewellery,video_20260404_115542,frame_008400.jpg,008400,yolo
small_object_proposal,-1,1.0,1344.0,943.0,1381.0,1076.0,artificial_jewellery,video_20260404_115542,frame_008400.jpg,008400,heuristic
small_object_proposal,-1,1.0,1681.0,961.0,1775.0,1010.0,artificial_jewellery,video_20260404_115542,frame_008400.jpg,008400,heuristic
small_object_proposal,-1,1.0,1671.0,951.0,1775.0,989.0,artificial_jewellery,video_20260404_115542,frame_008400.jpg,008400,heuristic
small_object_proposal,-1,1.0,1192.0,1000.0,1258.0,1058.0,artificial_jewellery,video_20260404_115542,frame_008400.jpg,008400,heuristic
small_object_proposal,-1,1.0,1726.0,347.0,1786.0,408.0,artificial_jewellery,video_20260404_115542,frame_008400.jpg,008400,heuristic
small_object_proposal,-1,1.0,1290.0,471.0,1351.0,528.0,artificial_jewellery,video_20260404_115542,frame_008400.jpg,008400,heuristic
small_object_proposal,-1,1.0,1305.0,565.0,1361.0,625.0,artificial_jewellery,video_20260404_115542,frame_008400.jpg,008400,heuristic
small_object_proposal,-1,1.0,1346.0,654.0,1378.0,754.0,artificial_jewellery,video_20260404_115542,frame_008400.jpg,008400,heuristic
small_object_proposal,-1,1.0,1162.0,790.0,1231.0,833.0,artificial_jewellery,video_20260404_115542,frame_008400.jpg,008400,heuristic
small_object_proposal,-1,1.0,6.0,791.0,70.0,837.0,artificial_jewellery,video_20260404_115542,frame_008400.jpg,008400,heuristic
small_object_proposal,-1,1.0,637.0,884.0,690.0,938.0,artificial_jewellery,video_20260404_115542,frame_008400.jpg,008400,heuristic
small_object_proposal,-1,1.0,961.0,356.0,1006.0,415.0,artificial_jewellery,video_20260404_115542,frame_008400.jpg,008400,heuristic
small_object_proposal,-1,1.0,1218.0,319.0,1262.0,375.0,artificial_jewellery,video_20260404_115542,frame_008400.jpg,008400,heuristic
small_object_proposal,-1,1.0,1309.0,250.0,1353.0,302.0,artificial_jewellery,video_20260404_115542,frame_008400.jpg,008400,heuristic
small_object_proposal,-1,1.0,1289.0,949.0,1313.0,1042.0,artificial_jewellery,video_20260404_115542,frame_008400.jpg,008400,heuristic
small_object_proposal,-1,1.0,1030.0,1021.0,1089.0,1058.0,artificial_jewellery,video_20260404_115542,frame_008400.jpg,008400,heuristic
small_object_proposal,-1,1.0,1117.0,961.0,1165.0,1006.0,artificial_jewellery,video_20260404_115542,frame_008400.jpg,008400,heuristic
small_object_proposal,-1,1.0,409.0,171.0,456.0,214.0,artificial_jewellery,video_20260404_115542,frame_008400.jpg,008400,heuristic
small_object_proposal,-1,1.0,119.0,445.0,178.0,479.0,artificial_jewellery,video_20260404_115542,frame_008400.jpg,008400,heuristic
small_object_proposal,-1,1.0,1200.0,914.0,1227.0,987.0,artificial_jewellery,video_20260404_115542,frame_008400.jpg,008400,heuristic
small_object_proposal,-1,1.0,147.0,173.0,187.0,222.0,artificial_jewellery,video_20260404_115542,frame_008400.jpg,008400,heuristic
small_object_proposal,-1,1.0,396.0,32.0,431.0,87.0,artificial_jewellery,video_20260404_115542,frame_008400.jpg,008400,heuristic
small_object_proposal,-1,1.0,597.0,867.0,626.0,929.0,artificial_jewellery,video_20260404_115542,frame_008400.jpg,008400,heuristic
small_object_proposal,-1,1.0,1234.0,578.0,1272.0,624.0,artificial_jewellery,video_20260404_115542,frame_008400.jpg,008400,heuristic
small_object_proposal,-1,1.0,1371.0,783.0,1461.0,802.0,artificial_jewellery,video_20260404_115542,frame_008400.jpg,008400,heuristic
small_object_proposal,-1,1.0,1823.0,773.0,1853.0,830.0,artificial_jewellery,video_20260404_115542,frame_008400.jpg,008400,heuristic
small_object_proposal,-1,1.0,1335.0,605.0,1360.0,669.0,artificial_jewellery,video_20260404_115542,frame_008400.jpg,008400,heuristic
small_object_proposal,-1,1.0,1196.0,310.0,1233.0,350.0,artificial_jewellery,video_20260404_115542,frame_008400.jpg,008400,heuristic
small_object_proposal,-1,1.0,1248.0,101.0,1275.0,152.0,artificial_jewellery,video_20260404_115542,frame_008400.jpg,008400,heuristic
small_object_proposal,-1,1.0,1470.0,183.0,1501.0,227.0,artificial_jewellery,video_20260404_115542,frame_008400.jpg,008400,heuristic
person,0,0.7189388871192932,469.43206787109375,47.9256591796875,1706.5660400390625,1068.570556640625,artificial_jewellery,video_20260404_115542,frame_008430.jpg,008430,yolo
couch,57,0.5061073899269104,113.19525146484375,26.624908447265625,1916.170654296875,1076.6107177734375,artificial_jewellery,video_20260404_115542,frame_008430.jpg,008430,yolo
small_object_proposal,-1,1.0,864.0,381.0,974.0,422.0,artificial_jewellery,video_20260404_115542,frame_008430.jpg,008430,heuristic
small_object_proposal,-1,1.0,1692.0,978.0,1775.0,1032.0,artificial_jewellery,video_20260404_115542,frame_008430.jpg,008430,heuristic
small_object_proposal,-1,1.0,1233.0,571.0,1294.0,637.0,artificial_jewellery,video_20260404_115542,frame_008430.jpg,008430,heuristic
small_object_proposal,-1,1.0,976.0,796.0,1053.0,846.0,artificial_jewellery,video_20260404_115542,frame_008430.jpg,008430,heuristic
small_object_proposal,-1,1.0,1192.0,1013.0,1257.0,1071.0,artificial_jewellery,video_20260404_115542,frame_008430.jpg,008430,heuristic
small_object_proposal,-1,1.0,1670.0,964.0,1775.0,998.0,artificial_jewellery,video_20260404_115542,frame_008430.jpg,008430,heuristic
small_object_proposal,-1,1.0,411.0,168.0,474.0,224.0,artificial_jewellery,video_20260404_115542,frame_008430.jpg,008430,heuristic
small_object_proposal,-1,1.0,1161.0,802.0,1232.0,845.0,artificial_jewellery,video_20260404_115542,frame_008430.jpg,008430,heuristic
small_object_proposal,-1,1.0,1408.0,400.0,1512.0,427.0,artificial_jewellery,video_20260404_115542,frame_008430.jpg,008430,heuristic
small_object_proposal,-1,1.0,1287.0,952.0,1311.0,1054.0,artificial_jewellery,video_20260404_115542,frame_008430.jpg,008430,heuristic
small_object_proposal,-1,1.0,1029.0,1034.0,1089.0,1071.0,artificial_jewellery,video_20260404_115542,frame_008430.jpg,008430,heuristic
small_object_proposal,-1,1.0,1117.0,973.0,1164.0,1020.0,artificial_jewellery,video_20260404_115542,frame_008430.jpg,008430,heuristic
small_object_proposal,-1,1.0,1412.0,809.0,1497.0,834.0,artificial_jewellery,video_20260404_115542,frame_008430.jpg,008430,heuristic
small_object_proposal,-1,1.0,640.0,978.0,711.0,1007.0,artificial_jewellery,video_20260404_115542,frame_008430.jpg,008430,heuristic
small_object_proposal,-1,1.0,1324.0,156.0,1375.0,195.0,artificial_jewellery,video_20260404_115542,frame_008430.jpg,008430,heuristic
small_object_proposal,-1,1.0,151.0,184.0,191.0,233.0,artificial_jewellery,video_20260404_115542,frame_008430.jpg,008430,heuristic
small_object_proposal,-1,1.0,910.0,221.0,939.0,288.0,artificial_jewellery,video_20260404_115542,frame_008430.jpg,008430,heuristic
small_object_proposal,-1,1.0,1373.0,364.0,1464.0,384.0,artificial_jewellery,video_20260404_115542,frame_008430.jpg,008430,heuristic
small_object_proposal,-1,1.0,1549.0,703.0,1579.0,760.0,artificial_jewellery,video_20260404_115542,frame_008430.jpg,008430,heuristic
small_object_proposal,-1,1.0,1231.0,203.0,1261.0,258.0,artificial_jewellery,video_20260404_115542,frame_008430.jpg,008430,heuristic
small_object_proposal,-1,1.0,1511.0,167.0,1549.0,210.0,artificial_jewellery,video_20260404_115542,frame_008430.jpg,008430,heuristic
small_object_proposal,-1,1.0,1824.0,785.0,1851.0,844.0,artificial_jewellery,video_20260404_115542,frame_008430.jpg,008430,heuristic
small_object_proposal,-1,1.0,447.0,461.0,467.0,532.0,artificial_jewellery,video_20260404_115542,frame_008430.jpg,008430,heuristic
small_object_proposal,-1,1.0,623.0,900.0,661.0,937.0,artificial_jewellery,video_20260404_115542,frame_008430.jpg,008430,heuristic
small_object_proposal,-1,1.0,922.0,240.0,951.0,285.0,artificial_jewellery,video_20260404_115542,frame_008430.jpg,008430,heuristic
small_object_proposal,-1,1.0,1292.0,323.0,1328.0,356.0,artificial_jewellery,video_20260404_115542,frame_008430.jpg,008430,heuristic
small_object_proposal,-1,1.0,43.0,800.0,69.0,845.0,artificial_jewellery,video_20260404_115542,frame_008430.jpg,008430,heuristic
small_object_proposal,-1,1.0,1313.0,587.0,1343.0,624.0,artificial_jewellery,video_20260404_115542,frame_008430.jpg,008430,heuristic
small_object_proposal,-1,1.0,1313.0,571.0,1343.0,608.0,artificial_jewellery,video_20260404_115542,frame_008430.jpg,008430,heuristic
small_object_proposal,-1,1.0,143.0,947.0,168.0,989.0,artificial_jewellery,video_20260404_115542,frame_008430.jpg,008430,heuristic
person,0,0.8628793954849243,2.641845703125,4.1956787109375,1916.8756103515625,1078.606689453125,artificial_jewellery,video_20260404_115542,frame_008460.jpg,008460,yolo
hot dog,52,0.48091521859169006,1000.4046020507812,192.6654052734375,1229.478271484375,483.6828918457031,artificial_jewellery,video_20260404_115542,frame_008460.jpg,008460,yolo
small_object_proposal,-1,1.0,1188.0,573.0,1263.0,626.0,artificial_jewellery,video_20260404_115542,frame_008460.jpg,008460,heuristic
small_object_proposal,-1,1.0,1242.0,558.0,1301.0,625.0,artificial_jewellery,video_20260404_115542,frame_008460.jpg,008460,heuristic
small_object_proposal,-1,1.0,1192.0,916.0,1238.0,992.0,artificial_jewellery,video_20260404_115542,frame_008460.jpg,008460,heuristic
small_object_proposal,-1,1.0,1617.0,774.0,1723.0,806.0,artificial_jewellery,video_20260404_115542,frame_008460.jpg,008460,heuristic
small_object_proposal,-1,1.0,1115.0,962.0,1181.0,1012.0,artificial_jewellery,video_20260404_115542,frame_008460.jpg,008460,heuristic
small_object_proposal,-1,1.0,1593.0,64.0,1626.0,159.0,artificial_jewellery,video_20260404_115542,frame_008460.jpg,008460,heuristic
small_object_proposal,-1,1.0,4.0,768.0,68.0,816.0,artificial_jewellery,video_20260404_115542,frame_008460.jpg,008460,heuristic
small_object_proposal,-1,1.0,1211.0,1007.0,1262.0,1066.0,artificial_jewellery,video_20260404_115542,frame_008460.jpg,008460,heuristic
small_object_proposal,-1,1.0,1750.0,641.0,1781.0,732.0,artificial_jewellery,video_20260404_115542,frame_008460.jpg,008460,heuristic
small_object_proposal,-1,1.0,51.0,701.0,99.0,755.0,artificial_jewellery,video_20260404_115542,frame_008460.jpg,008460,heuristic
small_object_proposal,-1,1.0,459.0,990.0,519.0,1032.0,artificial_jewellery,video_20260404_115542,frame_008460.jpg,008460,heuristic
small_object_proposal,-1,1.0,1044.0,1025.0,1104.0,1061.0,artificial_jewellery,video_20260404_115542,frame_008460.jpg,008460,heuristic
small_object_proposal,-1,1.0,1149.0,122.0,1195.0,166.0,artificial_jewellery,video_20260404_115542,frame_008460.jpg,008460,heuristic
small_object_proposal,-1,1.0,1339.0,902.0,1397.0,936.0,artificial_jewellery,video_20260404_115542,frame_008460.jpg,008460,heuristic
small_object_proposal,-1,1.0,1599.0,747.0,1706.0,764.0,artificial_jewellery,video_20260404_115542,frame_008460.jpg,008460,heuristic
small_object_proposal,-1,1.0,686.0,904.0,725.0,948.0,artificial_jewellery,video_20260404_115542,frame_008460.jpg,008460,heuristic
small_object_proposal,-1,1.0,1234.0,622.0,1257.0,692.0,artificial_jewellery,video_20260404_115542,frame_008460.jpg,008460,heuristic
small_object_proposal,-1,1.0,1272.0,142.0,1311.0,183.0,artificial_jewellery,video_20260404_115542,frame_008460.jpg,008460,heuristic
small_object_proposal,-1,1.0,169.0,146.0,200.0,195.0,artificial_jewellery,video_20260404_115542,frame_008460.jpg,008460,heuristic
small_object_proposal,-1,1.0,1319.0,116.0,1349.0,158.0,artificial_jewellery,video_20260404_115542,frame_008460.jpg,008460,heuristic
small_object_proposal,-1,1.0,1165.0,874.0,1197.0,913.0,artificial_jewellery,video_20260404_115542,frame_008460.jpg,008460,heuristic
small_object_proposal,-1,1.0,1228.0,796.0,1253.0,845.0,artificial_jewellery,video_20260404_115542,frame_008460.jpg,008460,heuristic
small_object_proposal,-1,1.0,1206.0,847.0,1252.0,873.0,artificial_jewellery,video_20260404_115542,frame_008460.jpg,008460,heuristic
small_object_proposal,-1,1.0,1533.0,78.0,1559.0,119.0,artificial_jewellery,video_20260404_115542,frame_008460.jpg,008460,heuristic
small_object_proposal,-1,1.0,141.0,920.0,166.0,962.0,artificial_jewellery,video_20260404_115542,frame_008460.jpg,008460,heuristic
small_object_proposal,-1,1.0,1295.0,999.0,1317.0,1046.0,artificial_jewellery,video_20260404_115542,frame_008460.jpg,008460,heuristic
small_object_proposal,-1,1.0,678.0,913.0,710.0,945.0,artificial_jewellery,video_20260404_115542,frame_008460.jpg,008460,heuristic
small_object_proposal,-1,1.0,881.0,5.0,923.0,29.0,artificial_jewellery,video_20260404_115542,frame_008460.jpg,008460,heuristic
small_object_proposal,-1,1.0,1388.0,817.0,1399.0,907.0,artificial_jewellery,video_20260404_115542,frame_008460.jpg,008460,heuristic
small_object_proposal,-1,1.0,1573.0,101.0,1590.0,155.0,artificial_jewellery,video_20260404_115542,frame_008460.jpg,008460,heuristic
person,0,0.7245369553565979,460.7003173828125,11.166412353515625,1913.820556640625,1068.0374755859375,artificial_jewellery,video_20260404_115542,frame_008490.jpg,008490,yolo
small_object_proposal,-1,1.0,1211.0,49.0,1434.0,69.0,artificial_jewellery,video_20260404_115542,frame_008490.jpg,008490,heuristic
small_object_proposal,-1,1.0,1221.0,1004.0,1287.0,1065.0,artificial_jewellery,video_20260404_115542,frame_008490.jpg,008490,heuristic
small_object_proposal,-1,1.0,1135.0,660.0,1200.0,721.0,artificial_jewellery,video_20260404_115542,frame_008490.jpg,008490,heuristic
small_object_proposal,-1,1.0,439.0,116.0,502.0,175.0,artificial_jewellery,video_20260404_115542,frame_008490.jpg,008490,heuristic
small_object_proposal,-1,1.0,434.0,69.0,506.0,117.0,artificial_jewellery,video_20260404_115542,frame_008490.jpg,008490,heuristic
small_object_proposal,-1,1.0,1180.0,788.0,1259.0,831.0,artificial_jewellery,video_20260404_115542,frame_008490.jpg,008490,heuristic
small_object_proposal,-1,1.0,1127.0,959.0,1193.0,1008.0,artificial_jewellery,video_20260404_115542,frame_008490.jpg,008490,heuristic
small_object_proposal,-1,1.0,1653.0,908.0,1746.0,939.0,artificial_jewellery,video_20260404_115542,frame_008490.jpg,008490,heuristic
small_object_proposal,-1,1.0,1332.0,75.0,1392.0,121.0,artificial_jewellery,video_20260404_115542,frame_008490.jpg,008490,heuristic
small_object_proposal,-1,1.0,1792.0,621.0,1818.0,717.0,artificial_jewellery,video_20260404_115542,frame_008490.jpg,008490,heuristic
small_object_proposal,-1,1.0,1005.0,782.0,1067.0,822.0,artificial_jewellery,video_20260404_115542,frame_008490.jpg,008490,heuristic
small_object_proposal,-1,1.0,1221.0,329.0,1269.0,380.0,artificial_jewellery,video_20260404_115542,frame_008490.jpg,008490,heuristic
small_object_proposal,-1,1.0,1775.0,527.0,1803.0,606.0,artificial_jewellery,video_20260404_115542,frame_008490.jpg,008490,heuristic
small_object_proposal,-1,1.0,662.0,876.0,709.0,923.0,artificial_jewellery,video_20260404_115542,frame_008490.jpg,008490,heuristic
small_object_proposal,-1,1.0,1055.0,1020.0,1115.0,1055.0,artificial_jewellery,video_20260404_115542,frame_008490.jpg,008490,heuristic
small_object_proposal,-1,1.0,168.0,119.0,210.0,169.0,artificial_jewellery,video_20260404_115542,frame_008490.jpg,008490,heuristic
small_object_proposal,-1,1.0,1243.0,619.0,1270.0,696.0,artificial_jewellery,video_20260404_115542,frame_008490.jpg,008490,heuristic
small_object_proposal,-1,1.0,1373.0,263.0,1426.0,302.0,artificial_jewellery,video_20260404_115542,frame_008490.jpg,008490,heuristic
small_object_proposal,-1,1.0,1201.0,300.0,1233.0,361.0,artificial_jewellery,video_20260404_115542,frame_008490.jpg,008490,heuristic
small_object_proposal,-1,1.0,1151.0,754.0,1212.0,785.0,artificial_jewellery,video_20260404_115542,frame_008490.jpg,008490,heuristic
small_object_proposal,-1,1.0,937.0,285.0,967.0,345.0,artificial_jewellery,video_20260404_115542,frame_008490.jpg,008490,heuristic
small_object_proposal,-1,1.0,1217.0,917.0,1243.0,979.0,artificial_jewellery,video_20260404_115542,frame_008490.jpg,008490,heuristic
small_object_proposal,-1,1.0,148.0,404.0,190.0,441.0,artificial_jewellery,video_20260404_115542,frame_008490.jpg,008490,heuristic
small_object_proposal,-1,1.0,1301.0,1007.0,1331.0,1055.0,artificial_jewellery,video_20260404_115542,frame_008490.jpg,008490,heuristic
small_object_proposal,-1,1.0,1341.0,916.0,1397.0,941.0,artificial_jewellery,video_20260404_115542,frame_008490.jpg,008490,heuristic
small_object_proposal,-1,1.0,646.0,898.0,688.0,930.0,artificial_jewellery,video_20260404_115542,frame_008490.jpg,008490,heuristic
small_object_proposal,-1,1.0,1222.0,579.0,1262.0,612.0,artificial_jewellery,video_20260404_115542,frame_008490.jpg,008490,heuristic
small_object_proposal,-1,1.0,1370.0,891.0,1406.0,927.0,artificial_jewellery,video_20260404_115542,frame_008490.jpg,008490,heuristic
small_object_proposal,-1,1.0,1067.0,236.0,1094.0,280.0,artificial_jewellery,video_20260404_115542,frame_008490.jpg,008490,heuristic
small_object_proposal,-1,1.0,946.0,244.0,983.0,276.0,artificial_jewellery,video_20260404_115542,frame_008490.jpg,008490,heuristic
person,0,0.6622519493103027,64.83453369140625,0.0,1884.892822265625,1068.777587890625,artificial_jewellery,video_20260404_115542,frame_008550.jpg,008550,yolo
sandwich,48,0.33312153816223145,918.4932861328125,73.80375671386719,1116.90234375,276.7547607421875,artificial_jewellery,video_20260404_115542,frame_008550.jpg,008550,yolo
small_object_proposal,-1,1.0,422.0,53.0,492.0,117.0,artificial_jewellery,video_20260404_115542,frame_008550.jpg,008550,heuristic
small_object_proposal,-1,1.0,851.0,985.0,899.0,1071.0,artificial_jewellery,video_20260404_115542,frame_008550.jpg,008550,heuristic
small_object_proposal,-1,1.0,1116.0,665.0,1174.0,733.0,artificial_jewellery,video_20260404_115542,frame_008550.jpg,008550,heuristic
small_object_proposal,-1,1.0,1278.0,674.0,1307.0,795.0,artificial_jewellery,video_20260404_115542,frame_008550.jpg,008550,heuristic
small_object_proposal,-1,1.0,464.0,357.0,485.0,505.0,artificial_jewellery,video_20260404_115542,frame_008550.jpg,008550,heuristic
small_object_proposal,-1,1.0,1460.0,412.0,1560.0,442.0,artificial_jewellery,video_20260404_115542,frame_008550.jpg,008550,heuristic
small_object_proposal,-1,1.0,1388.0,149.0,1422.0,236.0,artificial_jewellery,video_20260404_115542,frame_008550.jpg,008550,heuristic
small_object_proposal,-1,1.0,1570.0,588.0,1610.0,660.0,artificial_jewellery,video_20260404_115542,frame_008550.jpg,008550,heuristic
small_object_proposal,-1,1.0,1771.0,53.0,1875.0,80.0,artificial_jewellery,video_20260404_115542,frame_008550.jpg,008550,heuristic
small_object_proposal,-1,1.0,1176.0,997.0,1226.0,1053.0,artificial_jewellery,video_20260404_115542,frame_008550.jpg,008550,heuristic
small_object_proposal,-1,1.0,859.0,186.0,916.0,229.0,artificial_jewellery,video_20260404_115542,frame_008550.jpg,008550,heuristic
small_object_proposal,-1,1.0,1455.0,212.0,1500.0,265.0,artificial_jewellery,video_20260404_115542,frame_008550.jpg,008550,heuristic
small_object_proposal,-1,1.0,1419.0,377.0,1473.0,418.0,artificial_jewellery,video_20260404_115542,frame_008550.jpg,008550,heuristic
small_object_proposal,-1,1.0,1098.0,954.0,1147.0,999.0,artificial_jewellery,video_20260404_115542,frame_008550.jpg,008550,heuristic
small_object_proposal,-1,1.0,793.0,264.0,845.0,306.0,artificial_jewellery,video_20260404_115542,frame_008550.jpg,008550,heuristic
small_object_proposal,-1,1.0,1010.0,1014.0,1070.0,1049.0,artificial_jewellery,video_20260404_115542,frame_008550.jpg,008550,heuristic
small_object_proposal,-1,1.0,425.0,112.0,468.0,160.0,artificial_jewellery,video_20260404_115542,frame_008550.jpg,008550,heuristic
small_object_proposal,-1,1.0,1012.0,202.0,1041.0,273.0,artificial_jewellery,video_20260404_115542,frame_008550.jpg,008550,heuristic
small_object_proposal,-1,1.0,1392.0,521.0,1428.0,574.0,artificial_jewellery,video_20260404_115542,frame_008550.jpg,008550,heuristic
small_object_proposal,-1,1.0,1423.0,160.0,1466.0,204.0,artificial_jewellery,video_20260404_115542,frame_008550.jpg,008550,heuristic
small_object_proposal,-1,1.0,1094.0,126.0,1127.0,183.0,artificial_jewellery,video_20260404_115542,frame_008550.jpg,008550,heuristic
small_object_proposal,-1,1.0,1249.0,971.0,1279.0,1033.0,artificial_jewellery,video_20260404_115542,frame_008550.jpg,008550,heuristic
small_object_proposal,-1,1.0,1523.0,792.0,1553.0,854.0,artificial_jewellery,video_20260404_115542,frame_008550.jpg,008550,heuristic
small_object_proposal,-1,1.0,1296.0,287.0,1346.0,321.0,artificial_jewellery,video_20260404_115542,frame_008550.jpg,008550,heuristic
small_object_proposal,-1,1.0,1327.0,192.0,1379.0,223.0,artificial_jewellery,video_20260404_115542,frame_008550.jpg,008550,heuristic
small_object_proposal,-1,1.0,1283.0,367.0,1312.0,417.0,artificial_jewellery,video_20260404_115542,frame_008550.jpg,008550,heuristic
small_object_proposal,-1,1.0,1120.0,869.0,1157.0,907.0,artificial_jewellery,video_20260404_115542,frame_008550.jpg,008550,heuristic
small_object_proposal,-1,1.0,1502.0,193.0,1540.0,230.0,artificial_jewellery,video_20260404_115542,frame_008550.jpg,008550,heuristic
small_object_proposal,-1,1.0,1324.0,818.0,1359.0,857.0,artificial_jewellery,video_20260404_115542,frame_008550.jpg,008550,heuristic
small_object_proposal,-1,1.0,1103.0,386.0,1136.0,427.0,artificial_jewellery,video_20260404_115542,frame_008550.jpg,008550,heuristic
person,0,0.7073172330856323,157.9940185546875,1.903472900390625,1867.3033447265625,1056.5845947265625,artificial_jewellery,video_20260404_115542,frame_008580.jpg,008580,yolo
handbag,26,0.4415268898010254,638.3008422851562,363.39404296875,1826.139404296875,1067.8084716796875,artificial_jewellery,video_20260404_115542,frame_008580.jpg,008580,yolo
small_object_proposal,-1,1.0,1613.0,395.0,1801.0,421.0,artificial_jewellery,video_20260404_115542,frame_008580.jpg,008580,heuristic
small_object_proposal,-1,1.0,1527.0,943.0,1621.0,993.0,artificial_jewellery,video_20260404_115542,frame_008580.jpg,008580,heuristic
small_object_proposal,-1,1.0,1041.0,980.0,1111.0,1042.0,artificial_jewellery,video_20260404_115542,frame_008580.jpg,008580,heuristic
small_object_proposal,-1,1.0,777.0,1001.0,853.0,1055.0,artificial_jewellery,video_20260404_115542,frame_008580.jpg,008580,heuristic
small_object_proposal,-1,1.0,851.0,88.0,918.0,145.0,artificial_jewellery,video_20260404_115542,frame_008580.jpg,008580,heuristic
small_object_proposal,-1,1.0,544.0,199.0,570.0,341.0,artificial_jewellery,video_20260404_115542,frame_008580.jpg,008580,heuristic
small_object_proposal,-1,1.0,272.0,300.0,321.0,373.0,artificial_jewellery,video_20260404_115542,frame_008580.jpg,008580,heuristic
small_object_proposal,-1,1.0,60.0,67.0,96.0,163.0,artificial_jewellery,video_20260404_115542,frame_008580.jpg,008580,heuristic
small_object_proposal,-1,1.0,45.0,543.0,100.0,603.0,artificial_jewellery,video_20260404_115542,frame_008580.jpg,008580,heuristic
small_object_proposal,-1,1.0,467.0,276.0,495.0,392.0,artificial_jewellery,video_20260404_115542,frame_008580.jpg,008580,heuristic
small_object_proposal,-1,1.0,443.0,35.0,502.0,90.0,artificial_jewellery,video_20260404_115542,frame_008580.jpg,008580,heuristic
small_object_proposal,-1,1.0,31.0,214.0,78.0,283.0,artificial_jewellery,video_20260404_115542,frame_008580.jpg,008580,heuristic
small_object_proposal,-1,1.0,996.0,809.0,1050.0,868.0,artificial_jewellery,video_20260404_115542,frame_008580.jpg,008580,heuristic
small_object_proposal,-1,1.0,744.0,980.0,801.0,1035.0,artificial_jewellery,video_20260404_115542,frame_008580.jpg,008580,heuristic
small_object_proposal,-1,1.0,1337.0,131.0,1400.0,179.0,artificial_jewellery,video_20260404_115542,frame_008580.jpg,008580,heuristic
small_object_proposal,-1,1.0,1151.0,293.0,1189.0,372.0,artificial_jewellery,video_20260404_115542,frame_008580.jpg,008580,heuristic
small_object_proposal,-1,1.0,586.0,713.0,693.0,740.0,artificial_jewellery,video_20260404_115542,frame_008580.jpg,008580,heuristic
small_object_proposal,-1,1.0,811.0,958.0,884.0,997.0,artificial_jewellery,video_20260404_115542,frame_008580.jpg,008580,heuristic
small_object_proposal,-1,1.0,1767.0,103.0,1814.0,160.0,artificial_jewellery,video_20260404_115542,frame_008580.jpg,008580,heuristic
small_object_proposal,-1,1.0,812.0,150.0,851.0,212.0,artificial_jewellery,video_20260404_115542,frame_008580.jpg,008580,heuristic
small_object_proposal,-1,1.0,1169.0,954.0,1212.0,1009.0,artificial_jewellery,video_20260404_115542,frame_008580.jpg,008580,heuristic
small_object_proposal,-1,1.0,1271.0,650.0,1297.0,737.0,artificial_jewellery,video_20260404_115542,frame_008580.jpg,008580,heuristic
small_object_proposal,-1,1.0,1479.0,941.0,1562.0,967.0,artificial_jewellery,video_20260404_115542,frame_008580.jpg,008580,heuristic
small_object_proposal,-1,1.0,1094.0,916.0,1140.0,956.0,artificial_jewellery,video_20260404_115542,frame_008580.jpg,008580,heuristic
small_object_proposal,-1,1.0,1155.0,567.0,1182.0,630.0,artificial_jewellery,video_20260404_115542,frame_008580.jpg,008580,heuristic
small_object_proposal,-1,1.0,443.0,9.0,507.0,35.0,artificial_jewellery,video_20260404_115542,frame_008580.jpg,008580,heuristic
small_object_proposal,-1,1.0,1175.0,212.0,1204.0,266.0,artificial_jewellery,video_20260404_115542,frame_008580.jpg,008580,heuristic
small_object_proposal,-1,1.0,199.0,203.0,223.0,266.0,artificial_jewellery,video_20260404_115542,frame_008580.jpg,008580,heuristic
small_object_proposal,-1,1.0,837.0,905.0,869.0,952.0,artificial_jewellery,video_20260404_115542,frame_008580.jpg,008580,heuristic
small_object_proposal,-1,1.0,1679.0,757.0,1706.0,810.0,artificial_jewellery,video_20260404_115542,frame_008580.jpg,008580,heuristic
person,0,0.8317183256149292,307.70855712890625,19.921600341796875,1900.411865234375,1067.431640625,artificial_jewellery,video_20260404_115542,frame_008610.jpg,008610,yolo
person,0,0.308005690574646,483.21221923828125,3.4156494140625,708.0765380859375,461.4060974121094,artificial_jewellery,video_20260404_115542,frame_008610.jpg,008610,yolo
small_object_proposal,-1,1.0,849.0,956.0,900.0,1038.0,artificial_jewellery,video_20260404_115542,frame_008610.jpg,008610,heuristic
small_object_proposal,-1,1.0,1282.0,940.0,1320.0,1049.0,artificial_jewellery,video_20260404_115542,frame_008610.jpg,008610,heuristic
small_object_proposal,-1,1.0,1087.0,948.0,1150.0,997.0,artificial_jewellery,video_20260404_115542,frame_008610.jpg,008610,heuristic
small_object_proposal,-1,1.0,495.0,69.0,550.0,125.0,artificial_jewellery,video_20260404_115542,frame_008610.jpg,008610,heuristic
small_object_proposal,-1,1.0,1097.0,738.0,1157.0,784.0,artificial_jewellery,video_20260404_115542,frame_008610.jpg,008610,heuristic
small_object_proposal,-1,1.0,937.0,153.0,1009.0,191.0,artificial_jewellery,video_20260404_115542,frame_008610.jpg,008610,heuristic
small_object_proposal,-1,1.0,1179.0,1000.0,1227.0,1051.0,artificial_jewellery,video_20260404_115542,frame_008610.jpg,008610,heuristic
small_object_proposal,-1,1.0,741.0,711.0,819.0,742.0,artificial_jewellery,video_20260404_115542,frame_008610.jpg,008610,heuristic
small_object_proposal,-1,1.0,1059.0,744.0,1115.0,785.0,artificial_jewellery,video_20260404_115542,frame_008610.jpg,008610,heuristic
small_object_proposal,-1,1.0,1143.0,606.0,1197.0,647.0,artificial_jewellery,video_20260404_115542,frame_008610.jpg,008610,heuristic
small_object_proposal,-1,1.0,1561.0,170.0,1590.0,246.0,artificial_jewellery,video_20260404_115542,frame_008610.jpg,008610,heuristic
small_object_proposal,-1,1.0,1547.0,778.0,1638.0,801.0,artificial_jewellery,video_20260404_115542,frame_008610.jpg,008610,heuristic
small_object_proposal,-1,1.0,1014.0,1008.0,1073.0,1041.0,artificial_jewellery,video_20260404_115542,frame_008610.jpg,008610,heuristic
small_object_proposal,-1,1.0,1277.0,35.0,1339.0,66.0,artificial_jewellery,video_20260404_115542,frame_008610.jpg,008610,heuristic
small_object_proposal,-1,1.0,948.0,205.0,978.0,268.0,artificial_jewellery,video_20260404_115542,frame_008610.jpg,008610,heuristic
small_object_proposal,-1,1.0,982.0,175.0,1027.0,214.0,artificial_jewellery,video_20260404_115542,frame_008610.jpg,008610,heuristic
small_object_proposal,-1,1.0,1126.0,786.0,1172.0,819.0,artificial_jewellery,video_20260404_115542,frame_008610.jpg,008610,heuristic
small_object_proposal,-1,1.0,1448.0,204.0,1478.0,254.0,artificial_jewellery,video_20260404_115542,frame_008610.jpg,008610,heuristic
small_object_proposal,-1,1.0,497.0,43.0,559.0,67.0,artificial_jewellery,video_20260404_115542,frame_008610.jpg,008610,heuristic
small_object_proposal,-1,1.0,1184.0,559.0,1228.0,592.0,artificial_jewellery,video_20260404_115542,frame_008610.jpg,008610,heuristic
small_object_proposal,-1,1.0,1193.0,636.0,1218.0,693.0,artificial_jewellery,video_20260404_115542,frame_008610.jpg,008610,heuristic
small_object_proposal,-1,1.0,3.0,632.0,35.0,676.0,artificial_jewellery,video_20260404_115542,frame_008610.jpg,008610,heuristic
small_object_proposal,-1,1.0,1784.0,148.0,1838.0,172.0,artificial_jewellery,video_20260404_115542,frame_008610.jpg,008610,heuristic
small_object_proposal,-1,1.0,1208.0,285.0,1233.0,330.0,artificial_jewellery,video_20260404_115542,frame_008610.jpg,008610,heuristic
small_object_proposal,-1,1.0,82.0,850.0,113.0,886.0,artificial_jewellery,video_20260404_115542,frame_008610.jpg,008610,heuristic
small_object_proposal,-1,1.0,902.0,7.0,929.0,47.0,artificial_jewellery,video_20260404_115542,frame_008610.jpg,008610,heuristic
small_object_proposal,-1,1.0,1500.0,688.0,1528.0,726.0,artificial_jewellery,video_20260404_115542,frame_008610.jpg,008610,heuristic
small_object_proposal,-1,1.0,526.0,374.0,543.0,434.0,artificial_jewellery,video_20260404_115542,frame_008610.jpg,008610,heuristic
small_object_proposal,-1,1.0,83.0,792.0,104.0,838.0,artificial_jewellery,video_20260404_115542,frame_008610.jpg,008610,heuristic
small_object_proposal,-1,1.0,1005.0,125.0,1032.0,160.0,artificial_jewellery,video_20260404_115542,frame_008610.jpg,008610,heuristic
person,0,0.8053871989250183,49.204833984375,0.0,1907.4569091796875,1072.4307861328125,artificial_jewellery,video_20260404_115542,frame_008670.jpg,008670,yolo
small_object_proposal,-1,1.0,1482.0,569.0,1553.0,635.0,artificial_jewellery,video_20260404_115542,frame_008670.jpg,008670,heuristic
small_object_proposal,-1,1.0,354.0,835.0,414.0,913.0,artificial_jewellery,video_20260404_115542,frame_008670.jpg,008670,heuristic
small_object_proposal,-1,1.0,854.0,955.0,905.0,1042.0,artificial_jewellery,video_20260404_115542,frame_008670.jpg,008670,heuristic
small_object_proposal,-1,1.0,1200.0,201.0,1237.0,313.0,artificial_jewellery,video_20260404_115542,frame_008670.jpg,008670,heuristic
small_object_proposal,-1,1.0,788.0,568.0,825.0,666.0,artificial_jewellery,video_20260404_115542,frame_008670.jpg,008670,heuristic
small_object_proposal,-1,1.0,1765.0,672.0,1799.0,771.0,artificial_jewellery,video_20260404_115542,frame_008670.jpg,008670,heuristic
small_object_proposal,-1,1.0,524.0,50.0,576.0,108.0,artificial_jewellery,video_20260404_115542,frame_008670.jpg,008670,heuristic
small_object_proposal,-1,1.0,692.0,755.0,738.0,820.0,artificial_jewellery,video_20260404_115542,frame_008670.jpg,008670,heuristic
small_object_proposal,-1,1.0,1122.0,862.0,1167.0,927.0,artificial_jewellery,video_20260404_115542,frame_008670.jpg,008670,heuristic
small_object_proposal,-1,1.0,1364.0,521.0,1437.0,559.0,artificial_jewellery,video_20260404_115542,frame_008670.jpg,008670,heuristic
small_object_proposal,-1,1.0,240.0,4.0,297.0,52.0,artificial_jewellery,video_20260404_115542,frame_008670.jpg,008670,heuristic
small_object_proposal,-1,1.0,1162.0,600.0,1235.0,636.0,artificial_jewellery,video_20260404_115542,frame_008670.jpg,008670,heuristic
small_object_proposal,-1,1.0,736.0,808.0,794.0,851.0,artificial_jewellery,video_20260404_115542,frame_008670.jpg,008670,heuristic
small_object_proposal,-1,1.0,1361.0,444.0,1404.0,502.0,artificial_jewellery,video_20260404_115542,frame_008670.jpg,008670,heuristic
small_object_proposal,-1,1.0,1199.0,707.0,1232.0,781.0,artificial_jewellery,video_20260404_115542,frame_008670.jpg,008670,heuristic
small_object_proposal,-1,1.0,1530.0,665.0,1577.0,715.0,artificial_jewellery,video_20260404_115542,frame_008670.jpg,008670,heuristic
small_object_proposal,-1,1.0,1507.0,651.0,1570.0,688.0,artificial_jewellery,video_20260404_115542,frame_008670.jpg,008670,heuristic
small_object_proposal,-1,1.0,1181.0,1005.0,1225.0,1056.0,artificial_jewellery,video_20260404_115542,frame_008670.jpg,008670,heuristic
small_object_proposal,-1,1.0,1108.0,953.0,1155.0,1000.0,artificial_jewellery,video_20260404_115542,frame_008670.jpg,008670,heuristic
small_object_proposal,-1,1.0,257.0,218.0,292.0,281.0,artificial_jewellery,video_20260404_115542,frame_008670.jpg,008670,heuristic
small_object_proposal,-1,1.0,1425.0,325.0,1462.0,384.0,artificial_jewellery,video_20260404_115542,frame_008670.jpg,008670,heuristic
small_object_proposal,-1,1.0,1015.0,1009.0,1075.0,1041.0,artificial_jewellery,video_20260404_115542,frame_008670.jpg,008670,heuristic
small_object_proposal,-1,1.0,180.0,35.0,238.0,66.0,artificial_jewellery,video_20260404_115542,frame_008670.jpg,008670,heuristic
small_object_proposal,-1,1.0,306.0,202.0,345.0,242.0,artificial_jewellery,video_20260404_115542,frame_008670.jpg,008670,heuristic
small_object_proposal,-1,1.0,929.0,683.0,965.0,722.0,artificial_jewellery,video_20260404_115542,frame_008670.jpg,008670,heuristic
small_object_proposal,-1,1.0,528.0,25.0,587.0,48.0,artificial_jewellery,video_20260404_115542,frame_008670.jpg,008670,heuristic
small_object_proposal,-1,1.0,744.0,800.0,784.0,833.0,artificial_jewellery,video_20260404_115542,frame_008670.jpg,008670,heuristic
small_object_proposal,-1,1.0,1784.0,182.0,1835.0,206.0,artificial_jewellery,video_20260404_115542,frame_008670.jpg,008670,heuristic
small_object_proposal,-1,1.0,74.0,775.0,98.0,823.0,artificial_jewellery,video_20260404_115542,frame_008670.jpg,008670,heuristic
small_object_proposal,-1,1.0,1187.0,800.0,1210.0,849.0,artificial_jewellery,video_20260404_115542,frame_008670.jpg,008670,heuristic
person,0,0.8249609470367432,44.1053466796875,13.601806640625,1826.959716796875,1069.18212890625,artificial_jewellery,video_20260404_115542,frame_008700.jpg,008700,yolo
teddy bear,77,0.5318313837051392,0.6104736328125,5.4851531982421875,478.94970703125,428.0435485839844,artificial_jewellery,video_20260404_115542,frame_008700.jpg,008700,yolo
small_object_proposal,-1,1.0,1194.0,226.0,1238.0,331.0,artificial_jewellery,video_20260404_115542,frame_008700.jpg,008700,heuristic
small_object_proposal,-1,1.0,842.0,955.0,892.0,1041.0,artificial_jewellery,video_20260404_115542,frame_008700.jpg,008700,heuristic
small_object_proposal,-1,1.0,1273.0,939.0,1311.0,1050.0,artificial_jewellery,video_20260404_115542,frame_008700.jpg,008700,heuristic
small_object_proposal,-1,1.0,772.0,708.0,867.0,746.0,artificial_jewellery,video_20260404_115542,frame_008700.jpg,008700,heuristic
small_object_proposal,-1,1.0,1168.0,1005.0,1229.0,1063.0,artificial_jewellery,video_20260404_115542,frame_008700.jpg,008700,heuristic
small_object_proposal,-1,1.0,1173.0,391.0,1226.0,456.0,artificial_jewellery,video_20260404_115542,frame_008700.jpg,008700,heuristic
small_object_proposal,-1,1.0,1078.0,949.0,1141.0,1000.0,artificial_jewellery,video_20260404_115542,frame_008700.jpg,008700,heuristic
small_object_proposal,-1,1.0,1302.0,686.0,1369.0,733.0,artificial_jewellery,video_20260404_115542,frame_008700.jpg,008700,heuristic
small_object_proposal,-1,1.0,1290.0,384.0,1357.0,428.0,artificial_jewellery,video_20260404_115542,frame_008700.jpg,008700,heuristic
small_object_proposal,-1,1.0,1425.0,253.0,1497.0,291.0,artificial_jewellery,video_20260404_115542,frame_008700.jpg,008700,heuristic
small_object_proposal,-1,1.0,1171.0,164.0,1224.0,215.0,artificial_jewellery,video_20260404_115542,frame_008700.jpg,008700,heuristic
small_object_proposal,-1,1.0,633.0,844.0,704.0,879.0,artificial_jewellery,video_20260404_115542,frame_008700.jpg,008700,heuristic
small_object_proposal,-1,1.0,1091.0,743.0,1153.0,783.0,artificial_jewellery,video_20260404_115542,frame_008700.jpg,008700,heuristic
small_object_proposal,-1,1.0,1137.0,30.0,1241.0,53.0,artificial_jewellery,video_20260404_115542,frame_008700.jpg,008700,heuristic
small_object_proposal,-1,1.0,1177.0,651.0,1200.0,753.0,artificial_jewellery,video_20260404_115542,frame_008700.jpg,008700,heuristic
small_object_proposal,-1,1.0,1078.0,681.0,1117.0,740.0,artificial_jewellery,video_20260404_115542,frame_008700.jpg,008700,heuristic
small_object_proposal,-1,1.0,1670.0,451.0,1720.0,494.0,artificial_jewellery,video_20260404_115542,frame_008700.jpg,008700,heuristic
small_object_proposal,-1,1.0,1186.0,123.0,1228.0,173.0,artificial_jewellery,video_20260404_115542,frame_008700.jpg,008700,heuristic
small_object_proposal,-1,1.0,1092.0,619.0,1154.0,650.0,artificial_jewellery,video_20260404_115542,frame_008700.jpg,008700,heuristic
small_object_proposal,-1,1.0,1001.0,1010.0,1061.0,1042.0,artificial_jewellery,video_20260404_115542,frame_008700.jpg,008700,heuristic
small_object_proposal,-1,1.0,626.0,730.0,664.0,778.0,artificial_jewellery,video_20260404_115542,frame_008700.jpg,008700,heuristic
small_object_proposal,-1,1.0,50.0,786.0,85.0,835.0,artificial_jewellery,video_20260404_115542,frame_008700.jpg,008700,heuristic
small_object_proposal,-1,1.0,1110.0,859.0,1137.0,922.0,artificial_jewellery,video_20260404_115542,frame_008700.jpg,008700,heuristic
small_object_proposal,-1,1.0,1339.0,201.0,1372.0,252.0,artificial_jewellery,video_20260404_115542,frame_008700.jpg,008700,heuristic
small_object_proposal,-1,1.0,1235.0,134.0,1274.0,175.0,artificial_jewellery,video_20260404_115542,frame_008700.jpg,008700,heuristic
small_object_proposal,-1,1.0,1376.0,395.0,1440.0,419.0,artificial_jewellery,video_20260404_115542,frame_008700.jpg,008700,heuristic
small_object_proposal,-1,1.0,1138.0,196.0,1162.0,254.0,artificial_jewellery,video_20260404_115542,frame_008700.jpg,008700,heuristic
small_object_proposal,-1,1.0,1233.0,272.0,1259.0,323.0,artificial_jewellery,video_20260404_115542,frame_008700.jpg,008700,heuristic
small_object_proposal,-1,1.0,657.0,845.0,706.0,872.0,artificial_jewellery,video_20260404_115542,frame_008700.jpg,008700,heuristic
small_object_proposal,-1,1.0,1428.0,208.0,1456.0,254.0,artificial_jewellery,video_20260404_115542,frame_008700.jpg,008700,heuristic
person,0,0.8048059344291687,50.95440673828125,0.0,1866.106689453125,1068.7357177734375,artificial_jewellery,video_20260404_115542,frame_008760.jpg,008760,yolo
person,0,0.31035128235816956,530.001220703125,3.6610107421875,738.867431640625,461.2801208496094,artificial_jewellery,video_20260404_115542,frame_008760.jpg,008760,yolo
small_object_proposal,-1,1.0,540.0,52.0,601.0,131.0,artificial_jewellery,video_20260404_115542,frame_008760.jpg,008760,heuristic
small_object_proposal,-1,1.0,1468.0,168.0,1567.0,208.0,artificial_jewellery,video_20260404_115542,frame_008760.jpg,008760,heuristic
small_object_proposal,-1,1.0,1223.0,904.0,1267.0,991.0,artificial_jewellery,video_20260404_115542,frame_008760.jpg,008760,heuristic
small_object_proposal,-1,1.0,648.0,742.0,707.0,806.0,artificial_jewellery,video_20260404_115542,frame_008760.jpg,008760,heuristic
small_object_proposal,-1,1.0,1243.0,305.0,1317.0,351.0,artificial_jewellery,video_20260404_115542,frame_008760.jpg,008760,heuristic
small_object_proposal,-1,1.0,1139.0,911.0,1197.0,967.0,artificial_jewellery,video_20260404_115542,frame_008760.jpg,008760,heuristic
small_object_proposal,-1,1.0,995.0,211.0,1046.0,269.0,artificial_jewellery,video_20260404_115542,frame_008760.jpg,008760,heuristic
small_object_proposal,-1,1.0,1688.0,843.0,1753.0,882.0,artificial_jewellery,video_20260404_115542,frame_008760.jpg,008760,heuristic
small_object_proposal,-1,1.0,821.0,716.0,864.0,773.0,artificial_jewellery,video_20260404_115542,frame_008760.jpg,008760,heuristic
small_object_proposal,-1,1.0,1266.0,787.0,1300.0,858.0,artificial_jewellery,video_20260404_115542,frame_008760.jpg,008760,heuristic
small_object_proposal,-1,1.0,150.0,90.0,176.0,179.0,artificial_jewellery,video_20260404_115542,frame_008760.jpg,008760,heuristic
small_object_proposal,-1,1.0,695.0,806.0,761.0,841.0,artificial_jewellery,video_20260404_115542,frame_008760.jpg,008760,heuristic
small_object_proposal,-1,1.0,1245.0,954.0,1272.0,1038.0,artificial_jewellery,video_20260404_115542,frame_008760.jpg,008760,heuristic
small_object_proposal,-1,1.0,1815.0,226.0,1855.0,282.0,artificial_jewellery,video_20260404_115542,frame_008760.jpg,008760,heuristic
small_object_proposal,-1,1.0,1128.0,960.0,1174.0,1008.0,artificial_jewellery,video_20260404_115542,frame_008760.jpg,008760,heuristic
small_object_proposal,-1,1.0,407.0,833.0,430.0,928.0,artificial_jewellery,video_20260404_115542,frame_008760.jpg,008760,heuristic
small_object_proposal,-1,1.0,1037.0,1013.0,1095.0,1045.0,artificial_jewellery,video_20260404_115542,frame_008760.jpg,008760,heuristic
small_object_proposal,-1,1.0,82.0,169.0,118.0,216.0,artificial_jewellery,video_20260404_115542,frame_008760.jpg,008760,heuristic
small_object_proposal,-1,1.0,274.0,36.0,322.0,71.0,artificial_jewellery,video_20260404_115542,frame_008760.jpg,008760,heuristic
small_object_proposal,-1,1.0,1305.0,902.0,1342.0,947.0,artificial_jewellery,video_20260404_115542,frame_008760.jpg,008760,heuristic
small_object_proposal,-1,1.0,1138.0,794.0,1186.0,827.0,artificial_jewellery,video_20260404_115542,frame_008760.jpg,008760,heuristic
small_object_proposal,-1,1.0,1227.0,677.0,1261.0,722.0,artificial_jewellery,video_20260404_115542,frame_008760.jpg,008760,heuristic
small_object_proposal,-1,1.0,1370.0,521.0,1432.0,545.0,artificial_jewellery,video_20260404_115542,frame_008760.jpg,008760,heuristic
small_object_proposal,-1,1.0,285.0,324.0,324.0,357.0,artificial_jewellery,video_20260404_115542,frame_008760.jpg,008760,heuristic
small_object_proposal,-1,1.0,222.0,68.0,265.0,97.0,artificial_jewellery,video_20260404_115542,frame_008760.jpg,008760,heuristic
small_object_proposal,-1,1.0,1463.0,458.0,1494.0,497.0,artificial_jewellery,video_20260404_115542,frame_008760.jpg,008760,heuristic
small_object_proposal,-1,1.0,737.0,797.0,789.0,820.0,artificial_jewellery,video_20260404_115542,frame_008760.jpg,008760,heuristic
small_object_proposal,-1,1.0,104.0,845.0,135.0,883.0,artificial_jewellery,video_20260404_115542,frame_008760.jpg,008760,heuristic
small_object_proposal,-1,1.0,1772.0,183.0,1821.0,207.0,artificial_jewellery,video_20260404_115542,frame_008760.jpg,008760,heuristic
small_object_proposal,-1,1.0,1635.0,442.0,1686.0,465.0,artificial_jewellery,video_20260404_115542,frame_008760.jpg,008760,heuristic
person,0,0.8132423758506775,57.60498046875,14.455352783203125,1815.36767578125,1069.888916015625,artificial_jewellery,video_20260404_115542,frame_008790.jpg,008790,yolo
teddy bear,77,0.47283104062080383,0.20361328125,2.3700714111328125,513.3067016601562,461.9433288574219,artificial_jewellery,video_20260404_115542,frame_008790.jpg,008790,yolo
small_object_proposal,-1,1.0,1190.0,380.0,1247.0,458.0,artificial_jewellery,video_20260404_115542,frame_008790.jpg,008790,heuristic
small_object_proposal,-1,1.0,851.0,962.0,902.0,1047.0,artificial_jewellery,video_20260404_115542,frame_008790.jpg,008790,heuristic
small_object_proposal,-1,1.0,366.0,827.0,407.0,932.0,artificial_jewellery,video_20260404_115542,frame_008790.jpg,008790,heuristic
small_object_proposal,-1,1.0,1182.0,654.0,1216.0,770.0,artificial_jewellery,video_20260404_115542,frame_008790.jpg,008790,heuristic
small_object_proposal,-1,1.0,1086.0,962.0,1149.0,1013.0,artificial_jewellery,video_20260404_115542,frame_008790.jpg,008790,heuristic
small_object_proposal,-1,1.0,1547.0,202.0,1583.0,291.0,artificial_jewellery,video_20260404_115542,frame_008790.jpg,008790,heuristic
small_object_proposal,-1,1.0,516.0,75.0,569.0,133.0,artificial_jewellery,video_20260404_115542,frame_008790.jpg,008790,heuristic
small_object_proposal,-1,1.0,1401.0,228.0,1462.0,278.0,artificial_jewellery,video_20260404_115542,frame_008790.jpg,008790,heuristic
small_object_proposal,-1,1.0,634.0,764.0,680.0,830.0,artificial_jewellery,video_20260404_115542,frame_008790.jpg,008790,heuristic
small_object_proposal,-1,1.0,1564.0,802.0,1598.0,890.0,artificial_jewellery,video_20260404_115542,frame_008790.jpg,008790,heuristic
small_object_proposal,-1,1.0,1172.0,1018.0,1223.0,1071.0,artificial_jewellery,video_20260404_115542,frame_008790.jpg,008790,heuristic
small_object_proposal,-1,1.0,981.0,238.0,1025.0,297.0,artificial_jewellery,video_20260404_115542,frame_008790.jpg,008790,heuristic
small_object_proposal,-1,1.0,697.0,835.0,769.0,867.0,artificial_jewellery,video_20260404_115542,frame_008790.jpg,008790,heuristic
small_object_proposal,-1,1.0,1354.0,282.0,1449.0,306.0,artificial_jewellery,video_20260404_115542,frame_008790.jpg,008790,heuristic
small_object_proposal,-1,1.0,1256.0,538.0,1302.0,585.0,artificial_jewellery,video_20260404_115542,frame_008790.jpg,008790,heuristic
small_object_proposal,-1,1.0,1332.0,7.0,1367.0,66.0,artificial_jewellery,video_20260404_115542,frame_008790.jpg,008790,heuristic
small_object_proposal,-1,1.0,1363.0,378.0,1389.0,456.0,artificial_jewellery,video_20260404_115542,frame_008790.jpg,008790,heuristic
small_object_proposal,-1,1.0,1009.0,1021.0,1070.0,1051.0,artificial_jewellery,video_20260404_115542,frame_008790.jpg,008790,heuristic
small_object_proposal,-1,1.0,1099.0,765.0,1153.0,798.0,artificial_jewellery,video_20260404_115542,frame_008790.jpg,008790,heuristic
small_object_proposal,-1,1.0,1184.0,348.0,1217.0,402.0,artificial_jewellery,video_20260404_115542,frame_008790.jpg,008790,heuristic
small_object_proposal,-1,1.0,87.0,160.0,119.0,213.0,artificial_jewellery,video_20260404_115542,frame_008790.jpg,008790,heuristic
small_object_proposal,-1,1.0,1534.0,230.0,1553.0,311.0,artificial_jewellery,video_20260404_115542,frame_008790.jpg,008790,heuristic
small_object_proposal,-1,1.0,1266.0,262.0,1314.0,294.0,artificial_jewellery,video_20260404_115542,frame_008790.jpg,008790,heuristic
small_object_proposal,-1,1.0,723.0,819.0,776.0,846.0,artificial_jewellery,video_20260404_115542,frame_008790.jpg,008790,heuristic
small_object_proposal,-1,1.0,519.0,52.0,579.0,75.0,artificial_jewellery,video_20260404_115542,frame_008790.jpg,008790,heuristic
small_object_proposal,-1,1.0,1154.0,919.0,1179.0,974.0,artificial_jewellery,video_20260404_115542,frame_008790.jpg,008790,heuristic
small_object_proposal,-1,1.0,1383.0,509.0,1394.0,628.0,artificial_jewellery,video_20260404_115542,frame_008790.jpg,008790,heuristic
small_object_proposal,-1,1.0,1403.0,519.0,1462.0,541.0,artificial_jewellery,video_20260404_115542,frame_008790.jpg,008790,heuristic
small_object_proposal,-1,1.0,1767.0,188.0,1818.0,211.0,artificial_jewellery,video_20260404_115542,frame_008790.jpg,008790,heuristic
small_object_proposal,-1,1.0,1185.0,87.0,1221.0,118.0,artificial_jewellery,video_20260404_115542,frame_008790.jpg,008790,heuristic
person,0,0.7189577221870422,249.73956298828125,27.14776611328125,1857.2139892578125,1068.29296875,artificial_jewellery,video_20260404_115542,frame_008820.jpg,008820,yolo
small_object_proposal,-1,1.0,1213.0,554.0,1286.0,615.0,artificial_jewellery,video_20260404_115542,frame_008820.jpg,008820,heuristic
small_object_proposal,-1,1.0,857.0,947.0,910.0,1031.0,artificial_jewellery,video_20260404_115542,frame_008820.jpg,008820,heuristic
small_object_proposal,-1,1.0,1469.0,148.0,1575.0,189.0,artificial_jewellery,video_20260404_115542,frame_008820.jpg,008820,heuristic
small_object_proposal,-1,1.0,762.0,561.0,814.0,636.0,artificial_jewellery,video_20260404_115542,frame_008820.jpg,008820,heuristic
small_object_proposal,-1,1.0,835.0,1028.0,920.0,1072.0,artificial_jewellery,video_20260404_115542,frame_008820.jpg,008820,heuristic
small_object_proposal,-1,1.0,1229.0,98.0,1275.0,176.0,artificial_jewellery,video_20260404_115542,frame_008820.jpg,008820,heuristic
small_object_proposal,-1,1.0,958.0,645.0,1021.0,701.0,artificial_jewellery,video_20260404_115542,frame_008820.jpg,008820,heuristic
small_object_proposal,-1,1.0,1092.0,624.0,1183.0,660.0,artificial_jewellery,video_20260404_115542,frame_008820.jpg,008820,heuristic
small_object_proposal,-1,1.0,1161.0,295.0,1200.0,369.0,artificial_jewellery,video_20260404_115542,frame_008820.jpg,008820,heuristic
small_object_proposal,-1,1.0,1186.0,1007.0,1235.0,1060.0,artificial_jewellery,video_20260404_115542,frame_008820.jpg,008820,heuristic
small_object_proposal,-1,1.0,1556.0,179.0,1598.0,240.0,artificial_jewellery,video_20260404_115542,frame_008820.jpg,008820,heuristic
small_object_proposal,-1,1.0,1181.0,569.0,1235.0,613.0,artificial_jewellery,video_20260404_115542,frame_008820.jpg,008820,heuristic
small_object_proposal,-1,1.0,1011.0,1007.0,1079.0,1039.0,artificial_jewellery,video_20260404_115542,frame_008820.jpg,008820,heuristic
small_object_proposal,-1,1.0,1113.0,953.0,1159.0,1000.0,artificial_jewellery,video_20260404_115542,frame_008820.jpg,008820,heuristic
small_object_proposal,-1,1.0,1290.0,39.0,1352.0,69.0,artificial_jewellery,video_20260404_115542,frame_008820.jpg,008820,heuristic
small_object_proposal,-1,1.0,1302.0,315.0,1331.0,379.0,artificial_jewellery,video_20260404_115542,frame_008820.jpg,008820,heuristic
small_object_proposal,-1,1.0,1502.0,267.0,1528.0,332.0,artificial_jewellery,video_20260404_115542,frame_008820.jpg,008820,heuristic
small_object_proposal,-1,1.0,73.0,770.0,107.0,817.0,artificial_jewellery,video_20260404_115542,frame_008820.jpg,008820,heuristic
small_object_proposal,-1,1.0,1434.0,213.0,1472.0,252.0,artificial_jewellery,video_20260404_115542,frame_008820.jpg,008820,heuristic
small_object_proposal,-1,1.0,1533.0,331.0,1576.0,363.0,artificial_jewellery,video_20260404_115542,frame_008820.jpg,008820,heuristic
small_object_proposal,-1,1.0,1134.0,783.0,1174.0,816.0,artificial_jewellery,video_20260404_115542,frame_008820.jpg,008820,heuristic
small_object_proposal,-1,1.0,1280.0,918.0,1327.0,945.0,artificial_jewellery,video_20260404_115542,frame_008820.jpg,008820,heuristic
small_object_proposal,-1,1.0,70.0,830.0,102.0,869.0,artificial_jewellery,video_20260404_115542,frame_008820.jpg,008820,heuristic
small_object_proposal,-1,1.0,1190.0,787.0,1212.0,837.0,artificial_jewellery,video_20260404_115542,frame_008820.jpg,008820,heuristic
small_object_proposal,-1,1.0,1237.0,988.0,1259.0,1036.0,artificial_jewellery,video_20260404_115542,frame_008820.jpg,008820,heuristic
small_object_proposal,-1,1.0,288.0,204.0,327.0,231.0,artificial_jewellery,video_20260404_115542,frame_008820.jpg,008820,heuristic
small_object_proposal,-1,1.0,667.0,784.0,696.0,818.0,artificial_jewellery,video_20260404_115542,frame_008820.jpg,008820,heuristic
small_object_proposal,-1,1.0,1408.0,201.0,1440.0,231.0,artificial_jewellery,video_20260404_115542,frame_008820.jpg,008820,heuristic
small_object_proposal,-1,1.0,1012.0,884.0,1044.0,913.0,artificial_jewellery,video_20260404_115542,frame_008820.jpg,008820,heuristic
small_object_proposal,-1,1.0,1152.0,949.0,1182.0,977.0,artificial_jewellery,video_20260404_115542,frame_008820.jpg,008820,heuristic
person,0,0.6399409770965576,265.35662841796875,58.80377197265625,1883.6434326171875,1067.4700927734375,artificial_jewellery,video_20260404_115542,frame_008850.jpg,008850,yolo
teddy bear,77,0.4536316990852356,1.813568115234375,3.66650390625,515.8548583984375,434.10589599609375,artificial_jewellery,video_20260404_115542,frame_008850.jpg,008850,yolo
donut,54,0.32801997661590576,1114.1566162109375,93.42902374267578,1346.9154052734375,363.2231140136719,artificial_jewellery,video_20260404_115542,frame_008850.jpg,008850,yolo
small_object_proposal,-1,1.0,1674.0,575.0,1708.0,722.0,artificial_jewellery,video_20260404_115542,frame_008850.jpg,008850,heuristic
small_object_proposal,-1,1.0,505.0,297.0,541.0,434.0,artificial_jewellery,video_20260404_115542,frame_008850.jpg,008850,heuristic
small_object_proposal,-1,1.0,1091.0,669.0,1150.0,748.0,artificial_jewellery,video_20260404_115542,frame_008850.jpg,008850,heuristic
small_object_proposal,-1,1.0,861.0,953.0,915.0,1037.0,artificial_jewellery,video_20260404_115542,frame_008850.jpg,008850,heuristic
small_object_proposal,-1,1.0,1464.0,163.0,1566.0,204.0,artificial_jewellery,video_20260404_115542,frame_008850.jpg,008850,heuristic
small_object_proposal,-1,1.0,349.0,878.0,426.0,931.0,artificial_jewellery,video_20260404_115542,frame_008850.jpg,008850,heuristic
small_object_proposal,-1,1.0,1695.0,721.0,1736.0,819.0,artificial_jewellery,video_20260404_115542,frame_008850.jpg,008850,heuristic
small_object_proposal,-1,1.0,841.0,1030.0,925.0,1075.0,artificial_jewellery,video_20260404_115542,frame_008850.jpg,008850,heuristic
small_object_proposal,-1,1.0,1239.0,887.0,1320.0,933.0,artificial_jewellery,video_20260404_115542,frame_008850.jpg,008850,heuristic
small_object_proposal,-1,1.0,1187.0,1011.0,1246.0,1070.0,artificial_jewellery,video_20260404_115542,frame_008850.jpg,008850,heuristic
small_object_proposal,-1,1.0,1052.0,740.0,1121.0,788.0,artificial_jewellery,video_20260404_115542,frame_008850.jpg,008850,heuristic
small_object_proposal,-1,1.0,255.0,15.0,304.0,62.0,artificial_jewellery,video_20260404_115542,frame_008850.jpg,008850,heuristic
small_object_proposal,-1,1.0,1116.0,959.0,1161.0,1005.0,artificial_jewellery,video_20260404_115542,frame_008850.jpg,008850,heuristic
small_object_proposal,-1,1.0,1160.0,55.0,1258.0,76.0,artificial_jewellery,video_20260404_115542,frame_008850.jpg,008850,heuristic
small_object_proposal,-1,1.0,1022.0,1011.0,1082.0,1042.0,artificial_jewellery,video_20260404_115542,frame_008850.jpg,008850,heuristic
small_object_proposal,-1,1.0,922.0,14.0,971.0,51.0,artificial_jewellery,video_20260404_115542,frame_008850.jpg,008850,heuristic
small_object_proposal,-1,1.0,785.0,818.0,830.0,858.0,artificial_jewellery,video_20260404_115542,frame_008850.jpg,008850,heuristic
small_object_proposal,-1,1.0,1190.0,145.0,1236.0,182.0,artificial_jewellery,video_20260404_115542,frame_008850.jpg,008850,heuristic
small_object_proposal,-1,1.0,1127.0,865.0,1152.0,927.0,artificial_jewellery,video_20260404_115542,frame_008850.jpg,008850,heuristic
small_object_proposal,-1,1.0,1275.0,923.0,1325.0,949.0,artificial_jewellery,video_20260404_115542,frame_008850.jpg,008850,heuristic
small_object_proposal,-1,1.0,8.0,612.0,42.0,649.0,artificial_jewellery,video_20260404_115542,frame_008850.jpg,008850,heuristic
small_object_proposal,-1,1.0,1165.0,909.0,1188.0,963.0,artificial_jewellery,video_20260404_115542,frame_008850.jpg,008850,heuristic
small_object_proposal,-1,1.0,81.0,836.0,113.0,874.0,artificial_jewellery,video_20260404_115542,frame_008850.jpg,008850,heuristic
small_object_proposal,-1,1.0,1233.0,996.0,1258.0,1039.0,artificial_jewellery,video_20260404_115542,frame_008850.jpg,008850,heuristic
small_object_proposal,-1,1.0,1309.0,868.0,1330.0,918.0,artificial_jewellery,video_20260404_115542,frame_008850.jpg,008850,heuristic
small_object_proposal,-1,1.0,88.0,775.0,108.0,823.0,artificial_jewellery,video_20260404_115542,frame_008850.jpg,008850,heuristic
small_object_proposal,-1,1.0,1018.0,889.0,1049.0,919.0,artificial_jewellery,video_20260404_115542,frame_008850.jpg,008850,heuristic
small_object_proposal,-1,1.0,1154.0,955.0,1184.0,983.0,artificial_jewellery,video_20260404_115542,frame_008850.jpg,008850,heuristic
small_object_proposal,-1,1.0,85.0,669.0,120.0,692.0,artificial_jewellery,video_20260404_115542,frame_008850.jpg,008850,heuristic
small_object_proposal,-1,1.0,783.0,861.0,823.0,881.0,artificial_jewellery,video_20260404_115542,frame_008850.jpg,008850,heuristic
person,0,0.578167200088501,165.66412353515625,52.678802490234375,1915.7200927734375,1062.68017578125,artificial_jewellery,video_20260404_115542,frame_008880.jpg,008880,yolo
teddy bear,77,0.2795836329460144,0.0,4.197967529296875,516.8721313476562,457.27294921875,artificial_jewellery,video_20260404_115542,frame_008880.jpg,008880,yolo
small_object_proposal,-1,1.0,1212.0,912.0,1266.0,1004.0,artificial_jewellery,video_20260404_115542,frame_008880.jpg,008880,heuristic
small_object_proposal,-1,1.0,1544.0,298.0,1631.0,355.0,artificial_jewellery,video_20260404_115542,frame_008880.jpg,008880,heuristic
small_object_proposal,-1,1.0,505.0,320.0,540.0,460.0,artificial_jewellery,video_20260404_115542,frame_008880.jpg,008880,heuristic
small_object_proposal,-1,1.0,1184.0,573.0,1260.0,637.0,artificial_jewellery,video_20260404_115542,frame_008880.jpg,008880,heuristic
small_object_proposal,-1,1.0,1289.0,955.0,1327.0,1066.0,artificial_jewellery,video_20260404_115542,frame_008880.jpg,008880,heuristic
small_object_proposal,-1,1.0,867.0,973.0,917.0,1056.0,artificial_jewellery,video_20260404_115542,frame_008880.jpg,008880,heuristic
small_object_proposal,-1,1.0,1128.0,924.0,1190.0,981.0,artificial_jewellery,video_20260404_115542,frame_008880.jpg,008880,heuristic
small_object_proposal,-1,1.0,1183.0,804.0,1214.0,911.0,artificial_jewellery,video_20260404_115542,frame_008880.jpg,008880,heuristic
small_object_proposal,-1,1.0,248.0,245.0,290.0,320.0,artificial_jewellery,video_20260404_115542,frame_008880.jpg,008880,heuristic
small_object_proposal,-1,1.0,943.0,722.0,1004.0,770.0,artificial_jewellery,video_20260404_115542,frame_008880.jpg,008880,heuristic
small_object_proposal,-1,1.0,526.0,82.0,577.0,139.0,artificial_jewellery,video_20260404_115542,frame_008880.jpg,008880,heuristic
small_object_proposal,-1,1.0,1799.0,766.0,1904.0,788.0,artificial_jewellery,video_20260404_115542,frame_008880.jpg,008880,heuristic
small_object_proposal,-1,1.0,1118.0,977.0,1163.0,1024.0,artificial_jewellery,video_20260404_115542,frame_008880.jpg,008880,heuristic
small_object_proposal,-1,1.0,1359.0,447.0,1393.0,505.0,artificial_jewellery,video_20260404_115542,frame_008880.jpg,008880,heuristic
small_object_proposal,-1,1.0,655.0,789.0,693.0,840.0,artificial_jewellery,video_20260404_115542,frame_008880.jpg,008880,heuristic
small_object_proposal,-1,1.0,31.0,569.0,72.0,615.0,artificial_jewellery,video_20260404_115542,frame_008880.jpg,008880,heuristic
small_object_proposal,-1,1.0,1197.0,653.0,1226.0,718.0,artificial_jewellery,video_20260404_115542,frame_008880.jpg,008880,heuristic
small_object_proposal,-1,1.0,1485.0,285.0,1537.0,320.0,artificial_jewellery,video_20260404_115542,frame_008880.jpg,008880,heuristic
small_object_proposal,-1,1.0,1263.0,266.0,1296.0,321.0,artificial_jewellery,video_20260404_115542,frame_008880.jpg,008880,heuristic
small_object_proposal,-1,1.0,1024.0,1030.0,1083.0,1060.0,artificial_jewellery,video_20260404_115542,frame_008880.jpg,008880,heuristic
small_object_proposal,-1,1.0,1555.0,649.0,1606.0,683.0,artificial_jewellery,video_20260404_115542,frame_008880.jpg,008880,heuristic
small_object_proposal,-1,1.0,254.0,41.0,303.0,76.0,artificial_jewellery,video_20260404_115542,frame_008880.jpg,008880,heuristic
small_object_proposal,-1,1.0,1370.0,18.0,1411.0,56.0,artificial_jewellery,video_20260404_115542,frame_008880.jpg,008880,heuristic
small_object_proposal,-1,1.0,1136.0,805.0,1181.0,839.0,artificial_jewellery,video_20260404_115542,frame_008880.jpg,008880,heuristic
small_object_proposal,-1,1.0,1227.0,271.0,1266.0,306.0,artificial_jewellery,video_20260404_115542,frame_008880.jpg,008880,heuristic
small_object_proposal,-1,1.0,1366.0,534.0,1425.0,557.0,artificial_jewellery,video_20260404_115542,frame_008880.jpg,008880,heuristic
small_object_proposal,-1,1.0,530.0,57.0,586.0,81.0,artificial_jewellery,video_20260404_115542,frame_008880.jpg,008880,heuristic
small_object_proposal,-1,1.0,1553.0,339.0,1593.0,372.0,artificial_jewellery,video_20260404_115542,frame_008880.jpg,008880,heuristic
small_object_proposal,-1,1.0,1393.0,462.0,1439.0,490.0,artificial_jewellery,video_20260404_115542,frame_008880.jpg,008880,heuristic
small_object_proposal,-1,1.0,81.0,865.0,114.0,903.0,artificial_jewellery,video_20260404_115542,frame_008880.jpg,008880,heuristic
person,0,0.5714784860610962,20.4407958984375,5.8092041015625,1896.7423095703125,1056.5428466796875,artificial_jewellery,video_20260404_115542,frame_009060.jpg,009060,yolo
tie,27,0.2712939381599426,268.45599365234375,372.0918273925781,1788.509033203125,1067.23779296875,artificial_jewellery,video_20260404_115542,frame_009060.jpg,009060,yolo
small_object_proposal,-1,1.0,407.0,355.0,443.0,491.0,artificial_jewellery,video_20260404_115542,frame_009060.jpg,009060,heuristic
small_object_proposal,-1,1.0,691.0,32.0,791.0,80.0,artificial_jewellery,video_20260404_115542,frame_009060.jpg,009060,heuristic
small_object_proposal,-1,1.0,1314.0,863.0,1373.0,943.0,artificial_jewellery,video_20260404_115542,frame_009060.jpg,009060,heuristic
small_object_proposal,-1,1.0,1020.0,36.0,1094.0,98.0,artificial_jewellery,video_20260404_115542,frame_009060.jpg,009060,heuristic
small_object_proposal,-1,1.0,1675.0,104.0,1722.0,196.0,artificial_jewellery,video_20260404_115542,frame_009060.jpg,009060,heuristic
small_object_proposal,-1,1.0,730.0,761.0,803.0,818.0,artificial_jewellery,video_20260404_115542,frame_009060.jpg,009060,heuristic
small_object_proposal,-1,1.0,217.0,327.0,275.0,396.0,artificial_jewellery,video_20260404_115542,frame_009060.jpg,009060,heuristic
small_object_proposal,-1,1.0,401.0,347.0,435.0,458.0,artificial_jewellery,video_20260404_115542,frame_009060.jpg,009060,heuristic
small_object_proposal,-1,1.0,167.0,921.0,226.0,984.0,artificial_jewellery,video_20260404_115542,frame_009060.jpg,009060,heuristic
small_object_proposal,-1,1.0,559.0,764.0,601.0,842.0,artificial_jewellery,video_20260404_115542,frame_009060.jpg,009060,heuristic
small_object_proposal,-1,1.0,1407.0,1007.0,1495.0,1044.0,artificial_jewellery,video_20260404_115542,frame_009060.jpg,009060,heuristic
small_object_proposal,-1,1.0,1376.0,96.0,1459.0,135.0,artificial_jewellery,video_20260404_115542,frame_009060.jpg,009060,heuristic
small_object_proposal,-1,1.0,826.0,958.0,865.0,1036.0,artificial_jewellery,video_20260404_115542,frame_009060.jpg,009060,heuristic
small_object_proposal,-1,1.0,52.0,155.0,88.0,235.0,artificial_jewellery,video_20260404_115542,frame_009060.jpg,009060,heuristic
small_object_proposal,-1,1.0,1127.0,998.0,1177.0,1053.0,artificial_jewellery,video_20260404_115542,frame_009060.jpg,009060,heuristic
small_object_proposal,-1,1.0,353.0,921.0,400.0,976.0,artificial_jewellery,video_20260404_115542,frame_009060.jpg,009060,heuristic
small_object_proposal,-1,1.0,201.0,421.0,236.0,493.0,artificial_jewellery,video_20260404_115542,frame_009060.jpg,009060,heuristic
small_object_proposal,-1,1.0,913.0,11.0,981.0,48.0,artificial_jewellery,video_20260404_115542,frame_009060.jpg,009060,heuristic
small_object_proposal,-1,1.0,227.0,402.0,260.0,464.0,artificial_jewellery,video_20260404_115542,frame_009060.jpg,009060,heuristic
small_object_proposal,-1,1.0,134.0,311.0,165.0,377.0,artificial_jewellery,video_20260404_115542,frame_009060.jpg,009060,heuristic
small_object_proposal,-1,1.0,656.0,955.0,692.0,1011.0,artificial_jewellery,video_20260404_115542,frame_009060.jpg,009060,heuristic
small_object_proposal,-1,1.0,936.0,762.0,991.0,798.0,artificial_jewellery,video_20260404_115542,frame_009060.jpg,009060,heuristic
small_object_proposal,-1,1.0,1845.0,13.0,1875.0,77.0,artificial_jewellery,video_20260404_115542,frame_009060.jpg,009060,heuristic
small_object_proposal,-1,1.0,968.0,1019.0,1024.0,1053.0,artificial_jewellery,video_20260404_115542,frame_009060.jpg,009060,heuristic
small_object_proposal,-1,1.0,95.0,274.0,132.0,324.0,artificial_jewellery,video_20260404_115542,frame_009060.jpg,009060,heuristic
small_object_proposal,-1,1.0,388.0,76.0,451.0,105.0,artificial_jewellery,video_20260404_115542,frame_009060.jpg,009060,heuristic
small_object_proposal,-1,1.0,1123.0,882.0,1146.0,960.0,artificial_jewellery,video_20260404_115542,frame_009060.jpg,009060,heuristic
small_object_proposal,-1,1.0,1579.0,838.0,1626.0,876.0,artificial_jewellery,video_20260404_115542,frame_009060.jpg,009060,heuristic
small_object_proposal,-1,1.0,1173.0,606.0,1202.0,667.0,artificial_jewellery,video_20260404_115542,frame_009060.jpg,009060,heuristic
small_object_proposal,-1,1.0,9.0,757.0,56.0,794.0,artificial_jewellery,video_20260404_115542,frame_009060.jpg,009060,heuristic
person,0,0.46255096793174744,390.818115234375,23.064697265625,1920.0,1065.6763916015625,artificial_jewellery,video_20260404_115542,frame_009120.jpg,009120,yolo
sandwich,48,0.43934792280197144,1049.7066650390625,455.67315673828125,1388.2086181640625,598.7188110351562,artificial_jewellery,video_20260404_115542,frame_009120.jpg,009120,yolo
couch,57,0.2730676233768463,97.6007080078125,14.808563232421875,1915.6322021484375,1065.760009765625,artificial_jewellery,video_20260404_115542,frame_009120.jpg,009120,yolo
small_object_proposal,-1,1.0,1763.0,57.0,1882.0,97.0,artificial_jewellery,video_20260404_115542,frame_009120.jpg,009120,heuristic
small_object_proposal,-1,1.0,1272.0,837.0,1328.0,915.0,artificial_jewellery,video_20260404_115542,frame_009120.jpg,009120,heuristic
small_object_proposal,-1,1.0,84.0,215.0,126.0,311.0,artificial_jewellery,video_20260404_115542,frame_009120.jpg,009120,heuristic
small_object_proposal,-1,1.0,1397.0,254.0,1433.0,360.0,artificial_jewellery,video_20260404_115542,frame_009120.jpg,009120,heuristic
small_object_proposal,-1,1.0,858.0,985.0,901.0,1071.0,artificial_jewellery,video_20260404_115542,frame_009120.jpg,009120,heuristic
small_object_proposal,-1,1.0,49.0,164.0,117.0,218.0,artificial_jewellery,video_20260404_115542,frame_009120.jpg,009120,heuristic
small_object_proposal,-1,1.0,1161.0,999.0,1224.0,1056.0,artificial_jewellery,video_20260404_115542,frame_009120.jpg,009120,heuristic
small_object_proposal,-1,1.0,1270.0,806.0,1320.0,874.0,artificial_jewellery,video_20260404_115542,frame_009120.jpg,009120,heuristic
small_object_proposal,-1,1.0,1113.0,846.0,1159.0,918.0,artificial_jewellery,video_20260404_115542,frame_009120.jpg,009120,heuristic
small_object_proposal,-1,1.0,1329.0,167.0,1396.0,214.0,artificial_jewellery,video_20260404_115542,frame_009120.jpg,009120,heuristic
small_object_proposal,-1,1.0,228.0,326.0,279.0,382.0,artificial_jewellery,video_20260404_115542,frame_009120.jpg,009120,heuristic
small_object_proposal,-1,1.0,1624.0,411.0,1690.0,454.0,artificial_jewellery,video_20260404_115542,frame_009120.jpg,009120,heuristic
small_object_proposal,-1,1.0,1354.0,361.0,1399.0,422.0,artificial_jewellery,video_20260404_115542,frame_009120.jpg,009120,heuristic
small_object_proposal,-1,1.0,1666.0,456.0,1724.0,501.0,artificial_jewellery,video_20260404_115542,frame_009120.jpg,009120,heuristic
small_object_proposal,-1,1.0,50.0,61.0,130.0,91.0,artificial_jewellery,video_20260404_115542,frame_009120.jpg,009120,heuristic
small_object_proposal,-1,1.0,621.0,1031.0,717.0,1053.0,artificial_jewellery,video_20260404_115542,frame_009120.jpg,009120,heuristic
small_object_proposal,-1,1.0,999.0,1020.0,1057.0,1056.0,artificial_jewellery,video_20260404_115542,frame_009120.jpg,009120,heuristic
small_object_proposal,-1,1.0,274.0,322.0,305.0,389.0,artificial_jewellery,video_20260404_115542,frame_009120.jpg,009120,heuristic
small_object_proposal,-1,1.0,1087.0,959.0,1133.0,1004.0,artificial_jewellery,video_20260404_115542,frame_009120.jpg,009120,heuristic
small_object_proposal,-1,1.0,1157.0,897.0,1183.0,969.0,artificial_jewellery,video_20260404_115542,frame_009120.jpg,009120,heuristic
small_object_proposal,-1,1.0,1496.0,937.0,1545.0,972.0,artificial_jewellery,video_20260404_115542,frame_009120.jpg,009120,heuristic
small_object_proposal,-1,1.0,1224.0,897.0,1253.0,954.0,artificial_jewellery,video_20260404_115542,frame_009120.jpg,009120,heuristic
small_object_proposal,-1,1.0,768.0,918.0,811.0,956.0,artificial_jewellery,video_20260404_115542,frame_009120.jpg,009120,heuristic
small_object_proposal,-1,1.0,579.0,948.0,611.0,999.0,artificial_jewellery,video_20260404_115542,frame_009120.jpg,009120,heuristic
small_object_proposal,-1,1.0,1613.0,618.0,1664.0,650.0,artificial_jewellery,video_20260404_115542,frame_009120.jpg,009120,heuristic
small_object_proposal,-1,1.0,1674.0,651.0,1742.0,674.0,artificial_jewellery,video_20260404_115542,frame_009120.jpg,009120,heuristic
small_object_proposal,-1,1.0,1728.0,497.0,1776.0,529.0,artificial_jewellery,video_20260404_115542,frame_009120.jpg,009120,heuristic
small_object_proposal,-1,1.0,1685.0,73.0,1752.0,95.0,artificial_jewellery,video_20260404_115542,frame_009120.jpg,009120,heuristic
small_object_proposal,-1,1.0,1167.0,262.0,1199.0,305.0,artificial_jewellery,video_20260404_115542,frame_009120.jpg,009120,heuristic
small_object_proposal,-1,1.0,1583.0,543.0,1624.0,576.0,artificial_jewellery,video_20260404_115542,frame_009120.jpg,009120,heuristic
person,0,0.42728444933891296,434.9490966796875,30.96185302734375,1910.4755859375,1063.756103515625,artificial_jewellery,video_20260404_115542,frame_009150.jpg,009150,yolo
pizza,53,0.36948010325431824,1064.7261962890625,438.1542053222656,1421.1939697265625,565.5808715820312,artificial_jewellery,video_20260404_115542,frame_009150.jpg,009150,yolo
couch,57,0.332508385181427,4.1707763671875,0.0,1918.1773681640625,1062.8189697265625,artificial_jewellery,video_20260404_115542,frame_009150.jpg,009150,yolo
small_object_proposal,-1,1.0,1477.0,444.0,1547.0,515.0,artificial_jewellery,video_20260404_115542,frame_009150.jpg,009150,heuristic
small_object_proposal,-1,1.0,872.0,981.0,915.0,1068.0,artificial_jewellery,video_20260404_115542,frame_009150.jpg,009150,heuristic
small_object_proposal,-1,1.0,1173.0,995.0,1238.0,1051.0,artificial_jewellery,video_20260404_115542,frame_009150.jpg,009150,heuristic
small_object_proposal,-1,1.0,1544.0,523.0,1591.0,600.0,artificial_jewellery,video_20260404_115542,frame_009150.jpg,009150,heuristic
small_object_proposal,-1,1.0,1792.0,65.0,1900.0,97.0,artificial_jewellery,video_20260404_115542,frame_009150.jpg,009150,heuristic
small_object_proposal,-1,1.0,441.0,366.0,470.0,480.0,artificial_jewellery,video_20260404_115542,frame_009150.jpg,009150,heuristic
small_object_proposal,-1,1.0,1733.0,741.0,1862.0,763.0,artificial_jewellery,video_20260404_115542,frame_009150.jpg,009150,heuristic
small_object_proposal,-1,1.0,1353.0,165.0,1409.0,215.0,artificial_jewellery,video_20260404_115542,frame_009150.jpg,009150,heuristic
small_object_proposal,-1,1.0,600.0,875.0,642.0,930.0,artificial_jewellery,video_20260404_115542,frame_009150.jpg,009150,heuristic
small_object_proposal,-1,1.0,1011.0,1015.0,1071.0,1048.0,artificial_jewellery,video_20260404_115542,frame_009150.jpg,009150,heuristic
small_object_proposal,-1,1.0,1099.0,956.0,1146.0,998.0,artificial_jewellery,video_20260404_115542,frame_009150.jpg,009150,heuristic
small_object_proposal,-1,1.0,1105.0,747.0,1168.0,776.0,artificial_jewellery,video_20260404_115542,frame_009150.jpg,009150,heuristic
small_object_proposal,-1,1.0,637.0,1003.0,699.0,1032.0,artificial_jewellery,video_20260404_115542,frame_009150.jpg,009150,heuristic
small_object_proposal,-1,1.0,1243.0,899.0,1270.0,965.0,artificial_jewellery,video_20260404_115542,frame_009150.jpg,009150,heuristic
small_object_proposal,-1,1.0,1513.0,944.0,1562.0,980.0,artificial_jewellery,video_20260404_115542,frame_009150.jpg,009150,heuristic
small_object_proposal,-1,1.0,1187.0,260.0,1221.0,307.0,artificial_jewellery,video_20260404_115542,frame_009150.jpg,009150,heuristic
small_object_proposal,-1,1.0,157.0,77.0,194.0,116.0,artificial_jewellery,video_20260404_115542,frame_009150.jpg,009150,heuristic
small_object_proposal,-1,1.0,984.0,783.0,1035.0,811.0,artificial_jewellery,video_20260404_115542,frame_009150.jpg,009150,heuristic
small_object_proposal,-1,1.0,1139.0,923.0,1183.0,955.0,artificial_jewellery,video_20260404_115542,frame_009150.jpg,009150,heuristic
small_object_proposal,-1,1.0,1739.0,453.0,1770.0,498.0,artificial_jewellery,video_20260404_115542,frame_009150.jpg,009150,heuristic
small_object_proposal,-1,1.0,1372.0,401.0,1400.0,445.0,artificial_jewellery,video_20260404_115542,frame_009150.jpg,009150,heuristic
small_object_proposal,-1,1.0,1275.0,154.0,1310.0,188.0,artificial_jewellery,video_20260404_115542,frame_009150.jpg,009150,heuristic
small_object_proposal,-1,1.0,1728.0,74.0,1782.0,95.0,artificial_jewellery,video_20260404_115542,frame_009150.jpg,009150,heuristic
small_object_proposal,-1,1.0,92.0,958.0,121.0,996.0,artificial_jewellery,video_20260404_115542,frame_009150.jpg,009150,heuristic
small_object_proposal,-1,1.0,1429.0,234.0,1459.0,269.0,artificial_jewellery,video_20260404_115542,frame_009150.jpg,009150,heuristic
small_object_proposal,-1,1.0,1689.0,709.0,1712.0,754.0,artificial_jewellery,video_20260404_115542,frame_009150.jpg,009150,heuristic
small_object_proposal,-1,1.0,87.0,901.0,108.0,948.0,artificial_jewellery,video_20260404_115542,frame_009150.jpg,009150,heuristic
small_object_proposal,-1,1.0,1183.0,907.0,1199.0,967.0,artificial_jewellery,video_20260404_115542,frame_009150.jpg,009150,heuristic
small_object_proposal,-1,1.0,1375.0,1024.0,1409.0,1051.0,artificial_jewellery,video_20260404_115542,frame_009150.jpg,009150,heuristic
small_object_proposal,-1,1.0,670.0,984.0,714.0,1004.0,artificial_jewellery,video_20260404_115542,frame_009150.jpg,009150,heuristic
person,0,0.4397949278354645,66.17340087890625,110.80563354492188,1906.6728515625,1068.991943359375,artificial_jewellery,video_20260404_115542,frame_009180.jpg,009180,yolo
small_object_proposal,-1,1.0,266.0,250.0,320.0,341.0,artificial_jewellery,video_20260404_115542,frame_009180.jpg,009180,heuristic
small_object_proposal,-1,1.0,221.0,332.0,275.0,419.0,artificial_jewellery,video_20260404_115542,frame_009180.jpg,009180,heuristic
small_object_proposal,-1,1.0,742.0,690.0,783.0,802.0,artificial_jewellery,video_20260404_115542,frame_009180.jpg,009180,heuristic
small_object_proposal,-1,1.0,1456.0,159.0,1554.0,199.0,artificial_jewellery,video_20260404_115542,frame_009180.jpg,009180,heuristic
small_object_proposal,-1,1.0,201.0,214.0,241.0,308.0,artificial_jewellery,video_20260404_115542,frame_009180.jpg,009180,heuristic
small_object_proposal,-1,1.0,43.0,660.0,93.0,731.0,artificial_jewellery,video_20260404_115542,frame_009180.jpg,009180,heuristic
small_object_proposal,-1,1.0,1252.0,692.0,1292.0,770.0,artificial_jewellery,video_20260404_115542,frame_009180.jpg,009180,heuristic
small_object_proposal,-1,1.0,1361.0,448.0,1406.0,512.0,artificial_jewellery,video_20260404_115542,frame_009180.jpg,009180,heuristic
small_object_proposal,-1,1.0,1124.0,978.0,1188.0,1022.0,artificial_jewellery,video_20260404_115542,frame_009180.jpg,009180,heuristic
small_object_proposal,-1,1.0,1181.0,943.0,1237.0,993.0,artificial_jewellery,video_20260404_115542,frame_009180.jpg,009180,heuristic
small_object_proposal,-1,1.0,1061.0,304.0,1126.0,346.0,artificial_jewellery,video_20260404_115542,frame_009180.jpg,009180,heuristic
small_object_proposal,-1,1.0,1265.0,941.0,1306.0,1007.0,artificial_jewellery,video_20260404_115542,frame_009180.jpg,009180,heuristic
small_object_proposal,-1,1.0,1812.0,184.0,1853.0,247.0,artificial_jewellery,video_20260404_115542,frame_009180.jpg,009180,heuristic
small_object_proposal,-1,1.0,306.0,416.0,381.0,450.0,artificial_jewellery,video_20260404_115542,frame_009180.jpg,009180,heuristic
small_object_proposal,-1,1.0,1219.0,667.0,1249.0,749.0,artificial_jewellery,video_20260404_115542,frame_009180.jpg,009180,heuristic
small_object_proposal,-1,1.0,1162.0,342.0,1185.0,443.0,artificial_jewellery,video_20260404_115542,frame_009180.jpg,009180,heuristic
small_object_proposal,-1,1.0,518.0,399.0,547.0,479.0,artificial_jewellery,video_20260404_115542,frame_009180.jpg,009180,heuristic
small_object_proposal,-1,1.0,1203.0,297.0,1243.0,353.0,artificial_jewellery,video_20260404_115542,frame_009180.jpg,009180,heuristic
small_object_proposal,-1,1.0,1246.0,799.0,1263.0,925.0,artificial_jewellery,video_20260404_115542,frame_009180.jpg,009180,heuristic
small_object_proposal,-1,1.0,1023.0,818.0,1071.0,856.0,artificial_jewellery,video_20260404_115542,frame_009180.jpg,009180,heuristic
small_object_proposal,-1,1.0,1058.0,1035.0,1114.0,1065.0,artificial_jewellery,video_20260404_115542,frame_009180.jpg,009180,heuristic
small_object_proposal,-1,1.0,203.0,180.0,246.0,219.0,artificial_jewellery,video_20260404_115542,frame_009180.jpg,009180,heuristic
small_object_proposal,-1,1.0,87.0,681.0,119.0,730.0,artificial_jewellery,video_20260404_115542,frame_009180.jpg,009180,heuristic
small_object_proposal,-1,1.0,1240.0,395.0,1273.0,442.0,artificial_jewellery,video_20260404_115542,frame_009180.jpg,009180,heuristic
small_object_proposal,-1,1.0,515.0,139.0,572.0,166.0,artificial_jewellery,video_20260404_115542,frame_009180.jpg,009180,heuristic
small_object_proposal,-1,1.0,28.0,752.0,67.0,790.0,artificial_jewellery,video_20260404_115542,frame_009180.jpg,009180,heuristic
small_object_proposal,-1,1.0,1040.0,822.0,1082.0,857.0,artificial_jewellery,video_20260404_115542,frame_009180.jpg,009180,heuristic
small_object_proposal,-1,1.0,276.0,369.0,304.0,421.0,artificial_jewellery,video_20260404_115542,frame_009180.jpg,009180,heuristic
small_object_proposal,-1,1.0,1490.0,472.0,1550.0,496.0,artificial_jewellery,video_20260404_115542,frame_009180.jpg,009180,heuristic
small_object_proposal,-1,1.0,135.0,797.0,179.0,829.0,artificial_jewellery,video_20260404_115542,frame_009180.jpg,009180,heuristic
person,0,0.6860989332199097,454.14947509765625,42.09649658203125,1887.06298828125,1057.9654541015625,artificial_jewellery,video_20260404_115542,frame_009210.jpg,009210,yolo
person,0,0.26048266887664795,14.053253173828125,26.431549072265625,1341.771728515625,1063.3701171875,artificial_jewellery,video_20260404_115542,frame_009210.jpg,009210,yolo
small_object_proposal,-1,1.0,1432.0,192.0,1548.0,233.0,artificial_jewellery,video_20260404_115542,frame_009210.jpg,009210,heuristic
small_object_proposal,-1,1.0,1407.0,457.0,1494.0,507.0,artificial_jewellery,video_20260404_115542,frame_009210.jpg,009210,heuristic
small_object_proposal,-1,1.0,1537.0,262.0,1567.0,404.0,artificial_jewellery,video_20260404_115542,frame_009210.jpg,009210,heuristic
small_object_proposal,-1,1.0,908.0,237.0,976.0,297.0,artificial_jewellery,video_20260404_115542,frame_009210.jpg,009210,heuristic
small_object_proposal,-1,1.0,407.0,921.0,444.0,1016.0,artificial_jewellery,video_20260404_115542,frame_009210.jpg,009210,heuristic
small_object_proposal,-1,1.0,142.0,244.0,179.0,337.0,artificial_jewellery,video_20260404_115542,frame_009210.jpg,009210,heuristic
small_object_proposal,-1,1.0,758.0,237.0,819.0,289.0,artificial_jewellery,video_20260404_115542,frame_009210.jpg,009210,heuristic
small_object_proposal,-1,1.0,669.0,912.0,749.0,949.0,artificial_jewellery,video_20260404_115542,frame_009210.jpg,009210,heuristic
small_object_proposal,-1,1.0,1331.0,692.0,1353.0,815.0,artificial_jewellery,video_20260404_115542,frame_009210.jpg,009210,heuristic
small_object_proposal,-1,1.0,516.0,190.0,567.0,243.0,artificial_jewellery,video_20260404_115542,frame_009210.jpg,009210,heuristic
small_object_proposal,-1,1.0,28.0,756.0,93.0,797.0,artificial_jewellery,video_20260404_115542,frame_009210.jpg,009210,heuristic
small_object_proposal,-1,1.0,1530.0,645.0,1598.0,681.0,artificial_jewellery,video_20260404_115542,frame_009210.jpg,009210,heuristic
small_object_proposal,-1,1.0,1672.0,516.0,1789.0,536.0,artificial_jewellery,video_20260404_115542,frame_009210.jpg,009210,heuristic
small_object_proposal,-1,1.0,613.0,863.0,652.0,918.0,artificial_jewellery,video_20260404_115542,frame_009210.jpg,009210,heuristic
small_object_proposal,-1,1.0,696.0,791.0,759.0,825.0,artificial_jewellery,video_20260404_115542,frame_009210.jpg,009210,heuristic
small_object_proposal,-1,1.0,748.0,955.0,778.0,1022.0,artificial_jewellery,video_20260404_115542,frame_009210.jpg,009210,heuristic
small_object_proposal,-1,1.0,380.0,301.0,411.0,361.0,artificial_jewellery,video_20260404_115542,frame_009210.jpg,009210,heuristic
small_object_proposal,-1,1.0,517.0,164.0,573.0,190.0,artificial_jewellery,video_20260404_115542,frame_009210.jpg,009210,heuristic
small_object_proposal,-1,1.0,1196.0,487.0,1231.0,526.0,artificial_jewellery,video_20260404_115542,frame_009210.jpg,009210,heuristic
small_object_proposal,-1,1.0,1358.0,595.0,1395.0,630.0,artificial_jewellery,video_20260404_115542,frame_009210.jpg,009210,heuristic
small_object_proposal,-1,1.0,48.0,323.0,82.0,359.0,artificial_jewellery,video_20260404_115542,frame_009210.jpg,009210,heuristic
small_object_proposal,-1,1.0,97.0,178.0,134.0,211.0,artificial_jewellery,video_20260404_115542,frame_009210.jpg,009210,heuristic
small_object_proposal,-1,1.0,1381.0,267.0,1445.0,286.0,artificial_jewellery,video_20260404_115542,frame_009210.jpg,009210,heuristic
small_object_proposal,-1,1.0,226.0,258.0,244.0,325.0,artificial_jewellery,video_20260404_115542,frame_009210.jpg,009210,heuristic
small_object_proposal,-1,1.0,1217.0,690.0,1238.0,747.0,artificial_jewellery,video_20260404_115542,frame_009210.jpg,009210,heuristic
small_object_proposal,-1,1.0,1764.0,182.0,1817.0,204.0,artificial_jewellery,video_20260404_115542,frame_009210.jpg,009210,heuristic
small_object_proposal,-1,1.0,25.0,189.0,39.0,272.0,artificial_jewellery,video_20260404_115542,frame_009210.jpg,009210,heuristic
small_object_proposal,-1,1.0,1490.0,504.0,1542.0,526.0,artificial_jewellery,video_20260404_115542,frame_009210.jpg,009210,heuristic
small_object_proposal,-1,1.0,1124.0,1007.0,1162.0,1037.0,artificial_jewellery,video_20260404_115542,frame_009210.jpg,009210,heuristic
small_object_proposal,-1,1.0,1192.0,440.0,1230.0,470.0,artificial_jewellery,video_20260404_115542,frame_009210.jpg,009210,heuristic
person,0,0.5860639214515686,238.8313751220703,238.95968627929688,1693.912353515625,1068.8172607421875,artificial_jewellery,video_20260404_115542,frame_009240.jpg,009240,yolo
small_object_proposal,-1,1.0,661.0,815.0,714.0,907.0,artificial_jewellery,video_20260404_115542,frame_009240.jpg,009240,heuristic
small_object_proposal,-1,1.0,1513.0,512.0,1555.0,627.0,artificial_jewellery,video_20260404_115542,frame_009240.jpg,009240,heuristic
small_object_proposal,-1,1.0,1436.0,194.0,1546.0,235.0,artificial_jewellery,video_20260404_115542,frame_009240.jpg,009240,heuristic
small_object_proposal,-1,1.0,1400.0,941.0,1521.0,976.0,artificial_jewellery,video_20260404_115542,frame_009240.jpg,009240,heuristic
small_object_proposal,-1,1.0,1287.0,28.0,1339.0,106.0,artificial_jewellery,video_20260404_115542,frame_009240.jpg,009240,heuristic
small_object_proposal,-1,1.0,13.0,792.0,80.0,838.0,artificial_jewellery,video_20260404_115542,frame_009240.jpg,009240,heuristic
small_object_proposal,-1,1.0,1286.0,87.0,1346.0,132.0,artificial_jewellery,video_20260404_115542,frame_009240.jpg,009240,heuristic
small_object_proposal,-1,1.0,317.0,394.0,365.0,446.0,artificial_jewellery,video_20260404_115542,frame_009240.jpg,009240,heuristic
small_object_proposal,-1,1.0,1082.0,742.0,1146.0,776.0,artificial_jewellery,video_20260404_115542,frame_009240.jpg,009240,heuristic
small_object_proposal,-1,1.0,654.0,1005.0,741.0,1027.0,artificial_jewellery,video_20260404_115542,frame_009240.jpg,009240,heuristic
small_object_proposal,-1,1.0,967.0,144.0,1007.0,186.0,artificial_jewellery,video_20260404_115542,frame_009240.jpg,009240,heuristic
small_object_proposal,-1,1.0,1144.0,870.0,1188.0,907.0,artificial_jewellery,video_20260404_115542,frame_009240.jpg,009240,heuristic
small_object_proposal,-1,1.0,1773.0,176.0,1829.0,200.0,artificial_jewellery,video_20260404_115542,frame_009240.jpg,009240,heuristic
small_object_proposal,-1,1.0,176.0,246.0,229.0,271.0,artificial_jewellery,video_20260404_115542,frame_009240.jpg,009240,heuristic
small_object_proposal,-1,1.0,135.0,947.0,163.0,992.0,artificial_jewellery,video_20260404_115542,frame_009240.jpg,009240,heuristic
small_object_proposal,-1,1.0,1418.0,271.0,1447.0,313.0,artificial_jewellery,video_20260404_115542,frame_009240.jpg,009240,heuristic
small_object_proposal,-1,1.0,1407.0,1047.0,1448.0,1076.0,artificial_jewellery,video_20260404_115542,frame_009240.jpg,009240,heuristic
small_object_proposal,-1,1.0,612.0,975.0,651.0,1004.0,artificial_jewellery,video_20260404_115542,frame_009240.jpg,009240,heuristic
small_object_proposal,-1,1.0,1798.0,534.0,1866.0,550.0,artificial_jewellery,video_20260404_115542,frame_009240.jpg,009240,heuristic
small_object_proposal,-1,1.0,136.0,1002.0,164.0,1039.0,artificial_jewellery,video_20260404_115542,frame_009240.jpg,009240,heuristic
small_object_proposal,-1,1.0,1706.0,528.0,1797.0,539.0,artificial_jewellery,video_20260404_115542,frame_009240.jpg,009240,heuristic
small_object_proposal,-1,1.0,1755.0,895.0,1776.0,941.0,artificial_jewellery,video_20260404_115542,frame_009240.jpg,009240,heuristic
small_object_proposal,-1,1.0,1321.0,307.0,1344.0,346.0,artificial_jewellery,video_20260404_115542,frame_009240.jpg,009240,heuristic
small_object_proposal,-1,1.0,61.0,204.0,100.0,227.0,artificial_jewellery,video_20260404_115542,frame_009240.jpg,009240,heuristic
small_object_proposal,-1,1.0,1271.0,47.0,1291.0,86.0,artificial_jewellery,video_20260404_115542,frame_009240.jpg,009240,heuristic
small_object_proposal,-1,1.0,1657.0,1051.0,1708.0,1066.0,artificial_jewellery,video_20260404_115542,frame_009240.jpg,009240,heuristic
small_object_proposal,-1,1.0,1190.0,1008.0,1204.0,1059.0,artificial_jewellery,video_20260404_115542,frame_009240.jpg,009240,heuristic
small_object_proposal,-1,1.0,833.0,190.0,895.0,201.0,artificial_jewellery,video_20260404_115542,frame_009240.jpg,009240,heuristic
small_object_proposal,-1,1.0,523.0,455.0,530.0,552.0,artificial_jewellery,video_20260404_115542,frame_009240.jpg,009240,heuristic
small_object_proposal,-1,1.0,15.0,229.0,40.0,256.0,artificial_jewellery,video_20260404_115542,frame_009240.jpg,009240,heuristic
person,0,0.6446834206581116,511.638427734375,180.45254516601562,1749.415283203125,1065.4339599609375,artificial_jewellery,video_20260404_115542,frame_009270.jpg,009270,yolo
small_object_proposal,-1,1.0,515.0,434.0,553.0,561.0,artificial_jewellery,video_20260404_115542,frame_009270.jpg,009270,heuristic
small_object_proposal,-1,1.0,611.0,931.0,674.0,1006.0,artificial_jewellery,video_20260404_115542,frame_009270.jpg,009270,heuristic
small_object_proposal,-1,1.0,1464.0,181.0,1576.0,222.0,artificial_jewellery,video_20260404_115542,frame_009270.jpg,009270,heuristic
small_object_proposal,-1,1.0,1691.0,950.0,1761.0,1006.0,artificial_jewellery,video_20260404_115542,frame_009270.jpg,009270,heuristic
small_object_proposal,-1,1.0,970.0,472.0,1025.0,538.0,artificial_jewellery,video_20260404_115542,frame_009270.jpg,009270,heuristic
small_object_proposal,-1,1.0,1819.0,452.0,1885.0,505.0,artificial_jewellery,video_20260404_115542,frame_009270.jpg,009270,heuristic
small_object_proposal,-1,1.0,58.0,692.0,100.0,770.0,artificial_jewellery,video_20260404_115542,frame_009270.jpg,009270,heuristic
small_object_proposal,-1,1.0,1273.0,278.0,1393.0,305.0,artificial_jewellery,video_20260404_115542,frame_009270.jpg,009270,heuristic
small_object_proposal,-1,1.0,513.0,204.0,565.0,257.0,artificial_jewellery,video_20260404_115542,frame_009270.jpg,009270,heuristic
small_object_proposal,-1,1.0,44.0,781.0,110.0,821.0,artificial_jewellery,video_20260404_115542,frame_009270.jpg,009270,heuristic
small_object_proposal,-1,1.0,1018.0,379.0,1083.0,412.0,artificial_jewellery,video_20260404_115542,frame_009270.jpg,009270,heuristic
small_object_proposal,-1,1.0,1370.0,214.0,1456.0,237.0,artificial_jewellery,video_20260404_115542,frame_009270.jpg,009270,heuristic
small_object_proposal,-1,1.0,988.0,130.0,1029.0,174.0,artificial_jewellery,video_20260404_115542,frame_009270.jpg,009270,heuristic
small_object_proposal,-1,1.0,98.0,712.0,135.0,760.0,artificial_jewellery,video_20260404_115542,frame_009270.jpg,009270,heuristic
small_object_proposal,-1,1.0,1124.0,1023.0,1167.0,1063.0,artificial_jewellery,video_20260404_115542,frame_009270.jpg,009270,heuristic
small_object_proposal,-1,1.0,899.0,102.0,934.0,151.0,artificial_jewellery,video_20260404_115542,frame_009270.jpg,009270,heuristic
small_object_proposal,-1,1.0,292.0,473.0,345.0,505.0,artificial_jewellery,video_20260404_115542,frame_009270.jpg,009270,heuristic
small_object_proposal,-1,1.0,21.0,238.0,38.0,335.0,artificial_jewellery,video_20260404_115542,frame_009270.jpg,009270,heuristic
small_object_proposal,-1,1.0,1168.0,861.0,1211.0,899.0,artificial_jewellery,video_20260404_115542,frame_009270.jpg,009270,heuristic
small_object_proposal,-1,1.0,514.0,177.0,572.0,205.0,artificial_jewellery,video_20260404_115542,frame_009270.jpg,009270,heuristic
small_object_proposal,-1,1.0,1807.0,161.0,1864.0,186.0,artificial_jewellery,video_20260404_115542,frame_009270.jpg,009270,heuristic
small_object_proposal,-1,1.0,1353.0,575.0,1384.0,615.0,artificial_jewellery,video_20260404_115542,frame_009270.jpg,009270,heuristic
small_object_proposal,-1,1.0,1373.0,600.0,1394.0,659.0,artificial_jewellery,video_20260404_115542,frame_009270.jpg,009270,heuristic
small_object_proposal,-1,1.0,690.0,1013.0,765.0,1028.0,artificial_jewellery,video_20260404_115542,frame_009270.jpg,009270,heuristic
small_object_proposal,-1,1.0,1607.0,676.0,1647.0,704.0,artificial_jewellery,video_20260404_115542,frame_009270.jpg,009270,heuristic
small_object_proposal,-1,1.0,1470.0,892.0,1548.0,906.0,artificial_jewellery,video_20260404_115542,frame_009270.jpg,009270,heuristic
small_object_proposal,-1,1.0,937.0,430.0,971.0,458.0,artificial_jewellery,video_20260404_115542,frame_009270.jpg,009270,heuristic
small_object_proposal,-1,1.0,1475.0,902.0,1546.0,915.0,artificial_jewellery,video_20260404_115542,frame_009270.jpg,009270,heuristic
small_object_proposal,-1,1.0,1169.0,938.0,1189.0,983.0,artificial_jewellery,video_20260404_115542,frame_009270.jpg,009270,heuristic
small_object_proposal,-1,1.0,95.0,390.0,117.0,430.0,artificial_jewellery,video_20260404_115542,frame_009270.jpg,009270,heuristic
person,0,0.5938029289245605,451.72064208984375,159.69525146484375,1907.3975830078125,1071.3306884765625,artificial_jewellery,video_20260404_115542,frame_009300.jpg,009300,yolo
small_object_proposal,-1,1.0,1568.0,643.0,1672.0,687.0,artificial_jewellery,video_20260404_115542,frame_009300.jpg,009300,heuristic
small_object_proposal,-1,1.0,1651.0,815.0,1784.0,848.0,artificial_jewellery,video_20260404_115542,frame_009300.jpg,009300,heuristic
small_object_proposal,-1,1.0,1583.0,186.0,1642.0,254.0,artificial_jewellery,video_20260404_115542,frame_009300.jpg,009300,heuristic
small_object_proposal,-1,1.0,1803.0,678.0,1846.0,771.0,artificial_jewellery,video_20260404_115542,frame_009300.jpg,009300,heuristic
small_object_proposal,-1,1.0,1678.0,781.0,1773.0,823.0,artificial_jewellery,video_20260404_115542,frame_009300.jpg,009300,heuristic
small_object_proposal,-1,1.0,353.0,348.0,410.0,411.0,artificial_jewellery,video_20260404_115542,frame_009300.jpg,009300,heuristic
small_object_proposal,-1,1.0,1776.0,766.0,1838.0,822.0,artificial_jewellery,video_20260404_115542,frame_009300.jpg,009300,heuristic
small_object_proposal,-1,1.0,1128.0,993.0,1190.0,1043.0,artificial_jewellery,video_20260404_115542,frame_009300.jpg,009300,heuristic
small_object_proposal,-1,1.0,1189.0,973.0,1246.0,1027.0,artificial_jewellery,video_20260404_115542,frame_009300.jpg,009300,heuristic
small_object_proposal,-1,1.0,1121.0,695.0,1204.0,732.0,artificial_jewellery,video_20260404_115542,frame_009300.jpg,009300,heuristic
small_object_proposal,-1,1.0,1401.0,581.0,1479.0,620.0,artificial_jewellery,video_20260404_115542,frame_009300.jpg,009300,heuristic
small_object_proposal,-1,1.0,530.0,164.0,584.0,218.0,artificial_jewellery,video_20260404_115542,frame_009300.jpg,009300,heuristic
small_object_proposal,-1,1.0,53.0,743.0,120.0,784.0,artificial_jewellery,video_20260404_115542,frame_009300.jpg,009300,heuristic
small_object_proposal,-1,1.0,1315.0,78.0,1387.0,108.0,artificial_jewellery,video_20260404_115542,frame_009300.jpg,009300,heuristic
small_object_proposal,-1,1.0,1178.0,913.0,1210.0,976.0,artificial_jewellery,video_20260404_115542,frame_009300.jpg,009300,heuristic
small_object_proposal,-1,1.0,1806.0,730.0,1845.0,781.0,artificial_jewellery,video_20260404_115542,frame_009300.jpg,009300,heuristic
small_object_proposal,-1,1.0,1826.0,139.0,1899.0,166.0,artificial_jewellery,video_20260404_115542,frame_009300.jpg,009300,heuristic
small_object_proposal,-1,1.0,397.0,284.0,426.0,343.0,artificial_jewellery,video_20260404_115542,frame_009300.jpg,009300,heuristic
small_object_proposal,-1,1.0,1188.0,840.0,1232.0,878.0,artificial_jewellery,video_20260404_115542,frame_009300.jpg,009300,heuristic
small_object_proposal,-1,1.0,130.0,293.0,160.0,348.0,artificial_jewellery,video_20260404_115542,frame_009300.jpg,009300,heuristic
small_object_proposal,-1,1.0,948.0,74.0,999.0,106.0,artificial_jewellery,video_20260404_115542,frame_009300.jpg,009300,heuristic
small_object_proposal,-1,1.0,532.0,136.0,590.0,164.0,artificial_jewellery,video_20260404_115542,frame_009300.jpg,009300,heuristic
small_object_proposal,-1,1.0,715.0,976.0,777.0,1002.0,artificial_jewellery,video_20260404_115542,frame_009300.jpg,009300,heuristic
small_object_proposal,-1,1.0,1549.0,698.0,1570.0,762.0,artificial_jewellery,video_20260404_115542,frame_009300.jpg,009300,heuristic
small_object_proposal,-1,1.0,921.0,61.0,953.0,103.0,artificial_jewellery,video_20260404_115542,frame_009300.jpg,009300,heuristic
small_object_proposal,-1,1.0,50.0,170.0,81.0,210.0,artificial_jewellery,video_20260404_115542,frame_009300.jpg,009300,heuristic
small_object_proposal,-1,1.0,969.0,364.0,997.0,408.0,artificial_jewellery,video_20260404_115542,frame_009300.jpg,009300,heuristic
small_object_proposal,-1,1.0,70.0,44.0,112.0,71.0,artificial_jewellery,video_20260404_115542,frame_009300.jpg,009300,heuristic
small_object_proposal,-1,1.0,1671.0,666.0,1697.0,707.0,artificial_jewellery,video_20260404_115542,frame_009300.jpg,009300,heuristic
small_object_proposal,-1,1.0,875.0,141.0,935.0,158.0,artificial_jewellery,video_20260404_115542,frame_009300.jpg,009300,heuristic
person,0,0.673521101474762,68.967041015625,15.22412109375,1891.795166015625,1071.89697265625,artificial_jewellery,video_20260404_115542,frame_009330.jpg,009330,yolo
small_object_proposal,-1,1.0,1122.0,829.0,1146.0,1015.0,artificial_jewellery,video_20260404_115542,frame_009330.jpg,009330,heuristic
small_object_proposal,-1,1.0,449.0,903.0,500.0,986.0,artificial_jewellery,video_20260404_115542,frame_009330.jpg,009330,heuristic
small_object_proposal,-1,1.0,1440.0,231.0,1509.0,290.0,artificial_jewellery,video_20260404_115542,frame_009330.jpg,009330,heuristic
small_object_proposal,-1,1.0,1093.0,695.0,1150.0,758.0,artificial_jewellery,video_20260404_115542,frame_009330.jpg,009330,heuristic
small_object_proposal,-1,1.0,1428.0,1020.0,1511.0,1061.0,artificial_jewellery,video_20260404_115542,frame_009330.jpg,009330,heuristic
small_object_proposal,-1,1.0,1582.0,816.0,1639.0,868.0,artificial_jewellery,video_20260404_115542,frame_009330.jpg,009330,heuristic
small_object_proposal,-1,1.0,1112.0,813.0,1131.0,969.0,artificial_jewellery,video_20260404_115542,frame_009330.jpg,009330,heuristic
small_object_proposal,-1,1.0,1289.0,890.0,1375.0,924.0,artificial_jewellery,video_20260404_115542,frame_009330.jpg,009330,heuristic
small_object_proposal,-1,1.0,545.0,159.0,596.0,215.0,artificial_jewellery,video_20260404_115542,frame_009330.jpg,009330,heuristic
small_object_proposal,-1,1.0,46.0,732.0,103.0,776.0,artificial_jewellery,video_20260404_115542,frame_009330.jpg,009330,heuristic
small_object_proposal,-1,1.0,1530.0,812.0,1570.0,872.0,artificial_jewellery,video_20260404_115542,frame_009330.jpg,009330,heuristic
small_object_proposal,-1,1.0,114.0,663.0,155.0,721.0,artificial_jewellery,video_20260404_115542,frame_009330.jpg,009330,heuristic
small_object_proposal,-1,1.0,1246.0,409.0,1284.0,470.0,artificial_jewellery,video_20260404_115542,frame_009330.jpg,009330,heuristic
small_object_proposal,-1,1.0,1538.0,890.0,1569.0,963.0,artificial_jewellery,video_20260404_115542,frame_009330.jpg,009330,heuristic
small_object_proposal,-1,1.0,1835.0,148.0,1909.0,176.0,artificial_jewellery,video_20260404_115542,frame_009330.jpg,009330,heuristic
small_object_proposal,-1,1.0,1410.0,397.0,1438.0,462.0,artificial_jewellery,video_20260404_115542,frame_009330.jpg,009330,heuristic
small_object_proposal,-1,1.0,1027.0,98.0,1065.0,144.0,artificial_jewellery,video_20260404_115542,frame_009330.jpg,009330,heuristic
small_object_proposal,-1,1.0,1238.0,334.0,1274.0,382.0,artificial_jewellery,video_20260404_115542,frame_009330.jpg,009330,heuristic
small_object_proposal,-1,1.0,227.0,180.0,280.0,210.0,artificial_jewellery,video_20260404_115542,frame_009330.jpg,009330,heuristic
small_object_proposal,-1,1.0,1546.0,494.0,1629.0,513.0,artificial_jewellery,video_20260404_115542,frame_009330.jpg,009330,heuristic
small_object_proposal,-1,1.0,546.0,132.0,604.0,159.0,artificial_jewellery,video_20260404_115542,frame_009330.jpg,009330,heuristic
small_object_proposal,-1,1.0,1126.0,355.0,1167.0,389.0,artificial_jewellery,video_20260404_115542,frame_009330.jpg,009330,heuristic
small_object_proposal,-1,1.0,1154.0,1001.0,1192.0,1037.0,artificial_jewellery,video_20260404_115542,frame_009330.jpg,009330,heuristic
small_object_proposal,-1,1.0,1559.0,188.0,1587.0,235.0,artificial_jewellery,video_20260404_115542,frame_009330.jpg,009330,heuristic
small_object_proposal,-1,1.0,1189.0,914.0,1210.0,974.0,artificial_jewellery,video_20260404_115542,frame_009330.jpg,009330,heuristic
small_object_proposal,-1,1.0,1065.0,774.0,1110.0,799.0,artificial_jewellery,video_20260404_115542,frame_009330.jpg,009330,heuristic
small_object_proposal,-1,1.0,1188.0,845.0,1220.0,879.0,artificial_jewellery,video_20260404_115542,frame_009330.jpg,009330,heuristic
small_object_proposal,-1,1.0,100.0,736.0,129.0,773.0,artificial_jewellery,video_20260404_115542,frame_009330.jpg,009330,heuristic
small_object_proposal,-1,1.0,1292.0,633.0,1347.0,652.0,artificial_jewellery,video_20260404_115542,frame_009330.jpg,009330,heuristic
small_object_proposal,-1,1.0,1229.0,619.0,1287.0,637.0,artificial_jewellery,video_20260404_115542,frame_009330.jpg,009330,heuristic
person,0,0.7390475869178772,258.4207763671875,38.72039794921875,1915.4366455078125,1067.24462890625,artificial_jewellery,video_20260404_115542,frame_009390.jpg,009390,yolo
small_object_proposal,-1,1.0,1231.0,568.0,1293.0,641.0,artificial_jewellery,video_20260404_115542,frame_009390.jpg,009390,heuristic
small_object_proposal,-1,1.0,12.0,266.0,60.0,360.0,artificial_jewellery,video_20260404_115542,frame_009390.jpg,009390,heuristic
small_object_proposal,-1,1.0,861.0,518.0,931.0,582.0,artificial_jewellery,video_20260404_115542,frame_009390.jpg,009390,heuristic
small_object_proposal,-1,1.0,1725.0,473.0,1757.0,612.0,artificial_jewellery,video_20260404_115542,frame_009390.jpg,009390,heuristic
small_object_proposal,-1,1.0,263.0,406.0,317.0,483.0,artificial_jewellery,video_20260404_115542,frame_009390.jpg,009390,heuristic
small_object_proposal,-1,1.0,1832.0,341.0,1903.0,399.0,artificial_jewellery,video_20260404_115542,frame_009390.jpg,009390,heuristic
small_object_proposal,-1,1.0,1534.0,485.0,1611.0,537.0,artificial_jewellery,video_20260404_115542,frame_009390.jpg,009390,heuristic
small_object_proposal,-1,1.0,800.0,543.0,849.0,617.0,artificial_jewellery,video_20260404_115542,frame_009390.jpg,009390,heuristic
small_object_proposal,-1,1.0,1155.0,805.0,1233.0,850.0,artificial_jewellery,video_20260404_115542,frame_009390.jpg,009390,heuristic
small_object_proposal,-1,1.0,1204.0,235.0,1247.0,314.0,artificial_jewellery,video_20260404_115542,frame_009390.jpg,009390,heuristic
small_object_proposal,-1,1.0,1204.0,950.0,1240.0,1029.0,artificial_jewellery,video_20260404_115542,frame_009390.jpg,009390,heuristic
small_object_proposal,-1,1.0,1422.0,453.0,1520.0,482.0,artificial_jewellery,video_20260404_115542,frame_009390.jpg,009390,heuristic
small_object_proposal,-1,1.0,1206.0,640.0,1240.0,721.0,artificial_jewellery,video_20260404_115542,frame_009390.jpg,009390,heuristic
small_object_proposal,-1,1.0,1320.0,904.0,1377.0,952.0,artificial_jewellery,video_20260404_115542,frame_009390.jpg,009390,heuristic
small_object_proposal,-1,1.0,1386.0,489.0,1443.0,535.0,artificial_jewellery,video_20260404_115542,frame_009390.jpg,009390,heuristic
small_object_proposal,-1,1.0,282.0,301.0,323.0,363.0,artificial_jewellery,video_20260404_115542,frame_009390.jpg,009390,heuristic
small_object_proposal,-1,1.0,106.0,143.0,154.0,195.0,artificial_jewellery,video_20260404_115542,frame_009390.jpg,009390,heuristic
small_object_proposal,-1,1.0,308.0,540.0,381.0,573.0,artificial_jewellery,video_20260404_115542,frame_009390.jpg,009390,heuristic
small_object_proposal,-1,1.0,1132.0,254.0,1169.0,318.0,artificial_jewellery,video_20260404_115542,frame_009390.jpg,009390,heuristic
small_object_proposal,-1,1.0,963.0,518.0,1047.0,546.0,artificial_jewellery,video_20260404_115542,frame_009390.jpg,009390,heuristic
small_object_proposal,-1,1.0,1798.0,29.0,1875.0,56.0,artificial_jewellery,video_20260404_115542,frame_009390.jpg,009390,heuristic
small_object_proposal,-1,1.0,1104.0,988.0,1148.0,1032.0,artificial_jewellery,video_20260404_115542,frame_009390.jpg,009390,heuristic
small_object_proposal,-1,1.0,1461.0,565.0,1512.0,602.0,artificial_jewellery,video_20260404_115542,frame_009390.jpg,009390,heuristic
small_object_proposal,-1,1.0,252.0,371.0,300.0,410.0,artificial_jewellery,video_20260404_115542,frame_009390.jpg,009390,heuristic
small_object_proposal,-1,1.0,1097.0,15.0,1191.0,34.0,artificial_jewellery,video_20260404_115542,frame_009390.jpg,009390,heuristic
small_object_proposal,-1,1.0,897.0,496.0,939.0,536.0,artificial_jewellery,video_20260404_115542,frame_009390.jpg,009390,heuristic
small_object_proposal,-1,1.0,1240.0,491.0,1285.0,526.0,artificial_jewellery,video_20260404_115542,frame_009390.jpg,009390,heuristic
small_object_proposal,-1,1.0,88.0,221.0,147.0,246.0,artificial_jewellery,video_20260404_115542,frame_009390.jpg,009390,heuristic
small_object_proposal,-1,1.0,1717.0,910.0,1774.0,935.0,artificial_jewellery,video_20260404_115542,frame_009390.jpg,009390,heuristic
small_object_proposal,-1,1.0,112.0,956.0,142.0,1000.0,artificial_jewellery,video_20260404_115542,frame_009390.jpg,009390,heuristic
person,0,0.7182176113128662,351.85858154296875,40.3875732421875,1904.922119140625,1067.4744873046875,artificial_jewellery,video_20260404_115542,frame_009420.jpg,009420,yolo
small_object_proposal,-1,1.0,1443.0,51.0,1561.0,91.0,artificial_jewellery,video_20260404_115542,frame_009420.jpg,009420,heuristic
small_object_proposal,-1,1.0,469.0,864.0,552.0,920.0,artificial_jewellery,video_20260404_115542,frame_009420.jpg,009420,heuristic
small_object_proposal,-1,1.0,1201.0,908.0,1247.0,1001.0,artificial_jewellery,video_20260404_115542,frame_009420.jpg,009420,heuristic
small_object_proposal,-1,1.0,1531.0,75.0,1591.0,146.0,artificial_jewellery,video_20260404_115542,frame_009420.jpg,009420,heuristic
small_object_proposal,-1,1.0,1656.0,526.0,1763.0,563.0,artificial_jewellery,video_20260404_115542,frame_009420.jpg,009420,heuristic
small_object_proposal,-1,1.0,1669.0,637.0,1716.0,721.0,artificial_jewellery,video_20260404_115542,frame_009420.jpg,009420,heuristic
small_object_proposal,-1,1.0,1468.0,437.0,1566.0,473.0,artificial_jewellery,video_20260404_115542,frame_009420.jpg,009420,heuristic
small_object_proposal,-1,1.0,1185.0,1000.0,1242.0,1056.0,artificial_jewellery,video_20260404_115542,frame_009420.jpg,009420,heuristic
small_object_proposal,-1,1.0,1334.0,851.0,1387.0,910.0,artificial_jewellery,video_20260404_115542,frame_009420.jpg,009420,heuristic
small_object_proposal,-1,1.0,1162.0,783.0,1229.0,826.0,artificial_jewellery,video_20260404_115542,frame_009420.jpg,009420,heuristic
small_object_proposal,-1,1.0,1766.0,10.0,1867.0,35.0,artificial_jewellery,video_20260404_115542,frame_009420.jpg,009420,heuristic
small_object_proposal,-1,1.0,992.0,783.0,1052.0,824.0,artificial_jewellery,video_20260404_115542,frame_009420.jpg,009420,heuristic
small_object_proposal,-1,1.0,1168.0,424.0,1224.0,467.0,artificial_jewellery,video_20260404_115542,frame_009420.jpg,009420,heuristic
small_object_proposal,-1,1.0,446.0,394.0,467.0,505.0,artificial_jewellery,video_20260404_115542,frame_009420.jpg,009420,heuristic
small_object_proposal,-1,1.0,302.0,348.0,334.0,419.0,artificial_jewellery,video_20260404_115542,frame_009420.jpg,009420,heuristic
small_object_proposal,-1,1.0,38.0,364.0,73.0,427.0,artificial_jewellery,video_20260404_115542,frame_009420.jpg,009420,heuristic
small_object_proposal,-1,1.0,1765.0,538.0,1834.0,569.0,artificial_jewellery,video_20260404_115542,frame_009420.jpg,009420,heuristic
small_object_proposal,-1,1.0,1024.0,1022.0,1084.0,1057.0,artificial_jewellery,video_20260404_115542,frame_009420.jpg,009420,heuristic
small_object_proposal,-1,1.0,1647.0,1018.0,1725.0,1044.0,artificial_jewellery,video_20260404_115542,frame_009420.jpg,009420,heuristic
small_object_proposal,-1,1.0,1113.0,961.0,1159.0,1005.0,artificial_jewellery,video_20260404_115542,frame_009420.jpg,009420,heuristic
small_object_proposal,-1,1.0,256.0,350.0,301.0,394.0,artificial_jewellery,video_20260404_115542,frame_009420.jpg,009420,heuristic
small_object_proposal,-1,1.0,1273.0,909.0,1301.0,974.0,artificial_jewellery,video_20260404_115542,frame_009420.jpg,009420,heuristic
small_object_proposal,-1,1.0,1576.0,479.0,1627.0,514.0,artificial_jewellery,video_20260404_115542,frame_009420.jpg,009420,heuristic
small_object_proposal,-1,1.0,1597.0,570.0,1650.0,603.0,artificial_jewellery,video_20260404_115542,frame_009420.jpg,009420,heuristic
small_object_proposal,-1,1.0,1222.0,616.0,1245.0,688.0,artificial_jewellery,video_20260404_115542,frame_009420.jpg,009420,heuristic
small_object_proposal,-1,1.0,1137.0,658.0,1180.0,695.0,artificial_jewellery,video_20260404_115542,frame_009420.jpg,009420,heuristic
small_object_proposal,-1,1.0,272.0,376.0,308.0,419.0,artificial_jewellery,video_20260404_115542,frame_009420.jpg,009420,heuristic
small_object_proposal,-1,1.0,106.0,254.0,129.0,321.0,artificial_jewellery,video_20260404_115542,frame_009420.jpg,009420,heuristic
small_object_proposal,-1,1.0,1347.0,736.0,1369.0,804.0,artificial_jewellery,video_20260404_115542,frame_009420.jpg,009420,heuristic
small_object_proposal,-1,1.0,1177.0,288.0,1199.0,352.0,artificial_jewellery,video_20260404_115542,frame_009420.jpg,009420,heuristic
person,0,0.6223739981651306,479.2298583984375,58.633941650390625,1905.28125,1066.10986328125,artificial_jewellery,video_20260404_115542,frame_009450.jpg,009450,yolo
small_object_proposal,-1,1.0,1456.0,61.0,1577.0,102.0,artificial_jewellery,video_20260404_115542,frame_009450.jpg,009450,heuristic
small_object_proposal,-1,1.0,1214.0,905.0,1262.0,997.0,artificial_jewellery,video_20260404_115542,frame_009450.jpg,009450,heuristic
small_object_proposal,-1,1.0,1001.0,341.0,1102.0,381.0,artificial_jewellery,video_20260404_115542,frame_009450.jpg,009450,heuristic
small_object_proposal,-1,1.0,1423.0,983.0,1478.0,1051.0,artificial_jewellery,video_20260404_115542,frame_009450.jpg,009450,heuristic
small_object_proposal,-1,1.0,469.0,932.0,510.0,1023.0,artificial_jewellery,video_20260404_115542,frame_009450.jpg,009450,heuristic
small_object_proposal,-1,1.0,1388.0,751.0,1414.0,892.0,artificial_jewellery,video_20260404_115542,frame_009450.jpg,009450,heuristic
small_object_proposal,-1,1.0,930.0,347.0,1031.0,381.0,artificial_jewellery,video_20260404_115542,frame_009450.jpg,009450,heuristic
small_object_proposal,-1,1.0,1170.0,780.0,1248.0,824.0,artificial_jewellery,video_20260404_115542,frame_009450.jpg,009450,heuristic
small_object_proposal,-1,1.0,1203.0,995.0,1261.0,1050.0,artificial_jewellery,video_20260404_115542,frame_009450.jpg,009450,heuristic
small_object_proposal,-1,1.0,1490.0,406.0,1592.0,436.0,artificial_jewellery,video_20260404_115542,frame_009450.jpg,009450,heuristic
small_object_proposal,-1,1.0,1421.0,908.0,1471.0,969.0,artificial_jewellery,video_20260404_115542,frame_009450.jpg,009450,heuristic
small_object_proposal,-1,1.0,958.0,328.0,1023.0,369.0,artificial_jewellery,video_20260404_115542,frame_009450.jpg,009450,heuristic
small_object_proposal,-1,1.0,1719.0,363.0,1769.0,415.0,artificial_jewellery,video_20260404_115542,frame_009450.jpg,009450,heuristic
small_object_proposal,-1,1.0,1218.0,250.0,1262.0,309.0,artificial_jewellery,video_20260404_115542,frame_009450.jpg,009450,heuristic
small_object_proposal,-1,1.0,1163.0,249.0,1208.0,299.0,artificial_jewellery,video_20260404_115542,frame_009450.jpg,009450,heuristic
small_object_proposal,-1,1.0,1197.0,387.0,1256.0,424.0,artificial_jewellery,video_20260404_115542,frame_009450.jpg,009450,heuristic
small_object_proposal,-1,1.0,1132.0,956.0,1178.0,1001.0,artificial_jewellery,video_20260404_115542,frame_009450.jpg,009450,heuristic
small_object_proposal,-1,1.0,1043.0,1016.0,1103.0,1049.0,artificial_jewellery,video_20260404_115542,frame_009450.jpg,009450,heuristic
small_object_proposal,-1,1.0,22.0,729.0,67.0,773.0,artificial_jewellery,video_20260404_115542,frame_009450.jpg,009450,heuristic
small_object_proposal,-1,1.0,953.0,35.0,993.0,84.0,artificial_jewellery,video_20260404_115542,frame_009450.jpg,009450,heuristic
small_object_proposal,-1,1.0,1379.0,520.0,1431.0,556.0,artificial_jewellery,video_20260404_115542,frame_009450.jpg,009450,heuristic
small_object_proposal,-1,1.0,1804.0,542.0,1856.0,576.0,artificial_jewellery,video_20260404_115542,frame_009450.jpg,009450,heuristic
small_object_proposal,-1,1.0,410.0,914.0,430.0,998.0,artificial_jewellery,video_20260404_115542,frame_009450.jpg,009450,heuristic
small_object_proposal,-1,1.0,1814.0,24.0,1873.0,49.0,artificial_jewellery,video_20260404_115542,frame_009450.jpg,009450,heuristic
small_object_proposal,-1,1.0,1433.0,151.0,1464.0,195.0,artificial_jewellery,video_20260404_115542,frame_009450.jpg,009450,heuristic
small_object_proposal,-1,1.0,1165.0,413.0,1195.0,457.0,artificial_jewellery,video_20260404_115542,frame_009450.jpg,009450,heuristic
small_object_proposal,-1,1.0,1231.0,783.0,1255.0,836.0,artificial_jewellery,video_20260404_115542,frame_009450.jpg,009450,heuristic
small_object_proposal,-1,1.0,705.0,945.0,743.0,973.0,artificial_jewellery,video_20260404_115542,frame_009450.jpg,009450,heuristic
small_object_proposal,-1,1.0,13.0,699.0,41.0,734.0,artificial_jewellery,video_20260404_115542,frame_009450.jpg,009450,heuristic
small_object_proposal,-1,1.0,1211.0,298.0,1244.0,327.0,artificial_jewellery,video_20260404_115542,frame_009450.jpg,009450,heuristic
person,0,0.5979329347610474,414.14208984375,149.73651123046875,1916.5382080078125,1068.90966796875,artificial_jewellery,video_20260404_115542,frame_009510.jpg,009510,yolo
small_object_proposal,-1,1.0,547.0,892.0,602.0,964.0,artificial_jewellery,video_20260404_115542,frame_009510.jpg,009510,heuristic
small_object_proposal,-1,1.0,1320.0,876.0,1380.0,942.0,artificial_jewellery,video_20260404_115542,frame_009510.jpg,009510,heuristic
small_object_proposal,-1,1.0,1192.0,1011.0,1257.0,1067.0,artificial_jewellery,video_20260404_115542,frame_009510.jpg,009510,heuristic
small_object_proposal,-1,1.0,484.0,410.0,517.0,520.0,artificial_jewellery,video_20260404_115542,frame_009510.jpg,009510,heuristic
small_object_proposal,-1,1.0,1428.0,967.0,1499.0,1018.0,artificial_jewellery,video_20260404_115542,frame_009510.jpg,009510,heuristic
small_object_proposal,-1,1.0,291.0,494.0,336.0,562.0,artificial_jewellery,video_20260404_115542,frame_009510.jpg,009510,heuristic
small_object_proposal,-1,1.0,1664.0,478.0,1724.0,516.0,artificial_jewellery,video_20260404_115542,frame_009510.jpg,009510,heuristic
small_object_proposal,-1,1.0,1548.0,970.0,1606.0,1009.0,artificial_jewellery,video_20260404_115542,frame_009510.jpg,009510,heuristic
small_object_proposal,-1,1.0,1012.0,801.0,1069.0,840.0,artificial_jewellery,video_20260404_115542,frame_009510.jpg,009510,heuristic
small_object_proposal,-1,1.0,994.0,707.0,1054.0,743.0,artificial_jewellery,video_20260404_115542,frame_009510.jpg,009510,heuristic
small_object_proposal,-1,1.0,927.0,217.0,951.0,302.0,artificial_jewellery,video_20260404_115542,frame_009510.jpg,009510,heuristic
small_object_proposal,-1,1.0,1203.0,923.0,1229.0,999.0,artificial_jewellery,video_20260404_115542,frame_009510.jpg,009510,heuristic
small_object_proposal,-1,1.0,1033.0,1031.0,1092.0,1064.0,artificial_jewellery,video_20260404_115542,frame_009510.jpg,009510,heuristic
small_object_proposal,-1,1.0,1008.0,805.0,1060.0,842.0,artificial_jewellery,video_20260404_115542,frame_009510.jpg,009510,heuristic
small_object_proposal,-1,1.0,1121.0,973.0,1165.0,1016.0,artificial_jewellery,video_20260404_115542,frame_009510.jpg,009510,heuristic
small_object_proposal,-1,1.0,1373.0,494.0,1434.0,524.0,artificial_jewellery,video_20260404_115542,frame_009510.jpg,009510,heuristic
small_object_proposal,-1,1.0,808.0,865.0,839.0,916.0,artificial_jewellery,video_20260404_115542,frame_009510.jpg,009510,heuristic
small_object_proposal,-1,1.0,270.0,356.0,305.0,397.0,artificial_jewellery,video_20260404_115542,frame_009510.jpg,009510,heuristic
small_object_proposal,-1,1.0,1846.0,78.0,1916.0,98.0,artificial_jewellery,video_20260404_115542,frame_009510.jpg,009510,heuristic
small_object_proposal,-1,1.0,1778.0,74.0,1836.0,98.0,artificial_jewellery,video_20260404_115542,frame_009510.jpg,009510,heuristic
small_object_proposal,-1,1.0,1171.0,946.0,1215.0,977.0,artificial_jewellery,video_20260404_115542,frame_009510.jpg,009510,heuristic
small_object_proposal,-1,1.0,1224.0,643.0,1245.0,704.0,artificial_jewellery,video_20260404_115542,frame_009510.jpg,009510,heuristic
small_object_proposal,-1,1.0,1644.0,1043.0,1701.0,1065.0,artificial_jewellery,video_20260404_115542,frame_009510.jpg,009510,heuristic
small_object_proposal,-1,1.0,1334.0,230.0,1369.0,265.0,artificial_jewellery,video_20260404_115542,frame_009510.jpg,009510,heuristic
small_object_proposal,-1,1.0,1167.0,885.0,1190.0,936.0,artificial_jewellery,video_20260404_115542,frame_009510.jpg,009510,heuristic
small_object_proposal,-1,1.0,1026.0,526.0,1071.0,551.0,artificial_jewellery,video_20260404_115542,frame_009510.jpg,009510,heuristic
small_object_proposal,-1,1.0,165.0,119.0,203.0,147.0,artificial_jewellery,video_20260404_115542,frame_009510.jpg,009510,heuristic
small_object_proposal,-1,1.0,1770.0,705.0,1797.0,739.0,artificial_jewellery,video_20260404_115542,frame_009510.jpg,009510,heuristic
small_object_proposal,-1,1.0,1264.0,233.0,1298.0,260.0,artificial_jewellery,video_20260404_115542,frame_009510.jpg,009510,heuristic
small_object_proposal,-1,1.0,1499.0,142.0,1526.0,176.0,artificial_jewellery,video_20260404_115542,frame_009510.jpg,009510,heuristic
person,0,0.7563136219978333,487.48150634765625,104.956787109375,1917.9156494140625,1070.5565185546875,artificial_jewellery,video_20260404_115542,frame_009600.jpg,009600,yolo
small_object_proposal,-1,1.0,1313.0,172.0,1402.0,228.0,artificial_jewellery,video_20260404_115542,frame_009600.jpg,009600,heuristic
small_object_proposal,-1,1.0,1444.0,110.0,1560.0,150.0,artificial_jewellery,video_20260404_115542,frame_009600.jpg,009600,heuristic
small_object_proposal,-1,1.0,8.0,723.0,61.0,805.0,artificial_jewellery,video_20260404_115542,frame_009600.jpg,009600,heuristic
small_object_proposal,-1,1.0,1259.0,510.0,1347.0,552.0,artificial_jewellery,video_20260404_115542,frame_009600.jpg,009600,heuristic
small_object_proposal,-1,1.0,1198.0,1006.0,1262.0,1063.0,artificial_jewellery,video_20260404_115542,frame_009600.jpg,009600,heuristic
small_object_proposal,-1,1.0,48.0,748.0,114.0,792.0,artificial_jewellery,video_20260404_115542,frame_009600.jpg,009600,heuristic
small_object_proposal,-1,1.0,1010.0,800.0,1070.0,843.0,artificial_jewellery,video_20260404_115542,frame_009600.jpg,009600,heuristic
small_object_proposal,-1,1.0,1210.0,924.0,1242.0,1001.0,artificial_jewellery,video_20260404_115542,frame_009600.jpg,009600,heuristic
small_object_proposal,-1,1.0,879.0,58.0,931.0,101.0,artificial_jewellery,video_20260404_115542,frame_009600.jpg,009600,heuristic
small_object_proposal,-1,1.0,1266.0,920.0,1308.0,971.0,artificial_jewellery,video_20260404_115542,frame_009600.jpg,009600,heuristic
small_object_proposal,-1,1.0,1040.0,1026.0,1099.0,1058.0,artificial_jewellery,video_20260404_115542,frame_009600.jpg,009600,heuristic
small_object_proposal,-1,1.0,699.0,952.0,768.0,979.0,artificial_jewellery,video_20260404_115542,frame_009600.jpg,009600,heuristic
small_object_proposal,-1,1.0,1526.0,135.0,1583.0,167.0,artificial_jewellery,video_20260404_115542,frame_009600.jpg,009600,heuristic
small_object_proposal,-1,1.0,1128.0,968.0,1171.0,1010.0,artificial_jewellery,video_20260404_115542,frame_009600.jpg,009600,heuristic
small_object_proposal,-1,1.0,1235.0,603.0,1273.0,650.0,artificial_jewellery,video_20260404_115542,frame_009600.jpg,009600,heuristic
small_object_proposal,-1,1.0,1229.0,643.0,1251.0,722.0,artificial_jewellery,video_20260404_115542,frame_009600.jpg,009600,heuristic
small_object_proposal,-1,1.0,788.0,855.0,833.0,893.0,artificial_jewellery,video_20260404_115542,frame_009600.jpg,009600,heuristic
small_object_proposal,-1,1.0,1533.0,479.0,1593.0,506.0,artificial_jewellery,video_20260404_115542,frame_009600.jpg,009600,heuristic
small_object_proposal,-1,1.0,1249.0,336.0,1283.0,383.0,artificial_jewellery,video_20260404_115542,frame_009600.jpg,009600,heuristic
small_object_proposal,-1,1.0,1658.0,1046.0,1712.0,1074.0,artificial_jewellery,video_20260404_115542,frame_009600.jpg,009600,heuristic
small_object_proposal,-1,1.0,1249.0,791.0,1262.0,906.0,artificial_jewellery,video_20260404_115542,frame_009600.jpg,009600,heuristic
small_object_proposal,-1,1.0,1164.0,886.0,1199.0,925.0,artificial_jewellery,video_20260404_115542,frame_009600.jpg,009600,heuristic
small_object_proposal,-1,1.0,1049.0,623.0,1079.0,668.0,artificial_jewellery,video_20260404_115542,frame_009600.jpg,009600,heuristic
small_object_proposal,-1,1.0,1658.0,1014.0,1714.0,1038.0,artificial_jewellery,video_20260404_115542,frame_009600.jpg,009600,heuristic
small_object_proposal,-1,1.0,1787.0,78.0,1844.0,101.0,artificial_jewellery,video_20260404_115542,frame_009600.jpg,009600,heuristic
small_object_proposal,-1,1.0,1371.0,552.0,1411.0,583.0,artificial_jewellery,video_20260404_115542,frame_009600.jpg,009600,heuristic
small_object_proposal,-1,1.0,1224.0,283.0,1254.0,324.0,artificial_jewellery,video_20260404_115542,frame_009600.jpg,009600,heuristic
small_object_proposal,-1,1.0,1412.0,956.0,1446.0,992.0,artificial_jewellery,video_20260404_115542,frame_009600.jpg,009600,heuristic
small_object_proposal,-1,1.0,253.0,124.0,276.0,176.0,artificial_jewellery,video_20260404_115542,frame_009600.jpg,009600,heuristic
small_object_proposal,-1,1.0,1328.0,923.0,1381.0,945.0,artificial_jewellery,video_20260404_115542,frame_009600.jpg,009600,heuristic
person,0,0.6897006034851074,493.0711669921875,115.52188110351562,1911.06591796875,1073.113037109375,artificial_jewellery,video_20260404_115542,frame_009630.jpg,009630,yolo
small_object_proposal,-1,1.0,541.0,167.0,601.0,247.0,artificial_jewellery,video_20260404_115542,frame_009630.jpg,009630,heuristic
small_object_proposal,-1,1.0,247.0,906.0,314.0,974.0,artificial_jewellery,video_20260404_115542,frame_009630.jpg,009630,heuristic
small_object_proposal,-1,1.0,1359.0,206.0,1404.0,302.0,artificial_jewellery,video_20260404_115542,frame_009630.jpg,009630,heuristic
small_object_proposal,-1,1.0,1236.0,963.0,1280.0,1050.0,artificial_jewellery,video_20260404_115542,frame_009630.jpg,009630,heuristic
small_object_proposal,-1,1.0,1632.0,353.0,1709.0,394.0,artificial_jewellery,video_20260404_115542,frame_009630.jpg,009630,heuristic
small_object_proposal,-1,1.0,1744.0,561.0,1781.0,640.0,artificial_jewellery,video_20260404_115542,frame_009630.jpg,009630,heuristic
small_object_proposal,-1,1.0,1375.0,325.0,1560.0,339.0,artificial_jewellery,video_20260404_115542,frame_009630.jpg,009630,heuristic
small_object_proposal,-1,1.0,18.0,58.0,70.0,103.0,artificial_jewellery,video_20260404_115542,frame_009630.jpg,009630,heuristic
small_object_proposal,-1,1.0,1170.0,337.0,1223.0,379.0,artificial_jewellery,video_20260404_115542,frame_009630.jpg,009630,heuristic
small_object_proposal,-1,1.0,1784.0,635.0,1824.0,687.0,artificial_jewellery,video_20260404_115542,frame_009630.jpg,009630,heuristic
small_object_proposal,-1,1.0,1153.0,1003.0,1197.0,1047.0,artificial_jewellery,video_20260404_115542,frame_009630.jpg,009630,heuristic
small_object_proposal,-1,1.0,984.0,246.0,1007.0,316.0,artificial_jewellery,video_20260404_115542,frame_009630.jpg,009630,heuristic
small_object_proposal,-1,1.0,1444.0,1002.0,1481.0,1043.0,artificial_jewellery,video_20260404_115542,frame_009630.jpg,009630,heuristic
small_object_proposal,-1,1.0,1355.0,968.0,1412.0,994.0,artificial_jewellery,video_20260404_115542,frame_009630.jpg,009630,heuristic
small_object_proposal,-1,1.0,1262.0,685.0,1284.0,749.0,artificial_jewellery,video_20260404_115542,frame_009630.jpg,009630,heuristic
small_object_proposal,-1,1.0,674.0,912.0,715.0,946.0,artificial_jewellery,video_20260404_115542,frame_009630.jpg,009630,heuristic
small_object_proposal,-1,1.0,1315.0,366.0,1348.0,407.0,artificial_jewellery,video_20260404_115542,frame_009630.jpg,009630,heuristic
small_object_proposal,-1,1.0,870.0,166.0,934.0,187.0,artificial_jewellery,video_20260404_115542,frame_009630.jpg,009630,heuristic
small_object_proposal,-1,1.0,1192.0,923.0,1225.0,963.0,artificial_jewellery,video_20260404_115542,frame_009630.jpg,009630,heuristic
small_object_proposal,-1,1.0,1425.0,195.0,1496.0,213.0,artificial_jewellery,video_20260404_115542,frame_009630.jpg,009630,heuristic
small_object_proposal,-1,1.0,1832.0,141.0,1889.0,163.0,artificial_jewellery,video_20260404_115542,frame_009630.jpg,009630,heuristic
small_object_proposal,-1,1.0,234.0,228.0,286.0,252.0,artificial_jewellery,video_20260404_115542,frame_009630.jpg,009630,heuristic
small_object_proposal,-1,1.0,1883.0,302.0,1912.0,338.0,artificial_jewellery,video_20260404_115542,frame_009630.jpg,009630,heuristic
small_object_proposal,-1,1.0,1211.0,989.0,1249.0,1015.0,artificial_jewellery,video_20260404_115542,frame_009630.jpg,009630,heuristic
small_object_proposal,-1,1.0,52.0,400.0,90.0,426.0,artificial_jewellery,video_20260404_115542,frame_009630.jpg,009630,heuristic
small_object_proposal,-1,1.0,920.0,947.0,944.0,987.0,artificial_jewellery,video_20260404_115542,frame_009630.jpg,009630,heuristic
small_object_proposal,-1,1.0,267.0,443.0,294.0,478.0,artificial_jewellery,video_20260404_115542,frame_009630.jpg,009630,heuristic
small_object_proposal,-1,1.0,1241.0,899.0,1278.0,924.0,artificial_jewellery,video_20260404_115542,frame_009630.jpg,009630,heuristic
small_object_proposal,-1,1.0,837.0,865.0,862.0,901.0,artificial_jewellery,video_20260404_115542,frame_009630.jpg,009630,heuristic
small_object_proposal,-1,1.0,1827.0,874.0,1847.0,918.0,artificial_jewellery,video_20260404_115542,frame_009630.jpg,009630,heuristic
dining table,60,0.35079139471054077,3.1138916015625,1.506866455078125,1858.6834716796875,1064.2945556640625,artificial_jewellery,video_20260404_115542,frame_009660.jpg,009660,yolo
person,0,0.32893410325050354,911.032470703125,584.1832275390625,1917.240966796875,1067.1429443359375,artificial_jewellery,video_20260404_115542,frame_009660.jpg,009660,yolo
sandwich,48,0.2659984827041626,364.06512451171875,656.3367309570312,700.5159301757812,1024.865478515625,artificial_jewellery,video_20260404_115542,frame_009660.jpg,009660,yolo
sandwich,48,0.25223782658576965,1022.8916015625,489.0347900390625,1474.233154296875,808.3788452148438,artificial_jewellery,video_20260404_115542,frame_009660.jpg,009660,yolo
small_object_proposal,-1,1.0,1042.0,60.0,1130.0,110.0,artificial_jewellery,video_20260404_115542,frame_009660.jpg,009660,heuristic
small_object_proposal,-1,1.0,141.0,717.0,247.0,758.0,artificial_jewellery,video_20260404_115542,frame_009660.jpg,009660,heuristic
small_object_proposal,-1,1.0,553.0,301.0,614.0,367.0,artificial_jewellery,video_20260404_115542,frame_009660.jpg,009660,heuristic
small_object_proposal,-1,1.0,464.0,233.0,561.0,273.0,artificial_jewellery,video_20260404_115542,frame_009660.jpg,009660,heuristic
small_object_proposal,-1,1.0,1753.0,424.0,1811.0,490.0,artificial_jewellery,video_20260404_115542,frame_009660.jpg,009660,heuristic
small_object_proposal,-1,1.0,627.0,424.0,700.0,476.0,artificial_jewellery,video_20260404_115542,frame_009660.jpg,009660,heuristic
small_object_proposal,-1,1.0,97.0,590.0,162.0,648.0,artificial_jewellery,video_20260404_115542,frame_009660.jpg,009660,heuristic
small_object_proposal,-1,1.0,736.0,277.0,793.0,343.0,artificial_jewellery,video_20260404_115542,frame_009660.jpg,009660,heuristic
small_object_proposal,-1,1.0,62.0,372.0,123.0,428.0,artificial_jewellery,video_20260404_115542,frame_009660.jpg,009660,heuristic
small_object_proposal,-1,1.0,201.0,303.0,247.0,373.0,artificial_jewellery,video_20260404_115542,frame_009660.jpg,009660,heuristic
small_object_proposal,-1,1.0,1414.0,97.0,1490.0,136.0,artificial_jewellery,video_20260404_115542,frame_009660.jpg,009660,heuristic
small_object_proposal,-1,1.0,1594.0,424.0,1629.0,500.0,artificial_jewellery,video_20260404_115542,frame_009660.jpg,009660,heuristic
small_object_proposal,-1,1.0,560.0,471.0,626.0,509.0,artificial_jewellery,video_20260404_115542,frame_009660.jpg,009660,heuristic
small_object_proposal,-1,1.0,540.0,350.0,603.0,389.0,artificial_jewellery,video_20260404_115542,frame_009660.jpg,009660,heuristic
small_object_proposal,-1,1.0,1552.0,985.0,1622.0,1020.0,artificial_jewellery,video_20260404_115542,frame_009660.jpg,009660,heuristic
small_object_proposal,-1,1.0,1528.0,348.0,1576.0,399.0,artificial_jewellery,video_20260404_115542,frame_009660.jpg,009660,heuristic
small_object_proposal,-1,1.0,517.0,494.0,579.0,533.0,artificial_jewellery,video_20260404_115542,frame_009660.jpg,009660,heuristic
small_object_proposal,-1,1.0,493.0,262.0,548.0,304.0,artificial_jewellery,video_20260404_115542,frame_009660.jpg,009660,heuristic
small_object_proposal,-1,1.0,173.0,1030.0,217.0,1076.0,artificial_jewellery,video_20260404_115542,frame_009660.jpg,009660,heuristic
small_object_proposal,-1,1.0,1398.0,154.0,1428.0,221.0,artificial_jewellery,video_20260404_115542,frame_009660.jpg,009660,heuristic
small_object_proposal,-1,1.0,237.0,1001.0,264.0,1074.0,artificial_jewellery,video_20260404_115542,frame_009660.jpg,009660,heuristic
small_object_proposal,-1,1.0,516.0,441.0,557.0,485.0,artificial_jewellery,video_20260404_115542,frame_009660.jpg,009660,heuristic
small_object_proposal,-1,1.0,140.0,1007.0,176.0,1054.0,artificial_jewellery,video_20260404_115542,frame_009660.jpg,009660,heuristic
small_object_proposal,-1,1.0,100.0,899.0,160.0,927.0,artificial_jewellery,video_20260404_115542,frame_009660.jpg,009660,heuristic
small_object_proposal,-1,1.0,556.0,527.0,609.0,558.0,artificial_jewellery,video_20260404_115542,frame_009660.jpg,009660,heuristic
small_object_proposal,-1,1.0,292.0,853.0,310.0,938.0,artificial_jewellery,video_20260404_115542,frame_009660.jpg,009660,heuristic
small_object_proposal,-1,1.0,1629.0,963.0,1695.0,986.0,artificial_jewellery,video_20260404_115542,frame_009660.jpg,009660,heuristic
small_object_proposal,-1,1.0,182.0,270.0,229.0,302.0,artificial_jewellery,video_20260404_115542,frame_009660.jpg,009660,heuristic
small_object_proposal,-1,1.0,1814.0,390.0,1848.0,433.0,artificial_jewellery,video_20260404_115542,frame_009660.jpg,009660,heuristic
small_object_proposal,-1,1.0,1171.0,267.0,1191.0,339.0,artificial_jewellery,video_20260404_115542,frame_009660.jpg,009660,heuristic
sandwich,48,0.6132042407989502,980.4003295898438,572.7784423828125,1411.6343994140625,907.5164794921875,artificial_jewellery,video_20260404_115542,frame_009690.jpg,009690,yolo
dining table,60,0.48837947845458984,3.9364013671875,2.06396484375,1852.1824951171875,1059.1739501953125,artificial_jewellery,video_20260404_115542,frame_009690.jpg,009690,yolo
person,0,0.355873703956604,628.2887573242188,638.3446655273438,1522.811279296875,1071.0418701171875,artificial_jewellery,video_20260404_115542,frame_009690.jpg,009690,yolo
sandwich,48,0.3488873243331909,1158.065673828125,388.0399475097656,1904.8917236328125,713.6111450195312,artificial_jewellery,video_20260404_115542,frame_009690.jpg,009690,yolo
cake,55,0.3138126730918884,327.37255859375,699.5672607421875,658.6598510742188,1056.5068359375,artificial_jewellery,video_20260404_115542,frame_009690.jpg,009690,yolo
handbag,26,0.25465086102485657,0.063079833984375,10.276885986328125,400.6597595214844,437.0564880371094,artificial_jewellery,video_20260404_115542,frame_009690.jpg,009690,yolo
small_object_proposal,-1,1.0,518.0,109.0,595.0,170.0,artificial_jewellery,video_20260404_115542,frame_009690.jpg,009690,heuristic
small_object_proposal,-1,1.0,1392.0,208.0,1472.0,260.0,artificial_jewellery,video_20260404_115542,frame_009690.jpg,009690,heuristic
small_object_proposal,-1,1.0,1836.0,227.0,1901.0,285.0,artificial_jewellery,video_20260404_115542,frame_009690.jpg,009690,heuristic
small_object_proposal,-1,1.0,44.0,829.0,133.0,871.0,artificial_jewellery,video_20260404_115542,frame_009690.jpg,009690,heuristic
small_object_proposal,-1,1.0,82.0,396.0,144.0,449.0,artificial_jewellery,video_20260404_115542,frame_009690.jpg,009690,heuristic
small_object_proposal,-1,1.0,909.0,702.0,947.0,782.0,artificial_jewellery,video_20260404_115542,frame_009690.jpg,009690,heuristic
small_object_proposal,-1,1.0,1158.0,339.0,1184.0,445.0,artificial_jewellery,video_20260404_115542,frame_009690.jpg,009690,heuristic
small_object_proposal,-1,1.0,1498.0,458.0,1549.0,512.0,artificial_jewellery,video_20260404_115542,frame_009690.jpg,009690,heuristic
small_object_proposal,-1,1.0,226.0,338.0,269.0,399.0,artificial_jewellery,video_20260404_115542,frame_009690.jpg,009690,heuristic
small_object_proposal,-1,1.0,1184.0,304.0,1212.0,394.0,artificial_jewellery,video_20260404_115542,frame_009690.jpg,009690,heuristic
small_object_proposal,-1,1.0,75.0,1029.0,131.0,1073.0,artificial_jewellery,video_20260404_115542,frame_009690.jpg,009690,heuristic
small_object_proposal,-1,1.0,630.0,927.0,647.0,1052.0,artificial_jewellery,video_20260404_115542,frame_009690.jpg,009690,heuristic
small_object_proposal,-1,1.0,128.0,958.0,202.0,984.0,artificial_jewellery,video_20260404_115542,frame_009690.jpg,009690,heuristic
small_object_proposal,-1,1.0,1562.0,555.0,1601.0,603.0,artificial_jewellery,video_20260404_115542,frame_009690.jpg,009690,heuristic
small_object_proposal,-1,1.0,1188.0,205.0,1217.0,269.0,artificial_jewellery,video_20260404_115542,frame_009690.jpg,009690,heuristic
small_object_proposal,-1,1.0,1376.0,263.0,1403.0,323.0,artificial_jewellery,video_20260404_115542,frame_009690.jpg,009690,heuristic
small_object_proposal,-1,1.0,63.0,910.0,120.0,936.0,artificial_jewellery,video_20260404_115542,frame_009690.jpg,009690,heuristic
small_object_proposal,-1,1.0,1426.0,1031.0,1480.0,1057.0,artificial_jewellery,video_20260404_115542,frame_009690.jpg,009690,heuristic
small_object_proposal,-1,1.0,2.0,944.0,39.0,981.0,artificial_jewellery,video_20260404_115542,frame_009690.jpg,009690,heuristic
small_object_proposal,-1,1.0,780.0,615.0,816.0,653.0,artificial_jewellery,video_20260404_115542,frame_009690.jpg,009690,heuristic
small_object_proposal,-1,1.0,249.0,875.0,265.0,959.0,artificial_jewellery,video_20260404_115542,frame_009690.jpg,009690,heuristic
small_object_proposal,-1,1.0,1220.0,215.0,1248.0,260.0,artificial_jewellery,video_20260404_115542,frame_009690.jpg,009690,heuristic
small_object_proposal,-1,1.0,797.0,661.0,851.0,684.0,artificial_jewellery,video_20260404_115542,frame_009690.jpg,009690,heuristic
small_object_proposal,-1,1.0,1496.0,911.0,1527.0,950.0,artificial_jewellery,video_20260404_115542,frame_009690.jpg,009690,heuristic
small_object_proposal,-1,1.0,214.0,304.0,255.0,333.0,artificial_jewellery,video_20260404_115542,frame_009690.jpg,009690,heuristic
small_object_proposal,-1,1.0,1462.0,907.0,1494.0,940.0,artificial_jewellery,video_20260404_115542,frame_009690.jpg,009690,heuristic
small_object_proposal,-1,1.0,136.0,932.0,170.0,962.0,artificial_jewellery,video_20260404_115542,frame_009690.jpg,009690,heuristic
small_object_proposal,-1,1.0,1506.0,842.0,1531.0,880.0,artificial_jewellery,video_20260404_115542,frame_009690.jpg,009690,heuristic
small_object_proposal,-1,1.0,626.0,63.0,660.0,90.0,artificial_jewellery,video_20260404_115542,frame_009690.jpg,009690,heuristic
small_object_proposal,-1,1.0,765.0,710.0,786.0,753.0,artificial_jewellery,video_20260404_115542,frame_009690.jpg,009690,heuristic
sandwich,48,0.2904675304889679,949.46337890625,547.5429077148438,1328.0281982421875,863.9168701171875,artificial_jewellery,video_20260404_115542,frame_009720.jpg,009720,yolo
dining table,60,0.28697681427001953,0.0,0.0,1761.556396484375,1058.845947265625,artificial_jewellery,video_20260404_115542,frame_009720.jpg,009720,yolo
small_object_proposal,-1,1.0,486.0,48.0,571.0,105.0,artificial_jewellery,video_20260404_115542,frame_009720.jpg,009720,heuristic
small_object_proposal,-1,1.0,1127.0,169.0,1171.0,279.0,artificial_jewellery,video_20260404_115542,frame_009720.jpg,009720,heuristic
small_object_proposal,-1,1.0,1347.0,167.0,1424.0,216.0,artificial_jewellery,video_20260404_115542,frame_009720.jpg,009720,heuristic
small_object_proposal,-1,1.0,648.0,551.0,691.0,634.0,artificial_jewellery,video_20260404_115542,frame_009720.jpg,009720,heuristic
small_object_proposal,-1,1.0,1140.0,268.0,1169.0,378.0,artificial_jewellery,video_20260404_115542,frame_009720.jpg,009720,heuristic
small_object_proposal,-1,1.0,875.0,680.0,911.0,768.0,artificial_jewellery,video_20260404_115542,frame_009720.jpg,009720,heuristic
small_object_proposal,-1,1.0,1112.0,307.0,1141.0,411.0,artificial_jewellery,video_20260404_115542,frame_009720.jpg,009720,heuristic
small_object_proposal,-1,1.0,469.0,99.0,529.0,146.0,artificial_jewellery,video_20260404_115542,frame_009720.jpg,009720,heuristic
small_object_proposal,-1,1.0,152.0,329.0,194.0,395.0,artificial_jewellery,video_20260404_115542,frame_009720.jpg,009720,heuristic
small_object_proposal,-1,1.0,188.0,885.0,215.0,985.0,artificial_jewellery,video_20260404_115542,frame_009720.jpg,009720,heuristic
small_object_proposal,-1,1.0,491.0,560.0,559.0,598.0,artificial_jewellery,video_20260404_115542,frame_009720.jpg,009720,heuristic
small_object_proposal,-1,1.0,686.0,428.0,717.0,508.0,artificial_jewellery,video_20260404_115542,frame_009720.jpg,009720,heuristic
small_object_proposal,-1,1.0,1457.0,427.0,1494.0,476.0,artificial_jewellery,video_20260404_115542,frame_009720.jpg,009720,heuristic
small_object_proposal,-1,1.0,1807.0,192.0,1847.0,232.0,artificial_jewellery,video_20260404_115542,frame_009720.jpg,009720,heuristic
small_object_proposal,-1,1.0,271.0,46.0,328.0,73.0,artificial_jewellery,video_20260404_115542,frame_009720.jpg,009720,heuristic
small_object_proposal,-1,1.0,133.0,296.0,181.0,328.0,artificial_jewellery,video_20260404_115542,frame_009720.jpg,009720,heuristic
small_object_proposal,-1,1.0,14.0,394.0,62.0,423.0,artificial_jewellery,video_20260404_115542,frame_009720.jpg,009720,heuristic
small_object_proposal,-1,1.0,1046.0,279.0,1084.0,315.0,artificial_jewellery,video_20260404_115542,frame_009720.jpg,009720,heuristic
small_object_proposal,-1,1.0,1769.0,780.0,1800.0,824.0,artificial_jewellery,video_20260404_115542,frame_009720.jpg,009720,heuristic
small_object_proposal,-1,1.0,1175.0,178.0,1203.0,223.0,artificial_jewellery,video_20260404_115542,frame_009720.jpg,009720,heuristic
small_object_proposal,-1,1.0,1332.0,226.0,1351.0,291.0,artificial_jewellery,video_20260404_115542,frame_009720.jpg,009720,heuristic
small_object_proposal,-1,1.0,1420.0,855.0,1448.0,899.0,artificial_jewellery,video_20260404_115542,frame_009720.jpg,009720,heuristic
small_object_proposal,-1,1.0,1596.0,964.0,1621.0,1012.0,artificial_jewellery,video_20260404_115542,frame_009720.jpg,009720,heuristic
small_object_proposal,-1,1.0,6.0,930.0,52.0,955.0,artificial_jewellery,video_20260404_115542,frame_009720.jpg,009720,heuristic
small_object_proposal,-1,1.0,1724.0,398.0,1754.0,436.0,artificial_jewellery,video_20260404_115542,frame_009720.jpg,009720,heuristic
small_object_proposal,-1,1.0,550.0,442.0,582.0,477.0,artificial_jewellery,video_20260404_115542,frame_009720.jpg,009720,heuristic
small_object_proposal,-1,1.0,662.0,501.0,685.0,549.0,artificial_jewellery,video_20260404_115542,frame_009720.jpg,009720,heuristic
small_object_proposal,-1,1.0,1434.0,633.0,1453.0,689.0,artificial_jewellery,video_20260404_115542,frame_009720.jpg,009720,heuristic
small_object_proposal,-1,1.0,1009.0,1011.0,1036.0,1050.0,artificial_jewellery,video_20260404_115542,frame_009720.jpg,009720,heuristic
small_object_proposal,-1,1.0,2.0,425.0,45.0,449.0,artificial_jewellery,video_20260404_115542,frame_009720.jpg,009720,heuristic
person,0,0.8160365223884583,535.3571166992188,22.087371826171875,1916.9989013671875,1064.2318115234375,artificial_jewellery,video_20260404_115542,frame_009780.jpg,009780,yolo
donut,54,0.260554701089859,1213.6103515625,0.6607589721679688,1616.08642578125,210.2276611328125,artificial_jewellery,video_20260404_115542,frame_009780.jpg,009780,yolo
small_object_proposal,-1,1.0,223.0,875.0,292.0,944.0,artificial_jewellery,video_20260404_115542,frame_009780.jpg,009780,heuristic
small_object_proposal,-1,1.0,849.0,538.0,932.0,586.0,artificial_jewellery,video_20260404_115542,frame_009780.jpg,009780,heuristic
small_object_proposal,-1,1.0,1480.0,964.0,1531.0,1039.0,artificial_jewellery,video_20260404_115542,frame_009780.jpg,009780,heuristic
small_object_proposal,-1,1.0,1415.0,117.0,1478.0,163.0,artificial_jewellery,video_20260404_115542,frame_009780.jpg,009780,heuristic
small_object_proposal,-1,1.0,600.0,262.0,649.0,313.0,artificial_jewellery,video_20260404_115542,frame_009780.jpg,009780,heuristic
small_object_proposal,-1,1.0,1146.0,900.0,1205.0,942.0,artificial_jewellery,video_20260404_115542,frame_009780.jpg,009780,heuristic
small_object_proposal,-1,1.0,417.0,428.0,476.0,467.0,artificial_jewellery,video_20260404_115542,frame_009780.jpg,009780,heuristic
small_object_proposal,-1,1.0,1214.0,946.0,1272.0,984.0,artificial_jewellery,video_20260404_115542,frame_009780.jpg,009780,heuristic
small_object_proposal,-1,1.0,1822.0,29.0,1877.0,67.0,artificial_jewellery,video_20260404_115542,frame_009780.jpg,009780,heuristic
small_object_proposal,-1,1.0,1205.0,1011.0,1239.0,1072.0,artificial_jewellery,video_20260404_115542,frame_009780.jpg,009780,heuristic
small_object_proposal,-1,1.0,958.0,795.0,1017.0,830.0,artificial_jewellery,video_20260404_115542,frame_009780.jpg,009780,heuristic
small_object_proposal,-1,1.0,1712.0,643.0,1733.0,734.0,artificial_jewellery,video_20260404_115542,frame_009780.jpg,009780,heuristic
small_object_proposal,-1,1.0,998.0,187.0,1059.0,218.0,artificial_jewellery,video_20260404_115542,frame_009780.jpg,009780,heuristic
small_object_proposal,-1,1.0,75.0,422.0,130.0,455.0,artificial_jewellery,video_20260404_115542,frame_009780.jpg,009780,heuristic
small_object_proposal,-1,1.0,463.0,369.0,493.0,425.0,artificial_jewellery,video_20260404_115542,frame_009780.jpg,009780,heuristic
small_object_proposal,-1,1.0,1040.0,510.0,1094.0,541.0,artificial_jewellery,video_20260404_115542,frame_009780.jpg,009780,heuristic
small_object_proposal,-1,1.0,1094.0,871.0,1142.0,902.0,artificial_jewellery,video_20260404_115542,frame_009780.jpg,009780,heuristic
small_object_proposal,-1,1.0,496.0,150.0,526.0,197.0,artificial_jewellery,video_20260404_115542,frame_009780.jpg,009780,heuristic
small_object_proposal,-1,1.0,601.0,238.0,657.0,263.0,artificial_jewellery,video_20260404_115542,frame_009780.jpg,009780,heuristic
small_object_proposal,-1,1.0,1856.0,70.0,1888.0,105.0,artificial_jewellery,video_20260404_115542,frame_009780.jpg,009780,heuristic
small_object_proposal,-1,1.0,145.0,258.0,159.0,332.0,artificial_jewellery,video_20260404_115542,frame_009780.jpg,009780,heuristic
small_object_proposal,-1,1.0,45.0,498.0,68.0,540.0,artificial_jewellery,video_20260404_115542,frame_009780.jpg,009780,heuristic
small_object_proposal,-1,1.0,1327.0,582.0,1353.0,617.0,artificial_jewellery,video_20260404_115542,frame_009780.jpg,009780,heuristic
small_object_proposal,-1,1.0,1329.0,461.0,1357.0,493.0,artificial_jewellery,video_20260404_115542,frame_009780.jpg,009780,heuristic
small_object_proposal,-1,1.0,1241.0,464.0,1273.0,491.0,artificial_jewellery,video_20260404_115542,frame_009780.jpg,009780,heuristic
small_object_proposal,-1,1.0,970.0,179.0,1000.0,206.0,artificial_jewellery,video_20260404_115542,frame_009780.jpg,009780,heuristic
small_object_proposal,-1,1.0,317.0,485.0,351.0,508.0,artificial_jewellery,video_20260404_115542,frame_009780.jpg,009780,heuristic
small_object_proposal,-1,1.0,1476.0,72.0,1498.0,107.0,artificial_jewellery,video_20260404_115542,frame_009780.jpg,009780,heuristic
small_object_proposal,-1,1.0,1006.0,525.0,1031.0,555.0,artificial_jewellery,video_20260404_115542,frame_009780.jpg,009780,heuristic
small_object_proposal,-1,1.0,119.0,439.0,154.0,460.0,artificial_jewellery,video_20260404_115542,frame_009780.jpg,009780,heuristic
person,0,0.7609283328056335,491.3876953125,60.17999267578125,1913.5013427734375,1068.078125,artificial_jewellery,video_20260404_115542,frame_009810.jpg,009810,yolo
cake,55,0.26802071928977966,0.222930908203125,616.3416137695312,281.1164245605469,1010.2586059570312,artificial_jewellery,video_20260404_115542,frame_009810.jpg,009810,yolo
small_object_proposal,-1,1.0,566.0,189.0,625.0,269.0,artificial_jewellery,video_20260404_115542,frame_009810.jpg,009810,heuristic
small_object_proposal,-1,1.0,425.0,949.0,476.0,1036.0,artificial_jewellery,video_20260404_115542,frame_009810.jpg,009810,heuristic
small_object_proposal,-1,1.0,1383.0,144.0,1437.0,216.0,artificial_jewellery,video_20260404_115542,frame_009810.jpg,009810,heuristic
small_object_proposal,-1,1.0,1038.0,494.0,1106.0,548.0,artificial_jewellery,video_20260404_115542,frame_009810.jpg,009810,heuristic
small_object_proposal,-1,1.0,1139.0,839.0,1211.0,885.0,artificial_jewellery,video_20260404_115542,frame_009810.jpg,009810,heuristic
small_object_proposal,-1,1.0,1214.0,878.0,1293.0,919.0,artificial_jewellery,video_20260404_115542,frame_009810.jpg,009810,heuristic
small_object_proposal,-1,1.0,1703.0,560.0,1742.0,638.0,artificial_jewellery,video_20260404_115542,frame_009810.jpg,009810,heuristic
small_object_proposal,-1,1.0,1357.0,32.0,1402.0,92.0,artificial_jewellery,video_20260404_115542,frame_009810.jpg,009810,heuristic
small_object_proposal,-1,1.0,1207.0,941.0,1239.0,1025.0,artificial_jewellery,video_20260404_115542,frame_009810.jpg,009810,heuristic
small_object_proposal,-1,1.0,1510.0,506.0,1564.0,555.0,artificial_jewellery,video_20260404_115542,frame_009810.jpg,009810,heuristic
small_object_proposal,-1,1.0,1154.0,439.0,1212.0,483.0,artificial_jewellery,video_20260404_115542,frame_009810.jpg,009810,heuristic
small_object_proposal,-1,1.0,953.0,123.0,999.0,160.0,artificial_jewellery,video_20260404_115542,frame_009810.jpg,009810,heuristic
small_object_proposal,-1,1.0,30.0,409.0,70.0,451.0,artificial_jewellery,video_20260404_115542,frame_009810.jpg,009810,heuristic
small_object_proposal,-1,1.0,1275.0,717.0,1298.0,787.0,artificial_jewellery,video_20260404_115542,frame_009810.jpg,009810,heuristic
small_object_proposal,-1,1.0,687.0,1024.0,763.0,1045.0,artificial_jewellery,video_20260404_115542,frame_009810.jpg,009810,heuristic
small_object_proposal,-1,1.0,1084.0,812.0,1137.0,841.0,artificial_jewellery,video_20260404_115542,frame_009810.jpg,009810,heuristic
small_object_proposal,-1,1.0,287.0,149.0,343.0,176.0,artificial_jewellery,video_20260404_115542,frame_009810.jpg,009810,heuristic
small_object_proposal,-1,1.0,1374.0,1012.0,1428.0,1039.0,artificial_jewellery,video_20260404_115542,frame_009810.jpg,009810,heuristic
small_object_proposal,-1,1.0,888.0,192.0,955.0,213.0,artificial_jewellery,video_20260404_115542,frame_009810.jpg,009810,heuristic
small_object_proposal,-1,1.0,1342.0,436.0,1370.0,474.0,artificial_jewellery,video_20260404_115542,frame_009810.jpg,009810,heuristic
small_object_proposal,-1,1.0,1089.0,879.0,1119.0,911.0,artificial_jewellery,video_20260404_115542,frame_009810.jpg,009810,heuristic
small_object_proposal,-1,1.0,75.0,415.0,113.0,440.0,artificial_jewellery,video_20260404_115542,frame_009810.jpg,009810,heuristic
small_object_proposal,-1,1.0,1076.0,991.0,1107.0,1021.0,artificial_jewellery,video_20260404_115542,frame_009810.jpg,009810,heuristic
small_object_proposal,-1,1.0,1227.0,1037.0,1263.0,1062.0,artificial_jewellery,video_20260404_115542,frame_009810.jpg,009810,heuristic
small_object_proposal,-1,1.0,1878.0,315.0,1903.0,351.0,artificial_jewellery,video_20260404_115542,frame_009810.jpg,009810,heuristic
small_object_proposal,-1,1.0,231.0,931.0,258.0,964.0,artificial_jewellery,video_20260404_115542,frame_009810.jpg,009810,heuristic
small_object_proposal,-1,1.0,1212.0,1048.0,1244.0,1075.0,artificial_jewellery,video_20260404_115542,frame_009810.jpg,009810,heuristic
small_object_proposal,-1,1.0,930.0,987.0,955.0,1021.0,artificial_jewellery,video_20260404_115542,frame_009810.jpg,009810,heuristic
small_object_proposal,-1,1.0,209.0,932.0,227.0,979.0,artificial_jewellery,video_20260404_115542,frame_009810.jpg,009810,heuristic
small_object_proposal,-1,1.0,1021.0,476.0,1049.0,506.0,artificial_jewellery,video_20260404_115542,frame_009810.jpg,009810,heuristic
person,0,0.8195194005966187,243.46453857421875,5.90606689453125,1912.5770263671875,1066.1473388671875,artificial_jewellery,video_20260404_115542,frame_010110.jpg,010110,yolo
couch,57,0.2656079828739166,13.32586669921875,5.0137939453125,1855.1396484375,1065.488525390625,artificial_jewellery,video_20260404_115542,frame_010110.jpg,010110,yolo
small_object_proposal,-1,1.0,223.0,567.0,370.0,599.0,artificial_jewellery,video_20260404_115542,frame_010110.jpg,010110,heuristic
small_object_proposal,-1,1.0,52.0,426.0,133.0,482.0,artificial_jewellery,video_20260404_115542,frame_010110.jpg,010110,heuristic
small_object_proposal,-1,1.0,186.0,915.0,271.0,965.0,artificial_jewellery,video_20260404_115542,frame_010110.jpg,010110,heuristic
small_object_proposal,-1,1.0,1824.0,998.0,1882.0,1067.0,artificial_jewellery,video_20260404_115542,frame_010110.jpg,010110,heuristic
small_object_proposal,-1,1.0,1433.0,313.0,1469.0,424.0,artificial_jewellery,video_20260404_115542,frame_010110.jpg,010110,heuristic
small_object_proposal,-1,1.0,1382.0,461.0,1438.0,532.0,artificial_jewellery,video_20260404_115542,frame_010110.jpg,010110,heuristic
small_object_proposal,-1,1.0,1686.0,1005.0,1805.0,1038.0,artificial_jewellery,video_20260404_115542,frame_010110.jpg,010110,heuristic
small_object_proposal,-1,1.0,338.0,266.0,416.0,315.0,artificial_jewellery,video_20260404_115542,frame_010110.jpg,010110,heuristic
small_object_proposal,-1,1.0,1313.0,110.0,1358.0,194.0,artificial_jewellery,video_20260404_115542,frame_010110.jpg,010110,heuristic
small_object_proposal,-1,1.0,1508.0,695.0,1599.0,736.0,artificial_jewellery,video_20260404_115542,frame_010110.jpg,010110,heuristic
small_object_proposal,-1,1.0,1345.0,972.0,1404.0,1031.0,artificial_jewellery,video_20260404_115542,frame_010110.jpg,010110,heuristic
small_object_proposal,-1,1.0,49.0,381.0,134.0,418.0,artificial_jewellery,video_20260404_115542,frame_010110.jpg,010110,heuristic
small_object_proposal,-1,1.0,1067.0,541.0,1112.0,608.0,artificial_jewellery,video_20260404_115542,frame_010110.jpg,010110,heuristic
small_object_proposal,-1,1.0,1032.0,849.0,1078.0,914.0,artificial_jewellery,video_20260404_115542,frame_010110.jpg,010110,heuristic
small_object_proposal,-1,1.0,1084.0,954.0,1124.0,1018.0,artificial_jewellery,video_20260404_115542,frame_010110.jpg,010110,heuristic
small_object_proposal,-1,1.0,1186.0,501.0,1218.0,575.0,artificial_jewellery,video_20260404_115542,frame_010110.jpg,010110,heuristic
small_object_proposal,-1,1.0,1088.0,828.0,1144.0,869.0,artificial_jewellery,video_20260404_115542,frame_010110.jpg,010110,heuristic
small_object_proposal,-1,1.0,1353.0,631.0,1401.0,678.0,artificial_jewellery,video_20260404_115542,frame_010110.jpg,010110,heuristic
small_object_proposal,-1,1.0,1198.0,843.0,1221.0,932.0,artificial_jewellery,video_20260404_115542,frame_010110.jpg,010110,heuristic
small_object_proposal,-1,1.0,1873.0,968.0,1896.0,1043.0,artificial_jewellery,video_20260404_115542,frame_010110.jpg,010110,heuristic
small_object_proposal,-1,1.0,781.0,1011.0,809.0,1071.0,artificial_jewellery,video_20260404_115542,frame_010110.jpg,010110,heuristic
small_object_proposal,-1,1.0,1109.0,1031.0,1148.0,1074.0,artificial_jewellery,video_20260404_115542,frame_010110.jpg,010110,heuristic
small_object_proposal,-1,1.0,1261.0,579.0,1298.0,624.0,artificial_jewellery,video_20260404_115542,frame_010110.jpg,010110,heuristic
small_object_proposal,-1,1.0,1031.0,1002.0,1079.0,1036.0,artificial_jewellery,video_20260404_115542,frame_010110.jpg,010110,heuristic
small_object_proposal,-1,1.0,656.0,400.0,677.0,465.0,artificial_jewellery,video_20260404_115542,frame_010110.jpg,010110,heuristic
small_object_proposal,-1,1.0,774.0,291.0,788.0,388.0,artificial_jewellery,video_20260404_115542,frame_010110.jpg,010110,heuristic
small_object_proposal,-1,1.0,1240.0,746.0,1251.0,865.0,artificial_jewellery,video_20260404_115542,frame_010110.jpg,010110,heuristic
small_object_proposal,-1,1.0,1559.0,143.0,1590.0,180.0,artificial_jewellery,video_20260404_115542,frame_010110.jpg,010110,heuristic
small_object_proposal,-1,1.0,876.0,815.0,897.0,866.0,artificial_jewellery,video_20260404_115542,frame_010110.jpg,010110,heuristic
small_object_proposal,-1,1.0,162.0,32.0,202.0,57.0,artificial_jewellery,video_20260404_115542,frame_010110.jpg,010110,heuristic
person,0,0.6971510648727417,105.2783203125,92.28643798828125,1701.6998291015625,1070.862548828125,artificial_jewellery,video_20260404_115542,frame_010170.jpg,010170,yolo
small_object_proposal,-1,1.0,248.0,645.0,373.0,681.0,artificial_jewellery,video_20260404_115542,frame_010170.jpg,010170,heuristic
small_object_proposal,-1,1.0,450.0,968.0,517.0,1024.0,artificial_jewellery,video_20260404_115542,frame_010170.jpg,010170,heuristic
small_object_proposal,-1,1.0,1238.0,83.0,1317.0,128.0,artificial_jewellery,video_20260404_115542,frame_010170.jpg,010170,heuristic
small_object_proposal,-1,1.0,1071.0,920.0,1119.0,992.0,artificial_jewellery,video_20260404_115542,frame_010170.jpg,010170,heuristic
small_object_proposal,-1,1.0,1616.0,405.0,1746.0,426.0,artificial_jewellery,video_20260404_115542,frame_010170.jpg,010170,heuristic
small_object_proposal,-1,1.0,1225.0,488.0,1272.0,541.0,artificial_jewellery,video_20260404_115542,frame_010170.jpg,010170,heuristic
small_object_proposal,-1,1.0,1360.0,483.0,1452.0,509.0,artificial_jewellery,video_20260404_115542,frame_010170.jpg,010170,heuristic
small_object_proposal,-1,1.0,1190.0,148.0,1250.0,187.0,artificial_jewellery,video_20260404_115542,frame_010170.jpg,010170,heuristic
small_object_proposal,-1,1.0,887.0,841.0,929.0,895.0,artificial_jewellery,video_20260404_115542,frame_010170.jpg,010170,heuristic
small_object_proposal,-1,1.0,1291.0,817.0,1328.0,869.0,artificial_jewellery,video_20260404_115542,frame_010170.jpg,010170,heuristic
small_object_proposal,-1,1.0,768.0,885.0,816.0,924.0,artificial_jewellery,video_20260404_115542,frame_010170.jpg,010170,heuristic
small_object_proposal,-1,1.0,1045.0,874.0,1074.0,936.0,artificial_jewellery,video_20260404_115542,frame_010170.jpg,010170,heuristic
small_object_proposal,-1,1.0,1091.0,130.0,1172.0,152.0,artificial_jewellery,video_20260404_115542,frame_010170.jpg,010170,heuristic
small_object_proposal,-1,1.0,826.0,15.0,853.0,71.0,artificial_jewellery,video_20260404_115542,frame_010170.jpg,010170,heuristic
small_object_proposal,-1,1.0,1703.0,770.0,1718.0,851.0,artificial_jewellery,video_20260404_115542,frame_010170.jpg,010170,heuristic
small_object_proposal,-1,1.0,1232.0,598.0,1255.0,648.0,artificial_jewellery,video_20260404_115542,frame_010170.jpg,010170,heuristic
small_object_proposal,-1,1.0,1139.0,915.0,1178.0,941.0,artificial_jewellery,video_20260404_115542,frame_010170.jpg,010170,heuristic
small_object_proposal,-1,1.0,1249.0,141.0,1281.0,170.0,artificial_jewellery,video_20260404_115542,frame_010170.jpg,010170,heuristic
small_object_proposal,-1,1.0,277.0,271.0,304.0,305.0,artificial_jewellery,video_20260404_115542,frame_010170.jpg,010170,heuristic
small_object_proposal,-1,1.0,1273.0,175.0,1304.0,203.0,artificial_jewellery,video_20260404_115542,frame_010170.jpg,010170,heuristic
small_object_proposal,-1,1.0,1298.0,143.0,1327.0,171.0,artificial_jewellery,video_20260404_115542,frame_010170.jpg,010170,heuristic
small_object_proposal,-1,1.0,1443.0,971.0,1483.0,991.0,artificial_jewellery,video_20260404_115542,frame_010170.jpg,010170,heuristic
small_object_proposal,-1,1.0,1156.0,309.0,1188.0,334.0,artificial_jewellery,video_20260404_115542,frame_010170.jpg,010170,heuristic
small_object_proposal,-1,1.0,1307.0,212.0,1343.0,233.0,artificial_jewellery,video_20260404_115542,frame_010170.jpg,010170,heuristic
small_object_proposal,-1,1.0,248.0,116.0,272.0,144.0,artificial_jewellery,video_20260404_115542,frame_010170.jpg,010170,heuristic
small_object_proposal,-1,1.0,673.0,31.0,710.0,49.0,artificial_jewellery,video_20260404_115542,frame_010170.jpg,010170,heuristic
small_object_proposal,-1,1.0,836.0,167.0,858.0,197.0,artificial_jewellery,video_20260404_115542,frame_010170.jpg,010170,heuristic
small_object_proposal,-1,1.0,1251.0,170.0,1275.0,197.0,artificial_jewellery,video_20260404_115542,frame_010170.jpg,010170,heuristic
small_object_proposal,-1,1.0,1063.0,95.0,1091.0,117.0,artificial_jewellery,video_20260404_115542,frame_010170.jpg,010170,heuristic
small_object_proposal,-1,1.0,1216.0,210.0,1235.0,242.0,artificial_jewellery,video_20260404_115542,frame_010170.jpg,010170,heuristic
person,0,0.6575256586074829,197.25274658203125,121.23550415039062,1759.6422119140625,1066.4920654296875,artificial_jewellery,video_20260404_115542,frame_010200.jpg,010200,yolo
couch,57,0.34252163767814636,50.02239990234375,12.2889404296875,1876.5853271484375,1070.5228271484375,artificial_jewellery,video_20260404_115542,frame_010200.jpg,010200,yolo
small_object_proposal,-1,1.0,116.0,482.0,207.0,530.0,artificial_jewellery,video_20260404_115542,frame_010200.jpg,010200,heuristic
small_object_proposal,-1,1.0,1215.0,145.0,1305.0,183.0,artificial_jewellery,video_20260404_115542,frame_010200.jpg,010200,heuristic
small_object_proposal,-1,1.0,113.0,449.0,204.0,484.0,artificial_jewellery,video_20260404_115542,frame_010200.jpg,010200,heuristic
small_object_proposal,-1,1.0,881.0,915.0,944.0,964.0,artificial_jewellery,video_20260404_115542,frame_010200.jpg,010200,heuristic
small_object_proposal,-1,1.0,264.0,652.0,360.0,684.0,artificial_jewellery,video_20260404_115542,frame_010200.jpg,010200,heuristic
small_object_proposal,-1,1.0,1078.0,200.0,1104.0,308.0,artificial_jewellery,video_20260404_115542,frame_010200.jpg,010200,heuristic
small_object_proposal,-1,1.0,477.0,963.0,539.0,1002.0,artificial_jewellery,video_20260404_115542,frame_010200.jpg,010200,heuristic
small_object_proposal,-1,1.0,1078.0,962.0,1117.0,1012.0,artificial_jewellery,video_20260404_115542,frame_010200.jpg,010200,heuristic
small_object_proposal,-1,1.0,748.0,622.0,784.0,674.0,artificial_jewellery,video_20260404_115542,frame_010200.jpg,010200,heuristic
small_object_proposal,-1,1.0,727.0,442.0,754.0,503.0,artificial_jewellery,video_20260404_115542,frame_010200.jpg,010200,heuristic
small_object_proposal,-1,1.0,848.0,68.0,896.0,102.0,artificial_jewellery,video_20260404_115542,frame_010200.jpg,010200,heuristic
small_object_proposal,-1,1.0,1401.0,353.0,1461.0,380.0,artificial_jewellery,video_20260404_115542,frame_010200.jpg,010200,heuristic
small_object_proposal,-1,1.0,1246.0,621.0,1276.0,674.0,artificial_jewellery,video_20260404_115542,frame_010200.jpg,010200,heuristic
small_object_proposal,-1,1.0,1625.0,991.0,1676.0,1022.0,artificial_jewellery,video_20260404_115542,frame_010200.jpg,010200,heuristic
small_object_proposal,-1,1.0,836.0,268.0,919.0,287.0,artificial_jewellery,video_20260404_115542,frame_010200.jpg,010200,heuristic
small_object_proposal,-1,1.0,1071.0,937.0,1110.0,976.0,artificial_jewellery,video_20260404_115542,frame_010200.jpg,010200,heuristic
small_object_proposal,-1,1.0,1455.0,499.0,1520.0,522.0,artificial_jewellery,video_20260404_115542,frame_010200.jpg,010200,heuristic
small_object_proposal,-1,1.0,1696.0,811.0,1715.0,889.0,artificial_jewellery,video_20260404_115542,frame_010200.jpg,010200,heuristic
small_object_proposal,-1,1.0,1132.0,192.0,1168.0,231.0,artificial_jewellery,video_20260404_115542,frame_010200.jpg,010200,heuristic
small_object_proposal,-1,1.0,1239.0,176.0,1270.0,218.0,artificial_jewellery,video_20260404_115542,frame_010200.jpg,010200,heuristic
small_object_proposal,-1,1.0,932.0,945.0,962.0,987.0,artificial_jewellery,video_20260404_115542,frame_010200.jpg,010200,heuristic
small_object_proposal,-1,1.0,1320.0,856.0,1349.0,896.0,artificial_jewellery,video_20260404_115542,frame_010200.jpg,010200,heuristic
small_object_proposal,-1,1.0,1165.0,346.0,1210.0,370.0,artificial_jewellery,video_20260404_115542,frame_010200.jpg,010200,heuristic
small_object_proposal,-1,1.0,923.0,191.0,953.0,227.0,artificial_jewellery,video_20260404_115542,frame_010200.jpg,010200,heuristic
small_object_proposal,-1,1.0,891.0,23.0,912.0,70.0,artificial_jewellery,video_20260404_115542,frame_010200.jpg,010200,heuristic
small_object_proposal,-1,1.0,1274.0,206.0,1306.0,233.0,artificial_jewellery,video_20260404_115542,frame_010200.jpg,010200,heuristic
small_object_proposal,-1,1.0,894.0,76.0,916.0,115.0,artificial_jewellery,video_20260404_115542,frame_010200.jpg,010200,heuristic
small_object_proposal,-1,1.0,1124.0,923.0,1162.0,945.0,artificial_jewellery,video_20260404_115542,frame_010200.jpg,010200,heuristic
small_object_proposal,-1,1.0,1615.0,457.0,1676.0,470.0,artificial_jewellery,video_20260404_115542,frame_010200.jpg,010200,heuristic
small_object_proposal,-1,1.0,1312.0,193.0,1339.0,221.0,artificial_jewellery,video_20260404_115542,frame_010200.jpg,010200,heuristic
person,0,0.7927846312522888,172.21929931640625,151.2528076171875,1737.6771240234375,1067.203857421875,artificial_jewellery,video_20260404_115542,frame_010230.jpg,010230,yolo
small_object_proposal,-1,1.0,1531.0,736.0,1588.0,820.0,artificial_jewellery,video_20260404_115542,frame_010230.jpg,010230,heuristic
small_object_proposal,-1,1.0,695.0,792.0,746.0,873.0,artificial_jewellery,video_20260404_115542,frame_010230.jpg,010230,heuristic
small_object_proposal,-1,1.0,1519.0,731.0,1578.0,796.0,artificial_jewellery,video_20260404_115542,frame_010230.jpg,010230,heuristic
small_object_proposal,-1,1.0,1070.0,874.0,1122.0,946.0,artificial_jewellery,video_20260404_115542,frame_010230.jpg,010230,heuristic
small_object_proposal,-1,1.0,399.0,298.0,469.0,346.0,artificial_jewellery,video_20260404_115542,frame_010230.jpg,010230,heuristic
small_object_proposal,-1,1.0,1614.0,895.0,1657.0,966.0,artificial_jewellery,video_20260404_115542,frame_010230.jpg,010230,heuristic
small_object_proposal,-1,1.0,905.0,876.0,964.0,927.0,artificial_jewellery,video_20260404_115542,frame_010230.jpg,010230,heuristic
small_object_proposal,-1,1.0,1298.0,212.0,1386.0,246.0,artificial_jewellery,video_20260404_115542,frame_010230.jpg,010230,heuristic
small_object_proposal,-1,1.0,1147.0,222.0,1211.0,265.0,artificial_jewellery,video_20260404_115542,frame_010230.jpg,010230,heuristic
small_object_proposal,-1,1.0,668.0,695.0,709.0,760.0,artificial_jewellery,video_20260404_115542,frame_010230.jpg,010230,heuristic
small_object_proposal,-1,1.0,1213.0,574.0,1255.0,632.0,artificial_jewellery,video_20260404_115542,frame_010230.jpg,010230,heuristic
small_object_proposal,-1,1.0,1067.0,346.0,1107.0,406.0,artificial_jewellery,video_20260404_115542,frame_010230.jpg,010230,heuristic
small_object_proposal,-1,1.0,286.0,85.0,348.0,122.0,artificial_jewellery,video_20260404_115542,frame_010230.jpg,010230,heuristic
small_object_proposal,-1,1.0,1605.0,829.0,1632.0,911.0,artificial_jewellery,video_20260404_115542,frame_010230.jpg,010230,heuristic
small_object_proposal,-1,1.0,1444.0,533.0,1526.0,560.0,artificial_jewellery,video_20260404_115542,frame_010230.jpg,010230,heuristic
small_object_proposal,-1,1.0,336.0,15.0,385.0,58.0,artificial_jewellery,video_20260404_115542,frame_010230.jpg,010230,heuristic
small_object_proposal,-1,1.0,688.0,986.0,745.0,1022.0,artificial_jewellery,video_20260404_115542,frame_010230.jpg,010230,heuristic
small_object_proposal,-1,1.0,299.0,53.0,359.0,86.0,artificial_jewellery,video_20260404_115542,frame_010230.jpg,010230,heuristic
small_object_proposal,-1,1.0,291.0,13.0,338.0,53.0,artificial_jewellery,video_20260404_115542,frame_010230.jpg,010230,heuristic
small_object_proposal,-1,1.0,1271.0,549.0,1293.0,634.0,artificial_jewellery,video_20260404_115542,frame_010230.jpg,010230,heuristic
small_object_proposal,-1,1.0,199.0,42.0,238.0,86.0,artificial_jewellery,video_20260404_115542,frame_010230.jpg,010230,heuristic
small_object_proposal,-1,1.0,1306.0,809.0,1343.0,853.0,artificial_jewellery,video_20260404_115542,frame_010230.jpg,010230,heuristic
small_object_proposal,-1,1.0,1290.0,20.0,1375.0,39.0,artificial_jewellery,video_20260404_115542,frame_010230.jpg,010230,heuristic
small_object_proposal,-1,1.0,1108.0,910.0,1143.0,954.0,artificial_jewellery,video_20260404_115542,frame_010230.jpg,010230,heuristic
small_object_proposal,-1,1.0,1764.0,5.0,1793.0,50.0,artificial_jewellery,video_20260404_115542,frame_010230.jpg,010230,heuristic
small_object_proposal,-1,1.0,1285.0,191.0,1325.0,223.0,artificial_jewellery,video_20260404_115542,frame_010230.jpg,010230,heuristic
small_object_proposal,-1,1.0,1396.0,561.0,1427.0,601.0,artificial_jewellery,video_20260404_115542,frame_010230.jpg,010230,heuristic
small_object_proposal,-1,1.0,1037.0,838.0,1061.0,889.0,artificial_jewellery,video_20260404_115542,frame_010230.jpg,010230,heuristic
small_object_proposal,-1,1.0,607.0,25.0,639.0,60.0,artificial_jewellery,video_20260404_115542,frame_010230.jpg,010230,heuristic
small_object_proposal,-1,1.0,853.0,563.0,885.0,596.0,artificial_jewellery,video_20260404_115542,frame_010230.jpg,010230,heuristic
person,0,0.7864580154418945,381.2953796386719,78.21112060546875,1912.5634765625,1069.297119140625,artificial_jewellery,video_20260404_115542,frame_010260.jpg,010260,yolo
small_object_proposal,-1,1.0,298.0,592.0,462.0,622.0,artificial_jewellery,video_20260404_115542,frame_010260.jpg,010260,heuristic
small_object_proposal,-1,1.0,1298.0,320.0,1340.0,420.0,artificial_jewellery,video_20260404_115542,frame_010260.jpg,010260,heuristic
small_object_proposal,-1,1.0,1233.0,549.0,1281.0,628.0,artificial_jewellery,video_20260404_115542,frame_010260.jpg,010260,heuristic
small_object_proposal,-1,1.0,1148.0,946.0,1195.0,1018.0,artificial_jewellery,video_20260404_115542,frame_010260.jpg,010260,heuristic
small_object_proposal,-1,1.0,1160.0,1011.0,1205.0,1074.0,artificial_jewellery,video_20260404_115542,frame_010260.jpg,010260,heuristic
small_object_proposal,-1,1.0,1156.0,253.0,1189.0,335.0,artificial_jewellery,video_20260404_115542,frame_010260.jpg,010260,heuristic
small_object_proposal,-1,1.0,1204.0,289.0,1259.0,329.0,artificial_jewellery,video_20260404_115542,frame_010260.jpg,010260,heuristic
small_object_proposal,-1,1.0,1017.0,808.0,1060.0,851.0,artificial_jewellery,video_20260404_115542,frame_010260.jpg,010260,heuristic
small_object_proposal,-1,1.0,1081.0,789.0,1101.0,869.0,artificial_jewellery,video_20260404_115542,frame_010260.jpg,010260,heuristic
small_object_proposal,-1,1.0,885.0,44.0,923.0,82.0,artificial_jewellery,video_20260404_115542,frame_010260.jpg,010260,heuristic
small_object_proposal,-1,1.0,1132.0,8.0,1166.0,50.0,artificial_jewellery,video_20260404_115542,frame_010260.jpg,010260,heuristic
small_object_proposal,-1,1.0,1073.0,908.0,1100.0,959.0,artificial_jewellery,video_20260404_115542,frame_010260.jpg,010260,heuristic
small_object_proposal,-1,1.0,274.0,66.0,312.0,102.0,artificial_jewellery,video_20260404_115542,frame_010260.jpg,010260,heuristic
small_object_proposal,-1,1.0,1313.0,1018.0,1345.0,1060.0,artificial_jewellery,video_20260404_115542,frame_010260.jpg,010260,heuristic
small_object_proposal,-1,1.0,1220.0,906.0,1235.0,985.0,artificial_jewellery,video_20260404_115542,frame_010260.jpg,010260,heuristic
small_object_proposal,-1,1.0,1252.0,319.0,1264.0,414.0,artificial_jewellery,video_20260404_115542,frame_010260.jpg,010260,heuristic
small_object_proposal,-1,1.0,1342.0,473.0,1377.0,505.0,artificial_jewellery,video_20260404_115542,frame_010260.jpg,010260,heuristic
small_object_proposal,-1,1.0,1242.0,242.0,1270.0,278.0,artificial_jewellery,video_20260404_115542,frame_010260.jpg,010260,heuristic
small_object_proposal,-1,1.0,680.0,869.0,711.0,898.0,artificial_jewellery,video_20260404_115542,frame_010260.jpg,010260,heuristic
small_object_proposal,-1,1.0,1550.0,466.0,1567.0,510.0,artificial_jewellery,video_20260404_115542,frame_010260.jpg,010260,heuristic
small_object_proposal,-1,1.0,1372.0,297.0,1397.0,325.0,artificial_jewellery,video_20260404_115542,frame_010260.jpg,010260,heuristic
small_object_proposal,-1,1.0,1493.0,205.0,1551.0,217.0,artificial_jewellery,video_20260404_115542,frame_010260.jpg,010260,heuristic
small_object_proposal,-1,1.0,981.0,76.0,1007.0,101.0,artificial_jewellery,video_20260404_115542,frame_010260.jpg,010260,heuristic
small_object_proposal,-1,1.0,1114.0,120.0,1141.0,143.0,artificial_jewellery,video_20260404_115542,frame_010260.jpg,010260,heuristic
small_object_proposal,-1,1.0,1304.0,286.0,1335.0,306.0,artificial_jewellery,video_20260404_115542,frame_010260.jpg,010260,heuristic
small_object_proposal,-1,1.0,308.0,145.0,342.0,162.0,artificial_jewellery,video_20260404_115542,frame_010260.jpg,010260,heuristic
small_object_proposal,-1,1.0,743.0,35.0,779.0,51.0,artificial_jewellery,video_20260404_115542,frame_010260.jpg,010260,heuristic
small_object_proposal,-1,1.0,984.0,1001.0,1011.0,1022.0,artificial_jewellery,video_20260404_115542,frame_010260.jpg,010260,heuristic
small_object_proposal,-1,1.0,161.0,957.0,178.0,990.0,artificial_jewellery,video_20260404_115542,frame_010260.jpg,010260,heuristic
small_object_proposal,-1,1.0,1166.0,159.0,1188.0,184.0,artificial_jewellery,video_20260404_115542,frame_010260.jpg,010260,heuristic
person,0,0.7272629141807556,88.839111328125,44.80023193359375,1832.394287109375,1068.8277587890625,artificial_jewellery,video_20260404_115542,frame_010290.jpg,010290,yolo
small_object_proposal,-1,1.0,1785.0,918.0,1833.0,1018.0,artificial_jewellery,video_20260404_115542,frame_010290.jpg,010290,heuristic
small_object_proposal,-1,1.0,727.0,854.0,811.0,909.0,artificial_jewellery,video_20260404_115542,frame_010290.jpg,010290,heuristic
small_object_proposal,-1,1.0,288.0,479.0,366.0,538.0,artificial_jewellery,video_20260404_115542,frame_010290.jpg,010290,heuristic
small_object_proposal,-1,1.0,1463.0,809.0,1537.0,870.0,artificial_jewellery,video_20260404_115542,frame_010290.jpg,010290,heuristic
small_object_proposal,-1,1.0,1161.0,769.0,1204.0,872.0,artificial_jewellery,video_20260404_115542,frame_010290.jpg,010290,heuristic
small_object_proposal,-1,1.0,818.0,690.0,891.0,742.0,artificial_jewellery,video_20260404_115542,frame_010290.jpg,010290,heuristic
small_object_proposal,-1,1.0,644.0,930.0,703.0,993.0,artificial_jewellery,video_20260404_115542,frame_010290.jpg,010290,heuristic
small_object_proposal,-1,1.0,1539.0,645.0,1602.0,702.0,artificial_jewellery,video_20260404_115542,frame_010290.jpg,010290,heuristic
small_object_proposal,-1,1.0,615.0,422.0,667.0,491.0,artificial_jewellery,video_20260404_115542,frame_010290.jpg,010290,heuristic
small_object_proposal,-1,1.0,1009.0,895.0,1051.0,979.0,artificial_jewellery,video_20260404_115542,frame_010290.jpg,010290,heuristic
small_object_proposal,-1,1.0,933.0,945.0,978.0,1018.0,artificial_jewellery,video_20260404_115542,frame_010290.jpg,010290,heuristic
small_object_proposal,-1,1.0,1117.0,851.0,1170.0,912.0,artificial_jewellery,video_20260404_115542,frame_010290.jpg,010290,heuristic
small_object_proposal,-1,1.0,1511.0,83.0,1574.0,134.0,artificial_jewellery,video_20260404_115542,frame_010290.jpg,010290,heuristic
small_object_proposal,-1,1.0,1699.0,903.0,1738.0,980.0,artificial_jewellery,video_20260404_115542,frame_010290.jpg,010290,heuristic
small_object_proposal,-1,1.0,1522.0,269.0,1571.0,324.0,artificial_jewellery,video_20260404_115542,frame_010290.jpg,010290,heuristic
small_object_proposal,-1,1.0,702.0,728.0,736.0,806.0,artificial_jewellery,video_20260404_115542,frame_010290.jpg,010290,heuristic
small_object_proposal,-1,1.0,1029.0,818.0,1084.0,863.0,artificial_jewellery,video_20260404_115542,frame_010290.jpg,010290,heuristic
small_object_proposal,-1,1.0,975.0,1022.0,1017.0,1077.0,artificial_jewellery,video_20260404_115542,frame_010290.jpg,010290,heuristic
small_object_proposal,-1,1.0,1416.0,821.0,1471.0,863.0,artificial_jewellery,video_20260404_115542,frame_010290.jpg,010290,heuristic
small_object_proposal,-1,1.0,754.0,831.0,831.0,860.0,artificial_jewellery,video_20260404_115542,frame_010290.jpg,010290,heuristic
small_object_proposal,-1,1.0,954.0,886.0,1004.0,923.0,artificial_jewellery,video_20260404_115542,frame_010290.jpg,010290,heuristic
small_object_proposal,-1,1.0,1626.0,463.0,1649.0,543.0,artificial_jewellery,video_20260404_115542,frame_010290.jpg,010290,heuristic
small_object_proposal,-1,1.0,958.0,938.0,1015.0,970.0,artificial_jewellery,video_20260404_115542,frame_010290.jpg,010290,heuristic
small_object_proposal,-1,1.0,1446.0,856.0,1489.0,897.0,artificial_jewellery,video_20260404_115542,frame_010290.jpg,010290,heuristic
small_object_proposal,-1,1.0,1090.0,776.0,1127.0,823.0,artificial_jewellery,video_20260404_115542,frame_010290.jpg,010290,heuristic
small_object_proposal,-1,1.0,1472.0,855.0,1495.0,930.0,artificial_jewellery,video_20260404_115542,frame_010290.jpg,010290,heuristic
small_object_proposal,-1,1.0,1109.0,766.0,1139.0,823.0,artificial_jewellery,video_20260404_115542,frame_010290.jpg,010290,heuristic
small_object_proposal,-1,1.0,891.0,904.0,934.0,943.0,artificial_jewellery,video_20260404_115542,frame_010290.jpg,010290,heuristic
small_object_proposal,-1,1.0,612.0,995.0,656.0,1033.0,artificial_jewellery,video_20260404_115542,frame_010290.jpg,010290,heuristic
small_object_proposal,-1,1.0,1154.0,417.0,1209.0,445.0,artificial_jewellery,video_20260404_115542,frame_010290.jpg,010290,heuristic
person,0,0.7584382891654968,126.24591064453125,20.990386962890625,1913.120849609375,1066.0806884765625,artificial_jewellery,video_20260404_115542,frame_010440.jpg,010440,yolo
small_object_proposal,-1,1.0,1406.0,538.0,1452.0,625.0,artificial_jewellery,video_20260404_115542,frame_010440.jpg,010440,heuristic
small_object_proposal,-1,1.0,1317.0,476.0,1384.0,535.0,artificial_jewellery,video_20260404_115542,frame_010440.jpg,010440,heuristic
small_object_proposal,-1,1.0,825.0,1006.0,901.0,1056.0,artificial_jewellery,video_20260404_115542,frame_010440.jpg,010440,heuristic
small_object_proposal,-1,1.0,928.0,953.0,989.0,1014.0,artificial_jewellery,video_20260404_115542,frame_010440.jpg,010440,heuristic
small_object_proposal,-1,1.0,699.0,296.0,766.0,350.0,artificial_jewellery,video_20260404_115542,frame_010440.jpg,010440,heuristic
small_object_proposal,-1,1.0,1257.0,582.0,1303.0,660.0,artificial_jewellery,video_20260404_115542,frame_010440.jpg,010440,heuristic
small_object_proposal,-1,1.0,1028.0,813.0,1075.0,884.0,artificial_jewellery,video_20260404_115542,frame_010440.jpg,010440,heuristic
small_object_proposal,-1,1.0,1137.0,867.0,1176.0,952.0,artificial_jewellery,video_20260404_115542,frame_010440.jpg,010440,heuristic
small_object_proposal,-1,1.0,1046.0,896.0,1101.0,956.0,artificial_jewellery,video_20260404_115542,frame_010440.jpg,010440,heuristic
small_object_proposal,-1,1.0,1107.0,730.0,1145.0,811.0,artificial_jewellery,video_20260404_115542,frame_010440.jpg,010440,heuristic
small_object_proposal,-1,1.0,992.0,390.0,1042.0,447.0,artificial_jewellery,video_20260404_115542,frame_010440.jpg,010440,heuristic
small_object_proposal,-1,1.0,384.0,685.0,446.0,727.0,artificial_jewellery,video_20260404_115542,frame_010440.jpg,010440,heuristic
small_object_proposal,-1,1.0,1348.0,427.0,1387.0,491.0,artificial_jewellery,video_20260404_115542,frame_010440.jpg,010440,heuristic
small_object_proposal,-1,1.0,73.0,966.0,98.0,1062.0,artificial_jewellery,video_20260404_115542,frame_010440.jpg,010440,heuristic
small_object_proposal,-1,1.0,888.0,867.0,925.0,930.0,artificial_jewellery,video_20260404_115542,frame_010440.jpg,010440,heuristic
small_object_proposal,-1,1.0,961.0,877.0,1013.0,919.0,artificial_jewellery,video_20260404_115542,frame_010440.jpg,010440,heuristic
small_object_proposal,-1,1.0,1250.0,334.0,1293.0,384.0,artificial_jewellery,video_20260404_115542,frame_010440.jpg,010440,heuristic
small_object_proposal,-1,1.0,1207.0,266.0,1263.0,303.0,artificial_jewellery,video_20260404_115542,frame_010440.jpg,010440,heuristic
small_object_proposal,-1,1.0,898.0,951.0,949.0,982.0,artificial_jewellery,video_20260404_115542,frame_010440.jpg,010440,heuristic
small_object_proposal,-1,1.0,946.0,450.0,984.0,489.0,artificial_jewellery,video_20260404_115542,frame_010440.jpg,010440,heuristic
small_object_proposal,-1,1.0,1256.0,767.0,1296.0,802.0,artificial_jewellery,video_20260404_115542,frame_010440.jpg,010440,heuristic
small_object_proposal,-1,1.0,1156.0,544.0,1178.0,606.0,artificial_jewellery,video_20260404_115542,frame_010440.jpg,010440,heuristic
small_object_proposal,-1,1.0,1427.0,316.0,1498.0,334.0,artificial_jewellery,video_20260404_115542,frame_010440.jpg,010440,heuristic
small_object_proposal,-1,1.0,1341.0,662.0,1380.0,694.0,artificial_jewellery,video_20260404_115542,frame_010440.jpg,010440,heuristic
small_object_proposal,-1,1.0,1835.0,950.0,1891.0,972.0,artificial_jewellery,video_20260404_115542,frame_010440.jpg,010440,heuristic
small_object_proposal,-1,1.0,1052.0,1041.0,1088.0,1075.0,artificial_jewellery,video_20260404_115542,frame_010440.jpg,010440,heuristic
small_object_proposal,-1,1.0,1568.0,1041.0,1604.0,1073.0,artificial_jewellery,video_20260404_115542,frame_010440.jpg,010440,heuristic
small_object_proposal,-1,1.0,1190.0,387.0,1213.0,437.0,artificial_jewellery,video_20260404_115542,frame_010440.jpg,010440,heuristic
small_object_proposal,-1,1.0,1777.0,969.0,1842.0,986.0,artificial_jewellery,video_20260404_115542,frame_010440.jpg,010440,heuristic
small_object_proposal,-1,1.0,1097.0,1009.0,1131.0,1041.0,artificial_jewellery,video_20260404_115542,frame_010440.jpg,010440,heuristic
person,0,0.7827391624450684,239.61126708984375,165.0889892578125,1823.7283935546875,1067.253662109375,artificial_jewellery,video_20260404_115542,frame_010500.jpg,010500,yolo
cell phone,67,0.31197476387023926,1170.6177978515625,27.92383575439453,1331.5850830078125,276.64251708984375,artificial_jewellery,video_20260404_115542,frame_010500.jpg,010500,yolo
small_object_proposal,-1,1.0,1021.0,882.0,1074.0,974.0,artificial_jewellery,video_20260404_115542,frame_010500.jpg,010500,heuristic
small_object_proposal,-1,1.0,938.0,746.0,989.0,840.0,artificial_jewellery,video_20260404_115542,frame_010500.jpg,010500,heuristic
small_object_proposal,-1,1.0,1652.0,872.0,1701.0,968.0,artificial_jewellery,video_20260404_115542,frame_010500.jpg,010500,heuristic
small_object_proposal,-1,1.0,458.0,952.0,541.0,1007.0,artificial_jewellery,video_20260404_115542,frame_010500.jpg,010500,heuristic
small_object_proposal,-1,1.0,1302.0,888.0,1348.0,970.0,artificial_jewellery,video_20260404_115542,frame_010500.jpg,010500,heuristic
small_object_proposal,-1,1.0,1224.0,705.0,1285.0,755.0,artificial_jewellery,video_20260404_115542,frame_010500.jpg,010500,heuristic
small_object_proposal,-1,1.0,1424.0,248.0,1479.0,302.0,artificial_jewellery,video_20260404_115542,frame_010500.jpg,010500,heuristic
small_object_proposal,-1,1.0,1051.0,748.0,1090.0,823.0,artificial_jewellery,video_20260404_115542,frame_010500.jpg,010500,heuristic
small_object_proposal,-1,1.0,643.0,353.0,672.0,431.0,artificial_jewellery,video_20260404_115542,frame_010500.jpg,010500,heuristic
small_object_proposal,-1,1.0,1169.0,636.0,1193.0,723.0,artificial_jewellery,video_20260404_115542,frame_010500.jpg,010500,heuristic
small_object_proposal,-1,1.0,66.0,870.0,104.0,920.0,artificial_jewellery,video_20260404_115542,frame_010500.jpg,010500,heuristic
small_object_proposal,-1,1.0,528.0,938.0,587.0,968.0,artificial_jewellery,video_20260404_115542,frame_010500.jpg,010500,heuristic
small_object_proposal,-1,1.0,7.0,875.0,50.0,915.0,artificial_jewellery,video_20260404_115542,frame_010500.jpg,010500,heuristic
small_object_proposal,-1,1.0,1377.0,972.0,1405.0,1025.0,artificial_jewellery,video_20260404_115542,frame_010500.jpg,010500,heuristic
small_object_proposal,-1,1.0,960.0,832.0,993.0,876.0,artificial_jewellery,video_20260404_115542,frame_010500.jpg,010500,heuristic
small_object_proposal,-1,1.0,938.0,979.0,970.0,1022.0,artificial_jewellery,video_20260404_115542,frame_010500.jpg,010500,heuristic
small_object_proposal,-1,1.0,1683.0,1024.0,1748.0,1045.0,artificial_jewellery,video_20260404_115542,frame_010500.jpg,010500,heuristic
small_object_proposal,-1,1.0,944.0,914.0,989.0,943.0,artificial_jewellery,video_20260404_115542,frame_010500.jpg,010500,heuristic
small_object_proposal,-1,1.0,1012.0,509.0,1038.0,558.0,artificial_jewellery,video_20260404_115542,frame_010500.jpg,010500,heuristic
small_object_proposal,-1,1.0,1826.0,1022.0,1851.0,1072.0,artificial_jewellery,video_20260404_115542,frame_010500.jpg,010500,heuristic
small_object_proposal,-1,1.0,458.0,997.0,491.0,1033.0,artificial_jewellery,video_20260404_115542,frame_010500.jpg,010500,heuristic
small_object_proposal,-1,1.0,1082.0,815.0,1110.0,856.0,artificial_jewellery,video_20260404_115542,frame_010500.jpg,010500,heuristic
small_object_proposal,-1,1.0,1077.0,677.0,1115.0,707.0,artificial_jewellery,video_20260404_115542,frame_010500.jpg,010500,heuristic
small_object_proposal,-1,1.0,1046.0,73.0,1074.0,111.0,artificial_jewellery,video_20260404_115542,frame_010500.jpg,010500,heuristic
small_object_proposal,-1,1.0,874.0,386.0,901.0,425.0,artificial_jewellery,video_20260404_115542,frame_010500.jpg,010500,heuristic
small_object_proposal,-1,1.0,1063.0,1023.0,1095.0,1053.0,artificial_jewellery,video_20260404_115542,frame_010500.jpg,010500,heuristic
small_object_proposal,-1,1.0,854.0,1014.0,889.0,1037.0,artificial_jewellery,video_20260404_115542,frame_010500.jpg,010500,heuristic
small_object_proposal,-1,1.0,1534.0,970.0,1600.0,982.0,artificial_jewellery,video_20260404_115542,frame_010500.jpg,010500,heuristic
small_object_proposal,-1,1.0,1279.0,754.0,1318.0,774.0,artificial_jewellery,video_20260404_115542,frame_010500.jpg,010500,heuristic
small_object_proposal,-1,1.0,901.0,422.0,927.0,451.0,artificial_jewellery,video_20260404_115542,frame_010500.jpg,010500,heuristic
person,0,0.6807151436805725,97.54559326171875,38.47283935546875,1914.1414794921875,1070.4757080078125,artificial_jewellery,video_20260404_115542,frame_010530.jpg,010530,yolo
pizza,53,0.2960205376148224,0.0,851.2871704101562,112.06611633300781,1035.9500732421875,artificial_jewellery,video_20260404_115542,frame_010530.jpg,010530,yolo
small_object_proposal,-1,1.0,1693.0,891.0,1785.0,943.0,artificial_jewellery,video_20260404_115542,frame_010530.jpg,010530,heuristic
small_object_proposal,-1,1.0,1080.0,782.0,1136.0,861.0,artificial_jewellery,video_20260404_115542,frame_010530.jpg,010530,heuristic
small_object_proposal,-1,1.0,647.0,226.0,799.0,255.0,artificial_jewellery,video_20260404_115542,frame_010530.jpg,010530,heuristic
small_object_proposal,-1,1.0,1023.0,756.0,1089.0,816.0,artificial_jewellery,video_20260404_115542,frame_010530.jpg,010530,heuristic
small_object_proposal,-1,1.0,582.0,1031.0,673.0,1072.0,artificial_jewellery,video_20260404_115542,frame_010530.jpg,010530,heuristic
small_object_proposal,-1,1.0,1238.0,412.0,1279.0,500.0,artificial_jewellery,video_20260404_115542,frame_010530.jpg,010530,heuristic
small_object_proposal,-1,1.0,1471.0,945.0,1531.0,1002.0,artificial_jewellery,video_20260404_115542,frame_010530.jpg,010530,heuristic
small_object_proposal,-1,1.0,1337.0,905.0,1379.0,984.0,artificial_jewellery,video_20260404_115542,frame_010530.jpg,010530,heuristic
small_object_proposal,-1,1.0,1037.0,934.0,1092.0,992.0,artificial_jewellery,video_20260404_115542,frame_010530.jpg,010530,heuristic
small_object_proposal,-1,1.0,1376.0,733.0,1448.0,777.0,artificial_jewellery,video_20260404_115542,frame_010530.jpg,010530,heuristic
small_object_proposal,-1,1.0,1629.0,272.0,1684.0,325.0,artificial_jewellery,video_20260404_115542,frame_010530.jpg,010530,heuristic
small_object_proposal,-1,1.0,1174.0,589.0,1204.0,680.0,artificial_jewellery,video_20260404_115542,frame_010530.jpg,010530,heuristic
small_object_proposal,-1,1.0,1458.0,1017.0,1530.0,1054.0,artificial_jewellery,video_20260404_115542,frame_010530.jpg,010530,heuristic
small_object_proposal,-1,1.0,557.0,944.0,583.0,1028.0,artificial_jewellery,video_20260404_115542,frame_010530.jpg,010530,heuristic
small_object_proposal,-1,1.0,469.0,1006.0,500.0,1076.0,artificial_jewellery,video_20260404_115542,frame_010530.jpg,010530,heuristic
small_object_proposal,-1,1.0,1075.0,752.0,1114.0,806.0,artificial_jewellery,video_20260404_115542,frame_010530.jpg,010530,heuristic
small_object_proposal,-1,1.0,1170.0,816.0,1210.0,867.0,artificial_jewellery,video_20260404_115542,frame_010530.jpg,010530,heuristic
small_object_proposal,-1,1.0,946.0,430.0,976.0,498.0,artificial_jewellery,video_20260404_115542,frame_010530.jpg,010530,heuristic
small_object_proposal,-1,1.0,1018.0,577.0,1057.0,629.0,artificial_jewellery,video_20260404_115542,frame_010530.jpg,010530,heuristic
small_object_proposal,-1,1.0,1085.0,444.0,1122.0,495.0,artificial_jewellery,video_20260404_115542,frame_010530.jpg,010530,heuristic
small_object_proposal,-1,1.0,978.0,840.0,1014.0,887.0,artificial_jewellery,video_20260404_115542,frame_010530.jpg,010530,heuristic
small_object_proposal,-1,1.0,1497.0,790.0,1517.0,872.0,artificial_jewellery,video_20260404_115542,frame_010530.jpg,010530,heuristic
small_object_proposal,-1,1.0,954.0,997.0,987.0,1044.0,artificial_jewellery,video_20260404_115542,frame_010530.jpg,010530,heuristic
small_object_proposal,-1,1.0,857.0,499.0,893.0,540.0,artificial_jewellery,video_20260404_115542,frame_010530.jpg,010530,heuristic
small_object_proposal,-1,1.0,961.0,929.0,1005.0,961.0,artificial_jewellery,video_20260404_115542,frame_010530.jpg,010530,heuristic
small_object_proposal,-1,1.0,1374.0,988.0,1408.0,1028.0,artificial_jewellery,video_20260404_115542,frame_010530.jpg,010530,heuristic
small_object_proposal,-1,1.0,975.0,424.0,1015.0,457.0,artificial_jewellery,video_20260404_115542,frame_010530.jpg,010530,heuristic
small_object_proposal,-1,1.0,1459.0,814.0,1495.0,850.0,artificial_jewellery,video_20260404_115542,frame_010530.jpg,010530,heuristic
small_object_proposal,-1,1.0,665.0,337.0,729.0,357.0,artificial_jewellery,video_20260404_115542,frame_010530.jpg,010530,heuristic
small_object_proposal,-1,1.0,866.0,1040.0,911.0,1068.0,artificial_jewellery,video_20260404_115542,frame_010530.jpg,010530,heuristic
person,0,0.6691930294036865,389.54241943359375,14.979766845703125,1877.3031005859375,1069.54931640625,artificial_jewellery,video_20260404_115542,frame_010560.jpg,010560,yolo
small_object_proposal,-1,1.0,1522.0,954.0,1562.0,1073.0,artificial_jewellery,video_20260404_115542,frame_010560.jpg,010560,heuristic
small_object_proposal,-1,1.0,1672.0,261.0,1760.0,315.0,artificial_jewellery,video_20260404_115542,frame_010560.jpg,010560,heuristic
small_object_proposal,-1,1.0,1459.0,891.0,1543.0,941.0,artificial_jewellery,video_20260404_115542,frame_010560.jpg,010560,heuristic
small_object_proposal,-1,1.0,1042.0,903.0,1098.0,963.0,artificial_jewellery,video_20260404_115542,frame_010560.jpg,010560,heuristic
small_object_proposal,-1,1.0,1500.0,724.0,1584.0,764.0,artificial_jewellery,video_20260404_115542,frame_010560.jpg,010560,heuristic
small_object_proposal,-1,1.0,1600.0,369.0,1695.0,403.0,artificial_jewellery,video_20260404_115542,frame_010560.jpg,010560,heuristic
small_object_proposal,-1,1.0,1132.0,458.0,1224.0,491.0,artificial_jewellery,video_20260404_115542,frame_010560.jpg,010560,heuristic
small_object_proposal,-1,1.0,1556.0,578.0,1609.0,633.0,artificial_jewellery,video_20260404_115542,frame_010560.jpg,010560,heuristic
small_object_proposal,-1,1.0,1552.0,740.0,1607.0,789.0,artificial_jewellery,video_20260404_115542,frame_010560.jpg,010560,heuristic
small_object_proposal,-1,1.0,1470.0,926.0,1520.0,978.0,artificial_jewellery,video_20260404_115542,frame_010560.jpg,010560,heuristic
small_object_proposal,-1,1.0,1453.0,993.0,1518.0,1032.0,artificial_jewellery,video_20260404_115542,frame_010560.jpg,010560,heuristic
small_object_proposal,-1,1.0,1696.0,399.0,1782.0,427.0,artificial_jewellery,video_20260404_115542,frame_010560.jpg,010560,heuristic
small_object_proposal,-1,1.0,1075.0,728.0,1116.0,783.0,artificial_jewellery,video_20260404_115542,frame_010560.jpg,010560,heuristic
small_object_proposal,-1,1.0,1331.0,366.0,1366.0,429.0,artificial_jewellery,video_20260404_115542,frame_010560.jpg,010560,heuristic
small_object_proposal,-1,1.0,960.0,892.0,1011.0,929.0,artificial_jewellery,video_20260404_115542,frame_010560.jpg,010560,heuristic
small_object_proposal,-1,1.0,755.0,967.0,808.0,1002.0,artificial_jewellery,video_20260404_115542,frame_010560.jpg,010560,heuristic
small_object_proposal,-1,1.0,958.0,966.0,990.0,1023.0,artificial_jewellery,video_20260404_115542,frame_010560.jpg,010560,heuristic
small_object_proposal,-1,1.0,983.0,813.0,1022.0,856.0,artificial_jewellery,video_20260404_115542,frame_010560.jpg,010560,heuristic
small_object_proposal,-1,1.0,1627.0,652.0,1659.0,704.0,artificial_jewellery,video_20260404_115542,frame_010560.jpg,010560,heuristic
small_object_proposal,-1,1.0,76.0,855.0,107.0,908.0,artificial_jewellery,video_20260404_115542,frame_010560.jpg,010560,heuristic
small_object_proposal,-1,1.0,1136.0,715.0,1164.0,770.0,artificial_jewellery,video_20260404_115542,frame_010560.jpg,010560,heuristic
small_object_proposal,-1,1.0,1016.0,119.0,1071.0,147.0,artificial_jewellery,video_20260404_115542,frame_010560.jpg,010560,heuristic
small_object_proposal,-1,1.0,1053.0,763.0,1082.0,815.0,artificial_jewellery,video_20260404_115542,frame_010560.jpg,010560,heuristic
small_object_proposal,-1,1.0,865.0,1015.0,910.0,1048.0,artificial_jewellery,video_20260404_115542,frame_010560.jpg,010560,heuristic
small_object_proposal,-1,1.0,12.0,856.0,52.0,889.0,artificial_jewellery,video_20260404_115542,frame_010560.jpg,010560,heuristic
small_object_proposal,-1,1.0,1138.0,777.0,1170.0,818.0,artificial_jewellery,video_20260404_115542,frame_010560.jpg,010560,heuristic
small_object_proposal,-1,1.0,944.0,528.0,987.0,558.0,artificial_jewellery,video_20260404_115542,frame_010560.jpg,010560,heuristic
small_object_proposal,-1,1.0,1627.0,567.0,1643.0,645.0,artificial_jewellery,video_20260404_115542,frame_010560.jpg,010560,heuristic
small_object_proposal,-1,1.0,1158.0,721.0,1200.0,750.0,artificial_jewellery,video_20260404_115542,frame_010560.jpg,010560,heuristic
small_object_proposal,-1,1.0,1371.0,967.0,1405.0,1001.0,artificial_jewellery,video_20260404_115542,frame_010560.jpg,010560,heuristic
person,0,0.8030117750167847,250.97607421875,0.0,1901.110595703125,1069.340087890625,artificial_jewellery,video_20260404_115542,frame_010590.jpg,010590,yolo
cell phone,67,0.6919873952865601,1176.57275390625,1.2843017578125,1350.6719970703125,421.5167541503906,artificial_jewellery,video_20260404_115542,frame_010590.jpg,010590,yolo
small_object_proposal,-1,1.0,1423.0,288.0,1512.0,343.0,artificial_jewellery,video_20260404_115542,frame_010590.jpg,010590,heuristic
small_object_proposal,-1,1.0,1289.0,753.0,1359.0,819.0,artificial_jewellery,video_20260404_115542,frame_010590.jpg,010590,heuristic
small_object_proposal,-1,1.0,422.0,706.0,508.0,758.0,artificial_jewellery,video_20260404_115542,frame_010590.jpg,010590,heuristic
small_object_proposal,-1,1.0,575.0,971.0,672.0,1010.0,artificial_jewellery,video_20260404_115542,frame_010590.jpg,010590,heuristic
small_object_proposal,-1,1.0,1720.0,981.0,1762.0,1069.0,artificial_jewellery,video_20260404_115542,frame_010590.jpg,010590,heuristic
small_object_proposal,-1,1.0,1023.0,895.0,1077.0,955.0,artificial_jewellery,video_20260404_115542,frame_010590.jpg,010590,heuristic
small_object_proposal,-1,1.0,686.0,993.0,725.0,1074.0,artificial_jewellery,video_20260404_115542,frame_010590.jpg,010590,heuristic
small_object_proposal,-1,1.0,1606.0,469.0,1648.0,540.0,artificial_jewellery,video_20260404_115542,frame_010590.jpg,010590,heuristic
small_object_proposal,-1,1.0,1000.0,70.0,1045.0,136.0,artificial_jewellery,video_20260404_115542,frame_010590.jpg,010590,heuristic
small_object_proposal,-1,1.0,30.0,836.0,77.0,887.0,artificial_jewellery,video_20260404_115542,frame_010590.jpg,010590,heuristic
small_object_proposal,-1,1.0,1598.0,536.0,1623.0,631.0,artificial_jewellery,video_20260404_115542,frame_010590.jpg,010590,heuristic
small_object_proposal,-1,1.0,1592.0,644.0,1630.0,706.0,artificial_jewellery,video_20260404_115542,frame_010590.jpg,010590,heuristic
small_object_proposal,-1,1.0,1310.0,808.0,1366.0,847.0,artificial_jewellery,video_20260404_115542,frame_010590.jpg,010590,heuristic
small_object_proposal,-1,1.0,1054.0,714.0,1094.0,768.0,artificial_jewellery,video_20260404_115542,frame_010590.jpg,010590,heuristic
small_object_proposal,-1,1.0,1476.0,232.0,1507.0,295.0,artificial_jewellery,video_20260404_115542,frame_010590.jpg,010590,heuristic
small_object_proposal,-1,1.0,938.0,884.0,988.0,922.0,artificial_jewellery,video_20260404_115542,frame_010590.jpg,010590,heuristic
small_object_proposal,-1,1.0,729.0,954.0,789.0,985.0,artificial_jewellery,video_20260404_115542,frame_010590.jpg,010590,heuristic
small_object_proposal,-1,1.0,1340.0,261.0,1382.0,305.0,artificial_jewellery,video_20260404_115542,frame_010590.jpg,010590,heuristic
small_object_proposal,-1,1.0,1109.0,758.0,1148.0,803.0,artificial_jewellery,video_20260404_115542,frame_010590.jpg,010590,heuristic
small_object_proposal,-1,1.0,957.0,794.0,991.0,845.0,artificial_jewellery,video_20260404_115542,frame_010590.jpg,010590,heuristic
small_object_proposal,-1,1.0,1424.0,985.0,1476.0,1018.0,artificial_jewellery,video_20260404_115542,frame_010590.jpg,010590,heuristic
small_object_proposal,-1,1.0,936.0,958.0,969.0,1007.0,artificial_jewellery,video_20260404_115542,frame_010590.jpg,010590,heuristic
small_object_proposal,-1,1.0,1222.0,241.0,1252.0,290.0,artificial_jewellery,video_20260404_115542,frame_010590.jpg,010590,heuristic
small_object_proposal,-1,1.0,1024.0,1038.0,1061.0,1072.0,artificial_jewellery,video_20260404_115542,frame_010590.jpg,010590,heuristic
small_object_proposal,-1,1.0,1598.0,900.0,1648.0,925.0,artificial_jewellery,video_20260404_115542,frame_010590.jpg,010590,heuristic
small_object_proposal,-1,1.0,1542.0,728.0,1579.0,761.0,artificial_jewellery,video_20260404_115542,frame_010590.jpg,010590,heuristic
small_object_proposal,-1,1.0,1453.0,911.0,1497.0,938.0,artificial_jewellery,video_20260404_115542,frame_010590.jpg,010590,heuristic
small_object_proposal,-1,1.0,1068.0,1006.0,1105.0,1038.0,artificial_jewellery,video_20260404_115542,frame_010590.jpg,010590,heuristic
small_object_proposal,-1,1.0,1450.0,217.0,1477.0,260.0,artificial_jewellery,video_20260404_115542,frame_010590.jpg,010590,heuristic
small_object_proposal,-1,1.0,1613.0,1035.0,1647.0,1066.0,artificial_jewellery,video_20260404_115542,frame_010590.jpg,010590,heuristic
person,0,0.758215069770813,223.677978515625,46.100738525390625,1872.195556640625,1065.6258544921875,artificial_jewellery,video_20260404_115542,frame_010620.jpg,010620,yolo
suitcase,28,0.28985026478767395,1155.5555419921875,198.05584716796875,1686.3798828125,1003.4628295898438,artificial_jewellery,video_20260404_115542,frame_010620.jpg,010620,yolo
cell phone,67,0.2629519999027252,935.3475952148438,331.7701721191406,1112.82763671875,504.6319885253906,artificial_jewellery,video_20260404_115542,frame_010620.jpg,010620,yolo
backpack,24,0.2564649283885956,1155.4390869140625,201.51251220703125,1687.3677978515625,998.1604614257812,artificial_jewellery,video_20260404_115542,frame_010620.jpg,010620,yolo
small_object_proposal,-1,1.0,1050.0,856.0,1104.0,924.0,artificial_jewellery,video_20260404_115542,frame_010620.jpg,010620,heuristic
small_object_proposal,-1,1.0,1692.0,987.0,1734.0,1073.0,artificial_jewellery,video_20260404_115542,frame_010620.jpg,010620,heuristic
small_object_proposal,-1,1.0,732.0,901.0,807.0,944.0,artificial_jewellery,video_20260404_115542,frame_010620.jpg,010620,heuristic
small_object_proposal,-1,1.0,679.0,971.0,723.0,1032.0,artificial_jewellery,video_20260404_115542,frame_010620.jpg,010620,heuristic
small_object_proposal,-1,1.0,673.0,903.0,718.0,958.0,artificial_jewellery,video_20260404_115542,frame_010620.jpg,010620,heuristic
small_object_proposal,-1,1.0,1439.0,778.0,1498.0,818.0,artificial_jewellery,video_20260404_115542,frame_010620.jpg,010620,heuristic
small_object_proposal,-1,1.0,1062.0,691.0,1102.0,745.0,artificial_jewellery,video_20260404_115542,frame_010620.jpg,010620,heuristic
small_object_proposal,-1,1.0,957.0,923.0,992.0,980.0,artificial_jewellery,video_20260404_115542,frame_010620.jpg,010620,heuristic
small_object_proposal,-1,1.0,419.0,624.0,470.0,663.0,artificial_jewellery,video_20260404_115542,frame_010620.jpg,010620,heuristic
small_object_proposal,-1,1.0,1036.0,54.0,1078.0,101.0,artificial_jewellery,video_20260404_115542,frame_010620.jpg,010620,heuristic
small_object_proposal,-1,1.0,1601.0,542.0,1628.0,614.0,artificial_jewellery,video_20260404_115542,frame_010620.jpg,010620,heuristic
small_object_proposal,-1,1.0,13.0,772.0,53.0,820.0,artificial_jewellery,video_20260404_115542,frame_010620.jpg,010620,heuristic
small_object_proposal,-1,1.0,966.0,850.0,1016.0,888.0,artificial_jewellery,video_20260404_115542,frame_010620.jpg,010620,heuristic
small_object_proposal,-1,1.0,965.0,1029.0,997.0,1075.0,artificial_jewellery,video_20260404_115542,frame_010620.jpg,010620,heuristic
small_object_proposal,-1,1.0,1141.0,388.0,1165.0,447.0,artificial_jewellery,video_20260404_115542,frame_010620.jpg,010620,heuristic
small_object_proposal,-1,1.0,1242.0,661.0,1266.0,717.0,artificial_jewellery,video_20260404_115542,frame_010620.jpg,010620,heuristic
small_object_proposal,-1,1.0,1059.0,567.0,1090.0,609.0,artificial_jewellery,video_20260404_115542,frame_010620.jpg,010620,heuristic
small_object_proposal,-1,1.0,562.0,111.0,596.0,147.0,artificial_jewellery,video_20260404_115542,frame_010620.jpg,010620,heuristic
small_object_proposal,-1,1.0,872.0,748.0,906.0,783.0,artificial_jewellery,video_20260404_115542,frame_010620.jpg,010620,heuristic
small_object_proposal,-1,1.0,1800.0,396.0,1834.0,431.0,artificial_jewellery,video_20260404_115542,frame_010620.jpg,010620,heuristic
small_object_proposal,-1,1.0,914.0,921.0,955.0,950.0,artificial_jewellery,video_20260404_115542,frame_010620.jpg,010620,heuristic
small_object_proposal,-1,1.0,1680.0,908.0,1707.0,952.0,artificial_jewellery,video_20260404_115542,frame_010620.jpg,010620,heuristic
small_object_proposal,-1,1.0,1069.0,357.0,1095.0,401.0,artificial_jewellery,video_20260404_115542,frame_010620.jpg,010620,heuristic
small_object_proposal,-1,1.0,972.0,771.0,999.0,813.0,artificial_jewellery,video_20260404_115542,frame_010620.jpg,010620,heuristic
small_object_proposal,-1,1.0,1063.0,1003.0,1093.0,1039.0,artificial_jewellery,video_20260404_115542,frame_010620.jpg,010620,heuristic
small_object_proposal,-1,1.0,1102.0,974.0,1136.0,1005.0,artificial_jewellery,video_20260404_115542,frame_010620.jpg,010620,heuristic
small_object_proposal,-1,1.0,662.0,1037.0,690.0,1074.0,artificial_jewellery,video_20260404_115542,frame_010620.jpg,010620,heuristic
small_object_proposal,-1,1.0,1067.0,799.0,1091.0,840.0,artificial_jewellery,video_20260404_115542,frame_010620.jpg,010620,heuristic
small_object_proposal,-1,1.0,1169.0,383.0,1192.0,423.0,artificial_jewellery,video_20260404_115542,frame_010620.jpg,010620,heuristic
small_object_proposal,-1,1.0,1323.0,280.0,1359.0,305.0,artificial_jewellery,video_20260404_115542,frame_010620.jpg,010620,heuristic
person,0,0.721321165561676,183.37225341796875,30.090087890625,1916.151611328125,1071.7178955078125,artificial_jewellery,video_20260404_115542,frame_010650.jpg,010650,yolo
small_object_proposal,-1,1.0,1103.0,713.0,1185.0,771.0,artificial_jewellery,video_20260404_115542,frame_010650.jpg,010650,heuristic
small_object_proposal,-1,1.0,1621.0,299.0,1701.0,356.0,artificial_jewellery,video_20260404_115542,frame_010650.jpg,010650,heuristic
small_object_proposal,-1,1.0,1114.0,791.0,1177.0,859.0,artificial_jewellery,video_20260404_115542,frame_010650.jpg,010650,heuristic
small_object_proposal,-1,1.0,1480.0,671.0,1538.0,730.0,artificial_jewellery,video_20260404_115542,frame_010650.jpg,010650,heuristic
small_object_proposal,-1,1.0,788.0,995.0,862.0,1039.0,artificial_jewellery,video_20260404_115542,frame_010650.jpg,010650,heuristic
small_object_proposal,-1,1.0,985.0,1010.0,1039.0,1070.0,artificial_jewellery,video_20260404_115542,frame_010650.jpg,010650,heuristic
small_object_proposal,-1,1.0,1002.0,897.0,1055.0,953.0,artificial_jewellery,video_20260404_115542,frame_010650.jpg,010650,heuristic
small_object_proposal,-1,1.0,945.0,514.0,982.0,583.0,artificial_jewellery,video_20260404_115542,frame_010650.jpg,010650,heuristic
small_object_proposal,-1,1.0,475.0,994.0,517.0,1052.0,artificial_jewellery,video_20260404_115542,frame_010650.jpg,010650,heuristic
small_object_proposal,-1,1.0,1268.0,832.0,1330.0,870.0,artificial_jewellery,video_20260404_115542,frame_010650.jpg,010650,heuristic
small_object_proposal,-1,1.0,1557.0,680.0,1596.0,738.0,artificial_jewellery,video_20260404_115542,frame_010650.jpg,010650,heuristic
small_object_proposal,-1,1.0,1399.0,946.0,1442.0,993.0,artificial_jewellery,video_20260404_115542,frame_010650.jpg,010650,heuristic
small_object_proposal,-1,1.0,396.0,902.0,446.0,942.0,artificial_jewellery,video_20260404_115542,frame_010650.jpg,010650,heuristic
small_object_proposal,-1,1.0,1201.0,747.0,1249.0,788.0,artificial_jewellery,video_20260404_115542,frame_010650.jpg,010650,heuristic
small_object_proposal,-1,1.0,909.0,954.0,944.0,1009.0,artificial_jewellery,video_20260404_115542,frame_010650.jpg,010650,heuristic
small_object_proposal,-1,1.0,1087.0,406.0,1129.0,449.0,artificial_jewellery,video_20260404_115542,frame_010650.jpg,010650,heuristic
small_object_proposal,-1,1.0,920.0,881.0,969.0,917.0,artificial_jewellery,video_20260404_115542,frame_010650.jpg,010650,heuristic
small_object_proposal,-1,1.0,859.0,951.0,907.0,981.0,artificial_jewellery,video_20260404_115542,frame_010650.jpg,010650,heuristic
small_object_proposal,-1,1.0,1208.0,435.0,1236.0,482.0,artificial_jewellery,video_20260404_115542,frame_010650.jpg,010650,heuristic
small_object_proposal,-1,1.0,518.0,1037.0,555.0,1068.0,artificial_jewellery,video_20260404_115542,frame_010650.jpg,010650,heuristic
small_object_proposal,-1,1.0,1179.0,373.0,1231.0,393.0,artificial_jewellery,video_20260404_115542,frame_010650.jpg,010650,heuristic
small_object_proposal,-1,1.0,1560.0,611.0,1576.0,673.0,artificial_jewellery,video_20260404_115542,frame_010650.jpg,010650,heuristic
small_object_proposal,-1,1.0,1050.0,1005.0,1081.0,1035.0,artificial_jewellery,video_20260404_115542,frame_010650.jpg,010650,heuristic
small_object_proposal,-1,1.0,1024.0,426.0,1055.0,453.0,artificial_jewellery,video_20260404_115542,frame_010650.jpg,010650,heuristic
small_object_proposal,-1,1.0,1289.0,922.0,1306.0,971.0,artificial_jewellery,video_20260404_115542,frame_010650.jpg,010650,heuristic
small_object_proposal,-1,1.0,959.0,863.0,992.0,886.0,artificial_jewellery,video_20260404_115542,frame_010650.jpg,010650,heuristic
small_object_proposal,-1,1.0,1058.0,407.0,1094.0,428.0,artificial_jewellery,video_20260404_115542,frame_010650.jpg,010650,heuristic
small_object_proposal,-1,1.0,1045.0,735.0,1062.0,778.0,artificial_jewellery,video_20260404_115542,frame_010650.jpg,010650,heuristic
small_object_proposal,-1,1.0,891.0,27.0,918.0,53.0,artificial_jewellery,video_20260404_115542,frame_010650.jpg,010650,heuristic
small_object_proposal,-1,1.0,999.0,771.0,1018.0,807.0,artificial_jewellery,video_20260404_115542,frame_010650.jpg,010650,heuristic
person,0,0.738523542881012,116.21392822265625,26.322418212890625,1909.663818359375,1070.558349609375,artificial_jewellery,video_20260404_115542,frame_010680.jpg,010680,yolo
hot dog,52,0.565635085105896,1305.3128662109375,206.25537109375,1919.144287109375,749.7631225585938,artificial_jewellery,video_20260404_115542,frame_010680.jpg,010680,yolo
small_object_proposal,-1,1.0,1486.0,648.0,1554.0,715.0,artificial_jewellery,video_20260404_115542,frame_010680.jpg,010680,heuristic
small_object_proposal,-1,1.0,1019.0,781.0,1069.0,870.0,artificial_jewellery,video_20260404_115542,frame_010680.jpg,010680,heuristic
small_object_proposal,-1,1.0,1386.0,294.0,1463.0,351.0,artificial_jewellery,video_20260404_115542,frame_010680.jpg,010680,heuristic
small_object_proposal,-1,1.0,993.0,896.0,1048.0,953.0,artificial_jewellery,video_20260404_115542,frame_010680.jpg,010680,heuristic
small_object_proposal,-1,1.0,979.0,514.0,1033.0,572.0,artificial_jewellery,video_20260404_115542,frame_010680.jpg,010680,heuristic
small_object_proposal,-1,1.0,17.0,892.0,43.0,1010.0,artificial_jewellery,video_20260404_115542,frame_010680.jpg,010680,heuristic
small_object_proposal,-1,1.0,780.0,997.0,853.0,1038.0,artificial_jewellery,video_20260404_115542,frame_010680.jpg,010680,heuristic
small_object_proposal,-1,1.0,1255.0,832.0,1326.0,873.0,artificial_jewellery,video_20260404_115542,frame_010680.jpg,010680,heuristic
small_object_proposal,-1,1.0,1483.0,765.0,1534.0,820.0,artificial_jewellery,video_20260404_115542,frame_010680.jpg,010680,heuristic
small_object_proposal,-1,1.0,1267.0,321.0,1300.0,391.0,artificial_jewellery,video_20260404_115542,frame_010680.jpg,010680,heuristic
small_object_proposal,-1,1.0,1400.0,562.0,1449.0,608.0,artificial_jewellery,video_20260404_115542,frame_010680.jpg,010680,heuristic
small_object_proposal,-1,1.0,1540.0,691.0,1575.0,746.0,artificial_jewellery,video_20260404_115542,frame_010680.jpg,010680,heuristic
small_object_proposal,-1,1.0,1066.0,3.0,1111.0,45.0,artificial_jewellery,video_20260404_115542,frame_010680.jpg,010680,heuristic
small_object_proposal,-1,1.0,903.0,952.0,936.0,1009.0,artificial_jewellery,video_20260404_115542,frame_010680.jpg,010680,heuristic
small_object_proposal,-1,1.0,995.0,85.0,1031.0,136.0,artificial_jewellery,video_20260404_115542,frame_010680.jpg,010680,heuristic
small_object_proposal,-1,1.0,1492.0,250.0,1545.0,282.0,artificial_jewellery,video_20260404_115542,frame_010680.jpg,010680,heuristic
small_object_proposal,-1,1.0,916.0,880.0,961.0,916.0,artificial_jewellery,video_20260404_115542,frame_010680.jpg,010680,heuristic
small_object_proposal,-1,1.0,1666.0,387.0,1696.0,436.0,artificial_jewellery,video_20260404_115542,frame_010680.jpg,010680,heuristic
small_object_proposal,-1,1.0,852.0,949.0,899.0,980.0,artificial_jewellery,video_20260404_115542,frame_010680.jpg,010680,heuristic
small_object_proposal,-1,1.0,1420.0,570.0,1457.0,608.0,artificial_jewellery,video_20260404_115542,frame_010680.jpg,010680,heuristic
small_object_proposal,-1,1.0,1470.0,462.0,1510.0,495.0,artificial_jewellery,video_20260404_115542,frame_010680.jpg,010680,heuristic
small_object_proposal,-1,1.0,993.0,1036.0,1030.0,1069.0,artificial_jewellery,video_20260404_115542,frame_010680.jpg,010680,heuristic
small_object_proposal,-1,1.0,383.0,903.0,417.0,937.0,artificial_jewellery,video_20260404_115542,frame_010680.jpg,010680,heuristic
small_object_proposal,-1,1.0,470.0,1000.0,498.0,1039.0,artificial_jewellery,video_20260404_115542,frame_010680.jpg,010680,heuristic
small_object_proposal,-1,1.0,80.0,732.0,119.0,760.0,artificial_jewellery,video_20260404_115542,frame_010680.jpg,010680,heuristic
small_object_proposal,-1,1.0,1040.0,1005.0,1074.0,1036.0,artificial_jewellery,video_20260404_115542,frame_010680.jpg,010680,heuristic
small_object_proposal,-1,1.0,1108.0,437.0,1143.0,466.0,artificial_jewellery,video_20260404_115542,frame_010680.jpg,010680,heuristic
small_object_proposal,-1,1.0,1490.0,328.0,1515.0,367.0,artificial_jewellery,video_20260404_115542,frame_010680.jpg,010680,heuristic
small_object_proposal,-1,1.0,1223.0,496.0,1252.0,529.0,artificial_jewellery,video_20260404_115542,frame_010680.jpg,010680,heuristic
small_object_proposal,-1,1.0,1528.0,949.0,1575.0,969.0,artificial_jewellery,video_20260404_115542,frame_010680.jpg,010680,heuristic
person,0,0.7753663063049316,195.56597900390625,9.643798828125,1909.9659423828125,1071.8199462890625,artificial_jewellery,video_20260404_115542,frame_010710.jpg,010710,yolo
small_object_proposal,-1,1.0,1389.0,389.0,1550.0,416.0,artificial_jewellery,video_20260404_115542,frame_010710.jpg,010710,heuristic
small_object_proposal,-1,1.0,1402.0,544.0,1463.0,607.0,artificial_jewellery,video_20260404_115542,frame_010710.jpg,010710,heuristic
small_object_proposal,-1,1.0,1479.0,591.0,1542.0,646.0,artificial_jewellery,video_20260404_115542,frame_010710.jpg,010710,heuristic
small_object_proposal,-1,1.0,1532.0,664.0,1580.0,734.0,artificial_jewellery,video_20260404_115542,frame_010710.jpg,010710,heuristic
small_object_proposal,-1,1.0,1186.0,719.0,1242.0,778.0,artificial_jewellery,video_20260404_115542,frame_010710.jpg,010710,heuristic
small_object_proposal,-1,1.0,1317.0,294.0,1370.0,355.0,artificial_jewellery,video_20260404_115542,frame_010710.jpg,010710,heuristic
small_object_proposal,-1,1.0,985.0,883.0,1040.0,940.0,artificial_jewellery,video_20260404_115542,frame_010710.jpg,010710,heuristic
small_object_proposal,-1,1.0,1214.0,500.0,1263.0,563.0,artificial_jewellery,video_20260404_115542,frame_010710.jpg,010710,heuristic
small_object_proposal,-1,1.0,1485.0,643.0,1534.0,699.0,artificial_jewellery,video_20260404_115542,frame_010710.jpg,010710,heuristic
small_object_proposal,-1,1.0,1035.0,790.0,1088.0,840.0,artificial_jewellery,video_20260404_115542,frame_010710.jpg,010710,heuristic
small_object_proposal,-1,1.0,1254.0,815.0,1321.0,854.0,artificial_jewellery,video_20260404_115542,frame_010710.jpg,010710,heuristic
small_object_proposal,-1,1.0,884.0,938.0,926.0,998.0,artificial_jewellery,video_20260404_115542,frame_010710.jpg,010710,heuristic
small_object_proposal,-1,1.0,999.0,59.0,1041.0,110.0,artificial_jewellery,video_20260404_115542,frame_010710.jpg,010710,heuristic
small_object_proposal,-1,1.0,1184.0,487.0,1220.0,546.0,artificial_jewellery,video_20260404_115542,frame_010710.jpg,010710,heuristic
small_object_proposal,-1,1.0,1266.0,521.0,1301.0,578.0,artificial_jewellery,video_20260404_115542,frame_010710.jpg,010710,heuristic
small_object_proposal,-1,1.0,979.0,627.0,1015.0,679.0,artificial_jewellery,video_20260404_115542,frame_010710.jpg,010710,heuristic
small_object_proposal,-1,1.0,1518.0,1031.0,1558.0,1072.0,artificial_jewellery,video_20260404_115542,frame_010710.jpg,010710,heuristic
small_object_proposal,-1,1.0,1305.0,495.0,1337.0,542.0,artificial_jewellery,video_20260404_115542,frame_010710.jpg,010710,heuristic
small_object_proposal,-1,1.0,1191.0,424.0,1252.0,447.0,artificial_jewellery,video_20260404_115542,frame_010710.jpg,010710,heuristic
small_object_proposal,-1,1.0,845.0,936.0,889.0,966.0,artificial_jewellery,video_20260404_115542,frame_010710.jpg,010710,heuristic
small_object_proposal,-1,1.0,1384.0,933.0,1418.0,968.0,artificial_jewellery,video_20260404_115542,frame_010710.jpg,010710,heuristic
small_object_proposal,-1,1.0,354.0,913.0,383.0,952.0,artificial_jewellery,video_20260404_115542,frame_010710.jpg,010710,heuristic
small_object_proposal,-1,1.0,1150.0,624.0,1182.0,659.0,artificial_jewellery,video_20260404_115542,frame_010710.jpg,010710,heuristic
small_object_proposal,-1,1.0,1032.0,995.0,1068.0,1024.0,artificial_jewellery,video_20260404_115542,frame_010710.jpg,010710,heuristic
small_object_proposal,-1,1.0,1282.0,962.0,1315.0,993.0,artificial_jewellery,video_20260404_115542,frame_010710.jpg,010710,heuristic
small_object_proposal,-1,1.0,1517.0,932.0,1567.0,952.0,artificial_jewellery,video_20260404_115542,frame_010710.jpg,010710,heuristic
small_object_proposal,-1,1.0,994.0,1022.0,1021.0,1059.0,artificial_jewellery,video_20260404_115542,frame_010710.jpg,010710,heuristic
small_object_proposal,-1,1.0,1268.0,911.0,1289.0,956.0,artificial_jewellery,video_20260404_115542,frame_010710.jpg,010710,heuristic
small_object_proposal,-1,1.0,990.0,548.0,1022.0,575.0,artificial_jewellery,video_20260404_115542,frame_010710.jpg,010710,heuristic
small_object_proposal,-1,1.0,913.0,881.0,952.0,903.0,artificial_jewellery,video_20260404_115542,frame_010710.jpg,010710,heuristic
person,0,0.7583155035972595,391.3293762207031,21.4185791015625,1910.113037109375,1069.2803955078125,artificial_jewellery,video_20260404_115542,frame_010740.jpg,010740,yolo
cell phone,67,0.3509845733642578,1210.9256591796875,19.7054443359375,1393.8817138671875,606.2498168945312,artificial_jewellery,video_20260404_115542,frame_010740.jpg,010740,yolo
small_object_proposal,-1,1.0,1059.0,349.0,1187.0,387.0,artificial_jewellery,video_20260404_115542,frame_010740.jpg,010740,heuristic
small_object_proposal,-1,1.0,866.0,941.0,946.0,1001.0,artificial_jewellery,video_20260404_115542,frame_010740.jpg,010740,heuristic
small_object_proposal,-1,1.0,1431.0,544.0,1502.0,607.0,artificial_jewellery,video_20260404_115542,frame_010740.jpg,010740,heuristic
small_object_proposal,-1,1.0,1101.0,813.0,1192.0,862.0,artificial_jewellery,video_20260404_115542,frame_010740.jpg,010740,heuristic
small_object_proposal,-1,1.0,1195.0,720.0,1259.0,786.0,artificial_jewellery,video_20260404_115542,frame_010740.jpg,010740,heuristic
small_object_proposal,-1,1.0,1242.0,785.0,1313.0,838.0,artificial_jewellery,video_20260404_115542,frame_010740.jpg,010740,heuristic
small_object_proposal,-1,1.0,1195.0,365.0,1281.0,402.0,artificial_jewellery,video_20260404_115542,frame_010740.jpg,010740,heuristic
small_object_proposal,-1,1.0,1274.0,798.0,1325.0,859.0,artificial_jewellery,video_20260404_115542,frame_010740.jpg,010740,heuristic
small_object_proposal,-1,1.0,1489.0,666.0,1541.0,724.0,artificial_jewellery,video_20260404_115542,frame_010740.jpg,010740,heuristic
small_object_proposal,-1,1.0,1007.0,888.0,1061.0,943.0,artificial_jewellery,video_20260404_115542,frame_010740.jpg,010740,heuristic
small_object_proposal,-1,1.0,1016.0,71.0,1060.0,135.0,artificial_jewellery,video_20260404_115542,frame_010740.jpg,010740,heuristic
small_object_proposal,-1,1.0,1240.0,326.0,1308.0,366.0,artificial_jewellery,video_20260404_115542,frame_010740.jpg,010740,heuristic
small_object_proposal,-1,1.0,1051.0,514.0,1088.0,584.0,artificial_jewellery,video_20260404_115542,frame_010740.jpg,010740,heuristic
small_object_proposal,-1,1.0,1002.0,1024.0,1043.0,1062.0,artificial_jewellery,video_20260404_115542,frame_010740.jpg,010740,heuristic
small_object_proposal,-1,1.0,1191.0,472.0,1241.0,503.0,artificial_jewellery,video_20260404_115542,frame_010740.jpg,010740,heuristic
small_object_proposal,-1,1.0,4.0,864.0,23.0,945.0,artificial_jewellery,video_20260404_115542,frame_010740.jpg,010740,heuristic
small_object_proposal,-1,1.0,1153.0,711.0,1180.0,767.0,artificial_jewellery,video_20260404_115542,frame_010740.jpg,010740,heuristic
small_object_proposal,-1,1.0,1388.0,950.0,1423.0,991.0,artificial_jewellery,video_20260404_115542,frame_010740.jpg,010740,heuristic
small_object_proposal,-1,1.0,865.0,940.0,908.0,967.0,artificial_jewellery,video_20260404_115542,frame_010740.jpg,010740,heuristic
small_object_proposal,-1,1.0,495.0,984.0,515.0,1037.0,artificial_jewellery,video_20260404_115542,frame_010740.jpg,010740,heuristic
small_object_proposal,-1,1.0,1054.0,998.0,1088.0,1028.0,artificial_jewellery,video_20260404_115542,frame_010740.jpg,010740,heuristic
small_object_proposal,-1,1.0,1464.0,646.0,1498.0,675.0,artificial_jewellery,video_20260404_115542,frame_010740.jpg,010740,heuristic
small_object_proposal,-1,1.0,367.0,914.0,390.0,950.0,artificial_jewellery,video_20260404_115542,frame_010740.jpg,010740,heuristic
small_object_proposal,-1,1.0,1086.0,137.0,1124.0,158.0,artificial_jewellery,video_20260404_115542,frame_010740.jpg,010740,heuristic
small_object_proposal,-1,1.0,1559.0,603.0,1575.0,652.0,artificial_jewellery,video_20260404_115542,frame_010740.jpg,010740,heuristic
small_object_proposal,-1,1.0,1012.0,664.0,1050.0,684.0,artificial_jewellery,video_20260404_115542,frame_010740.jpg,010740,heuristic
small_object_proposal,-1,1.0,956.0,19.0,978.0,53.0,artificial_jewellery,video_20260404_115542,frame_010740.jpg,010740,heuristic
small_object_proposal,-1,1.0,876.0,1033.0,898.0,1064.0,artificial_jewellery,video_20260404_115542,frame_010740.jpg,010740,heuristic
small_object_proposal,-1,1.0,1356.0,99.0,1369.0,150.0,artificial_jewellery,video_20260404_115542,frame_010740.jpg,010740,heuristic
small_object_proposal,-1,1.0,1288.0,976.0,1313.0,1002.0,artificial_jewellery,video_20260404_115542,frame_010740.jpg,010740,heuristic
person,0,0.5706254243850708,240.2926025390625,18.3812255859375,1919.041259765625,1074.006103515625,artificial_jewellery,video_20260404_115542,frame_010770.jpg,010770,yolo
backpack,24,0.26644670963287354,185.46963500976562,343.3261413574219,850.87890625,1000.426025390625,artificial_jewellery,video_20260404_115542,frame_010770.jpg,010770,yolo
small_object_proposal,-1,1.0,1196.0,758.0,1262.0,832.0,artificial_jewellery,video_20260404_115542,frame_010770.jpg,010770,heuristic
small_object_proposal,-1,1.0,362.0,645.0,436.0,708.0,artificial_jewellery,video_20260404_115542,frame_010770.jpg,010770,heuristic
small_object_proposal,-1,1.0,1444.0,575.0,1514.0,638.0,artificial_jewellery,video_20260404_115542,frame_010770.jpg,010770,heuristic
small_object_proposal,-1,1.0,1424.0,349.0,1487.0,411.0,artificial_jewellery,video_20260404_115542,frame_010770.jpg,010770,heuristic
small_object_proposal,-1,1.0,1099.0,875.0,1200.0,912.0,artificial_jewellery,video_20260404_115542,frame_010770.jpg,010770,heuristic
small_object_proposal,-1,1.0,1539.0,732.0,1585.0,797.0,artificial_jewellery,video_20260404_115542,frame_010770.jpg,010770,heuristic
small_object_proposal,-1,1.0,838.0,1000.0,881.0,1064.0,artificial_jewellery,video_20260404_115542,frame_010770.jpg,010770,heuristic
small_object_proposal,-1,1.0,1349.0,529.0,1410.0,574.0,artificial_jewellery,video_20260404_115542,frame_010770.jpg,010770,heuristic
small_object_proposal,-1,1.0,1190.0,927.0,1256.0,967.0,artificial_jewellery,video_20260404_115542,frame_010770.jpg,010770,heuristic
small_object_proposal,-1,1.0,1265.0,862.0,1325.0,895.0,artificial_jewellery,video_20260404_115542,frame_010770.jpg,010770,heuristic
small_object_proposal,-1,1.0,1554.0,643.0,1580.0,718.0,artificial_jewellery,video_20260404_115542,frame_010770.jpg,010770,heuristic
small_object_proposal,-1,1.0,1382.0,991.0,1423.0,1036.0,artificial_jewellery,video_20260404_115542,frame_010770.jpg,010770,heuristic
small_object_proposal,-1,1.0,1025.0,117.0,1064.0,162.0,artificial_jewellery,video_20260404_115542,frame_010770.jpg,010770,heuristic
small_object_proposal,-1,1.0,1520.0,288.0,1573.0,321.0,artificial_jewellery,video_20260404_115542,frame_010770.jpg,010770,heuristic
small_object_proposal,-1,1.0,1612.0,237.0,1665.0,268.0,artificial_jewellery,video_20260404_115542,frame_010770.jpg,010770,heuristic
small_object_proposal,-1,1.0,363.0,944.0,396.0,992.0,artificial_jewellery,video_20260404_115542,frame_010770.jpg,010770,heuristic
small_object_proposal,-1,1.0,932.0,978.0,965.0,1024.0,artificial_jewellery,video_20260404_115542,frame_010770.jpg,010770,heuristic
small_object_proposal,-1,1.0,1437.0,457.0,1486.0,487.0,artificial_jewellery,video_20260404_115542,frame_010770.jpg,010770,heuristic
small_object_proposal,-1,1.0,1836.0,296.0,1896.0,319.0,artificial_jewellery,video_20260404_115542,frame_010770.jpg,010770,heuristic
small_object_proposal,-1,1.0,1495.0,720.0,1532.0,756.0,artificial_jewellery,video_20260404_115542,frame_010770.jpg,010770,heuristic
small_object_proposal,-1,1.0,1100.0,891.0,1121.0,949.0,artificial_jewellery,video_20260404_115542,frame_010770.jpg,010770,heuristic
small_object_proposal,-1,1.0,1024.0,948.0,1058.0,982.0,artificial_jewellery,video_20260404_115542,frame_010770.jpg,010770,heuristic
small_object_proposal,-1,1.0,576.0,889.0,609.0,921.0,artificial_jewellery,video_20260404_115542,frame_010770.jpg,010770,heuristic
small_object_proposal,-1,1.0,1200.0,472.0,1224.0,516.0,artificial_jewellery,video_20260404_115542,frame_010770.jpg,010770,heuristic
small_object_proposal,-1,1.0,1792.0,768.0,1863.0,782.0,artificial_jewellery,video_20260404_115542,frame_010770.jpg,010770,heuristic
small_object_proposal,-1,1.0,384.0,925.0,418.0,953.0,artificial_jewellery,video_20260404_115542,frame_010770.jpg,010770,heuristic
small_object_proposal,-1,1.0,901.0,972.0,938.0,995.0,artificial_jewellery,video_20260404_115542,frame_010770.jpg,010770,heuristic
small_object_proposal,-1,1.0,917.0,45.0,945.0,75.0,artificial_jewellery,video_20260404_115542,frame_010770.jpg,010770,heuristic
small_object_proposal,-1,1.0,658.0,776.0,686.0,805.0,artificial_jewellery,video_20260404_115542,frame_010770.jpg,010770,heuristic
small_object_proposal,-1,1.0,1279.0,974.0,1295.0,1021.0,artificial_jewellery,video_20260404_115542,frame_010770.jpg,010770,heuristic
person,0,0.638273298740387,162.27410888671875,0.0,1908.3165283203125,1069.3604736328125,artificial_jewellery,video_20260404_115542,frame_010800.jpg,010800,yolo
small_object_proposal,-1,1.0,744.0,1019.0,858.0,1061.0,artificial_jewellery,video_20260404_115542,frame_010800.jpg,010800,heuristic
small_object_proposal,-1,1.0,981.0,400.0,1051.0,467.0,artificial_jewellery,video_20260404_115542,frame_010800.jpg,010800,heuristic
small_object_proposal,-1,1.0,1419.0,728.0,1501.0,783.0,artificial_jewellery,video_20260404_115542,frame_010800.jpg,010800,heuristic
small_object_proposal,-1,1.0,1454.0,772.0,1521.0,822.0,artificial_jewellery,video_20260404_115542,frame_010800.jpg,010800,heuristic
small_object_proposal,-1,1.0,1323.0,67.0,1541.0,81.0,artificial_jewellery,video_20260404_115542,frame_010800.jpg,010800,heuristic
small_object_proposal,-1,1.0,1386.0,679.0,1438.0,737.0,artificial_jewellery,video_20260404_115542,frame_010800.jpg,010800,heuristic
small_object_proposal,-1,1.0,1260.0,981.0,1290.0,1072.0,artificial_jewellery,video_20260404_115542,frame_010800.jpg,010800,heuristic
small_object_proposal,-1,1.0,1134.0,787.0,1182.0,841.0,artificial_jewellery,video_20260404_115542,frame_010800.jpg,010800,heuristic
small_object_proposal,-1,1.0,1845.0,762.0,1895.0,813.0,artificial_jewellery,video_20260404_115542,frame_010800.jpg,010800,heuristic
small_object_proposal,-1,1.0,1290.0,784.0,1339.0,830.0,artificial_jewellery,video_20260404_115542,frame_010800.jpg,010800,heuristic
small_object_proposal,-1,1.0,1096.0,834.0,1118.0,926.0,artificial_jewellery,video_20260404_115542,frame_010800.jpg,010800,heuristic
small_object_proposal,-1,1.0,364.0,948.0,397.0,1003.0,artificial_jewellery,video_20260404_115542,frame_010800.jpg,010800,heuristic
small_object_proposal,-1,1.0,1823.0,1033.0,1911.0,1052.0,artificial_jewellery,video_20260404_115542,frame_010800.jpg,010800,heuristic
small_object_proposal,-1,1.0,1474.0,728.0,1519.0,762.0,artificial_jewellery,video_20260404_115542,frame_010800.jpg,010800,heuristic
small_object_proposal,-1,1.0,938.0,1003.0,971.0,1048.0,artificial_jewellery,video_20260404_115542,frame_010800.jpg,010800,heuristic
small_object_proposal,-1,1.0,1101.0,927.0,1121.0,991.0,artificial_jewellery,video_20260404_115542,frame_010800.jpg,010800,heuristic
small_object_proposal,-1,1.0,470.0,895.0,515.0,923.0,artificial_jewellery,video_20260404_115542,frame_010800.jpg,010800,heuristic
small_object_proposal,-1,1.0,1369.0,1033.0,1407.0,1066.0,artificial_jewellery,video_20260404_115542,frame_010800.jpg,010800,heuristic
small_object_proposal,-1,1.0,1033.0,971.0,1062.0,1012.0,artificial_jewellery,video_20260404_115542,frame_010800.jpg,010800,heuristic
small_object_proposal,-1,1.0,1146.0,924.0,1191.0,950.0,artificial_jewellery,video_20260404_115542,frame_010800.jpg,010800,heuristic
small_object_proposal,-1,1.0,1188.0,835.0,1229.0,863.0,artificial_jewellery,video_20260404_115542,frame_010800.jpg,010800,heuristic
small_object_proposal,-1,1.0,889.0,998.0,931.0,1025.0,artificial_jewellery,video_20260404_115542,frame_010800.jpg,010800,heuristic
small_object_proposal,-1,1.0,1048.0,864.0,1076.0,904.0,artificial_jewellery,video_20260404_115542,frame_010800.jpg,010800,heuristic
small_object_proposal,-1,1.0,1259.0,541.0,1280.0,593.0,artificial_jewellery,video_20260404_115542,frame_010800.jpg,010800,heuristic
small_object_proposal,-1,1.0,1481.0,861.0,1516.0,892.0,artificial_jewellery,video_20260404_115542,frame_010800.jpg,010800,heuristic
small_object_proposal,-1,1.0,1432.0,912.0,1468.0,939.0,artificial_jewellery,video_20260404_115542,frame_010800.jpg,010800,heuristic
small_object_proposal,-1,1.0,1059.0,961.0,1085.0,996.0,artificial_jewellery,video_20260404_115542,frame_010800.jpg,010800,heuristic
small_object_proposal,-1,1.0,1830.0,522.0,1871.0,542.0,artificial_jewellery,video_20260404_115542,frame_010800.jpg,010800,heuristic
small_object_proposal,-1,1.0,1241.0,886.0,1271.0,913.0,artificial_jewellery,video_20260404_115542,frame_010800.jpg,010800,heuristic
small_object_proposal,-1,1.0,1219.0,866.0,1250.0,891.0,artificial_jewellery,video_20260404_115542,frame_010800.jpg,010800,heuristic
person,0,0.8053439259529114,293.95953369140625,0.0,1884.423095703125,1064.8150634765625,artificial_jewellery,video_20260404_115542,frame_010830.jpg,010830,yolo
small_object_proposal,-1,1.0,1269.0,802.0,1337.0,873.0,artificial_jewellery,video_20260404_115542,frame_010830.jpg,010830,heuristic
small_object_proposal,-1,1.0,135.0,555.0,205.0,623.0,artificial_jewellery,video_20260404_115542,frame_010830.jpg,010830,heuristic
small_object_proposal,-1,1.0,350.0,265.0,408.0,343.0,artificial_jewellery,video_20260404_115542,frame_010830.jpg,010830,heuristic
small_object_proposal,-1,1.0,67.0,235.0,141.0,295.0,artificial_jewellery,video_20260404_115542,frame_010830.jpg,010830,heuristic
small_object_proposal,-1,1.0,1757.0,762.0,1799.0,859.0,artificial_jewellery,video_20260404_115542,frame_010830.jpg,010830,heuristic
small_object_proposal,-1,1.0,390.0,951.0,464.0,1001.0,artificial_jewellery,video_20260404_115542,frame_010830.jpg,010830,heuristic
small_object_proposal,-1,1.0,83.0,521.0,135.0,588.0,artificial_jewellery,video_20260404_115542,frame_010830.jpg,010830,heuristic
small_object_proposal,-1,1.0,1572.0,55.0,1622.0,124.0,artificial_jewellery,video_20260404_115542,frame_010830.jpg,010830,heuristic
small_object_proposal,-1,1.0,1010.0,831.0,1045.0,921.0,artificial_jewellery,video_20260404_115542,frame_010830.jpg,010830,heuristic
small_object_proposal,-1,1.0,45.0,297.0,80.0,385.0,artificial_jewellery,video_20260404_115542,frame_010830.jpg,010830,heuristic
small_object_proposal,-1,1.0,1367.0,898.0,1395.0,1002.0,artificial_jewellery,video_20260404_115542,frame_010830.jpg,010830,heuristic
small_object_proposal,-1,1.0,1165.0,523.0,1215.0,576.0,artificial_jewellery,video_20260404_115542,frame_010830.jpg,010830,heuristic
small_object_proposal,-1,1.0,958.0,669.0,1008.0,721.0,artificial_jewellery,video_20260404_115542,frame_010830.jpg,010830,heuristic
small_object_proposal,-1,1.0,1047.0,742.0,1080.0,816.0,artificial_jewellery,video_20260404_115542,frame_010830.jpg,010830,heuristic
small_object_proposal,-1,1.0,1637.0,512.0,1691.0,556.0,artificial_jewellery,video_20260404_115542,frame_010830.jpg,010830,heuristic
small_object_proposal,-1,1.0,157.0,312.0,206.0,356.0,artificial_jewellery,video_20260404_115542,frame_010830.jpg,010830,heuristic
small_object_proposal,-1,1.0,1027.0,902.0,1057.0,973.0,artificial_jewellery,video_20260404_115542,frame_010830.jpg,010830,heuristic
small_object_proposal,-1,1.0,950.0,319.0,987.0,373.0,artificial_jewellery,video_20260404_115542,frame_010830.jpg,010830,heuristic
small_object_proposal,-1,1.0,1842.0,437.0,1877.0,492.0,artificial_jewellery,video_20260404_115542,frame_010830.jpg,010830,heuristic
small_object_proposal,-1,1.0,1170.0,896.0,1213.0,940.0,artificial_jewellery,video_20260404_115542,frame_010830.jpg,010830,heuristic
small_object_proposal,-1,1.0,195.0,314.0,244.0,349.0,artificial_jewellery,video_20260404_115542,frame_010830.jpg,010830,heuristic
small_object_proposal,-1,1.0,260.0,573.0,284.0,642.0,artificial_jewellery,video_20260404_115542,frame_010830.jpg,010830,heuristic
small_object_proposal,-1,1.0,967.0,373.0,1003.0,419.0,artificial_jewellery,video_20260404_115542,frame_010830.jpg,010830,heuristic
small_object_proposal,-1,1.0,1294.0,863.0,1344.0,895.0,artificial_jewellery,video_20260404_115542,frame_010830.jpg,010830,heuristic
small_object_proposal,-1,1.0,113.0,512.0,152.0,553.0,artificial_jewellery,video_20260404_115542,frame_010830.jpg,010830,heuristic
small_object_proposal,-1,1.0,249.0,387.0,297.0,419.0,artificial_jewellery,video_20260404_115542,frame_010830.jpg,010830,heuristic
small_object_proposal,-1,1.0,1110.0,186.0,1137.0,241.0,artificial_jewellery,video_20260404_115542,frame_010830.jpg,010830,heuristic
small_object_proposal,-1,1.0,1228.0,491.0,1275.0,522.0,artificial_jewellery,video_20260404_115542,frame_010830.jpg,010830,heuristic
small_object_proposal,-1,1.0,369.0,983.0,395.0,1038.0,artificial_jewellery,video_20260404_115542,frame_010830.jpg,010830,heuristic
small_object_proposal,-1,1.0,1070.0,948.0,1092.0,1012.0,artificial_jewellery,video_20260404_115542,frame_010830.jpg,010830,heuristic
person,0,0.759058952331543,275.80242919921875,182.78741455078125,1732.461181640625,1066.90576171875,artificial_jewellery,video_20260404_115542,frame_010860.jpg,010860,yolo
small_object_proposal,-1,1.0,342.0,268.0,405.0,347.0,artificial_jewellery,video_20260404_115542,frame_010860.jpg,010860,heuristic
small_object_proposal,-1,1.0,1298.0,814.0,1367.0,879.0,artificial_jewellery,video_20260404_115542,frame_010860.jpg,010860,heuristic
small_object_proposal,-1,1.0,1027.0,320.0,1082.0,368.0,artificial_jewellery,video_20260404_115542,frame_010860.jpg,010860,heuristic
small_object_proposal,-1,1.0,681.0,902.0,720.0,962.0,artificial_jewellery,video_20260404_115542,frame_010860.jpg,010860,heuristic
small_object_proposal,-1,1.0,1330.0,461.0,1400.0,493.0,artificial_jewellery,video_20260404_115542,frame_010860.jpg,010860,heuristic
small_object_proposal,-1,1.0,1022.0,855.0,1053.0,923.0,artificial_jewellery,video_20260404_115542,frame_010860.jpg,010860,heuristic
small_object_proposal,-1,1.0,1036.0,998.0,1080.0,1045.0,artificial_jewellery,video_20260404_115542,frame_010860.jpg,010860,heuristic
small_object_proposal,-1,1.0,1339.0,608.0,1404.0,636.0,artificial_jewellery,video_20260404_115542,frame_010860.jpg,010860,heuristic
small_object_proposal,-1,1.0,368.0,1005.0,398.0,1064.0,artificial_jewellery,video_20260404_115542,frame_010860.jpg,010860,heuristic
small_object_proposal,-1,1.0,959.0,971.0,1005.0,1005.0,artificial_jewellery,video_20260404_115542,frame_010860.jpg,010860,heuristic
small_object_proposal,-1,1.0,1089.0,959.0,1113.0,1024.0,artificial_jewellery,video_20260404_115542,frame_010860.jpg,010860,heuristic
small_object_proposal,-1,1.0,1298.0,524.0,1342.0,558.0,artificial_jewellery,video_20260404_115542,frame_010860.jpg,010860,heuristic
small_object_proposal,-1,1.0,1318.0,874.0,1368.0,901.0,artificial_jewellery,video_20260404_115542,frame_010860.jpg,010860,heuristic
small_object_proposal,-1,1.0,1568.0,868.0,1601.0,904.0,artificial_jewellery,video_20260404_115542,frame_010860.jpg,010860,heuristic
small_object_proposal,-1,1.0,1143.0,699.0,1157.0,783.0,artificial_jewellery,video_20260404_115542,frame_010860.jpg,010860,heuristic
small_object_proposal,-1,1.0,1784.0,606.0,1834.0,629.0,artificial_jewellery,video_20260404_115542,frame_010860.jpg,010860,heuristic
small_object_proposal,-1,1.0,746.0,439.0,775.0,477.0,artificial_jewellery,video_20260404_115542,frame_010860.jpg,010860,heuristic
small_object_proposal,-1,1.0,1132.0,53.0,1169.0,81.0,artificial_jewellery,video_20260404_115542,frame_010860.jpg,010860,heuristic
small_object_proposal,-1,1.0,949.0,190.0,978.0,223.0,artificial_jewellery,video_20260404_115542,frame_010860.jpg,010860,heuristic
small_object_proposal,-1,1.0,1021.0,124.0,1044.0,161.0,artificial_jewellery,video_20260404_115542,frame_010860.jpg,010860,heuristic
small_object_proposal,-1,1.0,761.0,386.0,787.0,418.0,artificial_jewellery,video_20260404_115542,frame_010860.jpg,010860,heuristic
small_object_proposal,-1,1.0,995.0,959.0,1027.0,983.0,artificial_jewellery,video_20260404_115542,frame_010860.jpg,010860,heuristic
small_object_proposal,-1,1.0,1527.0,703.0,1550.0,736.0,artificial_jewellery,video_20260404_115542,frame_010860.jpg,010860,heuristic
small_object_proposal,-1,1.0,1709.0,623.0,1732.0,655.0,artificial_jewellery,video_20260404_115542,frame_010860.jpg,010860,heuristic
small_object_proposal,-1,1.0,990.0,113.0,1011.0,147.0,artificial_jewellery,video_20260404_115542,frame_010860.jpg,010860,heuristic
small_object_proposal,-1,1.0,1291.0,731.0,1315.0,758.0,artificial_jewellery,video_20260404_115542,frame_010860.jpg,010860,heuristic
small_object_proposal,-1,1.0,1144.0,103.0,1166.0,132.0,artificial_jewellery,video_20260404_115542,frame_010860.jpg,010860,heuristic
small_object_proposal,-1,1.0,1572.0,659.0,1590.0,694.0,artificial_jewellery,video_20260404_115542,frame_010860.jpg,010860,heuristic
small_object_proposal,-1,1.0,1042.0,404.0,1060.0,438.0,artificial_jewellery,video_20260404_115542,frame_010860.jpg,010860,heuristic
small_object_proposal,-1,1.0,967.0,95.0,982.0,135.0,artificial_jewellery,video_20260404_115542,frame_010860.jpg,010860,heuristic
person,0,0.7692655920982361,369.34625244140625,9.895843505859375,1915.453125,1063.1495361328125,artificial_jewellery,video_20260404_115542,frame_010890.jpg,010890,yolo
small_object_proposal,-1,1.0,1050.0,246.0,1172.0,286.0,artificial_jewellery,video_20260404_115542,frame_010890.jpg,010890,heuristic
small_object_proposal,-1,1.0,1432.0,300.0,1501.0,360.0,artificial_jewellery,video_20260404_115542,frame_010890.jpg,010890,heuristic
small_object_proposal,-1,1.0,1085.0,928.0,1130.0,1013.0,artificial_jewellery,video_20260404_115542,frame_010890.jpg,010890,heuristic
small_object_proposal,-1,1.0,385.0,889.0,445.0,948.0,artificial_jewellery,video_20260404_115542,frame_010890.jpg,010890,heuristic
small_object_proposal,-1,1.0,1459.0,882.0,1517.0,930.0,artificial_jewellery,video_20260404_115542,frame_010890.jpg,010890,heuristic
small_object_proposal,-1,1.0,1535.0,719.0,1564.0,798.0,artificial_jewellery,video_20260404_115542,frame_010890.jpg,010890,heuristic
small_object_proposal,-1,1.0,1030.0,960.0,1074.0,1011.0,artificial_jewellery,video_20260404_115542,frame_010890.jpg,010890,heuristic
small_object_proposal,-1,1.0,1023.0,742.0,1069.0,781.0,artificial_jewellery,video_20260404_115542,frame_010890.jpg,010890,heuristic
small_object_proposal,-1,1.0,1026.0,208.0,1160.0,221.0,artificial_jewellery,video_20260404_115542,frame_010890.jpg,010890,heuristic
small_object_proposal,-1,1.0,389.0,929.0,427.0,969.0,artificial_jewellery,video_20260404_115542,frame_010890.jpg,010890,heuristic
small_object_proposal,-1,1.0,954.0,940.0,998.0,972.0,artificial_jewellery,video_20260404_115542,frame_010890.jpg,010890,heuristic
small_object_proposal,-1,1.0,938.0,1006.0,970.0,1049.0,artificial_jewellery,video_20260404_115542,frame_010890.jpg,010890,heuristic
small_object_proposal,-1,1.0,1529.0,817.0,1559.0,862.0,artificial_jewellery,video_20260404_115542,frame_010890.jpg,010890,heuristic
small_object_proposal,-1,1.0,1328.0,443.0,1371.0,472.0,artificial_jewellery,video_20260404_115542,frame_010890.jpg,010890,heuristic
small_object_proposal,-1,1.0,961.0,876.0,1003.0,905.0,artificial_jewellery,video_20260404_115542,frame_010890.jpg,010890,heuristic
small_object_proposal,-1,1.0,1161.0,812.0,1182.0,868.0,artificial_jewellery,video_20260404_115542,frame_010890.jpg,010890,heuristic
small_object_proposal,-1,1.0,1637.0,823.0,1661.0,871.0,artificial_jewellery,video_20260404_115542,frame_010890.jpg,010890,heuristic
small_object_proposal,-1,1.0,971.0,51.0,994.0,101.0,artificial_jewellery,video_20260404_115542,frame_010890.jpg,010890,heuristic
small_object_proposal,-1,1.0,1509.0,566.0,1539.0,604.0,artificial_jewellery,video_20260404_115542,frame_010890.jpg,010890,heuristic
small_object_proposal,-1,1.0,1139.0,7.0,1176.0,37.0,artificial_jewellery,video_20260404_115542,frame_010890.jpg,010890,heuristic
small_object_proposal,-1,1.0,1164.0,959.0,1201.0,987.0,artificial_jewellery,video_20260404_115542,frame_010890.jpg,010890,heuristic
small_object_proposal,-1,1.0,891.0,1002.0,932.0,1027.0,artificial_jewellery,video_20260404_115542,frame_010890.jpg,010890,heuristic
small_object_proposal,-1,1.0,1877.0,531.0,1887.0,630.0,artificial_jewellery,video_20260404_115542,frame_010890.jpg,010890,heuristic
small_object_proposal,-1,1.0,592.0,993.0,618.0,1031.0,artificial_jewellery,video_20260404_115542,frame_010890.jpg,010890,heuristic
small_object_proposal,-1,1.0,1464.0,1040.0,1496.0,1068.0,artificial_jewellery,video_20260404_115542,frame_010890.jpg,010890,heuristic
small_object_proposal,-1,1.0,1259.0,999.0,1281.0,1034.0,artificial_jewellery,video_20260404_115542,frame_010890.jpg,010890,heuristic
small_object_proposal,-1,1.0,370.0,970.0,391.0,1004.0,artificial_jewellery,video_20260404_115542,frame_010890.jpg,010890,heuristic
small_object_proposal,-1,1.0,1115.0,872.0,1125.0,942.0,artificial_jewellery,video_20260404_115542,frame_010890.jpg,010890,heuristic
small_object_proposal,-1,1.0,991.0,928.0,1022.0,948.0,artificial_jewellery,video_20260404_115542,frame_010890.jpg,010890,heuristic
small_object_proposal,-1,1.0,4.0,725.0,18.0,769.0,artificial_jewellery,video_20260404_115542,frame_010890.jpg,010890,heuristic
person,0,0.2634546160697937,196.57077026367188,328.4299621582031,1327.8658447265625,1065.2998046875,artificial_jewellery,video_20260404_115542,frame_010920.jpg,010920,yolo
small_object_proposal,-1,1.0,904.0,991.0,965.0,1067.0,artificial_jewellery,video_20260404_115542,frame_010920.jpg,010920,heuristic
small_object_proposal,-1,1.0,1029.0,926.0,1084.0,998.0,artificial_jewellery,video_20260404_115542,frame_010920.jpg,010920,heuristic
small_object_proposal,-1,1.0,1079.0,892.0,1116.0,982.0,artificial_jewellery,video_20260404_115542,frame_010920.jpg,010920,heuristic
small_object_proposal,-1,1.0,1016.0,780.0,1057.0,858.0,artificial_jewellery,video_20260404_115542,frame_010920.jpg,010920,heuristic
small_object_proposal,-1,1.0,997.0,564.0,1068.0,596.0,artificial_jewellery,video_20260404_115542,frame_010920.jpg,010920,heuristic
small_object_proposal,-1,1.0,1851.0,757.0,1874.0,848.0,artificial_jewellery,video_20260404_115542,frame_010920.jpg,010920,heuristic
small_object_proposal,-1,1.0,921.0,568.0,952.0,630.0,artificial_jewellery,video_20260404_115542,frame_010920.jpg,010920,heuristic
small_object_proposal,-1,1.0,1372.0,1007.0,1407.0,1061.0,artificial_jewellery,video_20260404_115542,frame_010920.jpg,010920,heuristic
small_object_proposal,-1,1.0,301.0,843.0,330.0,908.0,artificial_jewellery,video_20260404_115542,frame_010920.jpg,010920,heuristic
small_object_proposal,-1,1.0,337.0,947.0,371.0,1002.0,artificial_jewellery,video_20260404_115542,frame_010920.jpg,010920,heuristic
small_object_proposal,-1,1.0,967.0,569.0,996.0,622.0,artificial_jewellery,video_20260404_115542,frame_010920.jpg,010920,heuristic
small_object_proposal,-1,1.0,953.0,925.0,996.0,957.0,artificial_jewellery,video_20260404_115542,frame_010920.jpg,010920,heuristic
small_object_proposal,-1,1.0,1058.0,599.0,1107.0,627.0,artificial_jewellery,video_20260404_115542,frame_010920.jpg,010920,heuristic
small_object_proposal,-1,1.0,1284.0,920.0,1346.0,941.0,artificial_jewellery,video_20260404_115542,frame_010920.jpg,010920,heuristic
small_object_proposal,-1,1.0,881.0,986.0,922.0,1017.0,artificial_jewellery,video_20260404_115542,frame_010920.jpg,010920,heuristic
small_object_proposal,-1,1.0,1046.0,837.0,1071.0,885.0,artificial_jewellery,video_20260404_115542,frame_010920.jpg,010920,heuristic
small_object_proposal,-1,1.0,991.0,811.0,1013.0,865.0,artificial_jewellery,video_20260404_115542,frame_010920.jpg,010920,heuristic
small_object_proposal,-1,1.0,1027.0,882.0,1052.0,924.0,artificial_jewellery,video_20260404_115542,frame_010920.jpg,010920,heuristic
small_object_proposal,-1,1.0,1263.0,1002.0,1282.0,1048.0,artificial_jewellery,video_20260404_115542,frame_010920.jpg,010920,heuristic
small_object_proposal,-1,1.0,1183.0,489.0,1221.0,512.0,artificial_jewellery,video_20260404_115542,frame_010920.jpg,010920,heuristic
small_object_proposal,-1,1.0,956.0,493.0,1042.0,503.0,artificial_jewellery,video_20260404_115542,frame_010920.jpg,010920,heuristic
small_object_proposal,-1,1.0,1443.0,369.0,1473.0,397.0,artificial_jewellery,video_20260404_115542,frame_010920.jpg,010920,heuristic
small_object_proposal,-1,1.0,1425.0,1035.0,1451.0,1065.0,artificial_jewellery,video_20260404_115542,frame_010920.jpg,010920,heuristic
small_object_proposal,-1,1.0,1506.0,1035.0,1543.0,1056.0,artificial_jewellery,video_20260404_115542,frame_010920.jpg,010920,heuristic
small_object_proposal,-1,1.0,985.0,907.0,1017.0,929.0,artificial_jewellery,video_20260404_115542,frame_010920.jpg,010920,heuristic
small_object_proposal,-1,1.0,1104.0,494.0,1130.0,520.0,artificial_jewellery,video_20260404_115542,frame_010920.jpg,010920,heuristic
small_object_proposal,-1,1.0,1153.0,643.0,1174.0,673.0,artificial_jewellery,video_20260404_115542,frame_010920.jpg,010920,heuristic
small_object_proposal,-1,1.0,1351.0,1008.0,1376.0,1032.0,artificial_jewellery,video_20260404_115542,frame_010920.jpg,010920,heuristic
small_object_proposal,-1,1.0,1082.0,995.0,1103.0,1021.0,artificial_jewellery,video_20260404_115542,frame_010920.jpg,010920,heuristic
small_object_proposal,-1,1.0,914.0,137.0,950.0,152.0,artificial_jewellery,video_20260404_115542,frame_010920.jpg,010920,heuristic
person,0,0.7137514352798462,396.04461669921875,145.7061767578125,1900.1121826171875,1076.01025390625,artificial_jewellery,video_20260404_115542,frame_010950.jpg,010950,yolo
small_object_proposal,-1,1.0,1080.0,802.0,1138.0,882.0,artificial_jewellery,video_20260404_115542,frame_010950.jpg,010950,heuristic
small_object_proposal,-1,1.0,1002.0,896.0,1054.0,965.0,artificial_jewellery,video_20260404_115542,frame_010950.jpg,010950,heuristic
small_object_proposal,-1,1.0,431.0,866.0,510.0,903.0,artificial_jewellery,video_20260404_115542,frame_010950.jpg,010950,heuristic
small_object_proposal,-1,1.0,1841.0,707.0,1871.0,804.0,artificial_jewellery,video_20260404_115542,frame_010950.jpg,010950,heuristic
small_object_proposal,-1,1.0,1055.0,513.0,1132.0,549.0,artificial_jewellery,video_20260404_115542,frame_010950.jpg,010950,heuristic
small_object_proposal,-1,1.0,1508.0,373.0,1572.0,414.0,artificial_jewellery,video_20260404_115542,frame_010950.jpg,010950,heuristic
small_object_proposal,-1,1.0,740.0,711.0,778.0,774.0,artificial_jewellery,video_20260404_115542,frame_010950.jpg,010950,heuristic
small_object_proposal,-1,1.0,402.0,1005.0,444.0,1061.0,artificial_jewellery,video_20260404_115542,frame_010950.jpg,010950,heuristic
small_object_proposal,-1,1.0,596.0,814.0,662.0,845.0,artificial_jewellery,video_20260404_115542,frame_010950.jpg,010950,heuristic
small_object_proposal,-1,1.0,1384.0,408.0,1454.0,435.0,artificial_jewellery,video_20260404_115542,frame_010950.jpg,010950,heuristic
small_object_proposal,-1,1.0,803.0,1012.0,850.0,1052.0,artificial_jewellery,video_20260404_115542,frame_010950.jpg,010950,heuristic
small_object_proposal,-1,1.0,1456.0,791.0,1508.0,826.0,artificial_jewellery,video_20260404_115542,frame_010950.jpg,010950,heuristic
small_object_proposal,-1,1.0,1173.0,806.0,1216.0,848.0,artificial_jewellery,video_20260404_115542,frame_010950.jpg,010950,heuristic
small_object_proposal,-1,1.0,326.0,922.0,359.0,975.0,artificial_jewellery,video_20260404_115542,frame_010950.jpg,010950,heuristic
small_object_proposal,-1,1.0,1382.0,514.0,1426.0,551.0,artificial_jewellery,video_20260404_115542,frame_010950.jpg,010950,heuristic
small_object_proposal,-1,1.0,1814.0,1039.0,1874.0,1066.0,artificial_jewellery,video_20260404_115542,frame_010950.jpg,010950,heuristic
small_object_proposal,-1,1.0,1317.0,432.0,1388.0,454.0,artificial_jewellery,video_20260404_115542,frame_010950.jpg,010950,heuristic
small_object_proposal,-1,1.0,906.0,961.0,938.0,1009.0,artificial_jewellery,video_20260404_115542,frame_010950.jpg,010950,heuristic
small_object_proposal,-1,1.0,1842.0,942.0,1869.0,995.0,artificial_jewellery,video_20260404_115542,frame_010950.jpg,010950,heuristic
small_object_proposal,-1,1.0,1083.0,26.0,1130.0,54.0,artificial_jewellery,video_20260404_115542,frame_010950.jpg,010950,heuristic
small_object_proposal,-1,1.0,1241.0,366.0,1285.0,394.0,artificial_jewellery,video_20260404_115542,frame_010950.jpg,010950,heuristic
small_object_proposal,-1,1.0,1049.0,1017.0,1084.0,1049.0,artificial_jewellery,video_20260404_115542,frame_010950.jpg,010950,heuristic
small_object_proposal,-1,1.0,128.0,931.0,173.0,955.0,artificial_jewellery,video_20260404_115542,frame_010950.jpg,010950,heuristic
small_object_proposal,-1,1.0,1489.0,990.0,1534.0,1013.0,artificial_jewellery,video_20260404_115542,frame_010950.jpg,010950,heuristic
small_object_proposal,-1,1.0,1340.0,967.0,1379.0,993.0,artificial_jewellery,video_20260404_115542,frame_010950.jpg,010950,heuristic
small_object_proposal,-1,1.0,1816.0,470.0,1859.0,493.0,artificial_jewellery,video_20260404_115542,frame_010950.jpg,010950,heuristic
small_object_proposal,-1,1.0,1258.0,864.0,1310.0,883.0,artificial_jewellery,video_20260404_115542,frame_010950.jpg,010950,heuristic
small_object_proposal,-1,1.0,1250.0,961.0,1270.0,1007.0,artificial_jewellery,video_20260404_115542,frame_010950.jpg,010950,heuristic
small_object_proposal,-1,1.0,1088.0,168.0,1119.0,191.0,artificial_jewellery,video_20260404_115542,frame_010950.jpg,010950,heuristic
small_object_proposal,-1,1.0,1681.0,608.0,1727.0,622.0,artificial_jewellery,video_20260404_115542,frame_010950.jpg,010950,heuristic
person,0,0.5746815204620361,412.80963134765625,138.02545166015625,1878.6109619140625,1067.7064208984375,artificial_jewellery,video_20260404_115542,frame_010980.jpg,010980,yolo
person,0,0.32783621549606323,162.68206787109375,321.29119873046875,1336.756103515625,1065.219970703125,artificial_jewellery,video_20260404_115542,frame_010980.jpg,010980,yolo
small_object_proposal,-1,1.0,1581.0,757.0,1722.0,783.0,artificial_jewellery,video_20260404_115542,frame_010980.jpg,010980,heuristic
small_object_proposal,-1,1.0,1291.0,460.0,1375.0,493.0,artificial_jewellery,video_20260404_115542,frame_010980.jpg,010980,heuristic
small_object_proposal,-1,1.0,987.0,922.0,1036.0,976.0,artificial_jewellery,video_20260404_115542,frame_010980.jpg,010980,heuristic
small_object_proposal,-1,1.0,1084.0,796.0,1113.0,883.0,artificial_jewellery,video_20260404_115542,frame_010980.jpg,010980,heuristic
small_object_proposal,-1,1.0,1353.0,424.0,1405.0,472.0,artificial_jewellery,video_20260404_115542,frame_010980.jpg,010980,heuristic
small_object_proposal,-1,1.0,1455.0,473.0,1519.0,510.0,artificial_jewellery,video_20260404_115542,frame_010980.jpg,010980,heuristic
small_object_proposal,-1,1.0,1534.0,849.0,1599.0,885.0,artificial_jewellery,video_20260404_115542,frame_010980.jpg,010980,heuristic
small_object_proposal,-1,1.0,1009.0,839.0,1048.0,895.0,artificial_jewellery,video_20260404_115542,frame_010980.jpg,010980,heuristic
small_object_proposal,-1,1.0,1333.0,513.0,1389.0,551.0,artificial_jewellery,video_20260404_115542,frame_010980.jpg,010980,heuristic
small_object_proposal,-1,1.0,893.0,971.0,925.0,1031.0,artificial_jewellery,video_20260404_115542,frame_010980.jpg,010980,heuristic
small_object_proposal,-1,1.0,426.0,881.0,489.0,911.0,artificial_jewellery,video_20260404_115542,frame_010980.jpg,010980,heuristic
small_object_proposal,-1,1.0,705.0,727.0,734.0,784.0,artificial_jewellery,video_20260404_115542,frame_010980.jpg,010980,heuristic
small_object_proposal,-1,1.0,1845.0,715.0,1864.0,802.0,artificial_jewellery,video_20260404_115542,frame_010980.jpg,010980,heuristic
small_object_proposal,-1,1.0,842.0,967.0,886.0,999.0,artificial_jewellery,video_20260404_115542,frame_010980.jpg,010980,heuristic
small_object_proposal,-1,1.0,1177.0,524.0,1218.0,558.0,artificial_jewellery,video_20260404_115542,frame_010980.jpg,010980,heuristic
small_object_proposal,-1,1.0,1313.0,351.0,1358.0,380.0,artificial_jewellery,video_20260404_115542,frame_010980.jpg,010980,heuristic
small_object_proposal,-1,1.0,1767.0,1049.0,1837.0,1067.0,artificial_jewellery,video_20260404_115542,frame_010980.jpg,010980,heuristic
small_object_proposal,-1,1.0,1808.0,469.0,1854.0,496.0,artificial_jewellery,video_20260404_115542,frame_010980.jpg,010980,heuristic
small_object_proposal,-1,1.0,333.0,944.0,361.0,988.0,artificial_jewellery,video_20260404_115542,frame_010980.jpg,010980,heuristic
small_object_proposal,-1,1.0,1131.0,755.0,1153.0,805.0,artificial_jewellery,video_20260404_115542,frame_010980.jpg,010980,heuristic
small_object_proposal,-1,1.0,1034.0,1029.0,1068.0,1061.0,artificial_jewellery,video_20260404_115542,frame_010980.jpg,010980,heuristic
small_object_proposal,-1,1.0,1245.0,368.0,1282.0,393.0,artificial_jewellery,video_20260404_115542,frame_010980.jpg,010980,heuristic
small_object_proposal,-1,1.0,1735.0,754.0,1752.0,807.0,artificial_jewellery,video_20260404_115542,frame_010980.jpg,010980,heuristic
small_object_proposal,-1,1.0,1004.0,522.0,1032.0,554.0,artificial_jewellery,video_20260404_115542,frame_010980.jpg,010980,heuristic
small_object_proposal,-1,1.0,1488.0,993.0,1533.0,1012.0,artificial_jewellery,video_20260404_115542,frame_010980.jpg,010980,heuristic
small_object_proposal,-1,1.0,1311.0,499.0,1351.0,520.0,artificial_jewellery,video_20260404_115542,frame_010980.jpg,010980,heuristic
small_object_proposal,-1,1.0,1058.0,817.0,1082.0,851.0,artificial_jewellery,video_20260404_115542,frame_010980.jpg,010980,heuristic
small_object_proposal,-1,1.0,917.0,916.0,954.0,937.0,artificial_jewellery,video_20260404_115542,frame_010980.jpg,010980,heuristic
small_object_proposal,-1,1.0,1839.0,919.0,1861.0,949.0,artificial_jewellery,video_20260404_115542,frame_010980.jpg,010980,heuristic
small_object_proposal,-1,1.0,969.0,8.0,989.0,41.0,artificial_jewellery,video_20260404_115542,frame_010980.jpg,010980,heuristic
person,0,0.6467467546463013,406.5333557128906,301.92205810546875,1901.9073486328125,1067.4808349609375,artificial_jewellery,video_20260404_115542,frame_011010.jpg,011010,yolo
small_object_proposal,-1,1.0,1377.0,709.0,1458.0,765.0,artificial_jewellery,video_20260404_115542,frame_011010.jpg,011010,heuristic
small_object_proposal,-1,1.0,1015.0,119.0,1062.0,179.0,artificial_jewellery,video_20260404_115542,frame_011010.jpg,011010,heuristic
small_object_proposal,-1,1.0,997.0,929.0,1048.0,983.0,artificial_jewellery,video_20260404_115542,frame_011010.jpg,011010,heuristic
small_object_proposal,-1,1.0,580.0,812.0,655.0,847.0,artificial_jewellery,video_20260404_115542,frame_011010.jpg,011010,heuristic
small_object_proposal,-1,1.0,430.0,879.0,497.0,914.0,artificial_jewellery,video_20260404_115542,frame_011010.jpg,011010,heuristic
small_object_proposal,-1,1.0,1016.0,843.0,1054.0,904.0,artificial_jewellery,video_20260404_115542,frame_011010.jpg,011010,heuristic
small_object_proposal,-1,1.0,1055.0,541.0,1108.0,583.0,artificial_jewellery,video_20260404_115542,frame_011010.jpg,011010,heuristic
small_object_proposal,-1,1.0,1445.0,820.0,1502.0,859.0,artificial_jewellery,video_20260404_115542,frame_011010.jpg,011010,heuristic
small_object_proposal,-1,1.0,1424.0,319.0,1472.0,365.0,artificial_jewellery,video_20260404_115542,frame_011010.jpg,011010,heuristic
small_object_proposal,-1,1.0,1005.0,535.0,1054.0,578.0,artificial_jewellery,video_20260404_115542,frame_011010.jpg,011010,heuristic
small_object_proposal,-1,1.0,1435.0,961.0,1498.0,994.0,artificial_jewellery,video_20260404_115542,frame_011010.jpg,011010,heuristic
small_object_proposal,-1,1.0,901.0,978.0,936.0,1035.0,artificial_jewellery,video_20260404_115542,frame_011010.jpg,011010,heuristic
small_object_proposal,-1,1.0,333.0,936.0,367.0,988.0,artificial_jewellery,video_20260404_115542,frame_011010.jpg,011010,heuristic
small_object_proposal,-1,1.0,1125.0,728.0,1166.0,771.0,artificial_jewellery,video_20260404_115542,frame_011010.jpg,011010,heuristic
small_object_proposal,-1,1.0,1851.0,719.0,1869.0,806.0,artificial_jewellery,video_20260404_115542,frame_011010.jpg,011010,heuristic
small_object_proposal,-1,1.0,1386.0,441.0,1416.0,491.0,artificial_jewellery,video_20260404_115542,frame_011010.jpg,011010,heuristic
small_object_proposal,-1,1.0,1089.0,51.0,1132.0,84.0,artificial_jewellery,video_20260404_115542,frame_011010.jpg,011010,heuristic
small_object_proposal,-1,1.0,846.0,974.0,895.0,1002.0,artificial_jewellery,video_20260404_115542,frame_011010.jpg,011010,heuristic
small_object_proposal,-1,1.0,1132.0,406.0,1172.0,437.0,artificial_jewellery,video_20260404_115542,frame_011010.jpg,011010,heuristic
small_object_proposal,-1,1.0,1619.0,790.0,1686.0,808.0,artificial_jewellery,video_20260404_115542,frame_011010.jpg,011010,heuristic
small_object_proposal,-1,1.0,1805.0,479.0,1858.0,501.0,artificial_jewellery,video_20260404_115542,frame_011010.jpg,011010,heuristic
small_object_proposal,-1,1.0,1781.0,470.0,1800.0,528.0,artificial_jewellery,video_20260404_115542,frame_011010.jpg,011010,heuristic
small_object_proposal,-1,1.0,1045.0,1037.0,1078.0,1068.0,artificial_jewellery,video_20260404_115542,frame_011010.jpg,011010,heuristic
small_object_proposal,-1,1.0,1249.0,973.0,1270.0,1019.0,artificial_jewellery,video_20260404_115542,frame_011010.jpg,011010,heuristic
small_object_proposal,-1,1.0,1259.0,496.0,1300.0,519.0,artificial_jewellery,video_20260404_115542,frame_011010.jpg,011010,heuristic
small_object_proposal,-1,1.0,1227.0,591.0,1244.0,646.0,artificial_jewellery,video_20260404_115542,frame_011010.jpg,011010,heuristic
small_object_proposal,-1,1.0,1065.0,821.0,1089.0,859.0,artificial_jewellery,video_20260404_115542,frame_011010.jpg,011010,heuristic
small_object_proposal,-1,1.0,231.0,937.0,282.0,954.0,artificial_jewellery,video_20260404_115542,frame_011010.jpg,011010,heuristic
small_object_proposal,-1,1.0,924.0,923.0,965.0,943.0,artificial_jewellery,video_20260404_115542,frame_011010.jpg,011010,heuristic
small_object_proposal,-1,1.0,1443.0,713.0,1478.0,734.0,artificial_jewellery,video_20260404_115542,frame_011010.jpg,011010,heuristic
person,0,0.6635823249816895,296.91961669921875,12.364471435546875,1889.164794921875,1057.64697265625,artificial_jewellery,video_20260404_115542,frame_011070.jpg,011070,yolo
small_object_proposal,-1,1.0,1652.0,789.0,1763.0,833.0,artificial_jewellery,video_20260404_115542,frame_011070.jpg,011070,heuristic
small_object_proposal,-1,1.0,681.0,1004.0,775.0,1050.0,artificial_jewellery,video_20260404_115542,frame_011070.jpg,011070,heuristic
small_object_proposal,-1,1.0,440.0,62.0,488.0,134.0,artificial_jewellery,video_20260404_115542,frame_011070.jpg,011070,heuristic
small_object_proposal,-1,1.0,1316.0,394.0,1387.0,438.0,artificial_jewellery,video_20260404_115542,frame_011070.jpg,011070,heuristic
small_object_proposal,-1,1.0,798.0,862.0,860.0,912.0,artificial_jewellery,video_20260404_115542,frame_011070.jpg,011070,heuristic
small_object_proposal,-1,1.0,853.0,628.0,904.0,680.0,artificial_jewellery,video_20260404_115542,frame_011070.jpg,011070,heuristic
small_object_proposal,-1,1.0,1017.0,68.0,1084.0,107.0,artificial_jewellery,video_20260404_115542,frame_011070.jpg,011070,heuristic
small_object_proposal,-1,1.0,1013.0,984.0,1056.0,1042.0,artificial_jewellery,video_20260404_115542,frame_011070.jpg,011070,heuristic
small_object_proposal,-1,1.0,1451.0,903.0,1508.0,945.0,artificial_jewellery,video_20260404_115542,frame_011070.jpg,011070,heuristic
small_object_proposal,-1,1.0,864.0,170.0,926.0,207.0,artificial_jewellery,video_20260404_115542,frame_011070.jpg,011070,heuristic
small_object_proposal,-1,1.0,864.0,131.0,930.0,164.0,artificial_jewellery,video_20260404_115542,frame_011070.jpg,011070,heuristic
small_object_proposal,-1,1.0,1015.0,826.0,1050.0,884.0,artificial_jewellery,video_20260404_115542,frame_011070.jpg,011070,heuristic
small_object_proposal,-1,1.0,587.0,178.0,628.0,227.0,artificial_jewellery,video_20260404_115542,frame_011070.jpg,011070,heuristic
small_object_proposal,-1,1.0,1077.0,936.0,1102.0,1011.0,artificial_jewellery,video_20260404_115542,frame_011070.jpg,011070,heuristic
small_object_proposal,-1,1.0,1453.0,1041.0,1506.0,1076.0,artificial_jewellery,video_20260404_115542,frame_011070.jpg,011070,heuristic
small_object_proposal,-1,1.0,939.0,966.0,982.0,1001.0,artificial_jewellery,video_20260404_115542,frame_011070.jpg,011070,heuristic
small_object_proposal,-1,1.0,1753.0,1055.0,1873.0,1067.0,artificial_jewellery,video_20260404_115542,frame_011070.jpg,011070,heuristic
small_object_proposal,-1,1.0,1815.0,563.0,1873.0,586.0,artificial_jewellery,video_20260404_115542,frame_011070.jpg,011070,heuristic
small_object_proposal,-1,1.0,1291.0,518.0,1346.0,542.0,artificial_jewellery,video_20260404_115542,frame_011070.jpg,011070,heuristic
small_object_proposal,-1,1.0,1306.0,558.0,1339.0,597.0,artificial_jewellery,video_20260404_115542,frame_011070.jpg,011070,heuristic
small_object_proposal,-1,1.0,1424.0,529.0,1464.0,559.0,artificial_jewellery,video_20260404_115542,frame_011070.jpg,011070,heuristic
small_object_proposal,-1,1.0,1038.0,885.0,1064.0,931.0,artificial_jewellery,video_20260404_115542,frame_011070.jpg,011070,heuristic
small_object_proposal,-1,1.0,1185.0,503.0,1209.0,551.0,artificial_jewellery,video_20260404_115542,frame_011070.jpg,011070,heuristic
small_object_proposal,-1,1.0,1022.0,928.0,1048.0,972.0,artificial_jewellery,video_20260404_115542,frame_011070.jpg,011070,heuristic
small_object_proposal,-1,1.0,802.0,166.0,844.0,193.0,artificial_jewellery,video_20260404_115542,frame_011070.jpg,011070,heuristic
small_object_proposal,-1,1.0,1018.0,857.0,1041.0,906.0,artificial_jewellery,video_20260404_115542,frame_011070.jpg,011070,heuristic
small_object_proposal,-1,1.0,876.0,1030.0,916.0,1058.0,artificial_jewellery,video_20260404_115542,frame_011070.jpg,011070,heuristic
small_object_proposal,-1,1.0,760.0,887.0,808.0,910.0,artificial_jewellery,video_20260404_115542,frame_011070.jpg,011070,heuristic
small_object_proposal,-1,1.0,1418.0,220.0,1464.0,244.0,artificial_jewellery,video_20260404_115542,frame_011070.jpg,011070,heuristic
small_object_proposal,-1,1.0,708.0,980.0,752.0,1005.0,artificial_jewellery,video_20260404_115542,frame_011070.jpg,011070,heuristic
person,0,0.7013019323348999,377.3902893066406,112.94403076171875,1912.6688232421875,1065.0908203125,artificial_jewellery,video_20260404_115542,frame_011100.jpg,011100,yolo
small_object_proposal,-1,1.0,807.0,831.0,891.0,882.0,artificial_jewellery,video_20260404_115542,frame_011100.jpg,011100,heuristic
small_object_proposal,-1,1.0,1143.0,201.0,1218.0,249.0,artificial_jewellery,video_20260404_115542,frame_011100.jpg,011100,heuristic
small_object_proposal,-1,1.0,1118.0,292.0,1172.0,356.0,artificial_jewellery,video_20260404_115542,frame_011100.jpg,011100,heuristic
small_object_proposal,-1,1.0,394.0,889.0,452.0,946.0,artificial_jewellery,video_20260404_115542,frame_011100.jpg,011100,heuristic
small_object_proposal,-1,1.0,947.0,204.0,973.0,317.0,artificial_jewellery,video_20260404_115542,frame_011100.jpg,011100,heuristic
small_object_proposal,-1,1.0,1043.0,968.0,1099.0,1018.0,artificial_jewellery,video_20260404_115542,frame_011100.jpg,011100,heuristic
small_object_proposal,-1,1.0,1016.0,200.0,1087.0,237.0,artificial_jewellery,video_20260404_115542,frame_011100.jpg,011100,heuristic
small_object_proposal,-1,1.0,1173.0,282.0,1210.0,346.0,artificial_jewellery,video_20260404_115542,frame_011100.jpg,011100,heuristic
small_object_proposal,-1,1.0,1011.0,739.0,1058.0,787.0,artificial_jewellery,video_20260404_115542,frame_011100.jpg,011100,heuristic
small_object_proposal,-1,1.0,1810.0,1025.0,1888.0,1051.0,artificial_jewellery,video_20260404_115542,frame_011100.jpg,011100,heuristic
small_object_proposal,-1,1.0,1205.0,507.0,1262.0,540.0,artificial_jewellery,video_20260404_115542,frame_011100.jpg,011100,heuristic
small_object_proposal,-1,1.0,967.0,941.0,1014.0,977.0,artificial_jewellery,video_20260404_115542,frame_011100.jpg,011100,heuristic
small_object_proposal,-1,1.0,1211.0,311.0,1242.0,363.0,artificial_jewellery,video_20260404_115542,frame_011100.jpg,011100,heuristic
small_object_proposal,-1,1.0,1103.0,913.0,1127.0,974.0,artificial_jewellery,video_20260404_115542,frame_011100.jpg,011100,heuristic
small_object_proposal,-1,1.0,1715.0,786.0,1781.0,808.0,artificial_jewellery,video_20260404_115542,frame_011100.jpg,011100,heuristic
small_object_proposal,-1,1.0,899.0,1006.0,947.0,1036.0,artificial_jewellery,video_20260404_115542,frame_011100.jpg,011100,heuristic
small_object_proposal,-1,1.0,1142.0,382.0,1195.0,409.0,artificial_jewellery,video_20260404_115542,frame_011100.jpg,011100,heuristic
small_object_proposal,-1,1.0,1481.0,887.0,1523.0,918.0,artificial_jewellery,video_20260404_115542,frame_011100.jpg,011100,heuristic
small_object_proposal,-1,1.0,386.0,960.0,402.0,1021.0,artificial_jewellery,video_20260404_115542,frame_011100.jpg,011100,heuristic
small_object_proposal,-1,1.0,1405.0,984.0,1446.0,1006.0,artificial_jewellery,video_20260404_115542,frame_011100.jpg,011100,heuristic
small_object_proposal,-1,1.0,1284.0,1024.0,1304.0,1068.0,artificial_jewellery,video_20260404_115542,frame_011100.jpg,011100,heuristic
small_object_proposal,-1,1.0,1492.0,867.0,1533.0,887.0,artificial_jewellery,video_20260404_115542,frame_011100.jpg,011100,heuristic
small_object_proposal,-1,1.0,1834.0,546.0,1884.0,561.0,artificial_jewellery,video_20260404_115542,frame_011100.jpg,011100,heuristic
small_object_proposal,-1,1.0,932.0,725.0,967.0,746.0,artificial_jewellery,video_20260404_115542,frame_011100.jpg,011100,heuristic
small_object_proposal,-1,1.0,1120.0,989.0,1147.0,1016.0,artificial_jewellery,video_20260404_115542,frame_011100.jpg,011100,heuristic
small_object_proposal,-1,1.0,1017.0,860.0,1043.0,886.0,artificial_jewellery,video_20260404_115542,frame_011100.jpg,011100,heuristic
small_object_proposal,-1,1.0,980.0,23.0,995.0,67.0,artificial_jewellery,video_20260404_115542,frame_011100.jpg,011100,heuristic
small_object_proposal,-1,1.0,1007.0,930.0,1036.0,952.0,artificial_jewellery,video_20260404_115542,frame_011100.jpg,011100,heuristic
small_object_proposal,-1,1.0,1274.0,988.0,1293.0,1020.0,artificial_jewellery,video_20260404_115542,frame_011100.jpg,011100,heuristic
small_object_proposal,-1,1.0,47.0,450.0,62.0,490.0,artificial_jewellery,video_20260404_115542,frame_011100.jpg,011100,heuristic
person,0,0.7463554739952087,384.81719970703125,38.5880126953125,1904.1826171875,1066.1572265625,artificial_jewellery,video_20260404_115542,frame_011130.jpg,011130,yolo
small_object_proposal,-1,1.0,1158.0,1006.0,1229.0,1075.0,artificial_jewellery,video_20260404_115542,frame_011130.jpg,011130,heuristic
small_object_proposal,-1,1.0,897.0,995.0,976.0,1055.0,artificial_jewellery,video_20260404_115542,frame_011130.jpg,011130,heuristic
small_object_proposal,-1,1.0,1514.0,334.0,1649.0,369.0,artificial_jewellery,video_20260404_115542,frame_011130.jpg,011130,heuristic
small_object_proposal,-1,1.0,1520.0,406.0,1580.0,479.0,artificial_jewellery,video_20260404_115542,frame_011130.jpg,011130,heuristic
small_object_proposal,-1,1.0,1037.0,932.0,1094.0,1002.0,artificial_jewellery,video_20260404_115542,frame_011130.jpg,011130,heuristic
small_object_proposal,-1,1.0,1081.0,785.0,1117.0,886.0,artificial_jewellery,video_20260404_115542,frame_011130.jpg,011130,heuristic
small_object_proposal,-1,1.0,382.0,905.0,442.0,960.0,artificial_jewellery,video_20260404_115542,frame_011130.jpg,011130,heuristic
small_object_proposal,-1,1.0,1469.0,170.0,1531.0,223.0,artificial_jewellery,video_20260404_115542,frame_011130.jpg,011130,heuristic
small_object_proposal,-1,1.0,1049.0,843.0,1084.0,928.0,artificial_jewellery,video_20260404_115542,frame_011130.jpg,011130,heuristic
small_object_proposal,-1,1.0,1722.0,676.0,1750.0,778.0,artificial_jewellery,video_20260404_115542,frame_011130.jpg,011130,heuristic
small_object_proposal,-1,1.0,1268.0,969.0,1296.0,1056.0,artificial_jewellery,video_20260404_115542,frame_011130.jpg,011130,heuristic
small_object_proposal,-1,1.0,1463.0,1002.0,1518.0,1043.0,artificial_jewellery,video_20260404_115542,frame_011130.jpg,011130,heuristic
small_object_proposal,-1,1.0,1872.0,773.0,1896.0,866.0,artificial_jewellery,video_20260404_115542,frame_011130.jpg,011130,heuristic
small_object_proposal,-1,1.0,527.0,839.0,562.0,901.0,artificial_jewellery,video_20260404_115542,frame_011130.jpg,011130,heuristic
small_object_proposal,-1,1.0,772.0,455.0,792.0,560.0,artificial_jewellery,video_20260404_115542,frame_011130.jpg,011130,heuristic
small_object_proposal,-1,1.0,1034.0,785.0,1070.0,842.0,artificial_jewellery,video_20260404_115542,frame_011130.jpg,011130,heuristic
small_object_proposal,-1,1.0,992.0,299.0,1037.0,344.0,artificial_jewellery,video_20260404_115542,frame_011130.jpg,011130,heuristic
small_object_proposal,-1,1.0,1806.0,534.0,1877.0,561.0,artificial_jewellery,video_20260404_115542,frame_011130.jpg,011130,heuristic
small_object_proposal,-1,1.0,1179.0,939.0,1232.0,975.0,artificial_jewellery,video_20260404_115542,frame_011130.jpg,011130,heuristic
small_object_proposal,-1,1.0,1087.0,896.0,1117.0,959.0,artificial_jewellery,video_20260404_115542,frame_011130.jpg,011130,heuristic
small_object_proposal,-1,1.0,883.0,992.0,938.0,1024.0,artificial_jewellery,video_20260404_115542,frame_011130.jpg,011130,heuristic
small_object_proposal,-1,1.0,957.0,927.0,1005.0,963.0,artificial_jewellery,video_20260404_115542,frame_011130.jpg,011130,heuristic
small_object_proposal,-1,1.0,1218.0,313.0,1262.0,349.0,artificial_jewellery,video_20260404_115542,frame_011130.jpg,011130,heuristic
small_object_proposal,-1,1.0,948.0,113.0,978.0,164.0,artificial_jewellery,video_20260404_115542,frame_011130.jpg,011130,heuristic
small_object_proposal,-1,1.0,381.0,1011.0,408.0,1066.0,artificial_jewellery,video_20260404_115542,frame_011130.jpg,011130,heuristic
small_object_proposal,-1,1.0,374.0,957.0,404.0,1006.0,artificial_jewellery,video_20260404_115542,frame_011130.jpg,011130,heuristic
small_object_proposal,-1,1.0,1145.0,628.0,1170.0,686.0,artificial_jewellery,video_20260404_115542,frame_011130.jpg,011130,heuristic
small_object_proposal,-1,1.0,1111.0,968.0,1149.0,1005.0,artificial_jewellery,video_20260404_115542,frame_011130.jpg,011130,heuristic
small_object_proposal,-1,1.0,848.0,823.0,880.0,865.0,artificial_jewellery,video_20260404_115542,frame_011130.jpg,011130,heuristic
small_object_proposal,-1,1.0,1502.0,706.0,1524.0,761.0,artificial_jewellery,video_20260404_115542,frame_011130.jpg,011130,heuristic
person,0,0.8005658984184265,526.0559692382812,20.32489013671875,1780.6107177734375,1061.0223388671875,artificial_jewellery,video_20260404_115542,frame_011160.jpg,011160,yolo
donut,54,0.29020360112190247,1134.6549072265625,325.3541259765625,1362.021728515625,554.85595703125,artificial_jewellery,video_20260404_115542,frame_011160.jpg,011160,yolo
small_object_proposal,-1,1.0,1174.0,386.0,1242.0,455.0,artificial_jewellery,video_20260404_115542,frame_011160.jpg,011160,heuristic
small_object_proposal,-1,1.0,1122.0,977.0,1205.0,1032.0,artificial_jewellery,video_20260404_115542,frame_011160.jpg,011160,heuristic
small_object_proposal,-1,1.0,696.0,638.0,742.0,713.0,artificial_jewellery,video_20260404_115542,frame_011160.jpg,011160,heuristic
small_object_proposal,-1,1.0,1524.0,846.0,1606.0,882.0,artificial_jewellery,video_20260404_115542,frame_011160.jpg,011160,heuristic
small_object_proposal,-1,1.0,1002.0,829.0,1037.0,909.0,artificial_jewellery,video_20260404_115542,frame_011160.jpg,011160,heuristic
small_object_proposal,-1,1.0,1063.0,951.0,1099.0,1026.0,artificial_jewellery,video_20260404_115542,frame_011160.jpg,011160,heuristic
small_object_proposal,-1,1.0,1014.0,997.0,1058.0,1046.0,artificial_jewellery,video_20260404_115542,frame_011160.jpg,011160,heuristic
small_object_proposal,-1,1.0,1370.0,870.0,1421.0,912.0,artificial_jewellery,video_20260404_115542,frame_011160.jpg,011160,heuristic
small_object_proposal,-1,1.0,1252.0,514.0,1337.0,538.0,artificial_jewellery,video_20260404_115542,frame_011160.jpg,011160,heuristic
small_object_proposal,-1,1.0,1167.0,889.0,1216.0,928.0,artificial_jewellery,video_20260404_115542,frame_011160.jpg,011160,heuristic
small_object_proposal,-1,1.0,932.0,970.0,981.0,1008.0,artificial_jewellery,video_20260404_115542,frame_011160.jpg,011160,heuristic
small_object_proposal,-1,1.0,1506.0,482.0,1538.0,540.0,artificial_jewellery,video_20260404_115542,frame_011160.jpg,011160,heuristic
small_object_proposal,-1,1.0,1497.0,258.0,1546.0,295.0,artificial_jewellery,video_20260404_115542,frame_011160.jpg,011160,heuristic
small_object_proposal,-1,1.0,1132.0,813.0,1156.0,880.0,artificial_jewellery,video_20260404_115542,frame_011160.jpg,011160,heuristic
small_object_proposal,-1,1.0,1024.0,887.0,1052.0,944.0,artificial_jewellery,video_20260404_115542,frame_011160.jpg,011160,heuristic
small_object_proposal,-1,1.0,1095.0,407.0,1139.0,441.0,artificial_jewellery,video_20260404_115542,frame_011160.jpg,011160,heuristic
small_object_proposal,-1,1.0,1171.0,913.0,1209.0,948.0,artificial_jewellery,video_20260404_115542,frame_011160.jpg,011160,heuristic
small_object_proposal,-1,1.0,920.0,45.0,949.0,89.0,artificial_jewellery,video_20260404_115542,frame_011160.jpg,011160,heuristic
small_object_proposal,-1,1.0,337.0,1009.0,364.0,1054.0,artificial_jewellery,video_20260404_115542,frame_011160.jpg,011160,heuristic
small_object_proposal,-1,1.0,871.0,1039.0,915.0,1066.0,artificial_jewellery,video_20260404_115542,frame_011160.jpg,011160,heuristic
small_object_proposal,-1,1.0,1046.0,630.0,1069.0,681.0,artificial_jewellery,video_20260404_115542,frame_011160.jpg,011160,heuristic
small_object_proposal,-1,1.0,1051.0,263.0,1109.0,282.0,artificial_jewellery,video_20260404_115542,frame_011160.jpg,011160,heuristic
small_object_proposal,-1,1.0,907.0,758.0,966.0,776.0,artificial_jewellery,video_20260404_115542,frame_011160.jpg,011160,heuristic
small_object_proposal,-1,1.0,1783.0,841.0,1806.0,885.0,artificial_jewellery,video_20260404_115542,frame_011160.jpg,011160,heuristic
small_object_proposal,-1,1.0,963.0,753.0,999.0,780.0,artificial_jewellery,video_20260404_115542,frame_011160.jpg,011160,heuristic
small_object_proposal,-1,1.0,1196.0,420.0,1221.0,457.0,artificial_jewellery,video_20260404_115542,frame_011160.jpg,011160,heuristic
small_object_proposal,-1,1.0,810.0,842.0,849.0,865.0,artificial_jewellery,video_20260404_115542,frame_011160.jpg,011160,heuristic
small_object_proposal,-1,1.0,1103.0,4.0,1141.0,27.0,artificial_jewellery,video_20260404_115542,frame_011160.jpg,011160,heuristic
small_object_proposal,-1,1.0,1759.0,968.0,1776.0,1018.0,artificial_jewellery,video_20260404_115542,frame_011160.jpg,011160,heuristic
small_object_proposal,-1,1.0,1423.0,391.0,1451.0,420.0,artificial_jewellery,video_20260404_115542,frame_011160.jpg,011160,heuristic
person,0,0.7751594185829163,141.08807373046875,136.05194091796875,1897.76953125,1069.31103515625,artificial_jewellery,video_20260404_115542,frame_011190.jpg,011190,yolo
small_object_proposal,-1,1.0,1035.0,790.0,1071.0,901.0,artificial_jewellery,video_20260404_115542,frame_011190.jpg,011190,heuristic
small_object_proposal,-1,1.0,1063.0,803.0,1141.0,852.0,artificial_jewellery,video_20260404_115542,frame_011190.jpg,011190,heuristic
small_object_proposal,-1,1.0,1002.0,968.0,1056.0,1037.0,artificial_jewellery,video_20260404_115542,frame_011190.jpg,011190,heuristic
small_object_proposal,-1,1.0,938.0,811.0,984.0,891.0,artificial_jewellery,video_20260404_115542,frame_011190.jpg,011190,heuristic
small_object_proposal,-1,1.0,1004.0,862.0,1036.0,961.0,artificial_jewellery,video_20260404_115542,frame_011190.jpg,011190,heuristic
small_object_proposal,-1,1.0,1084.0,932.0,1167.0,969.0,artificial_jewellery,video_20260404_115542,frame_011190.jpg,011190,heuristic
small_object_proposal,-1,1.0,1193.0,900.0,1237.0,967.0,artificial_jewellery,video_20260404_115542,frame_011190.jpg,011190,heuristic
small_object_proposal,-1,1.0,1376.0,412.0,1409.0,489.0,artificial_jewellery,video_20260404_115542,frame_011190.jpg,011190,heuristic
small_object_proposal,-1,1.0,1376.0,749.0,1432.0,793.0,artificial_jewellery,video_20260404_115542,frame_011190.jpg,011190,heuristic
small_object_proposal,-1,1.0,1883.0,636.0,1914.0,715.0,artificial_jewellery,video_20260404_115542,frame_011190.jpg,011190,heuristic
small_object_proposal,-1,1.0,791.0,988.0,847.0,1029.0,artificial_jewellery,video_20260404_115542,frame_011190.jpg,011190,heuristic
small_object_proposal,-1,1.0,1365.0,990.0,1427.0,1026.0,artificial_jewellery,video_20260404_115542,frame_011190.jpg,011190,heuristic
small_object_proposal,-1,1.0,1432.0,991.0,1492.0,1020.0,artificial_jewellery,video_20260404_115542,frame_011190.jpg,011190,heuristic
small_object_proposal,-1,1.0,921.0,964.0,970.0,996.0,artificial_jewellery,video_20260404_115542,frame_011190.jpg,011190,heuristic
small_object_proposal,-1,1.0,1086.0,374.0,1131.0,407.0,artificial_jewellery,video_20260404_115542,frame_011190.jpg,011190,heuristic
small_object_proposal,-1,1.0,1805.0,485.0,1835.0,531.0,artificial_jewellery,video_20260404_115542,frame_011190.jpg,011190,heuristic
small_object_proposal,-1,1.0,887.0,865.0,917.0,910.0,artificial_jewellery,video_20260404_115542,frame_011190.jpg,011190,heuristic
small_object_proposal,-1,1.0,1610.0,230.0,1663.0,255.0,artificial_jewellery,video_20260404_115542,frame_011190.jpg,011190,heuristic
small_object_proposal,-1,1.0,1108.0,247.0,1151.0,276.0,artificial_jewellery,video_20260404_115542,frame_011190.jpg,011190,heuristic
small_object_proposal,-1,1.0,1170.0,978.0,1213.0,1006.0,artificial_jewellery,video_20260404_115542,frame_011190.jpg,011190,heuristic
small_object_proposal,-1,1.0,1067.0,947.0,1088.0,997.0,artificial_jewellery,video_20260404_115542,frame_011190.jpg,011190,heuristic
small_object_proposal,-1,1.0,1362.0,1036.0,1387.0,1077.0,artificial_jewellery,video_20260404_115542,frame_011190.jpg,011190,heuristic
small_object_proposal,-1,1.0,304.0,1003.0,330.0,1041.0,artificial_jewellery,video_20260404_115542,frame_011190.jpg,011190,heuristic
small_object_proposal,-1,1.0,1811.0,966.0,1845.0,991.0,artificial_jewellery,video_20260404_115542,frame_011190.jpg,011190,heuristic
small_object_proposal,-1,1.0,1839.0,745.0,1850.0,818.0,artificial_jewellery,video_20260404_115542,frame_011190.jpg,011190,heuristic
small_object_proposal,-1,1.0,1432.0,965.0,1464.0,990.0,artificial_jewellery,video_20260404_115542,frame_011190.jpg,011190,heuristic
small_object_proposal,-1,1.0,1072.0,863.0,1083.0,935.0,artificial_jewellery,video_20260404_115542,frame_011190.jpg,011190,heuristic
small_object_proposal,-1,1.0,1054.0,916.0,1077.0,948.0,artificial_jewellery,video_20260404_115542,frame_011190.jpg,011190,heuristic
small_object_proposal,-1,1.0,328.0,985.0,359.0,1008.0,artificial_jewellery,video_20260404_115542,frame_011190.jpg,011190,heuristic
small_object_proposal,-1,1.0,1407.0,235.0,1451.0,251.0,artificial_jewellery,video_20260404_115542,frame_011190.jpg,011190,heuristic
person,0,0.768463134765625,146.86322021484375,70.5234375,1904.662109375,1068.64599609375,artificial_jewellery,video_20260404_115542,frame_011220.jpg,011220,yolo
small_object_proposal,-1,1.0,999.0,811.0,1046.0,900.0,artificial_jewellery,video_20260404_115542,frame_011220.jpg,011220,heuristic
small_object_proposal,-1,1.0,1204.0,285.0,1278.0,329.0,artificial_jewellery,video_20260404_115542,frame_011220.jpg,011220,heuristic
small_object_proposal,-1,1.0,1849.0,693.0,1879.0,792.0,artificial_jewellery,video_20260404_115542,frame_011220.jpg,011220,heuristic
small_object_proposal,-1,1.0,1011.0,957.0,1062.0,1010.0,artificial_jewellery,video_20260404_115542,frame_011220.jpg,011220,heuristic
small_object_proposal,-1,1.0,990.0,775.0,1028.0,835.0,artificial_jewellery,video_20260404_115542,frame_011220.jpg,011220,heuristic
small_object_proposal,-1,1.0,916.0,1007.0,950.0,1065.0,artificial_jewellery,video_20260404_115542,frame_011220.jpg,011220,heuristic
small_object_proposal,-1,1.0,920.0,936.0,975.0,971.0,artificial_jewellery,video_20260404_115542,frame_011220.jpg,011220,heuristic
small_object_proposal,-1,1.0,792.0,1021.0,852.0,1052.0,artificial_jewellery,video_20260404_115542,frame_011220.jpg,011220,heuristic
small_object_proposal,-1,1.0,1095.0,607.0,1120.0,680.0,artificial_jewellery,video_20260404_115542,frame_011220.jpg,011220,heuristic
small_object_proposal,-1,1.0,322.0,991.0,358.0,1038.0,artificial_jewellery,video_20260404_115542,frame_011220.jpg,011220,heuristic
small_object_proposal,-1,1.0,1364.0,1000.0,1405.0,1041.0,artificial_jewellery,video_20260404_115542,frame_011220.jpg,011220,heuristic
small_object_proposal,-1,1.0,1162.0,829.0,1206.0,867.0,artificial_jewellery,video_20260404_115542,frame_011220.jpg,011220,heuristic
small_object_proposal,-1,1.0,923.0,857.0,959.0,902.0,artificial_jewellery,video_20260404_115542,frame_011220.jpg,011220,heuristic
small_object_proposal,-1,1.0,1366.0,209.0,1406.0,242.0,artificial_jewellery,video_20260404_115542,frame_011220.jpg,011220,heuristic
small_object_proposal,-1,1.0,1408.0,440.0,1451.0,469.0,artificial_jewellery,video_20260404_115542,frame_011220.jpg,011220,heuristic
small_object_proposal,-1,1.0,1292.0,228.0,1313.0,287.0,artificial_jewellery,video_20260404_115542,frame_011220.jpg,011220,heuristic
small_object_proposal,-1,1.0,1059.0,821.0,1080.0,876.0,artificial_jewellery,video_20260404_115542,frame_011220.jpg,011220,heuristic
small_object_proposal,-1,1.0,1044.0,839.0,1074.0,870.0,artificial_jewellery,video_20260404_115542,frame_011220.jpg,011220,heuristic
small_object_proposal,-1,1.0,1348.0,985.0,1392.0,1006.0,artificial_jewellery,video_20260404_115542,frame_011220.jpg,011220,heuristic
small_object_proposal,-1,1.0,960.0,921.0,996.0,945.0,artificial_jewellery,video_20260404_115542,frame_011220.jpg,011220,heuristic
small_object_proposal,-1,1.0,1095.0,903.0,1141.0,920.0,artificial_jewellery,video_20260404_115542,frame_011220.jpg,011220,heuristic
small_object_proposal,-1,1.0,880.0,1005.0,910.0,1031.0,artificial_jewellery,video_20260404_115542,frame_011220.jpg,011220,heuristic
small_object_proposal,-1,1.0,488.0,29.0,518.0,54.0,artificial_jewellery,video_20260404_115542,frame_011220.jpg,011220,heuristic
small_object_proposal,-1,1.0,914.0,83.0,936.0,117.0,artificial_jewellery,video_20260404_115542,frame_011220.jpg,011220,heuristic
small_object_proposal,-1,1.0,518.0,20.0,551.0,42.0,artificial_jewellery,video_20260404_115542,frame_011220.jpg,011220,heuristic
small_object_proposal,-1,1.0,1026.0,899.0,1045.0,935.0,artificial_jewellery,video_20260404_115542,frame_011220.jpg,011220,heuristic
small_object_proposal,-1,1.0,1060.0,1006.0,1084.0,1032.0,artificial_jewellery,video_20260404_115542,frame_011220.jpg,011220,heuristic
small_object_proposal,-1,1.0,397.0,1045.0,426.0,1065.0,artificial_jewellery,video_20260404_115542,frame_011220.jpg,011220,heuristic
small_object_proposal,-1,1.0,1829.0,652.0,1848.0,681.0,artificial_jewellery,video_20260404_115542,frame_011220.jpg,011220,heuristic
small_object_proposal,-1,1.0,980.0,1044.0,1000.0,1071.0,artificial_jewellery,video_20260404_115542,frame_011220.jpg,011220,heuristic
person,0,0.8210565447807312,182.8699951171875,54.33984375,1877.889404296875,1068.9598388671875,artificial_jewellery,video_20260404_115542,frame_011250.jpg,011250,yolo
small_object_proposal,-1,1.0,1368.0,282.0,1525.0,313.0,artificial_jewellery,video_20260404_115542,frame_011250.jpg,011250,heuristic
small_object_proposal,-1,1.0,889.0,976.0,966.0,1031.0,artificial_jewellery,video_20260404_115542,frame_011250.jpg,011250,heuristic
small_object_proposal,-1,1.0,896.0,848.0,955.0,912.0,artificial_jewellery,video_20260404_115542,frame_011250.jpg,011250,heuristic
small_object_proposal,-1,1.0,1404.0,346.0,1469.0,395.0,artificial_jewellery,video_20260404_115542,frame_011250.jpg,011250,heuristic
small_object_proposal,-1,1.0,1843.0,666.0,1878.0,754.0,artificial_jewellery,video_20260404_115542,frame_011250.jpg,011250,heuristic
small_object_proposal,-1,1.0,1024.0,927.0,1083.0,979.0,artificial_jewellery,video_20260404_115542,frame_011250.jpg,011250,heuristic
small_object_proposal,-1,1.0,1402.0,997.0,1434.0,1076.0,artificial_jewellery,video_20260404_115542,frame_011250.jpg,011250,heuristic
small_object_proposal,-1,1.0,440.0,1004.0,505.0,1040.0,artificial_jewellery,video_20260404_115542,frame_011250.jpg,011250,heuristic
small_object_proposal,-1,1.0,941.0,902.0,991.0,943.0,artificial_jewellery,video_20260404_115542,frame_011250.jpg,011250,heuristic
small_object_proposal,-1,1.0,1169.0,797.0,1217.0,839.0,artificial_jewellery,video_20260404_115542,frame_011250.jpg,011250,heuristic
small_object_proposal,-1,1.0,1343.0,744.0,1388.0,785.0,artificial_jewellery,video_20260404_115542,frame_011250.jpg,011250,heuristic
small_object_proposal,-1,1.0,1781.0,428.0,1851.0,450.0,artificial_jewellery,video_20260404_115542,frame_011250.jpg,011250,heuristic
small_object_proposal,-1,1.0,878.0,971.0,925.0,999.0,artificial_jewellery,video_20260404_115542,frame_011250.jpg,011250,heuristic
small_object_proposal,-1,1.0,1223.0,720.0,1251.0,767.0,artificial_jewellery,video_20260404_115542,frame_011250.jpg,011250,heuristic
small_object_proposal,-1,1.0,1251.0,958.0,1280.0,1002.0,artificial_jewellery,video_20260404_115542,frame_011250.jpg,011250,heuristic
small_object_proposal,-1,1.0,790.0,890.0,832.0,919.0,artificial_jewellery,video_20260404_115542,frame_011250.jpg,011250,heuristic
small_object_proposal,-1,1.0,1072.0,1029.0,1108.0,1061.0,artificial_jewellery,video_20260404_115542,frame_011250.jpg,011250,heuristic
small_object_proposal,-1,1.0,1090.0,792.0,1103.0,876.0,artificial_jewellery,video_20260404_115542,frame_011250.jpg,011250,heuristic
small_object_proposal,-1,1.0,1090.0,882.0,1109.0,938.0,artificial_jewellery,video_20260404_115542,frame_011250.jpg,011250,heuristic
small_object_proposal,-1,1.0,1300.0,533.0,1326.0,568.0,artificial_jewellery,video_20260404_115542,frame_011250.jpg,011250,heuristic
small_object_proposal,-1,1.0,858.0,938.0,897.0,959.0,artificial_jewellery,video_20260404_115542,frame_011250.jpg,011250,heuristic
small_object_proposal,-1,1.0,1721.0,457.0,1744.0,492.0,artificial_jewellery,video_20260404_115542,frame_011250.jpg,011250,heuristic
small_object_proposal,-1,1.0,1161.0,312.0,1191.0,337.0,artificial_jewellery,video_20260404_115542,frame_011250.jpg,011250,heuristic
small_object_proposal,-1,1.0,1091.0,194.0,1110.0,230.0,artificial_jewellery,video_20260404_115542,frame_011250.jpg,011250,heuristic
small_object_proposal,-1,1.0,916.0,902.0,943.0,927.0,artificial_jewellery,video_20260404_115542,frame_011250.jpg,011250,heuristic
small_object_proposal,-1,1.0,980.0,893.0,1012.0,914.0,artificial_jewellery,video_20260404_115542,frame_011250.jpg,011250,heuristic
small_object_proposal,-1,1.0,1074.0,859.0,1103.0,882.0,artificial_jewellery,video_20260404_115542,frame_011250.jpg,011250,heuristic
small_object_proposal,-1,1.0,647.0,10.0,666.0,45.0,artificial_jewellery,video_20260404_115542,frame_011250.jpg,011250,heuristic
small_object_proposal,-1,1.0,1806.0,481.0,1832.0,503.0,artificial_jewellery,video_20260404_115542,frame_011250.jpg,011250,heuristic
small_object_proposal,-1,1.0,994.0,1010.0,1014.0,1038.0,artificial_jewellery,video_20260404_115542,frame_011250.jpg,011250,heuristic
person,0,0.6489769816398621,176.3184814453125,35.243316650390625,1889.767822265625,1073.451416015625,artificial_jewellery,video_20260404_115542,frame_011280.jpg,011280,yolo
small_object_proposal,-1,1.0,372.0,956.0,471.0,1004.0,artificial_jewellery,video_20260404_115542,frame_011280.jpg,011280,heuristic
small_object_proposal,-1,1.0,1743.0,1008.0,1860.0,1043.0,artificial_jewellery,video_20260404_115542,frame_011280.jpg,011280,heuristic
small_object_proposal,-1,1.0,1026.0,940.0,1088.0,995.0,artificial_jewellery,video_20260404_115542,frame_011280.jpg,011280,heuristic
small_object_proposal,-1,1.0,921.0,246.0,983.0,298.0,artificial_jewellery,video_20260404_115542,frame_011280.jpg,011280,heuristic
small_object_proposal,-1,1.0,1446.0,245.0,1510.0,291.0,artificial_jewellery,video_20260404_115542,frame_011280.jpg,011280,heuristic
small_object_proposal,-1,1.0,1001.0,865.0,1042.0,916.0,artificial_jewellery,video_20260404_115542,frame_011280.jpg,011280,heuristic
small_object_proposal,-1,1.0,946.0,304.0,983.0,357.0,artificial_jewellery,video_20260404_115542,frame_011280.jpg,011280,heuristic
small_object_proposal,-1,1.0,944.0,916.0,994.0,954.0,artificial_jewellery,video_20260404_115542,frame_011280.jpg,011280,heuristic
small_object_proposal,-1,1.0,822.0,791.0,857.0,842.0,artificial_jewellery,video_20260404_115542,frame_011280.jpg,011280,heuristic
small_object_proposal,-1,1.0,961.0,574.0,1000.0,619.0,artificial_jewellery,video_20260404_115542,frame_011280.jpg,011280,heuristic
small_object_proposal,-1,1.0,655.0,943.0,704.0,977.0,artificial_jewellery,video_20260404_115542,frame_011280.jpg,011280,heuristic
small_object_proposal,-1,1.0,873.0,985.0,925.0,1017.0,artificial_jewellery,video_20260404_115542,frame_011280.jpg,011280,heuristic
small_object_proposal,-1,1.0,1044.0,553.0,1069.0,616.0,artificial_jewellery,video_20260404_115542,frame_011280.jpg,011280,heuristic
small_object_proposal,-1,1.0,1738.0,371.0,1772.0,416.0,artificial_jewellery,video_20260404_115542,frame_011280.jpg,011280,heuristic
small_object_proposal,-1,1.0,1128.0,262.0,1161.0,307.0,artificial_jewellery,video_20260404_115542,frame_011280.jpg,011280,heuristic
small_object_proposal,-1,1.0,1125.0,347.0,1163.0,384.0,artificial_jewellery,video_20260404_115542,frame_011280.jpg,011280,heuristic
small_object_proposal,-1,1.0,446.0,917.0,501.0,940.0,artificial_jewellery,video_20260404_115542,frame_011280.jpg,011280,heuristic
small_object_proposal,-1,1.0,961.0,680.0,1006.0,708.0,artificial_jewellery,video_20260404_115542,frame_011280.jpg,011280,heuristic
small_object_proposal,-1,1.0,918.0,181.0,995.0,194.0,artificial_jewellery,video_20260404_115542,frame_011280.jpg,011280,heuristic
small_object_proposal,-1,1.0,1155.0,249.0,1186.0,281.0,artificial_jewellery,video_20260404_115542,frame_011280.jpg,011280,heuristic
small_object_proposal,-1,1.0,1273.0,967.0,1293.0,1013.0,artificial_jewellery,video_20260404_115542,frame_011280.jpg,011280,heuristic
small_object_proposal,-1,1.0,351.0,974.0,377.0,1007.0,artificial_jewellery,video_20260404_115542,frame_011280.jpg,011280,heuristic
small_object_proposal,-1,1.0,164.0,991.0,195.0,1016.0,artificial_jewellery,video_20260404_115542,frame_011280.jpg,011280,heuristic
small_object_proposal,-1,1.0,984.0,902.0,1016.0,926.0,artificial_jewellery,video_20260404_115542,frame_011280.jpg,011280,heuristic
small_object_proposal,-1,1.0,1044.0,867.0,1060.0,914.0,artificial_jewellery,video_20260404_115542,frame_011280.jpg,011280,heuristic
small_object_proposal,-1,1.0,1728.0,471.0,1757.0,494.0,artificial_jewellery,video_20260404_115542,frame_011280.jpg,011280,heuristic
small_object_proposal,-1,1.0,1076.0,991.0,1098.0,1018.0,artificial_jewellery,video_20260404_115542,frame_011280.jpg,011280,heuristic
small_object_proposal,-1,1.0,1114.0,388.0,1133.0,418.0,artificial_jewellery,video_20260404_115542,frame_011280.jpg,011280,heuristic
small_object_proposal,-1,1.0,856.0,977.0,883.0,997.0,artificial_jewellery,video_20260404_115542,frame_011280.jpg,011280,heuristic
small_object_proposal,-1,1.0,1850.0,986.0,1873.0,1009.0,artificial_jewellery,video_20260404_115542,frame_011280.jpg,011280,heuristic
person,0,0.5414733290672302,230.4686279296875,296.09710693359375,1669.409912109375,1065.720703125,artificial_jewellery,video_20260404_115542,frame_011310.jpg,011310,yolo
handbag,26,0.2979442775249481,976.553466796875,295.0697021484375,1601.392822265625,1049.75830078125,artificial_jewellery,video_20260404_115542,frame_011310.jpg,011310,yolo
small_object_proposal,-1,1.0,361.0,631.0,442.0,692.0,artificial_jewellery,video_20260404_115542,frame_011310.jpg,011310,heuristic
small_object_proposal,-1,1.0,875.0,674.0,942.0,736.0,artificial_jewellery,video_20260404_115542,frame_011310.jpg,011310,heuristic
small_object_proposal,-1,1.0,679.0,933.0,749.0,984.0,artificial_jewellery,video_20260404_115542,frame_011310.jpg,011310,heuristic
small_object_proposal,-1,1.0,850.0,456.0,897.0,525.0,artificial_jewellery,video_20260404_115542,frame_011310.jpg,011310,heuristic
small_object_proposal,-1,1.0,795.0,786.0,860.0,835.0,artificial_jewellery,video_20260404_115542,frame_011310.jpg,011310,heuristic
small_object_proposal,-1,1.0,1239.0,875.0,1324.0,906.0,artificial_jewellery,video_20260404_115542,frame_011310.jpg,011310,heuristic
small_object_proposal,-1,1.0,811.0,523.0,854.0,580.0,artificial_jewellery,video_20260404_115542,frame_011310.jpg,011310,heuristic
small_object_proposal,-1,1.0,1042.0,674.0,1082.0,735.0,artificial_jewellery,video_20260404_115542,frame_011310.jpg,011310,heuristic
small_object_proposal,-1,1.0,1330.0,859.0,1400.0,893.0,artificial_jewellery,video_20260404_115542,frame_011310.jpg,011310,heuristic
small_object_proposal,-1,1.0,1015.0,915.0,1058.0,967.0,artificial_jewellery,video_20260404_115542,frame_011310.jpg,011310,heuristic
small_object_proposal,-1,1.0,1008.0,743.0,1047.0,797.0,artificial_jewellery,video_20260404_115542,frame_011310.jpg,011310,heuristic
small_object_proposal,-1,1.0,1224.0,82.0,1263.0,132.0,artificial_jewellery,video_20260404_115542,frame_011310.jpg,011310,heuristic
small_object_proposal,-1,1.0,1447.0,930.0,1499.0,966.0,artificial_jewellery,video_20260404_115542,frame_011310.jpg,011310,heuristic
small_object_proposal,-1,1.0,932.0,896.0,982.0,929.0,artificial_jewellery,video_20260404_115542,frame_011310.jpg,011310,heuristic
small_object_proposal,-1,1.0,866.0,960.0,915.0,992.0,artificial_jewellery,video_20260404_115542,frame_011310.jpg,011310,heuristic
small_object_proposal,-1,1.0,1356.0,975.0,1396.0,1014.0,artificial_jewellery,video_20260404_115542,frame_011310.jpg,011310,heuristic
small_object_proposal,-1,1.0,897.0,478.0,939.0,515.0,artificial_jewellery,video_20260404_115542,frame_011310.jpg,011310,heuristic
small_object_proposal,-1,1.0,1821.0,695.0,1837.0,780.0,artificial_jewellery,video_20260404_115542,frame_011310.jpg,011310,heuristic
small_object_proposal,-1,1.0,994.0,835.0,1020.0,885.0,artificial_jewellery,video_20260404_115542,frame_011310.jpg,011310,heuristic
small_object_proposal,-1,1.0,706.0,908.0,749.0,935.0,artificial_jewellery,video_20260404_115542,frame_011310.jpg,011310,heuristic
small_object_proposal,-1,1.0,778.0,466.0,814.0,497.0,artificial_jewellery,video_20260404_115542,frame_011310.jpg,011310,heuristic
small_object_proposal,-1,1.0,1093.0,773.0,1104.0,868.0,artificial_jewellery,video_20260404_115542,frame_011310.jpg,011310,heuristic
small_object_proposal,-1,1.0,1062.0,1019.0,1095.0,1048.0,artificial_jewellery,video_20260404_115542,frame_011310.jpg,011310,heuristic
small_object_proposal,-1,1.0,983.0,530.0,1007.0,566.0,artificial_jewellery,video_20260404_115542,frame_011310.jpg,011310,heuristic
small_object_proposal,-1,1.0,1105.0,866.0,1154.0,883.0,artificial_jewellery,video_20260404_115542,frame_011310.jpg,011310,heuristic
small_object_proposal,-1,1.0,1440.0,793.0,1477.0,815.0,artificial_jewellery,video_20260404_115542,frame_011310.jpg,011310,heuristic
small_object_proposal,-1,1.0,670.0,930.0,697.0,960.0,artificial_jewellery,video_20260404_115542,frame_011310.jpg,011310,heuristic
small_object_proposal,-1,1.0,1292.0,915.0,1381.0,924.0,artificial_jewellery,video_20260404_115542,frame_011310.jpg,011310,heuristic
small_object_proposal,-1,1.0,1342.0,952.0,1372.0,976.0,artificial_jewellery,video_20260404_115542,frame_011310.jpg,011310,heuristic
small_object_proposal,-1,1.0,971.0,880.0,1005.0,901.0,artificial_jewellery,video_20260404_115542,frame_011310.jpg,011310,heuristic
person,0,0.45995280146598816,106.69363403320312,301.6643981933594,1478.5992431640625,1067.4495849609375,artificial_jewellery,video_20260404_115542,frame_011340.jpg,011340,yolo
person,0,0.4367913603782654,510.4951171875,59.60797119140625,1896.822509765625,1069.9061279296875,artificial_jewellery,video_20260404_115542,frame_011340.jpg,011340,yolo
small_object_proposal,-1,1.0,1029.0,468.0,1077.0,570.0,artificial_jewellery,video_20260404_115542,frame_011340.jpg,011340,heuristic
small_object_proposal,-1,1.0,1131.0,872.0,1218.0,928.0,artificial_jewellery,video_20260404_115542,frame_011340.jpg,011340,heuristic
small_object_proposal,-1,1.0,1839.0,577.0,1880.0,649.0,artificial_jewellery,video_20260404_115542,frame_011340.jpg,011340,heuristic
small_object_proposal,-1,1.0,1167.0,496.0,1213.0,553.0,artificial_jewellery,video_20260404_115542,frame_011340.jpg,011340,heuristic
small_object_proposal,-1,1.0,1219.0,897.0,1248.0,977.0,artificial_jewellery,video_20260404_115542,frame_011340.jpg,011340,heuristic
small_object_proposal,-1,1.0,1182.0,725.0,1231.0,767.0,artificial_jewellery,video_20260404_115542,frame_011340.jpg,011340,heuristic
small_object_proposal,-1,1.0,1149.0,782.0,1198.0,822.0,artificial_jewellery,video_20260404_115542,frame_011340.jpg,011340,heuristic
small_object_proposal,-1,1.0,1173.0,643.0,1209.0,692.0,artificial_jewellery,video_20260404_115542,frame_011340.jpg,011340,heuristic
small_object_proposal,-1,1.0,395.0,998.0,462.0,1022.0,artificial_jewellery,video_20260404_115542,frame_011340.jpg,011340,heuristic
small_object_proposal,-1,1.0,594.0,1030.0,630.0,1074.0,artificial_jewellery,video_20260404_115542,frame_011340.jpg,011340,heuristic
small_object_proposal,-1,1.0,1772.0,440.0,1802.0,492.0,artificial_jewellery,video_20260404_115542,frame_011340.jpg,011340,heuristic
small_object_proposal,-1,1.0,1772.0,1029.0,1832.0,1053.0,artificial_jewellery,video_20260404_115542,frame_011340.jpg,011340,heuristic
small_object_proposal,-1,1.0,1219.0,519.0,1257.0,552.0,artificial_jewellery,video_20260404_115542,frame_011340.jpg,011340,heuristic
small_object_proposal,-1,1.0,1267.0,494.0,1293.0,542.0,artificial_jewellery,video_20260404_115542,frame_011340.jpg,011340,heuristic
small_object_proposal,-1,1.0,1887.0,918.0,1904.0,985.0,artificial_jewellery,video_20260404_115542,frame_011340.jpg,011340,heuristic
small_object_proposal,-1,1.0,1856.0,547.0,1910.0,568.0,artificial_jewellery,video_20260404_115542,frame_011340.jpg,011340,heuristic
small_object_proposal,-1,1.0,1233.0,834.0,1279.0,857.0,artificial_jewellery,video_20260404_115542,frame_011340.jpg,011340,heuristic
small_object_proposal,-1,1.0,1855.0,765.0,1872.0,824.0,artificial_jewellery,video_20260404_115542,frame_011340.jpg,011340,heuristic
small_object_proposal,-1,1.0,1008.0,880.0,1033.0,920.0,artificial_jewellery,video_20260404_115542,frame_011340.jpg,011340,heuristic
small_object_proposal,-1,1.0,1465.0,329.0,1498.0,359.0,artificial_jewellery,video_20260404_115542,frame_011340.jpg,011340,heuristic
small_object_proposal,-1,1.0,997.0,1035.0,1024.0,1071.0,artificial_jewellery,video_20260404_115542,frame_011340.jpg,011340,heuristic
small_object_proposal,-1,1.0,1373.0,338.0,1417.0,360.0,artificial_jewellery,video_20260404_115542,frame_011340.jpg,011340,heuristic
small_object_proposal,-1,1.0,1036.0,1007.0,1069.0,1036.0,artificial_jewellery,video_20260404_115542,frame_011340.jpg,011340,heuristic
small_object_proposal,-1,1.0,1459.0,956.0,1504.0,976.0,artificial_jewellery,video_20260404_115542,frame_011340.jpg,011340,heuristic
small_object_proposal,-1,1.0,1317.0,933.0,1349.0,961.0,artificial_jewellery,video_20260404_115542,frame_011340.jpg,011340,heuristic
small_object_proposal,-1,1.0,1192.0,482.0,1219.0,511.0,artificial_jewellery,video_20260404_115542,frame_011340.jpg,011340,heuristic
small_object_proposal,-1,1.0,1860.0,622.0,1885.0,650.0,artificial_jewellery,video_20260404_115542,frame_011340.jpg,011340,heuristic
small_object_proposal,-1,1.0,1007.0,420.0,1040.0,441.0,artificial_jewellery,video_20260404_115542,frame_011340.jpg,011340,heuristic
small_object_proposal,-1,1.0,987.0,918.0,1006.0,954.0,artificial_jewellery,video_20260404_115542,frame_011340.jpg,011340,heuristic
small_object_proposal,-1,1.0,836.0,605.0,849.0,657.0,artificial_jewellery,video_20260404_115542,frame_011340.jpg,011340,heuristic
person,0,0.556843638420105,104.26080322265625,289.10723876953125,1411.50634765625,1068.254150390625,artificial_jewellery,video_20260404_115542,frame_011370.jpg,011370,yolo
person,0,0.3739705979824066,525.2891235351562,266.3770751953125,1848.4713134765625,1066.4300537109375,artificial_jewellery,video_20260404_115542,frame_011370.jpg,011370,yolo
small_object_proposal,-1,1.0,1370.0,931.0,1441.0,1001.0,artificial_jewellery,video_20260404_115542,frame_011370.jpg,011370,heuristic
small_object_proposal,-1,1.0,977.0,865.0,1040.0,943.0,artificial_jewellery,video_20260404_115542,frame_011370.jpg,011370,heuristic
small_object_proposal,-1,1.0,1752.0,678.0,1807.0,762.0,artificial_jewellery,video_20260404_115542,frame_011370.jpg,011370,heuristic
small_object_proposal,-1,1.0,1158.0,686.0,1221.0,755.0,artificial_jewellery,video_20260404_115542,frame_011370.jpg,011370,heuristic
small_object_proposal,-1,1.0,1240.0,436.0,1322.0,483.0,artificial_jewellery,video_20260404_115542,frame_011370.jpg,011370,heuristic
small_object_proposal,-1,1.0,1186.0,684.0,1250.0,736.0,artificial_jewellery,video_20260404_115542,frame_011370.jpg,011370,heuristic
small_object_proposal,-1,1.0,977.0,86.0,1026.0,143.0,artificial_jewellery,video_20260404_115542,frame_011370.jpg,011370,heuristic
small_object_proposal,-1,1.0,1208.0,47.0,1247.0,109.0,artificial_jewellery,video_20260404_115542,frame_011370.jpg,011370,heuristic
small_object_proposal,-1,1.0,1412.0,778.0,1464.0,822.0,artificial_jewellery,video_20260404_115542,frame_011370.jpg,011370,heuristic
small_object_proposal,-1,1.0,1798.0,874.0,1833.0,928.0,artificial_jewellery,video_20260404_115542,frame_011370.jpg,011370,heuristic
small_object_proposal,-1,1.0,1374.0,915.0,1435.0,942.0,artificial_jewellery,video_20260404_115542,frame_011370.jpg,011370,heuristic
small_object_proposal,-1,1.0,1694.0,1006.0,1810.0,1020.0,artificial_jewellery,video_20260404_115542,frame_011370.jpg,011370,heuristic
small_object_proposal,-1,1.0,886.0,938.0,915.0,989.0,artificial_jewellery,video_20260404_115542,frame_011370.jpg,011370,heuristic
small_object_proposal,-1,1.0,385.0,988.0,446.0,1012.0,artificial_jewellery,video_20260404_115542,frame_011370.jpg,011370,heuristic
small_object_proposal,-1,1.0,1803.0,1022.0,1870.0,1042.0,artificial_jewellery,video_20260404_115542,frame_011370.jpg,011370,heuristic
small_object_proposal,-1,1.0,290.0,920.0,323.0,960.0,artificial_jewellery,video_20260404_115542,frame_011370.jpg,011370,heuristic
small_object_proposal,-1,1.0,753.0,765.0,787.0,800.0,artificial_jewellery,video_20260404_115542,frame_011370.jpg,011370,heuristic
small_object_proposal,-1,1.0,1026.0,996.0,1060.0,1028.0,artificial_jewellery,video_20260404_115542,frame_011370.jpg,011370,heuristic
small_object_proposal,-1,1.0,1436.0,497.0,1480.0,521.0,artificial_jewellery,video_20260404_115542,frame_011370.jpg,011370,heuristic
small_object_proposal,-1,1.0,986.0,1025.0,1014.0,1062.0,artificial_jewellery,video_20260404_115542,frame_011370.jpg,011370,heuristic
small_object_proposal,-1,1.0,1407.0,775.0,1450.0,799.0,artificial_jewellery,video_20260404_115542,frame_011370.jpg,011370,heuristic
small_object_proposal,-1,1.0,1848.0,770.0,1865.0,828.0,artificial_jewellery,video_20260404_115542,frame_011370.jpg,011370,heuristic
small_object_proposal,-1,1.0,154.0,934.0,212.0,950.0,artificial_jewellery,video_20260404_115542,frame_011370.jpg,011370,heuristic
small_object_proposal,-1,1.0,1408.0,663.0,1441.0,691.0,artificial_jewellery,video_20260404_115542,frame_011370.jpg,011370,heuristic
small_object_proposal,-1,1.0,1564.0,820.0,1608.0,840.0,artificial_jewellery,video_20260404_115542,frame_011370.jpg,011370,heuristic
small_object_proposal,-1,1.0,1325.0,355.0,1369.0,375.0,artificial_jewellery,video_20260404_115542,frame_011370.jpg,011370,heuristic
small_object_proposal,-1,1.0,872.0,24.0,894.0,62.0,artificial_jewellery,video_20260404_115542,frame_011370.jpg,011370,heuristic
small_object_proposal,-1,1.0,1425.0,331.0,1451.0,363.0,artificial_jewellery,video_20260404_115542,frame_011370.jpg,011370,heuristic
small_object_proposal,-1,1.0,1431.0,890.0,1462.0,916.0,artificial_jewellery,video_20260404_115542,frame_011370.jpg,011370,heuristic
small_object_proposal,-1,1.0,1381.0,407.0,1415.0,430.0,artificial_jewellery,video_20260404_115542,frame_011370.jpg,011370,heuristic
person,0,0.5805792808532715,201.40997314453125,74.13638305664062,1657.80029296875,1072.0498046875,artificial_jewellery,video_20260404_115542,frame_011400.jpg,011400,yolo
small_object_proposal,-1,1.0,1183.0,395.0,1259.0,438.0,artificial_jewellery,video_20260404_115542,frame_011400.jpg,011400,heuristic
small_object_proposal,-1,1.0,1065.0,811.0,1117.0,871.0,artificial_jewellery,video_20260404_115542,frame_011400.jpg,011400,heuristic
small_object_proposal,-1,1.0,1850.0,444.0,1893.0,505.0,artificial_jewellery,video_20260404_115542,frame_011400.jpg,011400,heuristic
small_object_proposal,-1,1.0,1030.0,1014.0,1074.0,1073.0,artificial_jewellery,video_20260404_115542,frame_011400.jpg,011400,heuristic
small_object_proposal,-1,1.0,1267.0,40.0,1305.0,99.0,artificial_jewellery,video_20260404_115542,frame_011400.jpg,011400,heuristic
small_object_proposal,-1,1.0,1053.0,858.0,1100.0,905.0,artificial_jewellery,video_20260404_115542,frame_011400.jpg,011400,heuristic
small_object_proposal,-1,1.0,1845.0,679.0,1869.0,766.0,artificial_jewellery,video_20260404_115542,frame_011400.jpg,011400,heuristic
small_object_proposal,-1,1.0,365.0,885.0,401.0,940.0,artificial_jewellery,video_20260404_115542,frame_011400.jpg,011400,heuristic
small_object_proposal,-1,1.0,1444.0,274.0,1492.0,315.0,artificial_jewellery,video_20260404_115542,frame_011400.jpg,011400,heuristic
small_object_proposal,-1,1.0,1464.0,768.0,1513.0,807.0,artificial_jewellery,video_20260404_115542,frame_011400.jpg,011400,heuristic
small_object_proposal,-1,1.0,965.0,835.0,1018.0,871.0,artificial_jewellery,video_20260404_115542,frame_011400.jpg,011400,heuristic
small_object_proposal,-1,1.0,1068.0,508.0,1095.0,577.0,artificial_jewellery,video_20260404_115542,frame_011400.jpg,011400,heuristic
small_object_proposal,-1,1.0,433.0,940.0,484.0,973.0,artificial_jewellery,video_20260404_115542,frame_011400.jpg,011400,heuristic
small_object_proposal,-1,1.0,1784.0,776.0,1811.0,836.0,artificial_jewellery,video_20260404_115542,frame_011400.jpg,011400,heuristic
small_object_proposal,-1,1.0,980.0,1003.0,1011.0,1053.0,artificial_jewellery,video_20260404_115542,frame_011400.jpg,011400,heuristic
small_object_proposal,-1,1.0,1247.0,1019.0,1280.0,1065.0,artificial_jewellery,video_20260404_115542,frame_011400.jpg,011400,heuristic
small_object_proposal,-1,1.0,1354.0,790.0,1416.0,814.0,artificial_jewellery,video_20260404_115542,frame_011400.jpg,011400,heuristic
small_object_proposal,-1,1.0,977.0,573.0,1011.0,616.0,artificial_jewellery,video_20260404_115542,frame_011400.jpg,011400,heuristic
small_object_proposal,-1,1.0,634.0,798.0,662.0,849.0,artificial_jewellery,video_20260404_115542,frame_011400.jpg,011400,heuristic
small_object_proposal,-1,1.0,478.0,827.0,529.0,854.0,artificial_jewellery,video_20260404_115542,frame_011400.jpg,011400,heuristic
small_object_proposal,-1,1.0,1084.0,1022.0,1115.0,1066.0,artificial_jewellery,video_20260404_115542,frame_011400.jpg,011400,heuristic
small_object_proposal,-1,1.0,961.0,906.0,992.0,949.0,artificial_jewellery,video_20260404_115542,frame_011400.jpg,011400,heuristic
small_object_proposal,-1,1.0,1057.0,981.0,1096.0,1015.0,artificial_jewellery,video_20260404_115542,frame_011400.jpg,011400,heuristic
small_object_proposal,-1,1.0,1534.0,695.0,1564.0,737.0,artificial_jewellery,video_20260404_115542,frame_011400.jpg,011400,heuristic
small_object_proposal,-1,1.0,1807.0,436.0,1862.0,458.0,artificial_jewellery,video_20260404_115542,frame_011400.jpg,011400,heuristic
small_object_proposal,-1,1.0,1537.0,620.0,1558.0,677.0,artificial_jewellery,video_20260404_115542,frame_011400.jpg,011400,heuristic
small_object_proposal,-1,1.0,1341.0,314.0,1378.0,342.0,artificial_jewellery,video_20260404_115542,frame_011400.jpg,011400,heuristic
small_object_proposal,-1,1.0,1106.0,954.0,1140.0,983.0,artificial_jewellery,video_20260404_115542,frame_011400.jpg,011400,heuristic
small_object_proposal,-1,1.0,1410.0,822.0,1455.0,843.0,artificial_jewellery,video_20260404_115542,frame_011400.jpg,011400,heuristic
small_object_proposal,-1,1.0,787.0,1043.0,814.0,1077.0,artificial_jewellery,video_20260404_115542,frame_011400.jpg,011400,heuristic
person,0,0.7988914847373962,263.54425048828125,56.879058837890625,1915.874755859375,1072.1744384765625,artificial_jewellery,video_20260404_115542,frame_011520.jpg,011520,yolo
small_object_proposal,-1,1.0,921.0,709.0,974.0,801.0,artificial_jewellery,video_20260404_115542,frame_011520.jpg,011520,heuristic
small_object_proposal,-1,1.0,1441.0,700.0,1486.0,802.0,artificial_jewellery,video_20260404_115542,frame_011520.jpg,011520,heuristic
small_object_proposal,-1,1.0,1384.0,653.0,1467.0,702.0,artificial_jewellery,video_20260404_115542,frame_011520.jpg,011520,heuristic
small_object_proposal,-1,1.0,1013.0,667.0,1062.0,749.0,artificial_jewellery,video_20260404_115542,frame_011520.jpg,011520,heuristic
small_object_proposal,-1,1.0,1477.0,691.0,1533.0,758.0,artificial_jewellery,video_20260404_115542,frame_011520.jpg,011520,heuristic
small_object_proposal,-1,1.0,900.0,913.0,961.0,972.0,artificial_jewellery,video_20260404_115542,frame_011520.jpg,011520,heuristic
small_object_proposal,-1,1.0,1427.0,854.0,1505.0,899.0,artificial_jewellery,video_20260404_115542,frame_011520.jpg,011520,heuristic
small_object_proposal,-1,1.0,1052.0,2.0,1106.0,67.0,artificial_jewellery,video_20260404_115542,frame_011520.jpg,011520,heuristic
small_object_proposal,-1,1.0,1022.0,860.0,1080.0,917.0,artificial_jewellery,video_20260404_115542,frame_011520.jpg,011520,heuristic
small_object_proposal,-1,1.0,822.0,991.0,861.0,1071.0,artificial_jewellery,video_20260404_115542,frame_011520.jpg,011520,heuristic
small_object_proposal,-1,1.0,1478.0,201.0,1538.0,249.0,artificial_jewellery,video_20260404_115542,frame_011520.jpg,011520,heuristic
small_object_proposal,-1,1.0,1354.0,367.0,1407.0,421.0,artificial_jewellery,video_20260404_115542,frame_011520.jpg,011520,heuristic
small_object_proposal,-1,1.0,1409.0,899.0,1455.0,957.0,artificial_jewellery,video_20260404_115542,frame_011520.jpg,011520,heuristic
small_object_proposal,-1,1.0,1235.0,727.0,1290.0,771.0,artificial_jewellery,video_20260404_115542,frame_011520.jpg,011520,heuristic
small_object_proposal,-1,1.0,1772.0,961.0,1868.0,986.0,artificial_jewellery,video_20260404_115542,frame_011520.jpg,011520,heuristic
small_object_proposal,-1,1.0,1035.0,668.0,1073.0,727.0,artificial_jewellery,video_20260404_115542,frame_011520.jpg,011520,heuristic
small_object_proposal,-1,1.0,1591.0,765.0,1673.0,792.0,artificial_jewellery,video_20260404_115542,frame_011520.jpg,011520,heuristic
small_object_proposal,-1,1.0,812.0,644.0,857.0,689.0,artificial_jewellery,video_20260404_115542,frame_011520.jpg,011520,heuristic
small_object_proposal,-1,1.0,938.0,839.0,989.0,878.0,artificial_jewellery,video_20260404_115542,frame_011520.jpg,011520,heuristic
small_object_proposal,-1,1.0,1093.0,481.0,1133.0,529.0,artificial_jewellery,video_20260404_115542,frame_011520.jpg,011520,heuristic
small_object_proposal,-1,1.0,1163.0,572.0,1219.0,606.0,artificial_jewellery,video_20260404_115542,frame_011520.jpg,011520,heuristic
small_object_proposal,-1,1.0,1492.0,837.0,1526.0,889.0,artificial_jewellery,video_20260404_115542,frame_011520.jpg,011520,heuristic
small_object_proposal,-1,1.0,1006.0,473.0,1040.0,522.0,artificial_jewellery,video_20260404_115542,frame_011520.jpg,011520,heuristic
small_object_proposal,-1,1.0,1103.0,414.0,1137.0,461.0,artificial_jewellery,video_20260404_115542,frame_011520.jpg,011520,heuristic
small_object_proposal,-1,1.0,213.0,854.0,265.0,884.0,artificial_jewellery,video_20260404_115542,frame_011520.jpg,011520,heuristic
small_object_proposal,-1,1.0,923.0,1030.0,956.0,1077.0,artificial_jewellery,video_20260404_115542,frame_011520.jpg,011520,heuristic
small_object_proposal,-1,1.0,874.0,909.0,922.0,941.0,artificial_jewellery,video_20260404_115542,frame_011520.jpg,011520,heuristic
small_object_proposal,-1,1.0,1105.0,694.0,1124.0,769.0,artificial_jewellery,video_20260404_115542,frame_011520.jpg,011520,heuristic
small_object_proposal,-1,1.0,1061.0,729.0,1089.0,778.0,artificial_jewellery,video_20260404_115542,frame_011520.jpg,011520,heuristic
small_object_proposal,-1,1.0,1028.0,991.0,1057.0,1037.0,artificial_jewellery,video_20260404_115542,frame_011520.jpg,011520,heuristic
person,0,0.7961778044700623,453.7686767578125,54.21478271484375,1915.212890625,1066.63525390625,artificial_jewellery,video_20260404_115542,frame_012000.jpg,012000,yolo
cell phone,67,0.4183782637119293,1633.242919921875,64.2564468383789,1855.083984375,175.63990783691406,artificial_jewellery,video_20260404_115542,frame_012000.jpg,012000,yolo
fork,42,0.3184700906276703,1759.87060546875,226.64952087402344,1919.6253662109375,495.5763244628906,artificial_jewellery,video_20260404_115542,frame_012000.jpg,012000,yolo
tie,27,0.30500689148902893,0.4548797607421875,14.12457275390625,758.66259765625,1062.9464111328125,artificial_jewellery,video_20260404_115542,frame_012000.jpg,012000,yolo
small_object_proposal,-1,1.0,1171.0,908.0,1246.0,973.0,artificial_jewellery,video_20260404_115542,frame_012000.jpg,012000,heuristic
small_object_proposal,-1,1.0,68.0,192.0,165.0,240.0,artificial_jewellery,video_20260404_115542,frame_012000.jpg,012000,heuristic
small_object_proposal,-1,1.0,1249.0,209.0,1312.0,280.0,artificial_jewellery,video_20260404_115542,frame_012000.jpg,012000,heuristic
small_object_proposal,-1,1.0,189.0,137.0,266.0,190.0,artificial_jewellery,video_20260404_115542,frame_012000.jpg,012000,heuristic
small_object_proposal,-1,1.0,1760.0,923.0,1799.0,1027.0,artificial_jewellery,video_20260404_115542,frame_012000.jpg,012000,heuristic
small_object_proposal,-1,1.0,1311.0,150.0,1366.0,214.0,artificial_jewellery,video_20260404_115542,frame_012000.jpg,012000,heuristic
small_object_proposal,-1,1.0,1359.0,955.0,1403.0,1030.0,artificial_jewellery,video_20260404_115542,frame_012000.jpg,012000,heuristic
small_object_proposal,-1,1.0,1282.0,716.0,1342.0,768.0,artificial_jewellery,video_20260404_115542,frame_012000.jpg,012000,heuristic
small_object_proposal,-1,1.0,1481.0,695.0,1518.0,779.0,artificial_jewellery,video_20260404_115542,frame_012000.jpg,012000,heuristic
small_object_proposal,-1,1.0,932.0,293.0,972.0,369.0,artificial_jewellery,video_20260404_115542,frame_012000.jpg,012000,heuristic
small_object_proposal,-1,1.0,1099.0,971.0,1135.0,1054.0,artificial_jewellery,video_20260404_115542,frame_012000.jpg,012000,heuristic
small_object_proposal,-1,1.0,924.0,855.0,969.0,918.0,artificial_jewellery,video_20260404_115542,frame_012000.jpg,012000,heuristic
small_object_proposal,-1,1.0,1406.0,951.0,1460.0,1003.0,artificial_jewellery,video_20260404_115542,frame_012000.jpg,012000,heuristic
small_object_proposal,-1,1.0,1221.0,756.0,1270.0,813.0,artificial_jewellery,video_20260404_115542,frame_012000.jpg,012000,heuristic
small_object_proposal,-1,1.0,200.0,188.0,272.0,222.0,artificial_jewellery,video_20260404_115542,frame_012000.jpg,012000,heuristic
small_object_proposal,-1,1.0,1506.0,620.0,1558.0,664.0,artificial_jewellery,video_20260404_115542,frame_012000.jpg,012000,heuristic
small_object_proposal,-1,1.0,1279.0,818.0,1311.0,888.0,artificial_jewellery,video_20260404_115542,frame_012000.jpg,012000,heuristic
small_object_proposal,-1,1.0,205.0,109.0,248.0,160.0,artificial_jewellery,video_20260404_115542,frame_012000.jpg,012000,heuristic
small_object_proposal,-1,1.0,587.0,900.0,621.0,964.0,artificial_jewellery,video_20260404_115542,frame_012000.jpg,012000,heuristic
small_object_proposal,-1,1.0,290.0,201.0,345.0,239.0,artificial_jewellery,video_20260404_115542,frame_012000.jpg,012000,heuristic
small_object_proposal,-1,1.0,1229.0,708.0,1268.0,759.0,artificial_jewellery,video_20260404_115542,frame_012000.jpg,012000,heuristic
small_object_proposal,-1,1.0,176.0,79.0,229.0,113.0,artificial_jewellery,video_20260404_115542,frame_012000.jpg,012000,heuristic
small_object_proposal,-1,1.0,455.0,455.0,494.0,501.0,artificial_jewellery,video_20260404_115542,frame_012000.jpg,012000,heuristic
small_object_proposal,-1,1.0,1236.0,803.0,1271.0,851.0,artificial_jewellery,video_20260404_115542,frame_012000.jpg,012000,heuristic
small_object_proposal,-1,1.0,1225.0,186.0,1256.0,233.0,artificial_jewellery,video_20260404_115542,frame_012000.jpg,012000,heuristic
small_object_proposal,-1,1.0,126.0,46.0,182.0,72.0,artificial_jewellery,video_20260404_115542,frame_012000.jpg,012000,heuristic
small_object_proposal,-1,1.0,102.0,55.0,147.0,86.0,artificial_jewellery,video_20260404_115542,frame_012000.jpg,012000,heuristic
small_object_proposal,-1,1.0,1254.0,866.0,1292.0,901.0,artificial_jewellery,video_20260404_115542,frame_012000.jpg,012000,heuristic
small_object_proposal,-1,1.0,288.0,151.0,308.0,217.0,artificial_jewellery,video_20260404_115542,frame_012000.jpg,012000,heuristic
small_object_proposal,-1,1.0,1841.0,107.0,1862.0,168.0,artificial_jewellery,video_20260404_115542,frame_012000.jpg,012000,heuristic
person,0,0.7036976218223572,367.116943359375,47.609619140625,1710.4324951171875,1070.84326171875,artificial_jewellery,video_20260404_115542,frame_012030.jpg,012030,yolo
cell phone,67,0.41185078024864197,1644.27880859375,90.79536437988281,1860.1165771484375,214.3535614013672,artificial_jewellery,video_20260404_115542,frame_012030.jpg,012030,yolo
small_object_proposal,-1,1.0,1227.0,771.0,1279.0,859.0,artificial_jewellery,video_20260404_115542,frame_012030.jpg,012030,heuristic
small_object_proposal,-1,1.0,117.0,346.0,198.0,400.0,artificial_jewellery,video_20260404_115542,frame_012030.jpg,012030,heuristic
small_object_proposal,-1,1.0,1728.0,987.0,1802.0,1040.0,artificial_jewellery,video_20260404_115542,frame_012030.jpg,012030,heuristic
small_object_proposal,-1,1.0,1395.0,991.0,1515.0,1022.0,artificial_jewellery,video_20260404_115542,frame_012030.jpg,012030,heuristic
small_object_proposal,-1,1.0,174.0,107.0,252.0,150.0,artificial_jewellery,video_20260404_115542,frame_012030.jpg,012030,heuristic
small_object_proposal,-1,1.0,1512.0,819.0,1622.0,848.0,artificial_jewellery,video_20260404_115542,frame_012030.jpg,012030,heuristic
small_object_proposal,-1,1.0,866.0,1019.0,916.0,1072.0,artificial_jewellery,video_20260404_115542,frame_012030.jpg,012030,heuristic
small_object_proposal,-1,1.0,1171.0,710.0,1220.0,761.0,artificial_jewellery,video_20260404_115542,frame_012030.jpg,012030,heuristic
small_object_proposal,-1,1.0,71.0,31.0,121.0,77.0,artificial_jewellery,video_20260404_115542,frame_012030.jpg,012030,heuristic
small_object_proposal,-1,1.0,15.0,443.0,99.0,466.0,artificial_jewellery,video_20260404_115542,frame_012030.jpg,012030,heuristic
small_object_proposal,-1,1.0,1189.0,94.0,1230.0,135.0,artificial_jewellery,video_20260404_115542,frame_012030.jpg,012030,heuristic
small_object_proposal,-1,1.0,1525.0,926.0,1556.0,980.0,artificial_jewellery,video_20260404_115542,frame_012030.jpg,012030,heuristic
small_object_proposal,-1,1.0,426.0,404.0,465.0,445.0,artificial_jewellery,video_20260404_115542,frame_012030.jpg,012030,heuristic
small_object_proposal,-1,1.0,1785.0,711.0,1845.0,737.0,artificial_jewellery,video_20260404_115542,frame_012030.jpg,012030,heuristic
small_object_proposal,-1,1.0,1549.0,188.0,1591.0,225.0,artificial_jewellery,video_20260404_115542,frame_012030.jpg,012030,heuristic
small_object_proposal,-1,1.0,57.0,378.0,127.0,399.0,artificial_jewellery,video_20260404_115542,frame_012030.jpg,012030,heuristic
small_object_proposal,-1,1.0,1083.0,244.0,1125.0,279.0,artificial_jewellery,video_20260404_115542,frame_012030.jpg,012030,heuristic
small_object_proposal,-1,1.0,1162.0,145.0,1191.0,195.0,artificial_jewellery,video_20260404_115542,frame_012030.jpg,012030,heuristic
small_object_proposal,-1,1.0,473.0,237.0,520.0,267.0,artificial_jewellery,video_20260404_115542,frame_012030.jpg,012030,heuristic
small_object_proposal,-1,1.0,169.0,104.0,201.0,146.0,artificial_jewellery,video_20260404_115542,frame_012030.jpg,012030,heuristic
small_object_proposal,-1,1.0,1118.0,891.0,1168.0,917.0,artificial_jewellery,video_20260404_115542,frame_012030.jpg,012030,heuristic
small_object_proposal,-1,1.0,1134.0,763.0,1187.0,786.0,artificial_jewellery,video_20260404_115542,frame_012030.jpg,012030,heuristic
small_object_proposal,-1,1.0,1257.0,378.0,1296.0,409.0,artificial_jewellery,video_20260404_115542,frame_012030.jpg,012030,heuristic
small_object_proposal,-1,1.0,46.0,392.0,106.0,412.0,artificial_jewellery,video_20260404_115542,frame_012030.jpg,012030,heuristic
small_object_proposal,-1,1.0,983.0,164.0,1048.0,182.0,artificial_jewellery,video_20260404_115542,frame_012030.jpg,012030,heuristic
small_object_proposal,-1,1.0,475.0,450.0,513.0,480.0,artificial_jewellery,video_20260404_115542,frame_012030.jpg,012030,heuristic
small_object_proposal,-1,1.0,1657.0,1038.0,1723.0,1055.0,artificial_jewellery,video_20260404_115542,frame_012030.jpg,012030,heuristic
small_object_proposal,-1,1.0,472.0,199.0,502.0,233.0,artificial_jewellery,video_20260404_115542,frame_012030.jpg,012030,heuristic
small_object_proposal,-1,1.0,756.0,970.0,795.0,995.0,artificial_jewellery,video_20260404_115542,frame_012030.jpg,012030,heuristic
small_object_proposal,-1,1.0,1303.0,1031.0,1333.0,1063.0,artificial_jewellery,video_20260404_115542,frame_012030.jpg,012030,heuristic
person,0,0.5034890174865723,153.8118438720703,190.44140625,1416.6287841796875,1062.94677734375,artificial_jewellery,video_20260404_115542,frame_012090.jpg,012090,yolo
small_object_proposal,-1,1.0,1177.0,885.0,1247.0,952.0,artificial_jewellery,video_20260404_115542,frame_012090.jpg,012090,heuristic
small_object_proposal,-1,1.0,901.0,638.0,957.0,721.0,artificial_jewellery,video_20260404_115542,frame_012090.jpg,012090,heuristic
small_object_proposal,-1,1.0,1226.0,605.0,1276.0,696.0,artificial_jewellery,video_20260404_115542,frame_012090.jpg,012090,heuristic
small_object_proposal,-1,1.0,41.0,294.0,167.0,330.0,artificial_jewellery,video_20260404_115542,frame_012090.jpg,012090,heuristic
small_object_proposal,-1,1.0,841.0,679.0,927.0,729.0,artificial_jewellery,video_20260404_115542,frame_012090.jpg,012090,heuristic
small_object_proposal,-1,1.0,1073.0,945.0,1119.0,1037.0,artificial_jewellery,video_20260404_115542,frame_012090.jpg,012090,heuristic
small_object_proposal,-1,1.0,1330.0,611.0,1442.0,647.0,artificial_jewellery,video_20260404_115542,frame_012090.jpg,012090,heuristic
small_object_proposal,-1,1.0,904.0,743.0,1012.0,778.0,artificial_jewellery,video_20260404_115542,frame_012090.jpg,012090,heuristic
small_object_proposal,-1,1.0,746.0,766.0,848.0,801.0,artificial_jewellery,video_20260404_115542,frame_012090.jpg,012090,heuristic
small_object_proposal,-1,1.0,932.0,788.0,980.0,854.0,artificial_jewellery,video_20260404_115542,frame_012090.jpg,012090,heuristic
small_object_proposal,-1,1.0,473.0,886.0,554.0,924.0,artificial_jewellery,video_20260404_115542,frame_012090.jpg,012090,heuristic
small_object_proposal,-1,1.0,1247.0,833.0,1300.0,891.0,artificial_jewellery,video_20260404_115542,frame_012090.jpg,012090,heuristic
small_object_proposal,-1,1.0,896.0,996.0,949.0,1048.0,artificial_jewellery,video_20260404_115542,frame_012090.jpg,012090,heuristic
small_object_proposal,-1,1.0,1175.0,734.0,1235.0,776.0,artificial_jewellery,video_20260404_115542,frame_012090.jpg,012090,heuristic
small_object_proposal,-1,1.0,1282.0,789.0,1326.0,846.0,artificial_jewellery,video_20260404_115542,frame_012090.jpg,012090,heuristic
small_object_proposal,-1,1.0,984.0,370.0,1057.0,404.0,artificial_jewellery,video_20260404_115542,frame_012090.jpg,012090,heuristic
small_object_proposal,-1,1.0,1405.0,920.0,1486.0,950.0,artificial_jewellery,video_20260404_115542,frame_012090.jpg,012090,heuristic
small_object_proposal,-1,1.0,217.0,24.0,284.0,60.0,artificial_jewellery,video_20260404_115542,frame_012090.jpg,012090,heuristic
small_object_proposal,-1,1.0,977.0,534.0,1033.0,577.0,artificial_jewellery,video_20260404_115542,frame_012090.jpg,012090,heuristic
small_object_proposal,-1,1.0,953.0,734.0,1036.0,763.0,artificial_jewellery,video_20260404_115542,frame_012090.jpg,012090,heuristic
small_object_proposal,-1,1.0,386.0,889.0,454.0,924.0,artificial_jewellery,video_20260404_115542,frame_012090.jpg,012090,heuristic
small_object_proposal,-1,1.0,1084.0,417.0,1130.0,466.0,artificial_jewellery,video_20260404_115542,frame_012090.jpg,012090,heuristic
small_object_proposal,-1,1.0,1065.0,898.0,1135.0,929.0,artificial_jewellery,video_20260404_115542,frame_012090.jpg,012090,heuristic
small_object_proposal,-1,1.0,1485.0,760.0,1518.0,823.0,artificial_jewellery,video_20260404_115542,frame_012090.jpg,012090,heuristic
small_object_proposal,-1,1.0,692.0,793.0,754.0,826.0,artificial_jewellery,video_20260404_115542,frame_012090.jpg,012090,heuristic
small_object_proposal,-1,1.0,305.0,55.0,365.0,87.0,artificial_jewellery,video_20260404_115542,frame_012090.jpg,012090,heuristic
small_object_proposal,-1,1.0,1529.0,30.0,1562.0,87.0,artificial_jewellery,video_20260404_115542,frame_012090.jpg,012090,heuristic
small_object_proposal,-1,1.0,261.0,190.0,302.0,234.0,artificial_jewellery,video_20260404_115542,frame_012090.jpg,012090,heuristic
small_object_proposal,-1,1.0,948.0,388.0,981.0,441.0,artificial_jewellery,video_20260404_115542,frame_012090.jpg,012090,heuristic
small_object_proposal,-1,1.0,1520.0,634.0,1560.0,674.0,artificial_jewellery,video_20260404_115542,frame_012090.jpg,012090,heuristic
