label,class_id,confidence,x1,y1,x2,y2,domain,video_stem,frame_file,frame_id,source
person,0,0.6217890381813049,387.57623291015625,276.0794677734375,1684.1630859375,1072.529052734375,artificial_jewellery,video_20260404_120254,frame_000000.jpg,000000,yolo
small_object_proposal,-1,1.0,1703.0,769.0,1781.0,830.0,artificial_jewellery,video_20260404_120254,frame_000000.jpg,000000,heuristic
small_object_proposal,-1,1.0,1637.0,991.0,1691.0,1068.0,artificial_jewellery,video_20260404_120254,frame_000000.jpg,000000,heuristic
small_object_proposal,-1,1.0,581.0,774.0,613.0,877.0,artificial_jewellery,video_20260404_120254,frame_000000.jpg,000000,heuristic
small_object_proposal,-1,1.0,1677.0,101.0,1714.0,189.0,artificial_jewellery,video_20260404_120254,frame_000000.jpg,000000,heuristic
small_object_proposal,-1,1.0,766.0,870.0,807.0,949.0,artificial_jewellery,video_20260404_120254,frame_000000.jpg,000000,heuristic
small_object_proposal,-1,1.0,426.0,891.0,519.0,924.0,artificial_jewellery,video_20260404_120254,frame_000000.jpg,000000,heuristic
small_object_proposal,-1,1.0,955.0,730.0,1027.0,770.0,artificial_jewellery,video_20260404_120254,frame_000000.jpg,000000,heuristic
small_object_proposal,-1,1.0,694.0,963.0,733.0,1027.0,artificial_jewellery,video_20260404_120254,frame_000000.jpg,000000,heuristic
small_object_proposal,-1,1.0,1717.0,219.0,1752.0,286.0,artificial_jewellery,video_20260404_120254,frame_000000.jpg,000000,heuristic
small_object_proposal,-1,1.0,1604.0,725.0,1629.0,806.0,artificial_jewellery,video_20260404_120254,frame_000000.jpg,000000,heuristic
small_object_proposal,-1,1.0,1576.0,1031.0,1667.0,1053.0,artificial_jewellery,video_20260404_120254,frame_000000.jpg,000000,heuristic
small_object_proposal,-1,1.0,894.0,726.0,936.0,772.0,artificial_jewellery,video_20260404_120254,frame_000000.jpg,000000,heuristic
small_object_proposal,-1,1.0,626.0,742.0,651.0,819.0,artificial_jewellery,video_20260404_120254,frame_000000.jpg,000000,heuristic
small_object_proposal,-1,1.0,1132.0,795.0,1179.0,834.0,artificial_jewellery,video_20260404_120254,frame_000000.jpg,000000,heuristic
small_object_proposal,-1,1.0,1722.0,170.0,1759.0,218.0,artificial_jewellery,video_20260404_120254,frame_000000.jpg,000000,heuristic
small_object_proposal,-1,1.0,1567.0,1043.0,1628.0,1071.0,artificial_jewellery,video_20260404_120254,frame_000000.jpg,000000,heuristic
small_object_proposal,-1,1.0,800.0,975.0,839.0,1018.0,artificial_jewellery,video_20260404_120254,frame_000000.jpg,000000,heuristic
small_object_proposal,-1,1.0,1221.0,878.0,1256.0,924.0,artificial_jewellery,video_20260404_120254,frame_000000.jpg,000000,heuristic
small_object_proposal,-1,1.0,608.0,759.0,625.0,837.0,artificial_jewellery,video_20260404_120254,frame_000000.jpg,000000,heuristic
small_object_proposal,-1,1.0,1686.0,809.0,1710.0,864.0,artificial_jewellery,video_20260404_120254,frame_000000.jpg,000000,heuristic
small_object_proposal,-1,1.0,635.0,410.0,662.0,458.0,artificial_jewellery,video_20260404_120254,frame_000000.jpg,000000,heuristic
small_object_proposal,-1,1.0,1225.0,1019.0,1259.0,1056.0,artificial_jewellery,video_20260404_120254,frame_000000.jpg,000000,heuristic
small_object_proposal,-1,1.0,1039.0,319.0,1068.0,362.0,artificial_jewellery,video_20260404_120254,frame_000000.jpg,000000,heuristic
small_object_proposal,-1,1.0,875.0,349.0,912.0,382.0,artificial_jewellery,video_20260404_120254,frame_000000.jpg,000000,heuristic
small_object_proposal,-1,1.0,1383.0,1023.0,1407.0,1071.0,artificial_jewellery,video_20260404_120254,frame_000000.jpg,000000,heuristic
small_object_proposal,-1,1.0,567.0,1021.0,590.0,1071.0,artificial_jewellery,video_20260404_120254,frame_000000.jpg,000000,heuristic
small_object_proposal,-1,1.0,1835.0,280.0,1889.0,301.0,artificial_jewellery,video_20260404_120254,frame_000000.jpg,000000,heuristic
small_object_proposal,-1,1.0,831.0,703.0,862.0,735.0,artificial_jewellery,video_20260404_120254,frame_000000.jpg,000000,heuristic
small_object_proposal,-1,1.0,1328.0,945.0,1362.0,974.0,artificial_jewellery,video_20260404_120254,frame_000000.jpg,000000,heuristic
small_object_proposal,-1,1.0,865.0,970.0,897.0,999.0,artificial_jewellery,video_20260404_120254,frame_000000.jpg,000000,heuristic
person,0,0.5033234357833862,343.43658447265625,281.3681945800781,1717.571044921875,1080.0,artificial_jewellery,video_20260404_120254,frame_000030.jpg,000030,yolo
small_object_proposal,-1,1.0,334.0,792.0,393.0,875.0,artificial_jewellery,video_20260404_120254,frame_000030.jpg,000030,heuristic
small_object_proposal,-1,1.0,965.0,567.0,1006.0,671.0,artificial_jewellery,video_20260404_120254,frame_000030.jpg,000030,heuristic
small_object_proposal,-1,1.0,655.0,755.0,692.0,867.0,artificial_jewellery,video_20260404_120254,frame_000030.jpg,000030,heuristic
small_object_proposal,-1,1.0,1222.0,1009.0,1281.0,1070.0,artificial_jewellery,video_20260404_120254,frame_000030.jpg,000030,heuristic
small_object_proposal,-1,1.0,1362.0,967.0,1433.0,1016.0,artificial_jewellery,video_20260404_120254,frame_000030.jpg,000030,heuristic
small_object_proposal,-1,1.0,43.0,900.0,94.0,962.0,artificial_jewellery,video_20260404_120254,frame_000030.jpg,000030,heuristic
small_object_proposal,-1,1.0,1154.0,703.0,1210.0,757.0,artificial_jewellery,video_20260404_120254,frame_000030.jpg,000030,heuristic
small_object_proposal,-1,1.0,1045.0,762.0,1072.0,873.0,artificial_jewellery,video_20260404_120254,frame_000030.jpg,000030,heuristic
small_object_proposal,-1,1.0,1663.0,976.0,1707.0,1044.0,artificial_jewellery,video_20260404_120254,frame_000030.jpg,000030,heuristic
small_object_proposal,-1,1.0,1031.0,680.0,1093.0,726.0,artificial_jewellery,video_20260404_120254,frame_000030.jpg,000030,heuristic
small_object_proposal,-1,1.0,936.0,834.0,1002.0,877.0,artificial_jewellery,video_20260404_120254,frame_000030.jpg,000030,heuristic
small_object_proposal,-1,1.0,616.0,782.0,644.0,877.0,artificial_jewellery,video_20260404_120254,frame_000030.jpg,000030,heuristic
small_object_proposal,-1,1.0,749.0,669.0,802.0,714.0,artificial_jewellery,video_20260404_120254,frame_000030.jpg,000030,heuristic
small_object_proposal,-1,1.0,830.0,721.0,884.0,764.0,artificial_jewellery,video_20260404_120254,frame_000030.jpg,000030,heuristic
small_object_proposal,-1,1.0,241.0,576.0,330.0,602.0,artificial_jewellery,video_20260404_120254,frame_000030.jpg,000030,heuristic
small_object_proposal,-1,1.0,1731.0,201.0,1766.0,266.0,artificial_jewellery,video_20260404_120254,frame_000030.jpg,000030,heuristic
small_object_proposal,-1,1.0,889.0,957.0,936.0,1002.0,artificial_jewellery,video_20260404_120254,frame_000030.jpg,000030,heuristic
small_object_proposal,-1,1.0,1154.0,784.0,1199.0,829.0,artificial_jewellery,video_20260404_120254,frame_000030.jpg,000030,heuristic
small_object_proposal,-1,1.0,1843.0,194.0,1900.0,229.0,artificial_jewellery,video_20260404_120254,frame_000030.jpg,000030,heuristic
small_object_proposal,-1,1.0,6.0,672.0,59.0,709.0,artificial_jewellery,video_20260404_120254,frame_000030.jpg,000030,heuristic
small_object_proposal,-1,1.0,832.0,891.0,862.0,955.0,artificial_jewellery,video_20260404_120254,frame_000030.jpg,000030,heuristic
small_object_proposal,-1,1.0,1626.0,711.0,1655.0,774.0,artificial_jewellery,video_20260404_120254,frame_000030.jpg,000030,heuristic
small_object_proposal,-1,1.0,972.0,950.0,1003.0,1008.0,artificial_jewellery,video_20260404_120254,frame_000030.jpg,000030,heuristic
small_object_proposal,-1,1.0,726.0,963.0,762.0,1009.0,artificial_jewellery,video_20260404_120254,frame_000030.jpg,000030,heuristic
small_object_proposal,-1,1.0,1241.0,878.0,1279.0,918.0,artificial_jewellery,video_20260404_120254,frame_000030.jpg,000030,heuristic
small_object_proposal,-1,1.0,798.0,716.0,841.0,751.0,artificial_jewellery,video_20260404_120254,frame_000030.jpg,000030,heuristic
small_object_proposal,-1,1.0,406.0,698.0,435.0,749.0,artificial_jewellery,video_20260404_120254,frame_000030.jpg,000030,heuristic
small_object_proposal,-1,1.0,1734.0,157.0,1768.0,198.0,artificial_jewellery,video_20260404_120254,frame_000030.jpg,000030,heuristic
small_object_proposal,-1,1.0,1047.0,313.0,1079.0,356.0,artificial_jewellery,video_20260404_120254,frame_000030.jpg,000030,heuristic
small_object_proposal,-1,1.0,607.0,1023.0,638.0,1067.0,artificial_jewellery,video_20260404_120254,frame_000030.jpg,000030,heuristic
person,0,0.6145427227020264,393.4568786621094,182.55999755859375,1793.849609375,1065.8160400390625,artificial_jewellery,video_20260404_120254,frame_000120.jpg,000120,yolo
person,0,0.4954647123813629,0.68829345703125,3.72216796875,774.2147827148438,1061.1976318359375,artificial_jewellery,video_20260404_120254,frame_000120.jpg,000120,yolo
small_object_proposal,-1,1.0,825.0,455.0,889.0,517.0,artificial_jewellery,video_20260404_120254,frame_000120.jpg,000120,heuristic
small_object_proposal,-1,1.0,1461.0,710.0,1576.0,744.0,artificial_jewellery,video_20260404_120254,frame_000120.jpg,000120,heuristic
small_object_proposal,-1,1.0,1266.0,870.0,1329.0,932.0,artificial_jewellery,video_20260404_120254,frame_000120.jpg,000120,heuristic
small_object_proposal,-1,1.0,785.0,639.0,882.0,679.0,artificial_jewellery,video_20260404_120254,frame_000120.jpg,000120,heuristic
small_object_proposal,-1,1.0,982.0,747.0,1072.0,790.0,artificial_jewellery,video_20260404_120254,frame_000120.jpg,000120,heuristic
small_object_proposal,-1,1.0,890.0,690.0,944.0,761.0,artificial_jewellery,video_20260404_120254,frame_000120.jpg,000120,heuristic
small_object_proposal,-1,1.0,1009.0,654.0,1057.0,730.0,artificial_jewellery,video_20260404_120254,frame_000120.jpg,000120,heuristic
small_object_proposal,-1,1.0,1480.0,335.0,1506.0,474.0,artificial_jewellery,video_20260404_120254,frame_000120.jpg,000120,heuristic
small_object_proposal,-1,1.0,907.0,689.0,972.0,740.0,artificial_jewellery,video_20260404_120254,frame_000120.jpg,000120,heuristic
small_object_proposal,-1,1.0,1771.0,711.0,1828.0,765.0,artificial_jewellery,video_20260404_120254,frame_000120.jpg,000120,heuristic
small_object_proposal,-1,1.0,1802.0,54.0,1864.0,103.0,artificial_jewellery,video_20260404_120254,frame_000120.jpg,000120,heuristic
small_object_proposal,-1,1.0,1176.0,708.0,1235.0,756.0,artificial_jewellery,video_20260404_120254,frame_000120.jpg,000120,heuristic
small_object_proposal,-1,1.0,815.0,1007.0,856.0,1071.0,artificial_jewellery,video_20260404_120254,frame_000120.jpg,000120,heuristic
small_object_proposal,-1,1.0,400.0,801.0,460.0,843.0,artificial_jewellery,video_20260404_120254,frame_000120.jpg,000120,heuristic
small_object_proposal,-1,1.0,1175.0,798.0,1222.0,850.0,artificial_jewellery,video_20260404_120254,frame_000120.jpg,000120,heuristic
small_object_proposal,-1,1.0,486.0,990.0,532.0,1042.0,artificial_jewellery,video_20260404_120254,frame_000120.jpg,000120,heuristic
small_object_proposal,-1,1.0,986.0,592.0,1020.0,662.0,artificial_jewellery,video_20260404_120254,frame_000120.jpg,000120,heuristic
small_object_proposal,-1,1.0,1794.0,110.0,1828.0,178.0,artificial_jewellery,video_20260404_120254,frame_000120.jpg,000120,heuristic
small_object_proposal,-1,1.0,571.0,414.0,632.0,450.0,artificial_jewellery,video_20260404_120254,frame_000120.jpg,000120,heuristic
small_object_proposal,-1,1.0,575.0,378.0,626.0,421.0,artificial_jewellery,video_20260404_120254,frame_000120.jpg,000120,heuristic
small_object_proposal,-1,1.0,1100.0,482.0,1139.0,537.0,artificial_jewellery,video_20260404_120254,frame_000120.jpg,000120,heuristic
small_object_proposal,-1,1.0,1117.0,412.0,1174.0,449.0,artificial_jewellery,video_20260404_120254,frame_000120.jpg,000120,heuristic
small_object_proposal,-1,1.0,558.0,309.0,600.0,359.0,artificial_jewellery,video_20260404_120254,frame_000120.jpg,000120,heuristic
small_object_proposal,-1,1.0,729.0,391.0,771.0,440.0,artificial_jewellery,video_20260404_120254,frame_000120.jpg,000120,heuristic
small_object_proposal,-1,1.0,1228.0,880.0,1278.0,917.0,artificial_jewellery,video_20260404_120254,frame_000120.jpg,000120,heuristic
small_object_proposal,-1,1.0,812.0,542.0,880.0,567.0,artificial_jewellery,video_20260404_120254,frame_000120.jpg,000120,heuristic
small_object_proposal,-1,1.0,437.0,654.0,516.0,675.0,artificial_jewellery,video_20260404_120254,frame_000120.jpg,000120,heuristic
small_object_proposal,-1,1.0,1523.0,979.0,1595.0,1002.0,artificial_jewellery,video_20260404_120254,frame_000120.jpg,000120,heuristic
small_object_proposal,-1,1.0,1590.0,952.0,1661.0,975.0,artificial_jewellery,video_20260404_120254,frame_000120.jpg,000120,heuristic
small_object_proposal,-1,1.0,922.0,754.0,960.0,794.0,artificial_jewellery,video_20260404_120254,frame_000120.jpg,000120,heuristic
person,0,0.41828781366348267,467.66363525390625,313.3634033203125,1842.648193359375,1069.7786865234375,artificial_jewellery,video_20260404_120254,frame_000390.jpg,000390,yolo
person,0,0.2779434621334076,13.72412109375,339.82745361328125,1129.77392578125,1064.892822265625,artificial_jewellery,video_20260404_120254,frame_000390.jpg,000390,yolo
small_object_proposal,-1,1.0,1186.0,252.0,1261.0,317.0,artificial_jewellery,video_20260404_120254,frame_000390.jpg,000390,heuristic
small_object_proposal,-1,1.0,982.0,528.0,1061.0,586.0,artificial_jewellery,video_20260404_120254,frame_000390.jpg,000390,heuristic
small_object_proposal,-1,1.0,1567.0,1039.0,1693.0,1074.0,artificial_jewellery,video_20260404_120254,frame_000390.jpg,000390,heuristic
small_object_proposal,-1,1.0,1075.0,759.0,1150.0,807.0,artificial_jewellery,video_20260404_120254,frame_000390.jpg,000390,heuristic
small_object_proposal,-1,1.0,1297.0,413.0,1382.0,447.0,artificial_jewellery,video_20260404_120254,frame_000390.jpg,000390,heuristic
small_object_proposal,-1,1.0,510.0,826.0,580.0,866.0,artificial_jewellery,video_20260404_120254,frame_000390.jpg,000390,heuristic
small_object_proposal,-1,1.0,1315.0,691.0,1422.0,717.0,artificial_jewellery,video_20260404_120254,frame_000390.jpg,000390,heuristic
small_object_proposal,-1,1.0,1771.0,784.0,1808.0,859.0,artificial_jewellery,video_20260404_120254,frame_000390.jpg,000390,heuristic
small_object_proposal,-1,1.0,1858.0,807.0,1909.0,859.0,artificial_jewellery,video_20260404_120254,frame_000390.jpg,000390,heuristic
small_object_proposal,-1,1.0,1160.0,345.0,1201.0,400.0,artificial_jewellery,video_20260404_120254,frame_000390.jpg,000390,heuristic
small_object_proposal,-1,1.0,1488.0,421.0,1556.0,452.0,artificial_jewellery,video_20260404_120254,frame_000390.jpg,000390,heuristic
small_object_proposal,-1,1.0,522.0,673.0,592.0,703.0,artificial_jewellery,video_20260404_120254,frame_000390.jpg,000390,heuristic
small_object_proposal,-1,1.0,1081.0,962.0,1144.0,995.0,artificial_jewellery,video_20260404_120254,frame_000390.jpg,000390,heuristic
small_object_proposal,-1,1.0,1004.0,701.0,1053.0,742.0,artificial_jewellery,video_20260404_120254,frame_000390.jpg,000390,heuristic
small_object_proposal,-1,1.0,1170.0,843.0,1192.0,931.0,artificial_jewellery,video_20260404_120254,frame_000390.jpg,000390,heuristic
small_object_proposal,-1,1.0,554.0,1026.0,601.0,1067.0,artificial_jewellery,video_20260404_120254,frame_000390.jpg,000390,heuristic
small_object_proposal,-1,1.0,1291.0,437.0,1367.0,462.0,artificial_jewellery,video_20260404_120254,frame_000390.jpg,000390,heuristic
small_object_proposal,-1,1.0,1555.0,372.0,1609.0,406.0,artificial_jewellery,video_20260404_120254,frame_000390.jpg,000390,heuristic
small_object_proposal,-1,1.0,1324.0,909.0,1360.0,959.0,artificial_jewellery,video_20260404_120254,frame_000390.jpg,000390,heuristic
small_object_proposal,-1,1.0,569.0,725.0,655.0,744.0,artificial_jewellery,video_20260404_120254,frame_000390.jpg,000390,heuristic
small_object_proposal,-1,1.0,1298.0,231.0,1345.0,265.0,artificial_jewellery,video_20260404_120254,frame_000390.jpg,000390,heuristic
small_object_proposal,-1,1.0,1287.0,544.0,1333.0,578.0,artificial_jewellery,video_20260404_120254,frame_000390.jpg,000390,heuristic
small_object_proposal,-1,1.0,1114.0,493.0,1148.0,536.0,artificial_jewellery,video_20260404_120254,frame_000390.jpg,000390,heuristic
small_object_proposal,-1,1.0,1418.0,320.0,1462.0,353.0,artificial_jewellery,video_20260404_120254,frame_000390.jpg,000390,heuristic
small_object_proposal,-1,1.0,583.0,1004.0,623.0,1039.0,artificial_jewellery,video_20260404_120254,frame_000390.jpg,000390,heuristic
small_object_proposal,-1,1.0,723.0,902.0,750.0,953.0,artificial_jewellery,video_20260404_120254,frame_000390.jpg,000390,heuristic
small_object_proposal,-1,1.0,1173.0,464.0,1205.0,507.0,artificial_jewellery,video_20260404_120254,frame_000390.jpg,000390,heuristic
small_object_proposal,-1,1.0,931.0,369.0,955.0,423.0,artificial_jewellery,video_20260404_120254,frame_000390.jpg,000390,heuristic
small_object_proposal,-1,1.0,509.0,697.0,552.0,727.0,artificial_jewellery,video_20260404_120254,frame_000390.jpg,000390,heuristic
small_object_proposal,-1,1.0,1712.0,1055.0,1775.0,1075.0,artificial_jewellery,video_20260404_120254,frame_000390.jpg,000390,heuristic
person,0,0.4392172694206238,497.1339111328125,331.05743408203125,1635.0208740234375,1070.7418212890625,artificial_jewellery,video_20260404_120254,frame_001710.jpg,001710,yolo
cell phone,67,0.27417266368865967,1269.513671875,351.70037841796875,1374.0906982421875,489.5684509277344,artificial_jewellery,video_20260404_120254,frame_001710.jpg,001710,yolo
small_object_proposal,-1,1.0,557.0,644.0,688.0,679.0,artificial_jewellery,video_20260404_120254,frame_001710.jpg,001710,heuristic
small_object_proposal,-1,1.0,1032.0,1000.0,1114.0,1054.0,artificial_jewellery,video_20260404_120254,frame_001710.jpg,001710,heuristic
small_object_proposal,-1,1.0,1080.0,671.0,1131.0,754.0,artificial_jewellery,video_20260404_120254,frame_001710.jpg,001710,heuristic
small_object_proposal,-1,1.0,879.0,420.0,955.0,474.0,artificial_jewellery,video_20260404_120254,frame_001710.jpg,001710,heuristic
small_object_proposal,-1,1.0,738.0,762.0,789.0,832.0,artificial_jewellery,video_20260404_120254,frame_001710.jpg,001710,heuristic
small_object_proposal,-1,1.0,1785.0,771.0,1854.0,819.0,artificial_jewellery,video_20260404_120254,frame_001710.jpg,001710,heuristic
small_object_proposal,-1,1.0,1241.0,396.0,1310.0,441.0,artificial_jewellery,video_20260404_120254,frame_001710.jpg,001710,heuristic
small_object_proposal,-1,1.0,1257.0,986.0,1313.0,1039.0,artificial_jewellery,video_20260404_120254,frame_001710.jpg,001710,heuristic
small_object_proposal,-1,1.0,1743.0,993.0,1790.0,1053.0,artificial_jewellery,video_20260404_120254,frame_001710.jpg,001710,heuristic
small_object_proposal,-1,1.0,1366.0,898.0,1384.0,1033.0,artificial_jewellery,video_20260404_120254,frame_001710.jpg,001710,heuristic
small_object_proposal,-1,1.0,1311.0,436.0,1355.0,489.0,artificial_jewellery,video_20260404_120254,frame_001710.jpg,001710,heuristic
small_object_proposal,-1,1.0,781.0,344.0,853.0,376.0,artificial_jewellery,video_20260404_120254,frame_001710.jpg,001710,heuristic
small_object_proposal,-1,1.0,1090.0,762.0,1139.0,809.0,artificial_jewellery,video_20260404_120254,frame_001710.jpg,001710,heuristic
small_object_proposal,-1,1.0,1667.0,895.0,1695.0,974.0,artificial_jewellery,video_20260404_120254,frame_001710.jpg,001710,heuristic
small_object_proposal,-1,1.0,874.0,779.0,919.0,828.0,artificial_jewellery,video_20260404_120254,frame_001710.jpg,001710,heuristic
small_object_proposal,-1,1.0,840.0,373.0,923.0,399.0,artificial_jewellery,video_20260404_120254,frame_001710.jpg,001710,heuristic
small_object_proposal,-1,1.0,960.0,749.0,1009.0,793.0,artificial_jewellery,video_20260404_120254,frame_001710.jpg,001710,heuristic
small_object_proposal,-1,1.0,964.0,959.0,1051.0,982.0,artificial_jewellery,video_20260404_120254,frame_001710.jpg,001710,heuristic
small_object_proposal,-1,1.0,126.0,77.0,166.0,126.0,artificial_jewellery,video_20260404_120254,frame_001710.jpg,001710,heuristic
small_object_proposal,-1,1.0,1191.0,900.0,1244.0,936.0,artificial_jewellery,video_20260404_120254,frame_001710.jpg,001710,heuristic
small_object_proposal,-1,1.0,1850.0,336.0,1892.0,379.0,artificial_jewellery,video_20260404_120254,frame_001710.jpg,001710,heuristic
small_object_proposal,-1,1.0,1820.0,273.0,1849.0,334.0,artificial_jewellery,video_20260404_120254,frame_001710.jpg,001710,heuristic
small_object_proposal,-1,1.0,1381.0,357.0,1417.0,406.0,artificial_jewellery,video_20260404_120254,frame_001710.jpg,001710,heuristic
small_object_proposal,-1,1.0,776.0,457.0,819.0,498.0,artificial_jewellery,video_20260404_120254,frame_001710.jpg,001710,heuristic
small_object_proposal,-1,1.0,1064.0,713.0,1089.0,777.0,artificial_jewellery,video_20260404_120254,frame_001710.jpg,001710,heuristic
small_object_proposal,-1,1.0,1630.0,558.0,1685.0,587.0,artificial_jewellery,video_20260404_120254,frame_001710.jpg,001710,heuristic
small_object_proposal,-1,1.0,475.0,821.0,541.0,845.0,artificial_jewellery,video_20260404_120254,frame_001710.jpg,001710,heuristic
small_object_proposal,-1,1.0,552.0,12.0,572.0,89.0,artificial_jewellery,video_20260404_120254,frame_001710.jpg,001710,heuristic
small_object_proposal,-1,1.0,938.0,760.0,971.0,806.0,artificial_jewellery,video_20260404_120254,frame_001710.jpg,001710,heuristic
small_object_proposal,-1,1.0,877.0,681.0,920.0,716.0,artificial_jewellery,video_20260404_120254,frame_001710.jpg,001710,heuristic
person,0,0.5349798798561096,41.9366455078125,279.4171142578125,1645.7896728515625,1068.1937255859375,artificial_jewellery,video_20260404_120254,frame_001860.jpg,001860,yolo
small_object_proposal,-1,1.0,1266.0,413.0,1345.0,474.0,artificial_jewellery,video_20260404_120254,frame_001860.jpg,001860,heuristic
small_object_proposal,-1,1.0,465.0,695.0,532.0,762.0,artificial_jewellery,video_20260404_120254,frame_001860.jpg,001860,heuristic
small_object_proposal,-1,1.0,1796.0,885.0,1837.0,991.0,artificial_jewellery,video_20260404_120254,frame_001860.jpg,001860,heuristic
small_object_proposal,-1,1.0,1000.0,915.0,1121.0,950.0,artificial_jewellery,video_20260404_120254,frame_001860.jpg,001860,heuristic
small_object_proposal,-1,1.0,1070.0,764.0,1143.0,822.0,artificial_jewellery,video_20260404_120254,frame_001860.jpg,001860,heuristic
small_object_proposal,-1,1.0,1338.0,543.0,1369.0,678.0,artificial_jewellery,video_20260404_120254,frame_001860.jpg,001860,heuristic
small_object_proposal,-1,1.0,479.0,686.0,545.0,747.0,artificial_jewellery,video_20260404_120254,frame_001860.jpg,001860,heuristic
small_object_proposal,-1,1.0,435.0,657.0,478.0,749.0,artificial_jewellery,video_20260404_120254,frame_001860.jpg,001860,heuristic
small_object_proposal,-1,1.0,1837.0,774.0,1908.0,829.0,artificial_jewellery,video_20260404_120254,frame_001860.jpg,001860,heuristic
small_object_proposal,-1,1.0,601.0,592.0,685.0,638.0,artificial_jewellery,video_20260404_120254,frame_001860.jpg,001860,heuristic
small_object_proposal,-1,1.0,1419.0,678.0,1458.0,775.0,artificial_jewellery,video_20260404_120254,frame_001860.jpg,001860,heuristic
small_object_proposal,-1,1.0,761.0,969.0,810.0,1043.0,artificial_jewellery,video_20260404_120254,frame_001860.jpg,001860,heuristic
small_object_proposal,-1,1.0,343.0,960.0,427.0,1000.0,artificial_jewellery,video_20260404_120254,frame_001860.jpg,001860,heuristic
small_object_proposal,-1,1.0,1111.0,959.0,1170.0,1015.0,artificial_jewellery,video_20260404_120254,frame_001860.jpg,001860,heuristic
small_object_proposal,-1,1.0,983.0,313.0,1061.0,355.0,artificial_jewellery,video_20260404_120254,frame_001860.jpg,001860,heuristic
small_object_proposal,-1,1.0,1534.0,698.0,1571.0,779.0,artificial_jewellery,video_20260404_120254,frame_001860.jpg,001860,heuristic
small_object_proposal,-1,1.0,1006.0,702.0,1061.0,756.0,artificial_jewellery,video_20260404_120254,frame_001860.jpg,001860,heuristic
small_object_proposal,-1,1.0,1343.0,511.0,1438.0,539.0,artificial_jewellery,video_20260404_120254,frame_001860.jpg,001860,heuristic
small_object_proposal,-1,1.0,1763.0,883.0,1792.0,974.0,artificial_jewellery,video_20260404_120254,frame_001860.jpg,001860,heuristic
small_object_proposal,-1,1.0,1709.0,893.0,1743.0,970.0,artificial_jewellery,video_20260404_120254,frame_001860.jpg,001860,heuristic
small_object_proposal,-1,1.0,1209.0,938.0,1294.0,968.0,artificial_jewellery,video_20260404_120254,frame_001860.jpg,001860,heuristic
small_object_proposal,-1,1.0,1678.0,971.0,1710.0,1048.0,artificial_jewellery,video_20260404_120254,frame_001860.jpg,001860,heuristic
small_object_proposal,-1,1.0,1331.0,447.0,1369.0,511.0,artificial_jewellery,video_20260404_120254,frame_001860.jpg,001860,heuristic
small_object_proposal,-1,1.0,1576.0,599.0,1604.0,678.0,artificial_jewellery,video_20260404_120254,frame_001860.jpg,001860,heuristic
small_object_proposal,-1,1.0,320.0,976.0,378.0,1014.0,artificial_jewellery,video_20260404_120254,frame_001860.jpg,001860,heuristic
small_object_proposal,-1,1.0,855.0,340.0,894.0,396.0,artificial_jewellery,video_20260404_120254,frame_001860.jpg,001860,heuristic
small_object_proposal,-1,1.0,443.0,137.0,499.0,176.0,artificial_jewellery,video_20260404_120254,frame_001860.jpg,001860,heuristic
small_object_proposal,-1,1.0,1174.0,302.0,1210.0,361.0,artificial_jewellery,video_20260404_120254,frame_001860.jpg,001860,heuristic
small_object_proposal,-1,1.0,1378.0,338.0,1414.0,389.0,artificial_jewellery,video_20260404_120254,frame_001860.jpg,001860,heuristic
small_object_proposal,-1,1.0,1183.0,1043.0,1295.0,1058.0,artificial_jewellery,video_20260404_120254,frame_001860.jpg,001860,heuristic
person,0,0.727324903011322,30.3328857421875,227.79437255859375,1834.941650390625,1072.62158203125,artificial_jewellery,video_20260404_120254,frame_002430.jpg,002430,yolo
small_object_proposal,-1,1.0,1713.0,948.0,1769.0,1037.0,artificial_jewellery,video_20260404_120254,frame_002430.jpg,002430,heuristic
small_object_proposal,-1,1.0,752.0,668.0,824.0,737.0,artificial_jewellery,video_20260404_120254,frame_002430.jpg,002430,heuristic
small_object_proposal,-1,1.0,1423.0,326.0,1496.0,394.0,artificial_jewellery,video_20260404_120254,frame_002430.jpg,002430,heuristic
small_object_proposal,-1,1.0,1503.0,811.0,1577.0,875.0,artificial_jewellery,video_20260404_120254,frame_002430.jpg,002430,heuristic
small_object_proposal,-1,1.0,986.0,1015.0,1096.0,1057.0,artificial_jewellery,video_20260404_120254,frame_002430.jpg,002430,heuristic
small_object_proposal,-1,1.0,994.0,498.0,1055.0,568.0,artificial_jewellery,video_20260404_120254,frame_002430.jpg,002430,heuristic
small_object_proposal,-1,1.0,11.0,135.0,65.0,204.0,artificial_jewellery,video_20260404_120254,frame_002430.jpg,002430,heuristic
small_object_proposal,-1,1.0,1327.0,1003.0,1385.0,1066.0,artificial_jewellery,video_20260404_120254,frame_002430.jpg,002430,heuristic
small_object_proposal,-1,1.0,1211.0,972.0,1305.0,1006.0,artificial_jewellery,video_20260404_120254,frame_002430.jpg,002430,heuristic
small_object_proposal,-1,1.0,1519.0,578.0,1610.0,609.0,artificial_jewellery,video_20260404_120254,frame_002430.jpg,002430,heuristic
small_object_proposal,-1,1.0,1150.0,555.0,1221.0,594.0,artificial_jewellery,video_20260404_120254,frame_002430.jpg,002430,heuristic
small_object_proposal,-1,1.0,1223.0,339.0,1270.0,397.0,artificial_jewellery,video_20260404_120254,frame_002430.jpg,002430,heuristic
small_object_proposal,-1,1.0,849.0,821.0,889.0,889.0,artificial_jewellery,video_20260404_120254,frame_002430.jpg,002430,heuristic
small_object_proposal,-1,1.0,1234.0,272.0,1309.0,308.0,artificial_jewellery,video_20260404_120254,frame_002430.jpg,002430,heuristic
small_object_proposal,-1,1.0,520.0,684.0,562.0,745.0,artificial_jewellery,video_20260404_120254,frame_002430.jpg,002430,heuristic
small_object_proposal,-1,1.0,272.0,948.0,326.0,995.0,artificial_jewellery,video_20260404_120254,frame_002430.jpg,002430,heuristic
small_object_proposal,-1,1.0,1782.0,915.0,1806.0,1019.0,artificial_jewellery,video_20260404_120254,frame_002430.jpg,002430,heuristic
small_object_proposal,-1,1.0,1175.0,388.0,1218.0,446.0,artificial_jewellery,video_20260404_120254,frame_002430.jpg,002430,heuristic
small_object_proposal,-1,1.0,518.0,551.0,620.0,575.0,artificial_jewellery,video_20260404_120254,frame_002430.jpg,002430,heuristic
small_object_proposal,-1,1.0,1229.0,422.0,1272.0,478.0,artificial_jewellery,video_20260404_120254,frame_002430.jpg,002430,heuristic
small_object_proposal,-1,1.0,413.0,768.0,450.0,828.0,artificial_jewellery,video_20260404_120254,frame_002430.jpg,002430,heuristic
small_object_proposal,-1,1.0,3.0,554.0,65.0,589.0,artificial_jewellery,video_20260404_120254,frame_002430.jpg,002430,heuristic
small_object_proposal,-1,1.0,811.0,628.0,843.0,688.0,artificial_jewellery,video_20260404_120254,frame_002430.jpg,002430,heuristic
small_object_proposal,-1,1.0,326.0,936.0,370.0,977.0,artificial_jewellery,video_20260404_120254,frame_002430.jpg,002430,heuristic
small_object_proposal,-1,1.0,49.0,771.0,90.0,813.0,artificial_jewellery,video_20260404_120254,frame_002430.jpg,002430,heuristic
small_object_proposal,-1,1.0,696.0,779.0,740.0,818.0,artificial_jewellery,video_20260404_120254,frame_002430.jpg,002430,heuristic
small_object_proposal,-1,1.0,1013.0,712.0,1094.0,732.0,artificial_jewellery,video_20260404_120254,frame_002430.jpg,002430,heuristic
small_object_proposal,-1,1.0,859.0,848.0,881.0,915.0,artificial_jewellery,video_20260404_120254,frame_002430.jpg,002430,heuristic
small_object_proposal,-1,1.0,359.0,891.0,393.0,929.0,artificial_jewellery,video_20260404_120254,frame_002430.jpg,002430,heuristic
small_object_proposal,-1,1.0,17.0,737.0,48.0,778.0,artificial_jewellery,video_20260404_120254,frame_002430.jpg,002430,heuristic
person,0,0.7477307915687561,64.8453369140625,249.16561889648438,1737.0089111328125,1070.524658203125,artificial_jewellery,video_20260404_120254,frame_002460.jpg,002460,yolo
small_object_proposal,-1,1.0,623.0,625.0,687.0,703.0,artificial_jewellery,video_20260404_120254,frame_002460.jpg,002460,heuristic
small_object_proposal,-1,1.0,754.0,742.0,821.0,814.0,artificial_jewellery,video_20260404_120254,frame_002460.jpg,002460,heuristic
small_object_proposal,-1,1.0,1509.0,847.0,1552.0,941.0,artificial_jewellery,video_20260404_120254,frame_002460.jpg,002460,heuristic
small_object_proposal,-1,1.0,963.0,500.0,1025.0,565.0,artificial_jewellery,video_20260404_120254,frame_002460.jpg,002460,heuristic
small_object_proposal,-1,1.0,848.0,586.0,950.0,624.0,artificial_jewellery,video_20260404_120254,frame_002460.jpg,002460,heuristic
small_object_proposal,-1,1.0,932.0,304.0,1034.0,341.0,artificial_jewellery,video_20260404_120254,frame_002460.jpg,002460,heuristic
small_object_proposal,-1,1.0,1472.0,827.0,1542.0,880.0,artificial_jewellery,video_20260404_120254,frame_002460.jpg,002460,heuristic
small_object_proposal,-1,1.0,1058.0,807.0,1127.0,860.0,artificial_jewellery,video_20260404_120254,frame_002460.jpg,002460,heuristic
small_object_proposal,-1,1.0,1689.0,941.0,1732.0,1017.0,artificial_jewellery,video_20260404_120254,frame_002460.jpg,002460,heuristic
small_object_proposal,-1,1.0,24.0,402.0,102.0,442.0,artificial_jewellery,video_20260404_120254,frame_002460.jpg,002460,heuristic
small_object_proposal,-1,1.0,1480.0,754.0,1526.0,817.0,artificial_jewellery,video_20260404_120254,frame_002460.jpg,002460,heuristic
small_object_proposal,-1,1.0,30.0,166.0,80.0,221.0,artificial_jewellery,video_20260404_120254,frame_002460.jpg,002460,heuristic
small_object_proposal,-1,1.0,827.0,797.0,873.0,854.0,artificial_jewellery,video_20260404_120254,frame_002460.jpg,002460,heuristic
small_object_proposal,-1,1.0,927.0,677.0,974.0,731.0,artificial_jewellery,video_20260404_120254,frame_002460.jpg,002460,heuristic
small_object_proposal,-1,1.0,1443.0,817.0,1512.0,853.0,artificial_jewellery,video_20260404_120254,frame_002460.jpg,002460,heuristic
small_object_proposal,-1,1.0,585.0,627.0,641.0,669.0,artificial_jewellery,video_20260404_120254,frame_002460.jpg,002460,heuristic
small_object_proposal,-1,1.0,739.0,688.0,779.0,743.0,artificial_jewellery,video_20260404_120254,frame_002460.jpg,002460,heuristic
small_object_proposal,-1,1.0,17.0,551.0,81.0,585.0,artificial_jewellery,video_20260404_120254,frame_002460.jpg,002460,heuristic
small_object_proposal,-1,1.0,1004.0,751.0,1048.0,796.0,artificial_jewellery,video_20260404_120254,frame_002460.jpg,002460,heuristic
small_object_proposal,-1,1.0,834.0,842.0,856.0,928.0,artificial_jewellery,video_20260404_120254,frame_002460.jpg,002460,heuristic
small_object_proposal,-1,1.0,18.0,726.0,55.0,777.0,artificial_jewellery,video_20260404_120254,frame_002460.jpg,002460,heuristic
small_object_proposal,-1,1.0,1820.0,828.0,1869.0,865.0,artificial_jewellery,video_20260404_120254,frame_002460.jpg,002460,heuristic
small_object_proposal,-1,1.0,1163.0,411.0,1197.0,464.0,artificial_jewellery,video_20260404_120254,frame_002460.jpg,002460,heuristic
small_object_proposal,-1,1.0,1555.0,536.0,1582.0,601.0,artificial_jewellery,video_20260404_120254,frame_002460.jpg,002460,heuristic
small_object_proposal,-1,1.0,763.0,995.0,796.0,1048.0,artificial_jewellery,video_20260404_120254,frame_002460.jpg,002460,heuristic
small_object_proposal,-1,1.0,1341.0,421.0,1374.0,474.0,artificial_jewellery,video_20260404_120254,frame_002460.jpg,002460,heuristic
small_object_proposal,-1,1.0,1037.0,941.0,1115.0,962.0,artificial_jewellery,video_20260404_120254,frame_002460.jpg,002460,heuristic
small_object_proposal,-1,1.0,1399.0,334.0,1451.0,365.0,artificial_jewellery,video_20260404_120254,frame_002460.jpg,002460,heuristic
small_object_proposal,-1,1.0,55.0,755.0,95.0,794.0,artificial_jewellery,video_20260404_120254,frame_002460.jpg,002460,heuristic
small_object_proposal,-1,1.0,1805.0,36.0,1838.0,82.0,artificial_jewellery,video_20260404_120254,frame_002460.jpg,002460,heuristic
person,0,0.7292046546936035,222.9656982421875,237.3175048828125,1797.3489990234375,1069.9996337890625,artificial_jewellery,video_20260404_120254,frame_002490.jpg,002490,yolo
cell phone,67,0.37611401081085205,0.23961639404296875,888.1246948242188,229.97805786132812,1077.8468017578125,artificial_jewellery,video_20260404_120254,frame_002490.jpg,002490,yolo
small_object_proposal,-1,1.0,1030.0,398.0,1113.0,457.0,artificial_jewellery,video_20260404_120254,frame_002490.jpg,002490,heuristic
small_object_proposal,-1,1.0,1069.0,804.0,1149.0,863.0,artificial_jewellery,video_20260404_120254,frame_002490.jpg,002490,heuristic
small_object_proposal,-1,1.0,1547.0,542.0,1617.0,609.0,artificial_jewellery,video_20260404_120254,frame_002490.jpg,002490,heuristic
small_object_proposal,-1,1.0,1210.0,268.0,1275.0,337.0,artificial_jewellery,video_20260404_120254,frame_002490.jpg,002490,heuristic
small_object_proposal,-1,1.0,923.0,675.0,994.0,737.0,artificial_jewellery,video_20260404_120254,frame_002490.jpg,002490,heuristic
small_object_proposal,-1,1.0,1111.0,623.0,1206.0,664.0,artificial_jewellery,video_20260404_120254,frame_002490.jpg,002490,heuristic
small_object_proposal,-1,1.0,979.0,499.0,1037.0,564.0,artificial_jewellery,video_20260404_120254,frame_002490.jpg,002490,heuristic
small_object_proposal,-1,1.0,1479.0,906.0,1550.0,953.0,artificial_jewellery,video_20260404_120254,frame_002490.jpg,002490,heuristic
small_object_proposal,-1,1.0,763.0,676.0,819.0,735.0,artificial_jewellery,video_20260404_120254,frame_002490.jpg,002490,heuristic
small_object_proposal,-1,1.0,1700.0,947.0,1739.0,1031.0,artificial_jewellery,video_20260404_120254,frame_002490.jpg,002490,heuristic
small_object_proposal,-1,1.0,1188.0,431.0,1232.0,505.0,artificial_jewellery,video_20260404_120254,frame_002490.jpg,002490,heuristic
small_object_proposal,-1,1.0,1432.0,531.0,1505.0,575.0,artificial_jewellery,video_20260404_120254,frame_002490.jpg,002490,heuristic
small_object_proposal,-1,1.0,1113.0,972.0,1191.0,1013.0,artificial_jewellery,video_20260404_120254,frame_002490.jpg,002490,heuristic
small_object_proposal,-1,1.0,844.0,792.0,890.0,861.0,artificial_jewellery,video_20260404_120254,frame_002490.jpg,002490,heuristic
small_object_proposal,-1,1.0,1092.0,1006.0,1153.0,1055.0,artificial_jewellery,video_20260404_120254,frame_002490.jpg,002490,heuristic
small_object_proposal,-1,1.0,1009.0,741.0,1061.0,797.0,artificial_jewellery,video_20260404_120254,frame_002490.jpg,002490,heuristic
small_object_proposal,-1,1.0,1017.0,986.0,1113.0,1016.0,artificial_jewellery,video_20260404_120254,frame_002490.jpg,002490,heuristic
small_object_proposal,-1,1.0,80.0,157.0,129.0,214.0,artificial_jewellery,video_20260404_120254,frame_002490.jpg,002490,heuristic
small_object_proposal,-1,1.0,708.0,877.0,749.0,943.0,artificial_jewellery,video_20260404_120254,frame_002490.jpg,002490,heuristic
small_object_proposal,-1,1.0,308.0,910.0,347.0,977.0,artificial_jewellery,video_20260404_120254,frame_002490.jpg,002490,heuristic
small_object_proposal,-1,1.0,315.0,906.0,362.0,959.0,artificial_jewellery,video_20260404_120254,frame_002490.jpg,002490,heuristic
small_object_proposal,-1,1.0,1044.0,837.0,1086.0,891.0,artificial_jewellery,video_20260404_120254,frame_002490.jpg,002490,heuristic
small_object_proposal,-1,1.0,1179.0,375.0,1224.0,425.0,artificial_jewellery,video_20260404_120254,frame_002490.jpg,002490,heuristic
small_object_proposal,-1,1.0,1120.0,893.0,1161.0,946.0,artificial_jewellery,video_20260404_120254,frame_002490.jpg,002490,heuristic
small_object_proposal,-1,1.0,1471.0,860.0,1527.0,896.0,artificial_jewellery,video_20260404_120254,frame_002490.jpg,002490,heuristic
small_object_proposal,-1,1.0,364.0,913.0,410.0,954.0,artificial_jewellery,video_20260404_120254,frame_002490.jpg,002490,heuristic
small_object_proposal,-1,1.0,49.0,703.0,86.0,753.0,artificial_jewellery,video_20260404_120254,frame_002490.jpg,002490,heuristic
small_object_proposal,-1,1.0,59.0,533.0,112.0,565.0,artificial_jewellery,video_20260404_120254,frame_002490.jpg,002490,heuristic
small_object_proposal,-1,1.0,773.0,993.0,805.0,1043.0,artificial_jewellery,video_20260404_120254,frame_002490.jpg,002490,heuristic
small_object_proposal,-1,1.0,1748.0,981.0,1778.0,1034.0,artificial_jewellery,video_20260404_120254,frame_002490.jpg,002490,heuristic
person,0,0.807913064956665,228.8865509033203,260.7364196777344,1737.853271484375,1071.6654052734375,artificial_jewellery,video_20260404_120254,frame_002520.jpg,002520,yolo
small_object_proposal,-1,1.0,499.0,697.0,542.0,807.0,artificial_jewellery,video_20260404_120254,frame_002520.jpg,002520,heuristic
small_object_proposal,-1,1.0,1505.0,877.0,1583.0,935.0,artificial_jewellery,video_20260404_120254,frame_002520.jpg,002520,heuristic
small_object_proposal,-1,1.0,1207.0,429.0,1253.0,525.0,artificial_jewellery,video_20260404_120254,frame_002520.jpg,002520,heuristic
small_object_proposal,-1,1.0,1496.0,844.0,1564.0,907.0,artificial_jewellery,video_20260404_120254,frame_002520.jpg,002520,heuristic
small_object_proposal,-1,1.0,399.0,899.0,466.0,962.0,artificial_jewellery,video_20260404_120254,frame_002520.jpg,002520,heuristic
small_object_proposal,-1,1.0,1355.0,340.0,1421.0,403.0,artificial_jewellery,video_20260404_120254,frame_002520.jpg,002520,heuristic
small_object_proposal,-1,1.0,1007.0,517.0,1063.0,585.0,artificial_jewellery,video_20260404_120254,frame_002520.jpg,002520,heuristic
small_object_proposal,-1,1.0,1469.0,597.0,1512.0,684.0,artificial_jewellery,video_20260404_120254,frame_002520.jpg,002520,heuristic
small_object_proposal,-1,1.0,346.0,908.0,406.0,969.0,artificial_jewellery,video_20260404_120254,frame_002520.jpg,002520,heuristic
small_object_proposal,-1,1.0,832.0,744.0,880.0,818.0,artificial_jewellery,video_20260404_120254,frame_002520.jpg,002520,heuristic
small_object_proposal,-1,1.0,588.0,775.0,630.0,859.0,artificial_jewellery,video_20260404_120254,frame_002520.jpg,002520,heuristic
small_object_proposal,-1,1.0,85.0,744.0,156.0,790.0,artificial_jewellery,video_20260404_120254,frame_002520.jpg,002520,heuristic
small_object_proposal,-1,1.0,1530.0,919.0,1583.0,980.0,artificial_jewellery,video_20260404_120254,frame_002520.jpg,002520,heuristic
small_object_proposal,-1,1.0,796.0,1000.0,843.0,1066.0,artificial_jewellery,video_20260404_120254,frame_002520.jpg,002520,heuristic
small_object_proposal,-1,1.0,1096.0,825.0,1163.0,871.0,artificial_jewellery,video_20260404_120254,frame_002520.jpg,002520,heuristic
small_object_proposal,-1,1.0,1506.0,869.0,1570.0,917.0,artificial_jewellery,video_20260404_120254,frame_002520.jpg,002520,heuristic
small_object_proposal,-1,1.0,939.0,769.0,991.0,827.0,artificial_jewellery,video_20260404_120254,frame_002520.jpg,002520,heuristic
small_object_proposal,-1,1.0,1322.0,452.0,1385.0,498.0,artificial_jewellery,video_20260404_120254,frame_002520.jpg,002520,heuristic
small_object_proposal,-1,1.0,1021.0,410.0,1081.0,454.0,artificial_jewellery,video_20260404_120254,frame_002520.jpg,002520,heuristic
small_object_proposal,-1,1.0,127.0,169.0,174.0,225.0,artificial_jewellery,video_20260404_120254,frame_002520.jpg,002520,heuristic
small_object_proposal,-1,1.0,228.0,952.0,254.0,1043.0,artificial_jewellery,video_20260404_120254,frame_002520.jpg,002520,heuristic
small_object_proposal,-1,1.0,1503.0,782.0,1542.0,842.0,artificial_jewellery,video_20260404_120254,frame_002520.jpg,002520,heuristic
small_object_proposal,-1,1.0,1364.0,739.0,1396.0,811.0,artificial_jewellery,video_20260404_120254,frame_002520.jpg,002520,heuristic
small_object_proposal,-1,1.0,1336.0,367.0,1366.0,441.0,artificial_jewellery,video_20260404_120254,frame_002520.jpg,002520,heuristic
small_object_proposal,-1,1.0,1123.0,1023.0,1169.0,1071.0,artificial_jewellery,video_20260404_120254,frame_002520.jpg,002520,heuristic
small_object_proposal,-1,1.0,1037.0,762.0,1082.0,811.0,artificial_jewellery,video_20260404_120254,frame_002520.jpg,002520,heuristic
small_object_proposal,-1,1.0,1708.0,993.0,1747.0,1048.0,artificial_jewellery,video_20260404_120254,frame_002520.jpg,002520,heuristic
small_object_proposal,-1,1.0,790.0,687.0,827.0,744.0,artificial_jewellery,video_20260404_120254,frame_002520.jpg,002520,heuristic
small_object_proposal,-1,1.0,1098.0,1005.0,1192.0,1026.0,artificial_jewellery,video_20260404_120254,frame_002520.jpg,002520,heuristic
small_object_proposal,-1,1.0,972.0,751.0,1011.0,801.0,artificial_jewellery,video_20260404_120254,frame_002520.jpg,002520,heuristic
person,0,0.6949014067649841,367.58258056640625,378.8843994140625,1700.329833984375,1066.502197265625,artificial_jewellery,video_20260404_120254,frame_002550.jpg,002550,yolo
small_object_proposal,-1,1.0,1160.0,496.0,1243.0,555.0,artificial_jewellery,video_20260404_120254,frame_002550.jpg,002550,heuristic
small_object_proposal,-1,1.0,1008.0,1020.0,1169.0,1050.0,artificial_jewellery,video_20260404_120254,frame_002550.jpg,002550,heuristic
small_object_proposal,-1,1.0,1842.0,135.0,1895.0,224.0,artificial_jewellery,video_20260404_120254,frame_002550.jpg,002550,heuristic
small_object_proposal,-1,1.0,37.0,278.0,107.0,340.0,artificial_jewellery,video_20260404_120254,frame_002550.jpg,002550,heuristic
small_object_proposal,-1,1.0,930.0,749.0,991.0,812.0,artificial_jewellery,video_20260404_120254,frame_002550.jpg,002550,heuristic
small_object_proposal,-1,1.0,281.0,1001.0,340.0,1066.0,artificial_jewellery,video_20260404_120254,frame_002550.jpg,002550,heuristic
small_object_proposal,-1,1.0,1489.0,627.0,1587.0,664.0,artificial_jewellery,video_20260404_120254,frame_002550.jpg,002550,heuristic
small_object_proposal,-1,1.0,704.0,470.0,727.0,620.0,artificial_jewellery,video_20260404_120254,frame_002550.jpg,002550,heuristic
small_object_proposal,-1,1.0,41.0,464.0,113.0,509.0,artificial_jewellery,video_20260404_120254,frame_002550.jpg,002550,heuristic
small_object_proposal,-1,1.0,1112.0,687.0,1198.0,724.0,artificial_jewellery,video_20260404_120254,frame_002550.jpg,002550,heuristic
small_object_proposal,-1,1.0,48.0,223.0,98.0,285.0,artificial_jewellery,video_20260404_120254,frame_002550.jpg,002550,heuristic
small_object_proposal,-1,1.0,1068.0,875.0,1133.0,922.0,artificial_jewellery,video_20260404_120254,frame_002550.jpg,002550,heuristic
small_object_proposal,-1,1.0,40.0,975.0,125.0,1008.0,artificial_jewellery,video_20260404_120254,frame_002550.jpg,002550,heuristic
small_object_proposal,-1,1.0,1076.0,428.0,1145.0,466.0,artificial_jewellery,video_20260404_120254,frame_002550.jpg,002550,heuristic
small_object_proposal,-1,1.0,6.0,840.0,71.0,880.0,artificial_jewellery,video_20260404_120254,frame_002550.jpg,002550,heuristic
small_object_proposal,-1,1.0,1093.0,468.0,1130.0,524.0,artificial_jewellery,video_20260404_120254,frame_002550.jpg,002550,heuristic
small_object_proposal,-1,1.0,1839.0,894.0,1890.0,934.0,artificial_jewellery,video_20260404_120254,frame_002550.jpg,002550,heuristic
small_object_proposal,-1,1.0,733.0,847.0,766.0,908.0,artificial_jewellery,video_20260404_120254,frame_002550.jpg,002550,heuristic
small_object_proposal,-1,1.0,231.0,102.0,268.0,156.0,artificial_jewellery,video_20260404_120254,frame_002550.jpg,002550,heuristic
small_object_proposal,-1,1.0,990.0,577.0,1032.0,623.0,artificial_jewellery,video_20260404_120254,frame_002550.jpg,002550,heuristic
small_object_proposal,-1,1.0,54.0,823.0,93.0,871.0,artificial_jewellery,video_20260404_120254,frame_002550.jpg,002550,heuristic
small_object_proposal,-1,1.0,25.0,618.0,80.0,652.0,artificial_jewellery,video_20260404_120254,frame_002550.jpg,002550,heuristic
small_object_proposal,-1,1.0,1022.0,886.0,1061.0,933.0,artificial_jewellery,video_20260404_120254,frame_002550.jpg,002550,heuristic
small_object_proposal,-1,1.0,1372.0,454.0,1411.0,498.0,artificial_jewellery,video_20260404_120254,frame_002550.jpg,002550,heuristic
small_object_proposal,-1,1.0,470.0,778.0,492.0,855.0,artificial_jewellery,video_20260404_120254,frame_002550.jpg,002550,heuristic
small_object_proposal,-1,1.0,1465.0,896.0,1513.0,931.0,artificial_jewellery,video_20260404_120254,frame_002550.jpg,002550,heuristic
small_object_proposal,-1,1.0,840.0,908.0,859.0,995.0,artificial_jewellery,video_20260404_120254,frame_002550.jpg,002550,heuristic
small_object_proposal,-1,1.0,1695.0,679.0,1750.0,707.0,artificial_jewellery,video_20260404_120254,frame_002550.jpg,002550,heuristic
small_object_proposal,-1,1.0,1114.0,788.0,1136.0,855.0,artificial_jewellery,video_20260404_120254,frame_002550.jpg,002550,heuristic
small_object_proposal,-1,1.0,1019.0,828.0,1057.0,865.0,artificial_jewellery,video_20260404_120254,frame_002550.jpg,002550,heuristic
person,0,0.7542332410812378,394.9248046875,390.999755859375,1743.2308349609375,1069.899169921875,artificial_jewellery,video_20260404_120254,frame_002580.jpg,002580,yolo
small_object_proposal,-1,1.0,11.0,842.0,98.0,894.0,artificial_jewellery,video_20260404_120254,frame_002580.jpg,002580,heuristic
small_object_proposal,-1,1.0,494.0,779.0,545.0,867.0,artificial_jewellery,video_20260404_120254,frame_002580.jpg,002580,heuristic
small_object_proposal,-1,1.0,512.0,772.0,570.0,845.0,artificial_jewellery,video_20260404_120254,frame_002580.jpg,002580,heuristic
small_object_proposal,-1,1.0,1062.0,868.0,1132.0,921.0,artificial_jewellery,video_20260404_120254,frame_002580.jpg,002580,heuristic
small_object_proposal,-1,1.0,1338.0,440.0,1415.0,486.0,artificial_jewellery,video_20260404_120254,frame_002580.jpg,002580,heuristic
small_object_proposal,-1,1.0,1463.0,882.0,1536.0,926.0,artificial_jewellery,video_20260404_120254,frame_002580.jpg,002580,heuristic
small_object_proposal,-1,1.0,1480.0,890.0,1542.0,939.0,artificial_jewellery,video_20260404_120254,frame_002580.jpg,002580,heuristic
small_object_proposal,-1,1.0,1077.0,1042.0,1158.0,1077.0,artificial_jewellery,video_20260404_120254,frame_002580.jpg,002580,heuristic
small_object_proposal,-1,1.0,1104.0,605.0,1144.0,673.0,artificial_jewellery,video_20260404_120254,frame_002580.jpg,002580,heuristic
small_object_proposal,-1,1.0,38.0,640.0,83.0,697.0,artificial_jewellery,video_20260404_120254,frame_002580.jpg,002580,heuristic
small_object_proposal,-1,1.0,835.0,402.0,863.0,487.0,artificial_jewellery,video_20260404_120254,frame_002580.jpg,002580,heuristic
small_object_proposal,-1,1.0,833.0,907.0,859.0,997.0,artificial_jewellery,video_20260404_120254,frame_002580.jpg,002580,heuristic
small_object_proposal,-1,1.0,1544.0,582.0,1578.0,650.0,artificial_jewellery,video_20260404_120254,frame_002580.jpg,002580,heuristic
small_object_proposal,-1,1.0,1537.0,714.0,1574.0,775.0,artificial_jewellery,video_20260404_120254,frame_002580.jpg,002580,heuristic
small_object_proposal,-1,1.0,22.0,815.0,62.0,868.0,artificial_jewellery,video_20260404_120254,frame_002580.jpg,002580,heuristic
small_object_proposal,-1,1.0,989.0,1015.0,1043.0,1054.0,artificial_jewellery,video_20260404_120254,frame_002580.jpg,002580,heuristic
small_object_proposal,-1,1.0,1709.0,988.0,1736.0,1066.0,artificial_jewellery,video_20260404_120254,frame_002580.jpg,002580,heuristic
small_object_proposal,-1,1.0,1832.0,865.0,1884.0,902.0,artificial_jewellery,video_20260404_120254,frame_002580.jpg,002580,heuristic
small_object_proposal,-1,1.0,1216.0,973.0,1276.0,1005.0,artificial_jewellery,video_20260404_120254,frame_002580.jpg,002580,heuristic
small_object_proposal,-1,1.0,1106.0,792.0,1136.0,856.0,artificial_jewellery,video_20260404_120254,frame_002580.jpg,002580,heuristic
small_object_proposal,-1,1.0,1888.0,334.0,1914.0,407.0,artificial_jewellery,video_20260404_120254,frame_002580.jpg,002580,heuristic
small_object_proposal,-1,1.0,811.0,499.0,837.0,571.0,artificial_jewellery,video_20260404_120254,frame_002580.jpg,002580,heuristic
small_object_proposal,-1,1.0,1455.0,871.0,1512.0,903.0,artificial_jewellery,video_20260404_120254,frame_002580.jpg,002580,heuristic
small_object_proposal,-1,1.0,133.0,263.0,175.0,306.0,artificial_jewellery,video_20260404_120254,frame_002580.jpg,002580,heuristic
small_object_proposal,-1,1.0,1724.0,993.0,1752.0,1056.0,artificial_jewellery,video_20260404_120254,frame_002580.jpg,002580,heuristic
small_object_proposal,-1,1.0,1168.0,399.0,1209.0,442.0,artificial_jewellery,video_20260404_120254,frame_002580.jpg,002580,heuristic
small_object_proposal,-1,1.0,1305.0,490.0,1346.0,532.0,artificial_jewellery,video_20260404_120254,frame_002580.jpg,002580,heuristic
small_object_proposal,-1,1.0,536.0,763.0,565.0,817.0,artificial_jewellery,video_20260404_120254,frame_002580.jpg,002580,heuristic
small_object_proposal,-1,1.0,1458.0,470.0,1494.0,513.0,artificial_jewellery,video_20260404_120254,frame_002580.jpg,002580,heuristic
small_object_proposal,-1,1.0,1815.0,613.0,1838.0,672.0,artificial_jewellery,video_20260404_120254,frame_002580.jpg,002580,heuristic
person,0,0.781099796295166,424.51007080078125,384.30303955078125,1672.822998046875,1067.3839111328125,artificial_jewellery,video_20260404_120254,frame_002610.jpg,002610,yolo
small_object_proposal,-1,1.0,1354.0,432.0,1431.0,487.0,artificial_jewellery,video_20260404_120254,frame_002610.jpg,002610,heuristic
small_object_proposal,-1,1.0,1340.0,601.0,1449.0,637.0,artificial_jewellery,video_20260404_120254,frame_002610.jpg,002610,heuristic
small_object_proposal,-1,1.0,1546.0,574.0,1594.0,649.0,artificial_jewellery,video_20260404_120254,frame_002610.jpg,002610,heuristic
small_object_proposal,-1,1.0,1405.0,886.0,1469.0,934.0,artificial_jewellery,video_20260404_120254,frame_002610.jpg,002610,heuristic
small_object_proposal,-1,1.0,1335.0,549.0,1402.0,594.0,artificial_jewellery,video_20260404_120254,frame_002610.jpg,002610,heuristic
small_object_proposal,-1,1.0,46.0,256.0,95.0,313.0,artificial_jewellery,video_20260404_120254,frame_002610.jpg,002610,heuristic
small_object_proposal,-1,1.0,1727.0,977.0,1768.0,1044.0,artificial_jewellery,video_20260404_120254,frame_002610.jpg,002610,heuristic
small_object_proposal,-1,1.0,597.0,701.0,672.0,736.0,artificial_jewellery,video_20260404_120254,frame_002610.jpg,002610,heuristic
small_object_proposal,-1,1.0,501.0,620.0,613.0,642.0,artificial_jewellery,video_20260404_120254,frame_002610.jpg,002610,heuristic
small_object_proposal,-1,1.0,1810.0,1028.0,1862.0,1073.0,artificial_jewellery,video_20260404_120254,frame_002610.jpg,002610,heuristic
small_object_proposal,-1,1.0,856.0,905.0,880.0,1001.0,artificial_jewellery,video_20260404_120254,frame_002610.jpg,002610,heuristic
small_object_proposal,-1,1.0,38.0,814.0,74.0,866.0,artificial_jewellery,video_20260404_120254,frame_002610.jpg,002610,heuristic
small_object_proposal,-1,1.0,52.0,638.0,98.0,677.0,artificial_jewellery,video_20260404_120254,frame_002610.jpg,002610,heuristic
small_object_proposal,-1,1.0,1185.0,391.0,1224.0,433.0,artificial_jewellery,video_20260404_120254,frame_002610.jpg,002610,heuristic
small_object_proposal,-1,1.0,1509.0,969.0,1545.0,1013.0,artificial_jewellery,video_20260404_120254,frame_002610.jpg,002610,heuristic
small_object_proposal,-1,1.0,1818.0,968.0,1845.0,1020.0,artificial_jewellery,video_20260404_120254,frame_002610.jpg,002610,heuristic
small_object_proposal,-1,1.0,1029.0,815.0,1067.0,849.0,artificial_jewellery,video_20260404_120254,frame_002610.jpg,002610,heuristic
small_object_proposal,-1,1.0,31.0,928.0,61.0,970.0,artificial_jewellery,video_20260404_120254,frame_002610.jpg,002610,heuristic
small_object_proposal,-1,1.0,1226.0,391.0,1272.0,418.0,artificial_jewellery,video_20260404_120254,frame_002610.jpg,002610,heuristic
small_object_proposal,-1,1.0,122.0,967.0,181.0,988.0,artificial_jewellery,video_20260404_120254,frame_002610.jpg,002610,heuristic
small_object_proposal,-1,1.0,1321.0,490.0,1358.0,523.0,artificial_jewellery,video_20260404_120254,frame_002610.jpg,002610,heuristic
small_object_proposal,-1,1.0,1430.0,713.0,1468.0,744.0,artificial_jewellery,video_20260404_120254,frame_002610.jpg,002610,heuristic
small_object_proposal,-1,1.0,1315.0,839.0,1350.0,872.0,artificial_jewellery,video_20260404_120254,frame_002610.jpg,002610,heuristic
small_object_proposal,-1,1.0,945.0,712.0,991.0,736.0,artificial_jewellery,video_20260404_120254,frame_002610.jpg,002610,heuristic
small_object_proposal,-1,1.0,878.0,397.0,927.0,419.0,artificial_jewellery,video_20260404_120254,frame_002610.jpg,002610,heuristic
small_object_proposal,-1,1.0,9.0,680.0,46.0,708.0,artificial_jewellery,video_20260404_120254,frame_002610.jpg,002610,heuristic
small_object_proposal,-1,1.0,1123.0,788.0,1145.0,834.0,artificial_jewellery,video_20260404_120254,frame_002610.jpg,002610,heuristic
small_object_proposal,-1,1.0,576.0,777.0,598.0,822.0,artificial_jewellery,video_20260404_120254,frame_002610.jpg,002610,heuristic
small_object_proposal,-1,1.0,528.0,176.0,556.0,211.0,artificial_jewellery,video_20260404_120254,frame_002610.jpg,002610,heuristic
small_object_proposal,-1,1.0,1037.0,1048.0,1088.0,1067.0,artificial_jewellery,video_20260404_120254,frame_002610.jpg,002610,heuristic
person,0,0.7553015351295471,463.09259033203125,373.4608154296875,1750.323974609375,1066.9932861328125,artificial_jewellery,video_20260404_120254,frame_002640.jpg,002640,yolo
small_object_proposal,-1,1.0,4.0,759.0,72.0,828.0,artificial_jewellery,video_20260404_120254,frame_002640.jpg,002640,heuristic
small_object_proposal,-1,1.0,1224.0,1006.0,1323.0,1048.0,artificial_jewellery,video_20260404_120254,frame_002640.jpg,002640,heuristic
small_object_proposal,-1,1.0,11.0,839.0,101.0,884.0,artificial_jewellery,video_20260404_120254,frame_002640.jpg,002640,heuristic
small_object_proposal,-1,1.0,1447.0,850.0,1508.0,910.0,artificial_jewellery,video_20260404_120254,frame_002640.jpg,002640,heuristic
small_object_proposal,-1,1.0,1358.0,413.0,1435.0,458.0,artificial_jewellery,video_20260404_120254,frame_002640.jpg,002640,heuristic
small_object_proposal,-1,1.0,1300.0,747.0,1365.0,800.0,artificial_jewellery,video_20260404_120254,frame_002640.jpg,002640,heuristic
small_object_proposal,-1,1.0,1080.0,850.0,1152.0,896.0,artificial_jewellery,video_20260404_120254,frame_002640.jpg,002640,heuristic
small_object_proposal,-1,1.0,1028.0,992.0,1134.0,1023.0,artificial_jewellery,video_20260404_120254,frame_002640.jpg,002640,heuristic
small_object_proposal,-1,1.0,1741.0,967.0,1780.0,1050.0,artificial_jewellery,video_20260404_120254,frame_002640.jpg,002640,heuristic
small_object_proposal,-1,1.0,790.0,773.0,835.0,841.0,artificial_jewellery,video_20260404_120254,frame_002640.jpg,002640,heuristic
small_object_proposal,-1,1.0,100.0,803.0,134.0,890.0,artificial_jewellery,video_20260404_120254,frame_002640.jpg,002640,heuristic
small_object_proposal,-1,1.0,1134.0,999.0,1223.0,1032.0,artificial_jewellery,video_20260404_120254,frame_002640.jpg,002640,heuristic
small_object_proposal,-1,1.0,23.0,237.0,73.0,295.0,artificial_jewellery,video_20260404_120254,frame_002640.jpg,002640,heuristic
small_object_proposal,-1,1.0,1032.0,442.0,1093.0,489.0,artificial_jewellery,video_20260404_120254,frame_002640.jpg,002640,heuristic
small_object_proposal,-1,1.0,1326.0,540.0,1405.0,576.0,artificial_jewellery,video_20260404_120254,frame_002640.jpg,002640,heuristic
small_object_proposal,-1,1.0,748.0,824.0,789.0,892.0,artificial_jewellery,video_20260404_120254,frame_002640.jpg,002640,heuristic
small_object_proposal,-1,1.0,1490.0,882.0,1541.0,936.0,artificial_jewellery,video_20260404_120254,frame_002640.jpg,002640,heuristic
small_object_proposal,-1,1.0,1413.0,700.0,1451.0,771.0,artificial_jewellery,video_20260404_120254,frame_002640.jpg,002640,heuristic
small_object_proposal,-1,1.0,1488.0,874.0,1537.0,928.0,artificial_jewellery,video_20260404_120254,frame_002640.jpg,002640,heuristic
small_object_proposal,-1,1.0,852.0,892.0,877.0,993.0,artificial_jewellery,video_20260404_120254,frame_002640.jpg,002640,heuristic
small_object_proposal,-1,1.0,532.0,790.0,590.0,832.0,artificial_jewellery,video_20260404_120254,frame_002640.jpg,002640,heuristic
small_object_proposal,-1,1.0,1555.0,767.0,1583.0,853.0,artificial_jewellery,video_20260404_120254,frame_002640.jpg,002640,heuristic
small_object_proposal,-1,1.0,1432.0,583.0,1511.0,612.0,artificial_jewellery,video_20260404_120254,frame_002640.jpg,002640,heuristic
small_object_proposal,-1,1.0,613.0,691.0,675.0,725.0,artificial_jewellery,video_20260404_120254,frame_002640.jpg,002640,heuristic
small_object_proposal,-1,1.0,994.0,491.0,1056.0,525.0,artificial_jewellery,video_20260404_120254,frame_002640.jpg,002640,heuristic
small_object_proposal,-1,1.0,1574.0,558.0,1601.0,635.0,artificial_jewellery,video_20260404_120254,frame_002640.jpg,002640,heuristic
small_object_proposal,-1,1.0,1021.0,792.0,1066.0,837.0,artificial_jewellery,video_20260404_120254,frame_002640.jpg,002640,heuristic
small_object_proposal,-1,1.0,1856.0,840.0,1909.0,878.0,artificial_jewellery,video_20260404_120254,frame_002640.jpg,002640,heuristic
small_object_proposal,-1,1.0,1352.0,617.0,1388.0,670.0,artificial_jewellery,video_20260404_120254,frame_002640.jpg,002640,heuristic
small_object_proposal,-1,1.0,1124.0,775.0,1154.0,837.0,artificial_jewellery,video_20260404_120254,frame_002640.jpg,002640,heuristic
person,0,0.6421575546264648,249.66563415527344,317.5876159667969,1717.132080078125,1068.4837646484375,artificial_jewellery,video_20260404_120254,frame_002670.jpg,002670,yolo
small_object_proposal,-1,1.0,317.0,980.0,384.0,1040.0,artificial_jewellery,video_20260404_120254,frame_002670.jpg,002670,heuristic
small_object_proposal,-1,1.0,1312.0,280.0,1355.0,371.0,artificial_jewellery,video_20260404_120254,frame_002670.jpg,002670,heuristic
small_object_proposal,-1,1.0,1532.0,587.0,1559.0,704.0,artificial_jewellery,video_20260404_120254,frame_002670.jpg,002670,heuristic
small_object_proposal,-1,1.0,802.0,848.0,834.0,945.0,artificial_jewellery,video_20260404_120254,frame_002670.jpg,002670,heuristic
small_object_proposal,-1,1.0,928.0,462.0,982.0,518.0,artificial_jewellery,video_20260404_120254,frame_002670.jpg,002670,heuristic
small_object_proposal,-1,1.0,984.0,408.0,1032.0,470.0,artificial_jewellery,video_20260404_120254,frame_002670.jpg,002670,heuristic
small_object_proposal,-1,1.0,996.0,950.0,1097.0,979.0,artificial_jewellery,video_20260404_120254,frame_002670.jpg,002670,heuristic
small_object_proposal,-1,1.0,985.0,523.0,1031.0,585.0,artificial_jewellery,video_20260404_120254,frame_002670.jpg,002670,heuristic
small_object_proposal,-1,1.0,1106.0,327.0,1172.0,370.0,artificial_jewellery,video_20260404_120254,frame_002670.jpg,002670,heuristic
small_object_proposal,-1,1.0,1039.0,802.0,1102.0,844.0,artificial_jewellery,video_20260404_120254,frame_002670.jpg,002670,heuristic
small_object_proposal,-1,1.0,113.0,54.0,158.0,112.0,artificial_jewellery,video_20260404_120254,frame_002670.jpg,002670,heuristic
small_object_proposal,-1,1.0,703.0,818.0,744.0,879.0,artificial_jewellery,video_20260404_120254,frame_002670.jpg,002670,heuristic
small_object_proposal,-1,1.0,1096.0,667.0,1136.0,729.0,artificial_jewellery,video_20260404_120254,frame_002670.jpg,002670,heuristic
small_object_proposal,-1,1.0,54.0,897.0,107.0,943.0,artificial_jewellery,video_20260404_120254,frame_002670.jpg,002670,heuristic
small_object_proposal,-1,1.0,1335.0,354.0,1382.0,405.0,artificial_jewellery,video_20260404_120254,frame_002670.jpg,002670,heuristic
small_object_proposal,-1,1.0,1224.0,791.0,1260.0,857.0,artificial_jewellery,video_20260404_120254,frame_002670.jpg,002670,heuristic
small_object_proposal,-1,1.0,750.0,740.0,783.0,810.0,artificial_jewellery,video_20260404_120254,frame_002670.jpg,002670,heuristic
small_object_proposal,-1,1.0,972.0,738.0,1018.0,785.0,artificial_jewellery,video_20260404_120254,frame_002670.jpg,002670,heuristic
small_object_proposal,-1,1.0,1807.0,769.0,1860.0,807.0,artificial_jewellery,video_20260404_120254,frame_002670.jpg,002670,heuristic
small_object_proposal,-1,1.0,1176.0,301.0,1224.0,342.0,artificial_jewellery,video_20260404_120254,frame_002670.jpg,002670,heuristic
small_object_proposal,-1,1.0,1299.0,270.0,1336.0,323.0,artificial_jewellery,video_20260404_120254,frame_002670.jpg,002670,heuristic
small_object_proposal,-1,1.0,1115.0,387.0,1159.0,428.0,artificial_jewellery,video_20260404_120254,frame_002670.jpg,002670,heuristic
small_object_proposal,-1,1.0,1756.0,29.0,1798.0,69.0,artificial_jewellery,video_20260404_120254,frame_002670.jpg,002670,heuristic
small_object_proposal,-1,1.0,3.0,811.0,43.0,852.0,artificial_jewellery,video_20260404_120254,frame_002670.jpg,002670,heuristic
small_object_proposal,-1,1.0,238.0,972.0,277.0,1014.0,artificial_jewellery,video_20260404_120254,frame_002670.jpg,002670,heuristic
small_object_proposal,-1,1.0,1687.0,892.0,1713.0,955.0,artificial_jewellery,video_20260404_120254,frame_002670.jpg,002670,heuristic
small_object_proposal,-1,1.0,1790.0,520.0,1814.0,581.0,artificial_jewellery,video_20260404_120254,frame_002670.jpg,002670,heuristic
small_object_proposal,-1,1.0,554.0,648.0,606.0,676.0,artificial_jewellery,video_20260404_120254,frame_002670.jpg,002670,heuristic
small_object_proposal,-1,1.0,1704.0,911.0,1733.0,960.0,artificial_jewellery,video_20260404_120254,frame_002670.jpg,002670,heuristic
small_object_proposal,-1,1.0,1699.0,859.0,1735.0,898.0,artificial_jewellery,video_20260404_120254,frame_002670.jpg,002670,heuristic
person,0,0.6933075785636902,369.8287353515625,209.43539428710938,1791.3585205078125,1064.4007568359375,artificial_jewellery,video_20260404_120254,frame_002730.jpg,002730,yolo
small_object_proposal,-1,1.0,1319.0,206.0,1368.0,305.0,artificial_jewellery,video_20260404_120254,frame_002730.jpg,002730,heuristic
small_object_proposal,-1,1.0,961.0,926.0,1067.0,967.0,artificial_jewellery,video_20260404_120254,frame_002730.jpg,002730,heuristic
small_object_proposal,-1,1.0,766.0,833.0,804.0,947.0,artificial_jewellery,video_20260404_120254,frame_002730.jpg,002730,heuristic
small_object_proposal,-1,1.0,394.0,754.0,454.0,826.0,artificial_jewellery,video_20260404_120254,frame_002730.jpg,002730,heuristic
small_object_proposal,-1,1.0,1663.0,825.0,1712.0,913.0,artificial_jewellery,video_20260404_120254,frame_002730.jpg,002730,heuristic
small_object_proposal,-1,1.0,881.0,455.0,942.0,524.0,artificial_jewellery,video_20260404_120254,frame_002730.jpg,002730,heuristic
small_object_proposal,-1,1.0,925.0,655.0,1026.0,695.0,artificial_jewellery,video_20260404_120254,frame_002730.jpg,002730,heuristic
small_object_proposal,-1,1.0,1355.0,734.0,1379.0,901.0,artificial_jewellery,video_20260404_120254,frame_002730.jpg,002730,heuristic
small_object_proposal,-1,1.0,1127.0,1035.0,1242.0,1069.0,artificial_jewellery,video_20260404_120254,frame_002730.jpg,002730,heuristic
small_object_proposal,-1,1.0,1059.0,629.0,1110.0,701.0,artificial_jewellery,video_20260404_120254,frame_002730.jpg,002730,heuristic
small_object_proposal,-1,1.0,1373.0,908.0,1410.0,1007.0,artificial_jewellery,video_20260404_120254,frame_002730.jpg,002730,heuristic
small_object_proposal,-1,1.0,741.0,335.0,797.0,397.0,artificial_jewellery,video_20260404_120254,frame_002730.jpg,002730,heuristic
small_object_proposal,-1,1.0,1033.0,960.0,1170.0,984.0,artificial_jewellery,video_20260404_120254,frame_002730.jpg,002730,heuristic
small_object_proposal,-1,1.0,811.0,890.0,848.0,978.0,artificial_jewellery,video_20260404_120254,frame_002730.jpg,002730,heuristic
small_object_proposal,-1,1.0,1363.0,265.0,1396.0,362.0,artificial_jewellery,video_20260404_120254,frame_002730.jpg,002730,heuristic
small_object_proposal,-1,1.0,95.0,518.0,175.0,557.0,artificial_jewellery,video_20260404_120254,frame_002730.jpg,002730,heuristic
small_object_proposal,-1,1.0,1179.0,850.0,1239.0,899.0,artificial_jewellery,video_20260404_120254,frame_002730.jpg,002730,heuristic
small_object_proposal,-1,1.0,1383.0,876.0,1417.0,961.0,artificial_jewellery,video_20260404_120254,frame_002730.jpg,002730,heuristic
small_object_proposal,-1,1.0,88.0,159.0,159.0,198.0,artificial_jewellery,video_20260404_120254,frame_002730.jpg,002730,heuristic
small_object_proposal,-1,1.0,1744.0,856.0,1795.0,909.0,artificial_jewellery,video_20260404_120254,frame_002730.jpg,002730,heuristic
small_object_proposal,-1,1.0,365.0,572.0,500.0,592.0,artificial_jewellery,video_20260404_120254,frame_002730.jpg,002730,heuristic
small_object_proposal,-1,1.0,1732.0,911.0,1777.0,967.0,artificial_jewellery,video_20260404_120254,frame_002730.jpg,002730,heuristic
small_object_proposal,-1,1.0,1364.0,935.0,1394.0,1016.0,artificial_jewellery,video_20260404_120254,frame_002730.jpg,002730,heuristic
small_object_proposal,-1,1.0,1457.0,643.0,1538.0,673.0,artificial_jewellery,video_20260404_120254,frame_002730.jpg,002730,heuristic
small_object_proposal,-1,1.0,836.0,225.0,916.0,254.0,artificial_jewellery,video_20260404_120254,frame_002730.jpg,002730,heuristic
small_object_proposal,-1,1.0,1536.0,645.0,1572.0,709.0,artificial_jewellery,video_20260404_120254,frame_002730.jpg,002730,heuristic
small_object_proposal,-1,1.0,727.0,17.0,774.0,65.0,artificial_jewellery,video_20260404_120254,frame_002730.jpg,002730,heuristic
small_object_proposal,-1,1.0,946.0,715.0,996.0,759.0,artificial_jewellery,video_20260404_120254,frame_002730.jpg,002730,heuristic
small_object_proposal,-1,1.0,1392.0,726.0,1407.0,872.0,artificial_jewellery,video_20260404_120254,frame_002730.jpg,002730,heuristic
small_object_proposal,-1,1.0,1816.0,155.0,1858.0,207.0,artificial_jewellery,video_20260404_120254,frame_002730.jpg,002730,heuristic
person,0,0.697521984577179,306.0567626953125,216.86407470703125,1643.8802490234375,1066.482421875,artificial_jewellery,video_20260404_120254,frame_002760.jpg,002760,yolo
cell phone,67,0.5881906747817993,1214.14892578125,226.3435821533203,1334.1676025390625,372.4972229003906,artificial_jewellery,video_20260404_120254,frame_002760.jpg,002760,yolo
small_object_proposal,-1,1.0,945.0,919.0,1054.0,964.0,artificial_jewellery,video_20260404_120254,frame_002760.jpg,002760,heuristic
small_object_proposal,-1,1.0,461.0,861.0,517.0,948.0,artificial_jewellery,video_20260404_120254,frame_002760.jpg,002760,heuristic
small_object_proposal,-1,1.0,919.0,646.0,1024.0,688.0,artificial_jewellery,video_20260404_120254,frame_002760.jpg,002760,heuristic
small_object_proposal,-1,1.0,767.0,825.0,806.0,938.0,artificial_jewellery,video_20260404_120254,frame_002760.jpg,002760,heuristic
small_object_proposal,-1,1.0,876.0,448.0,937.0,519.0,artificial_jewellery,video_20260404_120254,frame_002760.jpg,002760,heuristic
small_object_proposal,-1,1.0,1002.0,757.0,1082.0,808.0,artificial_jewellery,video_20260404_120254,frame_002760.jpg,002760,heuristic
small_object_proposal,-1,1.0,1221.0,481.0,1328.0,519.0,artificial_jewellery,video_20260404_120254,frame_002760.jpg,002760,heuristic
small_object_proposal,-1,1.0,1249.0,913.0,1309.0,974.0,artificial_jewellery,video_20260404_120254,frame_002760.jpg,002760,heuristic
small_object_proposal,-1,1.0,1149.0,338.0,1200.0,407.0,artificial_jewellery,video_20260404_120254,frame_002760.jpg,002760,heuristic
small_object_proposal,-1,1.0,1230.0,487.0,1322.0,524.0,artificial_jewellery,video_20260404_120254,frame_002760.jpg,002760,heuristic
small_object_proposal,-1,1.0,1383.0,841.0,1415.0,946.0,artificial_jewellery,video_20260404_120254,frame_002760.jpg,002760,heuristic
small_object_proposal,-1,1.0,1231.0,1010.0,1314.0,1050.0,artificial_jewellery,video_20260404_120254,frame_002760.jpg,002760,heuristic
small_object_proposal,-1,1.0,1044.0,967.0,1110.0,1017.0,artificial_jewellery,video_20260404_120254,frame_002760.jpg,002760,heuristic
small_object_proposal,-1,1.0,1217.0,252.0,1279.0,299.0,artificial_jewellery,video_20260404_120254,frame_002760.jpg,002760,heuristic
small_object_proposal,-1,1.0,1019.0,407.0,1060.0,474.0,artificial_jewellery,video_20260404_120254,frame_002760.jpg,002760,heuristic
small_object_proposal,-1,1.0,1633.0,997.0,1688.0,1046.0,artificial_jewellery,video_20260404_120254,frame_002760.jpg,002760,heuristic
small_object_proposal,-1,1.0,1817.0,131.0,1854.0,200.0,artificial_jewellery,video_20260404_120254,frame_002760.jpg,002760,heuristic
small_object_proposal,-1,1.0,1140.0,492.0,1227.0,521.0,artificial_jewellery,video_20260404_120254,frame_002760.jpg,002760,heuristic
small_object_proposal,-1,1.0,807.0,295.0,870.0,335.0,artificial_jewellery,video_20260404_120254,frame_002760.jpg,002760,heuristic
small_object_proposal,-1,1.0,1131.0,445.0,1196.0,482.0,artificial_jewellery,video_20260404_120254,frame_002760.jpg,002760,heuristic
small_object_proposal,-1,1.0,1360.0,918.0,1390.0,998.0,artificial_jewellery,video_20260404_120254,frame_002760.jpg,002760,heuristic
small_object_proposal,-1,1.0,467.0,645.0,530.0,682.0,artificial_jewellery,video_20260404_120254,frame_002760.jpg,002760,heuristic
small_object_proposal,-1,1.0,945.0,708.0,996.0,753.0,artificial_jewellery,video_20260404_120254,frame_002760.jpg,002760,heuristic
small_object_proposal,-1,1.0,1318.0,1038.0,1395.0,1067.0,artificial_jewellery,video_20260404_120254,frame_002760.jpg,002760,heuristic
small_object_proposal,-1,1.0,965.0,875.0,1027.0,910.0,artificial_jewellery,video_20260404_120254,frame_002760.jpg,002760,heuristic
small_object_proposal,-1,1.0,455.0,977.0,510.0,1016.0,artificial_jewellery,video_20260404_120254,frame_002760.jpg,002760,heuristic
small_object_proposal,-1,1.0,1382.0,710.0,1399.0,836.0,artificial_jewellery,video_20260404_120254,frame_002760.jpg,002760,heuristic
small_object_proposal,-1,1.0,1173.0,464.0,1242.0,493.0,artificial_jewellery,video_20260404_120254,frame_002760.jpg,002760,heuristic
small_object_proposal,-1,1.0,230.0,558.0,328.0,577.0,artificial_jewellery,video_20260404_120254,frame_002760.jpg,002760,heuristic
small_object_proposal,-1,1.0,1142.0,898.0,1201.0,929.0,artificial_jewellery,video_20260404_120254,frame_002760.jpg,002760,heuristic
person,0,0.4622516334056854,462.22833251953125,307.6614685058594,1769.7110595703125,1069.3846435546875,artificial_jewellery,video_20260404_120254,frame_002790.jpg,002790,yolo
small_object_proposal,-1,1.0,765.0,295.0,821.0,383.0,artificial_jewellery,video_20260404_120254,frame_002790.jpg,002790,heuristic
small_object_proposal,-1,1.0,1279.0,298.0,1367.0,347.0,artificial_jewellery,video_20260404_120254,frame_002790.jpg,002790,heuristic
small_object_proposal,-1,1.0,665.0,540.0,738.0,590.0,artificial_jewellery,video_20260404_120254,frame_002790.jpg,002790,heuristic
small_object_proposal,-1,1.0,1024.0,773.0,1095.0,824.0,artificial_jewellery,video_20260404_120254,frame_002790.jpg,002790,heuristic
small_object_proposal,-1,1.0,790.0,844.0,826.0,941.0,artificial_jewellery,video_20260404_120254,frame_002790.jpg,002790,heuristic
small_object_proposal,-1,1.0,1357.0,447.0,1446.0,486.0,artificial_jewellery,video_20260404_120254,frame_002790.jpg,002790,heuristic
small_object_proposal,-1,1.0,1391.0,778.0,1445.0,838.0,artificial_jewellery,video_20260404_120254,frame_002790.jpg,002790,heuristic
small_object_proposal,-1,1.0,1755.0,862.0,1819.0,907.0,artificial_jewellery,video_20260404_120254,frame_002790.jpg,002790,heuristic
small_object_proposal,-1,1.0,1284.0,935.0,1329.0,993.0,artificial_jewellery,video_20260404_120254,frame_002790.jpg,002790,heuristic
small_object_proposal,-1,1.0,962.0,660.0,1042.0,692.0,artificial_jewellery,video_20260404_120254,frame_002790.jpg,002790,heuristic
small_object_proposal,-1,1.0,1196.0,410.0,1236.0,471.0,artificial_jewellery,video_20260404_120254,frame_002790.jpg,002790,heuristic
small_object_proposal,-1,1.0,815.0,363.0,866.0,406.0,artificial_jewellery,video_20260404_120254,frame_002790.jpg,002790,heuristic
small_object_proposal,-1,1.0,988.0,887.0,1042.0,927.0,artificial_jewellery,video_20260404_120254,frame_002790.jpg,002790,heuristic
small_object_proposal,-1,1.0,1092.0,985.0,1139.0,1030.0,artificial_jewellery,video_20260404_120254,frame_002790.jpg,002790,heuristic
small_object_proposal,-1,1.0,963.0,723.0,1011.0,764.0,artificial_jewellery,video_20260404_120254,frame_002790.jpg,002790,heuristic
small_object_proposal,-1,1.0,1066.0,965.0,1165.0,983.0,artificial_jewellery,video_20260404_120254,frame_002790.jpg,002790,heuristic
small_object_proposal,-1,1.0,1802.0,693.0,1855.0,726.0,artificial_jewellery,video_20260404_120254,frame_002790.jpg,002790,heuristic
small_object_proposal,-1,1.0,1574.0,842.0,1616.0,883.0,artificial_jewellery,video_20260404_120254,frame_002790.jpg,002790,heuristic
small_object_proposal,-1,1.0,1871.0,279.0,1894.0,349.0,artificial_jewellery,video_20260404_120254,frame_002790.jpg,002790,heuristic
small_object_proposal,-1,1.0,6.0,491.0,51.0,526.0,artificial_jewellery,video_20260404_120254,frame_002790.jpg,002790,heuristic
small_object_proposal,-1,1.0,642.0,140.0,676.0,185.0,artificial_jewellery,video_20260404_120254,frame_002790.jpg,002790,heuristic
small_object_proposal,-1,1.0,1325.0,441.0,1350.0,497.0,artificial_jewellery,video_20260404_120254,frame_002790.jpg,002790,heuristic
small_object_proposal,-1,1.0,938.0,419.0,985.0,448.0,artificial_jewellery,video_20260404_120254,frame_002790.jpg,002790,heuristic
small_object_proposal,-1,1.0,1682.0,829.0,1708.0,881.0,artificial_jewellery,video_20260404_120254,frame_002790.jpg,002790,heuristic
small_object_proposal,-1,1.0,1142.0,268.0,1189.0,296.0,artificial_jewellery,video_20260404_120254,frame_002790.jpg,002790,heuristic
small_object_proposal,-1,1.0,1354.0,627.0,1374.0,691.0,artificial_jewellery,video_20260404_120254,frame_002790.jpg,002790,heuristic
small_object_proposal,-1,1.0,17.0,478.0,60.0,507.0,artificial_jewellery,video_20260404_120254,frame_002790.jpg,002790,heuristic
small_object_proposal,-1,1.0,1121.0,361.0,1163.0,390.0,artificial_jewellery,video_20260404_120254,frame_002790.jpg,002790,heuristic
small_object_proposal,-1,1.0,1136.0,1041.0,1170.0,1076.0,artificial_jewellery,video_20260404_120254,frame_002790.jpg,002790,heuristic
small_object_proposal,-1,1.0,322.0,222.0,368.0,247.0,artificial_jewellery,video_20260404_120254,frame_002790.jpg,002790,heuristic
person,0,0.367540180683136,1.7618408203125,243.44110107421875,1066.5162353515625,1065.53759765625,artificial_jewellery,video_20260404_120254,frame_002880.jpg,002880,yolo
person,0,0.3159366250038147,352.443603515625,236.375244140625,1651.2235107421875,1072.9654541015625,artificial_jewellery,video_20260404_120254,frame_002880.jpg,002880,yolo
small_object_proposal,-1,1.0,1090.0,538.0,1174.0,591.0,artificial_jewellery,video_20260404_120254,frame_002880.jpg,002880,heuristic
small_object_proposal,-1,1.0,1209.0,376.0,1264.0,451.0,artificial_jewellery,video_20260404_120254,frame_002880.jpg,002880,heuristic
small_object_proposal,-1,1.0,439.0,761.0,500.0,825.0,artificial_jewellery,video_20260404_120254,frame_002880.jpg,002880,heuristic
small_object_proposal,-1,1.0,1155.0,1038.0,1265.0,1073.0,artificial_jewellery,video_20260404_120254,frame_002880.jpg,002880,heuristic
small_object_proposal,-1,1.0,1046.0,765.0,1122.0,813.0,artificial_jewellery,video_20260404_120254,frame_002880.jpg,002880,heuristic
small_object_proposal,-1,1.0,688.0,529.0,759.0,575.0,artificial_jewellery,video_20260404_120254,frame_002880.jpg,002880,heuristic
small_object_proposal,-1,1.0,1773.0,899.0,1821.0,966.0,artificial_jewellery,video_20260404_120254,frame_002880.jpg,002880,heuristic
small_object_proposal,-1,1.0,810.0,829.0,840.0,936.0,artificial_jewellery,video_20260404_120254,frame_002880.jpg,002880,heuristic
small_object_proposal,-1,1.0,1026.0,919.0,1118.0,952.0,artificial_jewellery,video_20260404_120254,frame_002880.jpg,002880,heuristic
small_object_proposal,-1,1.0,19.0,29.0,73.0,85.0,artificial_jewellery,video_20260404_120254,frame_002880.jpg,002880,heuristic
small_object_proposal,-1,1.0,1392.0,425.0,1450.0,476.0,artificial_jewellery,video_20260404_120254,frame_002880.jpg,002880,heuristic
small_object_proposal,-1,1.0,1305.0,930.0,1352.0,989.0,artificial_jewellery,video_20260404_120254,frame_002880.jpg,002880,heuristic
small_object_proposal,-1,1.0,1661.0,923.0,1699.0,995.0,artificial_jewellery,video_20260404_120254,frame_002880.jpg,002880,heuristic
small_object_proposal,-1,1.0,1234.0,744.0,1271.0,809.0,artificial_jewellery,video_20260404_120254,frame_002880.jpg,002880,heuristic
small_object_proposal,-1,1.0,980.0,1037.0,1041.0,1076.0,artificial_jewellery,video_20260404_120254,frame_002880.jpg,002880,heuristic
small_object_proposal,-1,1.0,1517.0,650.0,1542.0,743.0,artificial_jewellery,video_20260404_120254,frame_002880.jpg,002880,heuristic
small_object_proposal,-1,1.0,762.0,5.0,809.0,52.0,artificial_jewellery,video_20260404_120254,frame_002880.jpg,002880,heuristic
small_object_proposal,-1,1.0,1008.0,877.0,1066.0,915.0,artificial_jewellery,video_20260404_120254,frame_002880.jpg,002880,heuristic
small_object_proposal,-1,1.0,1716.0,833.0,1751.0,894.0,artificial_jewellery,video_20260404_120254,frame_002880.jpg,002880,heuristic
small_object_proposal,-1,1.0,284.0,1029.0,337.0,1068.0,artificial_jewellery,video_20260404_120254,frame_002880.jpg,002880,heuristic
small_object_proposal,-1,1.0,1788.0,867.0,1841.0,906.0,artificial_jewellery,video_20260404_120254,frame_002880.jpg,002880,heuristic
small_object_proposal,-1,1.0,764.0,736.0,803.0,788.0,artificial_jewellery,video_20260404_120254,frame_002880.jpg,002880,heuristic
small_object_proposal,-1,1.0,39.0,314.0,91.0,353.0,artificial_jewellery,video_20260404_120254,frame_002880.jpg,002880,heuristic
small_object_proposal,-1,1.0,1261.0,311.0,1300.0,362.0,artificial_jewellery,video_20260404_120254,frame_002880.jpg,002880,heuristic
small_object_proposal,-1,1.0,1794.0,802.0,1822.0,871.0,artificial_jewellery,video_20260404_120254,frame_002880.jpg,002880,heuristic
small_object_proposal,-1,1.0,754.0,383.0,771.0,494.0,artificial_jewellery,video_20260404_120254,frame_002880.jpg,002880,heuristic
small_object_proposal,-1,1.0,429.0,570.0,539.0,587.0,artificial_jewellery,video_20260404_120254,frame_002880.jpg,002880,heuristic
small_object_proposal,-1,1.0,1126.0,260.0,1168.0,304.0,artificial_jewellery,video_20260404_120254,frame_002880.jpg,002880,heuristic
small_object_proposal,-1,1.0,1328.0,289.0,1377.0,326.0,artificial_jewellery,video_20260404_120254,frame_002880.jpg,002880,heuristic
small_object_proposal,-1,1.0,1311.0,323.0,1347.0,367.0,artificial_jewellery,video_20260404_120254,frame_002880.jpg,002880,heuristic
person,0,0.6003785729408264,378.01153564453125,302.91998291015625,1669.1744384765625,1065.8453369140625,artificial_jewellery,video_20260404_120254,frame_002970.jpg,002970,yolo
laptop,63,0.2824877202510834,0.0,913.3101196289062,242.46556091308594,1078.2022705078125,artificial_jewellery,video_20260404_120254,frame_002970.jpg,002970,yolo
small_object_proposal,-1,1.0,997.0,549.0,1074.0,613.0,artificial_jewellery,video_20260404_120254,frame_002970.jpg,002970,heuristic
small_object_proposal,-1,1.0,799.0,723.0,855.0,794.0,artificial_jewellery,video_20260404_120254,frame_002970.jpg,002970,heuristic
small_object_proposal,-1,1.0,1136.0,557.0,1184.0,638.0,artificial_jewellery,video_20260404_120254,frame_002970.jpg,002970,heuristic
small_object_proposal,-1,1.0,328.0,332.0,369.0,426.0,artificial_jewellery,video_20260404_120254,frame_002970.jpg,002970,heuristic
small_object_proposal,-1,1.0,1267.0,362.0,1326.0,421.0,artificial_jewellery,video_20260404_120254,frame_002970.jpg,002970,heuristic
small_object_proposal,-1,1.0,1092.0,777.0,1164.0,824.0,artificial_jewellery,video_20260404_120254,frame_002970.jpg,002970,heuristic
small_object_proposal,-1,1.0,1137.0,421.0,1174.0,505.0,artificial_jewellery,video_20260404_120254,frame_002970.jpg,002970,heuristic
small_object_proposal,-1,1.0,14.0,156.0,65.0,215.0,artificial_jewellery,video_20260404_120254,frame_002970.jpg,002970,heuristic
small_object_proposal,-1,1.0,1127.0,692.0,1167.0,767.0,artificial_jewellery,video_20260404_120254,frame_002970.jpg,002970,heuristic
small_object_proposal,-1,1.0,1338.0,956.0,1374.0,1038.0,artificial_jewellery,video_20260404_120254,frame_002970.jpg,002970,heuristic
small_object_proposal,-1,1.0,510.0,542.0,628.0,566.0,artificial_jewellery,video_20260404_120254,frame_002970.jpg,002970,heuristic
small_object_proposal,-1,1.0,771.0,1012.0,815.0,1075.0,artificial_jewellery,video_20260404_120254,frame_002970.jpg,002970,heuristic
small_object_proposal,-1,1.0,26.0,778.0,97.0,812.0,artificial_jewellery,video_20260404_120254,frame_002970.jpg,002970,heuristic
small_object_proposal,-1,1.0,1244.0,275.0,1292.0,325.0,artificial_jewellery,video_20260404_120254,frame_002970.jpg,002970,heuristic
small_object_proposal,-1,1.0,1694.0,984.0,1732.0,1047.0,artificial_jewellery,video_20260404_120254,frame_002970.jpg,002970,heuristic
small_object_proposal,-1,1.0,1423.0,623.0,1468.0,676.0,artificial_jewellery,video_20260404_120254,frame_002970.jpg,002970,heuristic
small_object_proposal,-1,1.0,1158.0,500.0,1190.0,573.0,artificial_jewellery,video_20260404_120254,frame_002970.jpg,002970,heuristic
small_object_proposal,-1,1.0,1593.0,601.0,1621.0,678.0,artificial_jewellery,video_20260404_120254,frame_002970.jpg,002970,heuristic
small_object_proposal,-1,1.0,1054.0,891.0,1108.0,927.0,artificial_jewellery,video_20260404_120254,frame_002970.jpg,002970,heuristic
small_object_proposal,-1,1.0,38.0,733.0,74.0,785.0,artificial_jewellery,video_20260404_120254,frame_002970.jpg,002970,heuristic
small_object_proposal,-1,1.0,1444.0,555.0,1536.0,575.0,artificial_jewellery,video_20260404_120254,frame_002970.jpg,002970,heuristic
small_object_proposal,-1,1.0,792.0,586.0,831.0,632.0,artificial_jewellery,video_20260404_120254,frame_002970.jpg,002970,heuristic
small_object_proposal,-1,1.0,125.0,866.0,184.0,896.0,artificial_jewellery,video_20260404_120254,frame_002970.jpg,002970,heuristic
small_object_proposal,-1,1.0,1074.0,929.0,1160.0,949.0,artificial_jewellery,video_20260404_120254,frame_002970.jpg,002970,heuristic
small_object_proposal,-1,1.0,79.0,846.0,122.0,886.0,artificial_jewellery,video_20260404_120254,frame_002970.jpg,002970,heuristic
small_object_proposal,-1,1.0,32.0,279.0,72.0,322.0,artificial_jewellery,video_20260404_120254,frame_002970.jpg,002970,heuristic
small_object_proposal,-1,1.0,1165.0,869.0,1192.0,931.0,artificial_jewellery,video_20260404_120254,frame_002970.jpg,002970,heuristic
small_object_proposal,-1,1.0,1205.0,297.0,1242.0,341.0,artificial_jewellery,video_20260404_120254,frame_002970.jpg,002970,heuristic
small_object_proposal,-1,1.0,76.0,766.0,115.0,806.0,artificial_jewellery,video_20260404_120254,frame_002970.jpg,002970,heuristic
small_object_proposal,-1,1.0,712.0,853.0,733.0,925.0,artificial_jewellery,video_20260404_120254,frame_002970.jpg,002970,heuristic
person,0,0.5966758728027344,410.21392822265625,315.5367736816406,1645.68798828125,1065.84814453125,artificial_jewellery,video_20260404_120254,frame_003000.jpg,003000,yolo
small_object_proposal,-1,1.0,1378.0,970.0,1428.0,1060.0,artificial_jewellery,video_20260404_120254,frame_003000.jpg,003000,heuristic
small_object_proposal,-1,1.0,869.0,753.0,931.0,820.0,artificial_jewellery,video_20260404_120254,frame_003000.jpg,003000,heuristic
small_object_proposal,-1,1.0,1004.0,422.0,1072.0,483.0,artificial_jewellery,video_20260404_120254,frame_003000.jpg,003000,heuristic
small_object_proposal,-1,1.0,1096.0,784.0,1164.0,832.0,artificial_jewellery,video_20260404_120254,frame_003000.jpg,003000,heuristic
small_object_proposal,-1,1.0,972.0,642.0,1029.0,696.0,artificial_jewellery,video_20260404_120254,frame_003000.jpg,003000,heuristic
small_object_proposal,-1,1.0,1799.0,866.0,1825.0,984.0,artificial_jewellery,video_20260404_120254,frame_003000.jpg,003000,heuristic
small_object_proposal,-1,1.0,1358.0,467.0,1408.0,527.0,artificial_jewellery,video_20260404_120254,frame_003000.jpg,003000,heuristic
small_object_proposal,-1,1.0,16.0,220.0,88.0,261.0,artificial_jewellery,video_20260404_120254,frame_003000.jpg,003000,heuristic
small_object_proposal,-1,1.0,22.0,147.0,73.0,202.0,artificial_jewellery,video_20260404_120254,frame_003000.jpg,003000,heuristic
small_object_proposal,-1,1.0,1049.0,937.0,1154.0,963.0,artificial_jewellery,video_20260404_120254,frame_003000.jpg,003000,heuristic
small_object_proposal,-1,1.0,1052.0,453.0,1125.0,490.0,artificial_jewellery,video_20260404_120254,frame_003000.jpg,003000,heuristic
small_object_proposal,-1,1.0,1038.0,337.0,1076.0,407.0,artificial_jewellery,video_20260404_120254,frame_003000.jpg,003000,heuristic
small_object_proposal,-1,1.0,836.0,512.0,888.0,563.0,artificial_jewellery,video_20260404_120254,frame_003000.jpg,003000,heuristic
small_object_proposal,-1,1.0,318.0,933.0,372.0,982.0,artificial_jewellery,video_20260404_120254,frame_003000.jpg,003000,heuristic
small_object_proposal,-1,1.0,1031.0,720.0,1082.0,771.0,artificial_jewellery,video_20260404_120254,frame_003000.jpg,003000,heuristic
small_object_proposal,-1,1.0,1743.0,908.0,1782.0,973.0,artificial_jewellery,video_20260404_120254,frame_003000.jpg,003000,heuristic
small_object_proposal,-1,1.0,1250.0,281.0,1301.0,330.0,artificial_jewellery,video_20260404_120254,frame_003000.jpg,003000,heuristic
small_object_proposal,-1,1.0,24.0,547.0,91.0,583.0,artificial_jewellery,video_20260404_120254,frame_003000.jpg,003000,heuristic
small_object_proposal,-1,1.0,1053.0,364.0,1095.0,421.0,artificial_jewellery,video_20260404_120254,frame_003000.jpg,003000,heuristic
small_object_proposal,-1,1.0,26.0,771.0,95.0,805.0,artificial_jewellery,video_20260404_120254,frame_003000.jpg,003000,heuristic
small_object_proposal,-1,1.0,1802.0,1012.0,1854.0,1056.0,artificial_jewellery,video_20260404_120254,frame_003000.jpg,003000,heuristic
small_object_proposal,-1,1.0,439.0,183.0,475.0,246.0,artificial_jewellery,video_20260404_120254,frame_003000.jpg,003000,heuristic
small_object_proposal,-1,1.0,517.0,540.0,623.0,561.0,artificial_jewellery,video_20260404_120254,frame_003000.jpg,003000,heuristic
small_object_proposal,-1,1.0,1828.0,946.0,1871.0,995.0,artificial_jewellery,video_20260404_120254,frame_003000.jpg,003000,heuristic
small_object_proposal,-1,1.0,1383.0,551.0,1410.0,628.0,artificial_jewellery,video_20260404_120254,frame_003000.jpg,003000,heuristic
small_object_proposal,-1,1.0,1110.0,588.0,1168.0,623.0,artificial_jewellery,video_20260404_120254,frame_003000.jpg,003000,heuristic
small_object_proposal,-1,1.0,1341.0,975.0,1379.0,1028.0,artificial_jewellery,video_20260404_120254,frame_003000.jpg,003000,heuristic
small_object_proposal,-1,1.0,135.0,853.0,177.0,898.0,artificial_jewellery,video_20260404_120254,frame_003000.jpg,003000,heuristic
small_object_proposal,-1,1.0,827.0,567.0,867.0,613.0,artificial_jewellery,video_20260404_120254,frame_003000.jpg,003000,heuristic
small_object_proposal,-1,1.0,37.0,727.0,73.0,778.0,artificial_jewellery,video_20260404_120254,frame_003000.jpg,003000,heuristic
person,0,0.606023371219635,81.76556396484375,303.0661926269531,1844.889892578125,1071.2593994140625,artificial_jewellery,video_20260404_120254,frame_003030.jpg,003030,yolo
small_object_proposal,-1,1.0,1148.0,348.0,1208.0,414.0,artificial_jewellery,video_20260404_120254,frame_003030.jpg,003030,heuristic
small_object_proposal,-1,1.0,1407.0,798.0,1486.0,842.0,artificial_jewellery,video_20260404_120254,frame_003030.jpg,003030,heuristic
small_object_proposal,-1,1.0,1037.0,935.0,1146.0,964.0,artificial_jewellery,video_20260404_120254,frame_003030.jpg,003030,heuristic
small_object_proposal,-1,1.0,5.0,145.0,57.0,205.0,artificial_jewellery,video_20260404_120254,frame_003030.jpg,003030,heuristic
small_object_proposal,-1,1.0,1219.0,953.0,1318.0,983.0,artificial_jewellery,video_20260404_120254,frame_003030.jpg,003030,heuristic
small_object_proposal,-1,1.0,1336.0,959.0,1381.0,1024.0,artificial_jewellery,video_20260404_120254,frame_003030.jpg,003030,heuristic
small_object_proposal,-1,1.0,1265.0,516.0,1294.0,605.0,artificial_jewellery,video_20260404_120254,frame_003030.jpg,003030,heuristic
small_object_proposal,-1,1.0,1245.0,273.0,1294.0,323.0,artificial_jewellery,video_20260404_120254,frame_003030.jpg,003030,heuristic
small_object_proposal,-1,1.0,1438.0,605.0,1480.0,663.0,artificial_jewellery,video_20260404_120254,frame_003030.jpg,003030,heuristic
small_object_proposal,-1,1.0,116.0,859.0,165.0,905.0,artificial_jewellery,video_20260404_120254,frame_003030.jpg,003030,heuristic
small_object_proposal,-1,1.0,867.0,751.0,913.0,800.0,artificial_jewellery,video_20260404_120254,frame_003030.jpg,003030,heuristic
small_object_proposal,-1,1.0,11.0,548.0,72.0,584.0,artificial_jewellery,video_20260404_120254,frame_003030.jpg,003030,heuristic
small_object_proposal,-1,1.0,23.0,729.0,64.0,780.0,artificial_jewellery,video_20260404_120254,frame_003030.jpg,003030,heuristic
small_object_proposal,-1,1.0,1214.0,638.0,1251.0,694.0,artificial_jewellery,video_20260404_120254,frame_003030.jpg,003030,heuristic
small_object_proposal,-1,1.0,1050.0,892.0,1105.0,926.0,artificial_jewellery,video_20260404_120254,frame_003030.jpg,003030,heuristic
small_object_proposal,-1,1.0,1204.0,295.0,1243.0,342.0,artificial_jewellery,video_20260404_120254,frame_003030.jpg,003030,heuristic
small_object_proposal,-1,1.0,1827.0,941.0,1867.0,984.0,artificial_jewellery,video_20260404_120254,frame_003030.jpg,003030,heuristic
small_object_proposal,-1,1.0,66.0,762.0,106.0,802.0,artificial_jewellery,video_20260404_120254,frame_003030.jpg,003030,heuristic
small_object_proposal,-1,1.0,1103.0,357.0,1147.0,390.0,artificial_jewellery,video_20260404_120254,frame_003030.jpg,003030,heuristic
small_object_proposal,-1,1.0,1825.0,887.0,1854.0,935.0,artificial_jewellery,video_20260404_120254,frame_003030.jpg,003030,heuristic
small_object_proposal,-1,1.0,865.0,833.0,882.0,912.0,artificial_jewellery,video_20260404_120254,frame_003030.jpg,003030,heuristic
small_object_proposal,-1,1.0,30.0,784.0,86.0,807.0,artificial_jewellery,video_20260404_120254,frame_003030.jpg,003030,heuristic
small_object_proposal,-1,1.0,1148.0,944.0,1203.0,966.0,artificial_jewellery,video_20260404_120254,frame_003030.jpg,003030,heuristic
small_object_proposal,-1,1.0,703.0,682.0,728.0,727.0,artificial_jewellery,video_20260404_120254,frame_003030.jpg,003030,heuristic
small_object_proposal,-1,1.0,842.0,380.0,884.0,406.0,artificial_jewellery,video_20260404_120254,frame_003030.jpg,003030,heuristic
small_object_proposal,-1,1.0,56.0,560.0,79.0,606.0,artificial_jewellery,video_20260404_120254,frame_003030.jpg,003030,heuristic
small_object_proposal,-1,1.0,428.0,181.0,459.0,214.0,artificial_jewellery,video_20260404_120254,frame_003030.jpg,003030,heuristic
small_object_proposal,-1,1.0,513.0,63.0,541.0,97.0,artificial_jewellery,video_20260404_120254,frame_003030.jpg,003030,heuristic
small_object_proposal,-1,1.0,169.0,169.0,210.0,191.0,artificial_jewellery,video_20260404_120254,frame_003030.jpg,003030,heuristic
small_object_proposal,-1,1.0,490.0,110.0,521.0,139.0,artificial_jewellery,video_20260404_120254,frame_003030.jpg,003030,heuristic
person,0,0.5586463809013367,440.92529296875,272.42742919921875,1665.1549072265625,1066.59716796875,artificial_jewellery,video_20260404_120254,frame_003090.jpg,003090,yolo
person,0,0.49066638946533203,54.69671630859375,265.75250244140625,1154.2603759765625,1063.0848388671875,artificial_jewellery,video_20260404_120254,frame_003090.jpg,003090,yolo
small_object_proposal,-1,1.0,1401.0,514.0,1527.0,551.0,artificial_jewellery,video_20260404_120254,frame_003090.jpg,003090,heuristic
small_object_proposal,-1,1.0,992.0,715.0,1057.0,782.0,artificial_jewellery,video_20260404_120254,frame_003090.jpg,003090,heuristic
small_object_proposal,-1,1.0,1818.0,888.0,1860.0,990.0,artificial_jewellery,video_20260404_120254,frame_003090.jpg,003090,heuristic
small_object_proposal,-1,1.0,1397.0,548.0,1509.0,585.0,artificial_jewellery,video_20260404_120254,frame_003090.jpg,003090,heuristic
small_object_proposal,-1,1.0,1107.0,994.0,1183.0,1048.0,artificial_jewellery,video_20260404_120254,frame_003090.jpg,003090,heuristic
small_object_proposal,-1,1.0,829.0,839.0,859.0,961.0,artificial_jewellery,video_20260404_120254,frame_003090.jpg,003090,heuristic
small_object_proposal,-1,1.0,1064.0,789.0,1139.0,837.0,artificial_jewellery,video_20260404_120254,frame_003090.jpg,003090,heuristic
small_object_proposal,-1,1.0,452.0,732.0,481.0,856.0,artificial_jewellery,video_20260404_120254,frame_003090.jpg,003090,heuristic
small_object_proposal,-1,1.0,1053.0,574.0,1107.0,639.0,artificial_jewellery,video_20260404_120254,frame_003090.jpg,003090,heuristic
small_object_proposal,-1,1.0,1189.0,528.0,1233.0,604.0,artificial_jewellery,video_20260404_120254,frame_003090.jpg,003090,heuristic
small_object_proposal,-1,1.0,1058.0,290.0,1127.0,338.0,artificial_jewellery,video_20260404_120254,frame_003090.jpg,003090,heuristic
small_object_proposal,-1,1.0,1792.0,984.0,1840.0,1052.0,artificial_jewellery,video_20260404_120254,frame_003090.jpg,003090,heuristic
small_object_proposal,-1,1.0,351.0,986.0,411.0,1037.0,artificial_jewellery,video_20260404_120254,frame_003090.jpg,003090,heuristic
small_object_proposal,-1,1.0,130.0,12.0,177.0,71.0,artificial_jewellery,video_20260404_120254,frame_003090.jpg,003090,heuristic
small_object_proposal,-1,1.0,1108.0,328.0,1168.0,373.0,artificial_jewellery,video_20260404_120254,frame_003090.jpg,003090,heuristic
small_object_proposal,-1,1.0,458.0,557.0,586.0,578.0,artificial_jewellery,video_20260404_120254,frame_003090.jpg,003090,heuristic
small_object_proposal,-1,1.0,1218.0,278.0,1268.0,330.0,artificial_jewellery,video_20260404_120254,frame_003090.jpg,003090,heuristic
small_object_proposal,-1,1.0,793.0,748.0,845.0,797.0,artificial_jewellery,video_20260404_120254,frame_003090.jpg,003090,heuristic
small_object_proposal,-1,1.0,1319.0,976.0,1360.0,1036.0,artificial_jewellery,video_20260404_120254,frame_003090.jpg,003090,heuristic
small_object_proposal,-1,1.0,1230.0,391.0,1271.0,451.0,artificial_jewellery,video_20260404_120254,frame_003090.jpg,003090,heuristic
small_object_proposal,-1,1.0,1340.0,559.0,1377.0,624.0,artificial_jewellery,video_20260404_120254,frame_003090.jpg,003090,heuristic
small_object_proposal,-1,1.0,1060.0,384.0,1127.0,419.0,artificial_jewellery,video_20260404_120254,frame_003090.jpg,003090,heuristic
small_object_proposal,-1,1.0,1118.0,559.0,1150.0,627.0,artificial_jewellery,video_20260404_120254,frame_003090.jpg,003090,heuristic
small_object_proposal,-1,1.0,933.0,355.0,984.0,397.0,artificial_jewellery,video_20260404_120254,frame_003090.jpg,003090,heuristic
small_object_proposal,-1,1.0,1124.0,514.0,1158.0,576.0,artificial_jewellery,video_20260404_120254,frame_003090.jpg,003090,heuristic
small_object_proposal,-1,1.0,1025.0,907.0,1079.0,945.0,artificial_jewellery,video_20260404_120254,frame_003090.jpg,003090,heuristic
small_object_proposal,-1,1.0,20.0,782.0,62.0,830.0,artificial_jewellery,video_20260404_120254,frame_003090.jpg,003090,heuristic
small_object_proposal,-1,1.0,1503.0,952.0,1552.0,991.0,artificial_jewellery,video_20260404_120254,frame_003090.jpg,003090,heuristic
small_object_proposal,-1,1.0,1570.0,498.0,1596.0,571.0,artificial_jewellery,video_20260404_120254,frame_003090.jpg,003090,heuristic
small_object_proposal,-1,1.0,1263.0,368.0,1302.0,413.0,artificial_jewellery,video_20260404_120254,frame_003090.jpg,003090,heuristic
person,0,0.717951774597168,345.9122314453125,6.5712890625,1706.0230712890625,1064.054931640625,artificial_jewellery,video_20260404_120254,frame_003180.jpg,003180,yolo
small_object_proposal,-1,1.0,879.0,722.0,921.0,828.0,artificial_jewellery,video_20260404_120254,frame_003180.jpg,003180,heuristic
small_object_proposal,-1,1.0,1008.0,436.0,1062.0,518.0,artificial_jewellery,video_20260404_120254,frame_003180.jpg,003180,heuristic
small_object_proposal,-1,1.0,449.0,845.0,534.0,897.0,artificial_jewellery,video_20260404_120254,frame_003180.jpg,003180,heuristic
small_object_proposal,-1,1.0,1398.0,795.0,1447.0,882.0,artificial_jewellery,video_20260404_120254,frame_003180.jpg,003180,heuristic
small_object_proposal,-1,1.0,1252.0,743.0,1298.0,830.0,artificial_jewellery,video_20260404_120254,frame_003180.jpg,003180,heuristic
small_object_proposal,-1,1.0,1132.0,496.0,1208.0,548.0,artificial_jewellery,video_20260404_120254,frame_003180.jpg,003180,heuristic
small_object_proposal,-1,1.0,740.0,811.0,786.0,896.0,artificial_jewellery,video_20260404_120254,frame_003180.jpg,003180,heuristic
small_object_proposal,-1,1.0,944.0,691.0,1006.0,754.0,artificial_jewellery,video_20260404_120254,frame_003180.jpg,003180,heuristic
small_object_proposal,-1,1.0,1186.0,537.0,1362.0,559.0,artificial_jewellery,video_20260404_120254,frame_003180.jpg,003180,heuristic
small_object_proposal,-1,1.0,1193.0,922.0,1303.0,957.0,artificial_jewellery,video_20260404_120254,frame_003180.jpg,003180,heuristic
small_object_proposal,-1,1.0,1184.0,1023.0,1284.0,1061.0,artificial_jewellery,video_20260404_120254,frame_003180.jpg,003180,heuristic
small_object_proposal,-1,1.0,1077.0,312.0,1153.0,359.0,artificial_jewellery,video_20260404_120254,frame_003180.jpg,003180,heuristic
small_object_proposal,-1,1.0,1382.0,618.0,1426.0,694.0,artificial_jewellery,video_20260404_120254,frame_003180.jpg,003180,heuristic
small_object_proposal,-1,1.0,1567.0,486.0,1590.0,630.0,artificial_jewellery,video_20260404_120254,frame_003180.jpg,003180,heuristic
small_object_proposal,-1,1.0,90.0,866.0,132.0,942.0,artificial_jewellery,video_20260404_120254,frame_003180.jpg,003180,heuristic
small_object_proposal,-1,1.0,14.0,274.0,62.0,338.0,artificial_jewellery,video_20260404_120254,frame_003180.jpg,003180,heuristic
small_object_proposal,-1,1.0,1022.0,696.0,1064.0,769.0,artificial_jewellery,video_20260404_120254,frame_003180.jpg,003180,heuristic
small_object_proposal,-1,1.0,872.0,731.0,891.0,876.0,artificial_jewellery,video_20260404_120254,frame_003180.jpg,003180,heuristic
small_object_proposal,-1,1.0,1106.0,944.0,1192.0,974.0,artificial_jewellery,video_20260404_120254,frame_003180.jpg,003180,heuristic
small_object_proposal,-1,1.0,1463.0,194.0,1515.0,243.0,artificial_jewellery,video_20260404_120254,frame_003180.jpg,003180,heuristic
small_object_proposal,-1,1.0,1547.0,174.0,1596.0,226.0,artificial_jewellery,video_20260404_120254,frame_003180.jpg,003180,heuristic
small_object_proposal,-1,1.0,1209.0,752.0,1263.0,799.0,artificial_jewellery,video_20260404_120254,frame_003180.jpg,003180,heuristic
small_object_proposal,-1,1.0,762.0,754.0,796.0,827.0,artificial_jewellery,video_20260404_120254,frame_003180.jpg,003180,heuristic
small_object_proposal,-1,1.0,1653.0,974.0,1703.0,1022.0,artificial_jewellery,video_20260404_120254,frame_003180.jpg,003180,heuristic
small_object_proposal,-1,1.0,1094.0,745.0,1146.0,790.0,artificial_jewellery,video_20260404_120254,frame_003180.jpg,003180,heuristic
small_object_proposal,-1,1.0,967.0,952.0,1013.0,998.0,artificial_jewellery,video_20260404_120254,frame_003180.jpg,003180,heuristic
small_object_proposal,-1,1.0,808.0,890.0,855.0,935.0,artificial_jewellery,video_20260404_120254,frame_003180.jpg,003180,heuristic
small_object_proposal,-1,1.0,854.0,141.0,893.0,192.0,artificial_jewellery,video_20260404_120254,frame_003180.jpg,003180,heuristic
small_object_proposal,-1,1.0,985.0,801.0,1015.0,866.0,artificial_jewellery,video_20260404_120254,frame_003180.jpg,003180,heuristic
small_object_proposal,-1,1.0,1185.0,130.0,1218.0,185.0,artificial_jewellery,video_20260404_120254,frame_003180.jpg,003180,heuristic
person,0,0.7473821043968201,388.9105224609375,50.1756591796875,1711.8238525390625,1064.5244140625,artificial_jewellery,video_20260404_120254,frame_003210.jpg,003210,yolo
cell phone,67,0.6174992918968201,0.0,833.0288696289062,245.9897003173828,1077.900146484375,artificial_jewellery,video_20260404_120254,frame_003210.jpg,003210,yolo
small_object_proposal,-1,1.0,959.0,653.0,1017.0,739.0,artificial_jewellery,video_20260404_120254,frame_003210.jpg,003210,heuristic
small_object_proposal,-1,1.0,897.0,958.0,963.0,1031.0,artificial_jewellery,video_20260404_120254,frame_003210.jpg,003210,heuristic
small_object_proposal,-1,1.0,823.0,746.0,865.0,856.0,artificial_jewellery,video_20260404_120254,frame_003210.jpg,003210,heuristic
small_object_proposal,-1,1.0,639.0,953.0,703.0,1024.0,artificial_jewellery,video_20260404_120254,frame_003210.jpg,003210,heuristic
small_object_proposal,-1,1.0,978.0,814.0,1020.0,922.0,artificial_jewellery,video_20260404_120254,frame_003210.jpg,003210,heuristic
small_object_proposal,-1,1.0,517.0,630.0,574.0,706.0,artificial_jewellery,video_20260404_120254,frame_003210.jpg,003210,heuristic
small_object_proposal,-1,1.0,251.0,933.0,307.0,1007.0,artificial_jewellery,video_20260404_120254,frame_003210.jpg,003210,heuristic
small_object_proposal,-1,1.0,839.0,306.0,891.0,373.0,artificial_jewellery,video_20260404_120254,frame_003210.jpg,003210,heuristic
small_object_proposal,-1,1.0,803.0,779.0,831.0,899.0,artificial_jewellery,video_20260404_120254,frame_003210.jpg,003210,heuristic
small_object_proposal,-1,1.0,353.0,891.0,413.0,944.0,artificial_jewellery,video_20260404_120254,frame_003210.jpg,003210,heuristic
small_object_proposal,-1,1.0,438.0,586.0,469.0,684.0,artificial_jewellery,video_20260404_120254,frame_003210.jpg,003210,heuristic
small_object_proposal,-1,1.0,1262.0,970.0,1321.0,1018.0,artificial_jewellery,video_20260404_120254,frame_003210.jpg,003210,heuristic
small_object_proposal,-1,1.0,1325.0,344.0,1370.0,406.0,artificial_jewellery,video_20260404_120254,frame_003210.jpg,003210,heuristic
small_object_proposal,-1,1.0,731.0,929.0,775.0,991.0,artificial_jewellery,video_20260404_120254,frame_003210.jpg,003210,heuristic
small_object_proposal,-1,1.0,899.0,718.0,948.0,771.0,artificial_jewellery,video_20260404_120254,frame_003210.jpg,003210,heuristic
small_object_proposal,-1,1.0,1235.0,445.0,1284.0,498.0,artificial_jewellery,video_20260404_120254,frame_003210.jpg,003210,heuristic
small_object_proposal,-1,1.0,63.0,615.0,121.0,659.0,artificial_jewellery,video_20260404_120254,frame_003210.jpg,003210,heuristic
small_object_proposal,-1,1.0,1284.0,878.0,1322.0,942.0,artificial_jewellery,video_20260404_120254,frame_003210.jpg,003210,heuristic
small_object_proposal,-1,1.0,457.0,597.0,487.0,676.0,artificial_jewellery,video_20260404_120254,frame_003210.jpg,003210,heuristic
small_object_proposal,-1,1.0,922.0,711.0,964.0,766.0,artificial_jewellery,video_20260404_120254,frame_003210.jpg,003210,heuristic
small_object_proposal,-1,1.0,173.0,885.0,207.0,947.0,artificial_jewellery,video_20260404_120254,frame_003210.jpg,003210,heuristic
small_object_proposal,-1,1.0,1649.0,864.0,1672.0,955.0,artificial_jewellery,video_20260404_120254,frame_003210.jpg,003210,heuristic
small_object_proposal,-1,1.0,1334.0,612.0,1363.0,681.0,artificial_jewellery,video_20260404_120254,frame_003210.jpg,003210,heuristic
small_object_proposal,-1,1.0,1224.0,777.0,1257.0,835.0,artificial_jewellery,video_20260404_120254,frame_003210.jpg,003210,heuristic
small_object_proposal,-1,1.0,242.0,982.0,283.0,1026.0,artificial_jewellery,video_20260404_120254,frame_003210.jpg,003210,heuristic
small_object_proposal,-1,1.0,120.0,158.0,153.0,212.0,artificial_jewellery,video_20260404_120254,frame_003210.jpg,003210,heuristic
small_object_proposal,-1,1.0,1049.0,1039.0,1124.0,1062.0,artificial_jewellery,video_20260404_120254,frame_003210.jpg,003210,heuristic
small_object_proposal,-1,1.0,752.0,1014.0,800.0,1047.0,artificial_jewellery,video_20260404_120254,frame_003210.jpg,003210,heuristic
small_object_proposal,-1,1.0,1042.0,965.0,1121.0,985.0,artificial_jewellery,video_20260404_120254,frame_003210.jpg,003210,heuristic
small_object_proposal,-1,1.0,1782.0,548.0,1806.0,612.0,artificial_jewellery,video_20260404_120254,frame_003210.jpg,003210,heuristic
person,0,0.7032772898674011,340.82537841796875,22.034271240234375,1720.924072265625,1067.4434814453125,artificial_jewellery,video_20260404_120254,frame_003240.jpg,003240,yolo
cell phone,67,0.6537505388259888,0.55242919921875,852.2356567382812,233.90611267089844,1076.1197509765625,artificial_jewellery,video_20260404_120254,frame_003240.jpg,003240,yolo
small_object_proposal,-1,1.0,1407.0,758.0,1452.0,850.0,artificial_jewellery,video_20260404_120254,frame_003240.jpg,003240,heuristic
small_object_proposal,-1,1.0,1825.0,247.0,1869.0,331.0,artificial_jewellery,video_20260404_120254,frame_003240.jpg,003240,heuristic
small_object_proposal,-1,1.0,1111.0,107.0,1188.0,150.0,artificial_jewellery,video_20260404_120254,frame_003240.jpg,003240,heuristic
small_object_proposal,-1,1.0,1334.0,570.0,1361.0,691.0,artificial_jewellery,video_20260404_120254,frame_003240.jpg,003240,heuristic
small_object_proposal,-1,1.0,705.0,933.0,755.0,997.0,artificial_jewellery,video_20260404_120254,frame_003240.jpg,003240,heuristic
small_object_proposal,-1,1.0,1101.0,258.0,1145.0,325.0,artificial_jewellery,video_20260404_120254,frame_003240.jpg,003240,heuristic
small_object_proposal,-1,1.0,35.0,708.0,106.0,748.0,artificial_jewellery,video_20260404_120254,frame_003240.jpg,003240,heuristic
small_object_proposal,-1,1.0,1204.0,748.0,1243.0,820.0,artificial_jewellery,video_20260404_120254,frame_003240.jpg,003240,heuristic
small_object_proposal,-1,1.0,1134.0,1020.0,1220.0,1050.0,artificial_jewellery,video_20260404_120254,frame_003240.jpg,003240,heuristic
small_object_proposal,-1,1.0,1865.0,328.0,1913.0,381.0,artificial_jewellery,video_20260404_120254,frame_003240.jpg,003240,heuristic
small_object_proposal,-1,1.0,325.0,918.0,378.0,964.0,artificial_jewellery,video_20260404_120254,frame_003240.jpg,003240,heuristic
small_object_proposal,-1,1.0,911.0,994.0,956.0,1044.0,artificial_jewellery,video_20260404_120254,frame_003240.jpg,003240,heuristic
small_object_proposal,-1,1.0,1790.0,756.0,1836.0,798.0,artificial_jewellery,video_20260404_120254,frame_003240.jpg,003240,heuristic
small_object_proposal,-1,1.0,975.0,858.0,1030.0,893.0,artificial_jewellery,video_20260404_120254,frame_003240.jpg,003240,heuristic
small_object_proposal,-1,1.0,37.0,512.0,97.0,543.0,artificial_jewellery,video_20260404_120254,frame_003240.jpg,003240,heuristic
small_object_proposal,-1,1.0,34.0,673.0,71.0,721.0,artificial_jewellery,video_20260404_120254,frame_003240.jpg,003240,heuristic
small_object_proposal,-1,1.0,809.0,756.0,849.0,799.0,artificial_jewellery,video_20260404_120254,frame_003240.jpg,003240,heuristic
small_object_proposal,-1,1.0,1283.0,194.0,1321.0,239.0,artificial_jewellery,video_20260404_120254,frame_003240.jpg,003240,heuristic
small_object_proposal,-1,1.0,223.0,42.0,258.0,90.0,artificial_jewellery,video_20260404_120254,frame_003240.jpg,003240,heuristic
small_object_proposal,-1,1.0,1752.0,835.0,1804.0,867.0,artificial_jewellery,video_20260404_120254,frame_003240.jpg,003240,heuristic
small_object_proposal,-1,1.0,5.0,746.0,37.0,798.0,artificial_jewellery,video_20260404_120254,frame_003240.jpg,003240,heuristic
small_object_proposal,-1,1.0,1328.0,987.0,1360.0,1037.0,artificial_jewellery,video_20260404_120254,frame_003240.jpg,003240,heuristic
small_object_proposal,-1,1.0,106.0,803.0,148.0,838.0,artificial_jewellery,video_20260404_120254,frame_003240.jpg,003240,heuristic
small_object_proposal,-1,1.0,1607.0,870.0,1652.0,902.0,artificial_jewellery,video_20260404_120254,frame_003240.jpg,003240,heuristic
small_object_proposal,-1,1.0,799.0,16.0,834.0,57.0,artificial_jewellery,video_20260404_120254,frame_003240.jpg,003240,heuristic
small_object_proposal,-1,1.0,1770.0,518.0,1793.0,580.0,artificial_jewellery,video_20260404_120254,frame_003240.jpg,003240,heuristic
small_object_proposal,-1,1.0,504.0,685.0,548.0,716.0,artificial_jewellery,video_20260404_120254,frame_003240.jpg,003240,heuristic
small_object_proposal,-1,1.0,1238.0,390.0,1282.0,421.0,artificial_jewellery,video_20260404_120254,frame_003240.jpg,003240,heuristic
small_object_proposal,-1,1.0,63.0,171.0,107.0,202.0,artificial_jewellery,video_20260404_120254,frame_003240.jpg,003240,heuristic
small_object_proposal,-1,1.0,1249.0,349.0,1286.0,385.0,artificial_jewellery,video_20260404_120254,frame_003240.jpg,003240,heuristic
person,0,0.7494465708732605,372.8805847167969,210.70916748046875,1737.7442626953125,1066.560791015625,artificial_jewellery,video_20260404_120254,frame_003300.jpg,003300,yolo
small_object_proposal,-1,1.0,10.0,806.0,89.0,868.0,artificial_jewellery,video_20260404_120254,frame_003300.jpg,003300,heuristic
small_object_proposal,-1,1.0,1505.0,922.0,1598.0,973.0,artificial_jewellery,video_20260404_120254,frame_003300.jpg,003300,heuristic
small_object_proposal,-1,1.0,711.0,981.0,769.0,1054.0,artificial_jewellery,video_20260404_120254,frame_003300.jpg,003300,heuristic
small_object_proposal,-1,1.0,1021.0,962.0,1123.0,999.0,artificial_jewellery,video_20260404_120254,frame_003300.jpg,003300,heuristic
small_object_proposal,-1,1.0,12.0,765.0,83.0,807.0,artificial_jewellery,video_20260404_120254,frame_003300.jpg,003300,heuristic
small_object_proposal,-1,1.0,706.0,531.0,765.0,580.0,artificial_jewellery,video_20260404_120254,frame_003300.jpg,003300,heuristic
small_object_proposal,-1,1.0,904.0,729.0,958.0,781.0,artificial_jewellery,video_20260404_120254,frame_003300.jpg,003300,heuristic
small_object_proposal,-1,1.0,1733.0,844.0,1812.0,877.0,artificial_jewellery,video_20260404_120254,frame_003300.jpg,003300,heuristic
small_object_proposal,-1,1.0,1061.0,281.0,1106.0,338.0,artificial_jewellery,video_20260404_120254,frame_003300.jpg,003300,heuristic
small_object_proposal,-1,1.0,1685.0,890.0,1717.0,969.0,artificial_jewellery,video_20260404_120254,frame_003300.jpg,003300,heuristic
small_object_proposal,-1,1.0,1025.0,781.0,1082.0,824.0,artificial_jewellery,video_20260404_120254,frame_003300.jpg,003300,heuristic
small_object_proposal,-1,1.0,1408.0,849.0,1432.0,939.0,artificial_jewellery,video_20260404_120254,frame_003300.jpg,003300,heuristic
small_object_proposal,-1,1.0,1455.0,444.0,1497.0,495.0,artificial_jewellery,video_20260404_120254,frame_003300.jpg,003300,heuristic
small_object_proposal,-1,1.0,1794.0,763.0,1841.0,808.0,artificial_jewellery,video_20260404_120254,frame_003300.jpg,003300,heuristic
small_object_proposal,-1,1.0,1578.0,936.0,1621.0,985.0,artificial_jewellery,video_20260404_120254,frame_003300.jpg,003300,heuristic
small_object_proposal,-1,1.0,1390.0,358.0,1423.0,420.0,artificial_jewellery,video_20260404_120254,frame_003300.jpg,003300,heuristic
small_object_proposal,-1,1.0,1724.0,917.0,1760.0,971.0,artificial_jewellery,video_20260404_120254,frame_003300.jpg,003300,heuristic
small_object_proposal,-1,1.0,1860.0,337.0,1906.0,379.0,artificial_jewellery,video_20260404_120254,frame_003300.jpg,003300,heuristic
small_object_proposal,-1,1.0,188.0,71.0,226.0,120.0,artificial_jewellery,video_20260404_120254,frame_003300.jpg,003300,heuristic
small_object_proposal,-1,1.0,1043.0,1003.0,1097.0,1037.0,artificial_jewellery,video_20260404_120254,frame_003300.jpg,003300,heuristic
small_object_proposal,-1,1.0,100.0,840.0,132.0,897.0,artificial_jewellery,video_20260404_120254,frame_003300.jpg,003300,heuristic
small_object_proposal,-1,1.0,807.0,784.0,845.0,832.0,artificial_jewellery,video_20260404_120254,frame_003300.jpg,003300,heuristic
small_object_proposal,-1,1.0,9.0,731.0,46.0,780.0,artificial_jewellery,video_20260404_120254,frame_003300.jpg,003300,heuristic
small_object_proposal,-1,1.0,1161.0,313.0,1206.0,352.0,artificial_jewellery,video_20260404_120254,frame_003300.jpg,003300,heuristic
small_object_proposal,-1,1.0,413.0,665.0,436.0,739.0,artificial_jewellery,video_20260404_120254,frame_003300.jpg,003300,heuristic
small_object_proposal,-1,1.0,1173.0,257.0,1201.0,317.0,artificial_jewellery,video_20260404_120254,frame_003300.jpg,003300,heuristic
small_object_proposal,-1,1.0,969.0,780.0,1004.0,826.0,artificial_jewellery,video_20260404_120254,frame_003300.jpg,003300,heuristic
small_object_proposal,-1,1.0,1767.0,524.0,1792.0,588.0,artificial_jewellery,video_20260404_120254,frame_003300.jpg,003300,heuristic
small_object_proposal,-1,1.0,53.0,417.0,91.0,459.0,artificial_jewellery,video_20260404_120254,frame_003300.jpg,003300,heuristic
small_object_proposal,-1,1.0,1851.0,380.0,1875.0,445.0,artificial_jewellery,video_20260404_120254,frame_003300.jpg,003300,heuristic
person,0,0.7714158892631531,421.3499755859375,136.69683837890625,1761.600341796875,1068.90283203125,artificial_jewellery,video_20260404_120254,frame_003330.jpg,003330,yolo
small_object_proposal,-1,1.0,786.0,313.0,848.0,390.0,artificial_jewellery,video_20260404_120254,frame_003330.jpg,003330,heuristic
small_object_proposal,-1,1.0,1225.0,359.0,1331.0,404.0,artificial_jewellery,video_20260404_120254,frame_003330.jpg,003330,heuristic
small_object_proposal,-1,1.0,864.0,769.0,932.0,832.0,artificial_jewellery,video_20260404_120254,frame_003330.jpg,003330,heuristic
small_object_proposal,-1,1.0,445.0,585.0,548.0,620.0,artificial_jewellery,video_20260404_120254,frame_003330.jpg,003330,heuristic
small_object_proposal,-1,1.0,1787.0,240.0,1833.0,316.0,artificial_jewellery,video_20260404_120254,frame_003330.jpg,003330,heuristic
small_object_proposal,-1,1.0,690.0,525.0,758.0,573.0,artificial_jewellery,video_20260404_120254,frame_003330.jpg,003330,heuristic
small_object_proposal,-1,1.0,1070.0,448.0,1145.0,488.0,artificial_jewellery,video_20260404_120254,frame_003330.jpg,003330,heuristic
small_object_proposal,-1,1.0,1009.0,766.0,1069.0,815.0,artificial_jewellery,video_20260404_120254,frame_003330.jpg,003330,heuristic
small_object_proposal,-1,1.0,1334.0,340.0,1388.0,392.0,artificial_jewellery,video_20260404_120254,frame_003330.jpg,003330,heuristic
small_object_proposal,-1,1.0,380.0,932.0,431.0,987.0,artificial_jewellery,video_20260404_120254,frame_003330.jpg,003330,heuristic
small_object_proposal,-1,1.0,758.0,534.0,808.0,589.0,artificial_jewellery,video_20260404_120254,frame_003330.jpg,003330,heuristic
small_object_proposal,-1,1.0,165.0,999.0,211.0,1054.0,artificial_jewellery,video_20260404_120254,frame_003330.jpg,003330,heuristic
small_object_proposal,-1,1.0,551.0,584.0,633.0,614.0,artificial_jewellery,video_20260404_120254,frame_003330.jpg,003330,heuristic
small_object_proposal,-1,1.0,781.0,830.0,817.0,893.0,artificial_jewellery,video_20260404_120254,frame_003330.jpg,003330,heuristic
small_object_proposal,-1,1.0,3.0,203.0,50.0,249.0,artificial_jewellery,video_20260404_120254,frame_003330.jpg,003330,heuristic
small_object_proposal,-1,1.0,1085.0,327.0,1151.0,359.0,artificial_jewellery,video_20260404_120254,frame_003330.jpg,003330,heuristic
small_object_proposal,-1,1.0,1032.0,987.0,1087.0,1025.0,artificial_jewellery,video_20260404_120254,frame_003330.jpg,003330,heuristic
small_object_proposal,-1,1.0,1706.0,894.0,1744.0,949.0,artificial_jewellery,video_20260404_120254,frame_003330.jpg,003330,heuristic
small_object_proposal,-1,1.0,1445.0,784.0,1474.0,856.0,artificial_jewellery,video_20260404_120254,frame_003330.jpg,003330,heuristic
small_object_proposal,-1,1.0,485.0,729.0,525.0,777.0,artificial_jewellery,video_20260404_120254,frame_003330.jpg,003330,heuristic
small_object_proposal,-1,1.0,1057.0,964.0,1143.0,986.0,artificial_jewellery,video_20260404_120254,frame_003330.jpg,003330,heuristic
small_object_proposal,-1,1.0,396.0,621.0,443.0,660.0,artificial_jewellery,video_20260404_120254,frame_003330.jpg,003330,heuristic
small_object_proposal,-1,1.0,165.0,71.0,204.0,118.0,artificial_jewellery,video_20260404_120254,frame_003330.jpg,003330,heuristic
small_object_proposal,-1,1.0,1299.0,253.0,1356.0,284.0,artificial_jewellery,video_20260404_120254,frame_003330.jpg,003330,heuristic
small_object_proposal,-1,1.0,1836.0,320.0,1873.0,362.0,artificial_jewellery,video_20260404_120254,frame_003330.jpg,003330,heuristic
small_object_proposal,-1,1.0,1143.0,719.0,1176.0,766.0,artificial_jewellery,video_20260404_120254,frame_003330.jpg,003330,heuristic
small_object_proposal,-1,1.0,70.0,858.0,114.0,893.0,artificial_jewellery,video_20260404_120254,frame_003330.jpg,003330,heuristic
small_object_proposal,-1,1.0,652.0,479.0,669.0,566.0,artificial_jewellery,video_20260404_120254,frame_003330.jpg,003330,heuristic
small_object_proposal,-1,1.0,948.0,754.0,979.0,798.0,artificial_jewellery,video_20260404_120254,frame_003330.jpg,003330,heuristic
small_object_proposal,-1,1.0,725.0,968.0,759.0,1008.0,artificial_jewellery,video_20260404_120254,frame_003330.jpg,003330,heuristic
person,0,0.7783096432685852,310.8436279296875,73.41705322265625,1751.802001953125,1066.352294921875,artificial_jewellery,video_20260404_120254,frame_003360.jpg,003360,yolo
small_object_proposal,-1,1.0,1397.0,157.0,1445.0,259.0,artificial_jewellery,video_20260404_120254,frame_003360.jpg,003360,heuristic
small_object_proposal,-1,1.0,1300.0,960.0,1358.0,1043.0,artificial_jewellery,video_20260404_120254,frame_003360.jpg,003360,heuristic
small_object_proposal,-1,1.0,1360.0,655.0,1409.0,750.0,artificial_jewellery,video_20260404_120254,frame_003360.jpg,003360,heuristic
small_object_proposal,-1,1.0,1260.0,116.0,1363.0,158.0,artificial_jewellery,video_20260404_120254,frame_003360.jpg,003360,heuristic
small_object_proposal,-1,1.0,1809.0,105.0,1902.0,151.0,artificial_jewellery,video_20260404_120254,frame_003360.jpg,003360,heuristic
small_object_proposal,-1,1.0,1108.0,805.0,1166.0,877.0,artificial_jewellery,video_20260404_120254,frame_003360.jpg,003360,heuristic
small_object_proposal,-1,1.0,778.0,793.0,825.0,875.0,artificial_jewellery,video_20260404_120254,frame_003360.jpg,003360,heuristic
small_object_proposal,-1,1.0,1593.0,986.0,1661.0,1042.0,artificial_jewellery,video_20260404_120254,frame_003360.jpg,003360,heuristic
small_object_proposal,-1,1.0,496.0,620.0,549.0,691.0,artificial_jewellery,video_20260404_120254,frame_003360.jpg,003360,heuristic
small_object_proposal,-1,1.0,1172.0,249.0,1245.0,299.0,artificial_jewellery,video_20260404_120254,frame_003360.jpg,003360,heuristic
small_object_proposal,-1,1.0,999.0,760.0,1059.0,818.0,artificial_jewellery,video_20260404_120254,frame_003360.jpg,003360,heuristic
small_object_proposal,-1,1.0,1404.0,791.0,1440.0,881.0,artificial_jewellery,video_20260404_120254,frame_003360.jpg,003360,heuristic
small_object_proposal,-1,1.0,1643.0,854.0,1678.0,935.0,artificial_jewellery,video_20260404_120254,frame_003360.jpg,003360,heuristic
small_object_proposal,-1,1.0,953.0,769.0,1003.0,825.0,artificial_jewellery,video_20260404_120254,frame_003360.jpg,003360,heuristic
small_object_proposal,-1,1.0,1443.0,395.0,1480.0,468.0,artificial_jewellery,video_20260404_120254,frame_003360.jpg,003360,heuristic
small_object_proposal,-1,1.0,1296.0,330.0,1342.0,388.0,artificial_jewellery,video_20260404_120254,frame_003360.jpg,003360,heuristic
small_object_proposal,-1,1.0,1184.0,756.0,1224.0,822.0,artificial_jewellery,video_20260404_120254,frame_003360.jpg,003360,heuristic
small_object_proposal,-1,1.0,982.0,538.0,1040.0,583.0,artificial_jewellery,video_20260404_120254,frame_003360.jpg,003360,heuristic
small_object_proposal,-1,1.0,856.0,730.0,902.0,786.0,artificial_jewellery,video_20260404_120254,frame_003360.jpg,003360,heuristic
small_object_proposal,-1,1.0,1791.0,233.0,1823.0,312.0,artificial_jewellery,video_20260404_120254,frame_003360.jpg,003360,heuristic
small_object_proposal,-1,1.0,1161.0,498.0,1254.0,523.0,artificial_jewellery,video_20260404_120254,frame_003360.jpg,003360,heuristic
small_object_proposal,-1,1.0,961.0,767.0,1007.0,815.0,artificial_jewellery,video_20260404_120254,frame_003360.jpg,003360,heuristic
small_object_proposal,-1,1.0,776.0,312.0,818.0,363.0,artificial_jewellery,video_20260404_120254,frame_003360.jpg,003360,heuristic
small_object_proposal,-1,1.0,1399.0,232.0,1435.0,291.0,artificial_jewellery,video_20260404_120254,frame_003360.jpg,003360,heuristic
small_object_proposal,-1,1.0,1072.0,284.0,1116.0,331.0,artificial_jewellery,video_20260404_120254,frame_003360.jpg,003360,heuristic
small_object_proposal,-1,1.0,1673.0,936.0,1711.0,989.0,artificial_jewellery,video_20260404_120254,frame_003360.jpg,003360,heuristic
small_object_proposal,-1,1.0,1239.0,959.0,1288.0,1000.0,artificial_jewellery,video_20260404_120254,frame_003360.jpg,003360,heuristic
small_object_proposal,-1,1.0,976.0,112.0,1000.0,188.0,artificial_jewellery,video_20260404_120254,frame_003360.jpg,003360,heuristic
small_object_proposal,-1,1.0,162.0,78.0,198.0,126.0,artificial_jewellery,video_20260404_120254,frame_003360.jpg,003360,heuristic
small_object_proposal,-1,1.0,1053.0,766.0,1103.0,800.0,artificial_jewellery,video_20260404_120254,frame_003360.jpg,003360,heuristic
person,0,0.7069063782691956,411.71044921875,158.5931396484375,1733.4825439453125,1068.724853515625,artificial_jewellery,video_20260404_120254,frame_003420.jpg,003420,yolo
small_object_proposal,-1,1.0,1348.0,280.0,1513.0,309.0,artificial_jewellery,video_20260404_120254,frame_003420.jpg,003420,heuristic
small_object_proposal,-1,1.0,1350.0,679.0,1399.0,770.0,artificial_jewellery,video_20260404_120254,frame_003420.jpg,003420,heuristic
small_object_proposal,-1,1.0,1221.0,434.0,1266.0,528.0,artificial_jewellery,video_20260404_120254,frame_003420.jpg,003420,heuristic
small_object_proposal,-1,1.0,997.0,777.0,1064.0,838.0,artificial_jewellery,video_20260404_120254,frame_003420.jpg,003420,heuristic
small_object_proposal,-1,1.0,1728.0,338.0,1806.0,388.0,artificial_jewellery,video_20260404_120254,frame_003420.jpg,003420,heuristic
small_object_proposal,-1,1.0,1293.0,424.0,1343.0,494.0,artificial_jewellery,video_20260404_120254,frame_003420.jpg,003420,heuristic
small_object_proposal,-1,1.0,1736.0,901.0,1795.0,960.0,artificial_jewellery,video_20260404_120254,frame_003420.jpg,003420,heuristic
small_object_proposal,-1,1.0,1639.0,11.0,1704.0,63.0,artificial_jewellery,video_20260404_120254,frame_003420.jpg,003420,heuristic
small_object_proposal,-1,1.0,1607.0,366.0,1720.0,395.0,artificial_jewellery,video_20260404_120254,frame_003420.jpg,003420,heuristic
small_object_proposal,-1,1.0,749.0,552.0,801.0,608.0,artificial_jewellery,video_20260404_120254,frame_003420.jpg,003420,heuristic
small_object_proposal,-1,1.0,914.0,241.0,971.0,290.0,artificial_jewellery,video_20260404_120254,frame_003420.jpg,003420,heuristic
small_object_proposal,-1,1.0,1111.0,937.0,1196.0,966.0,artificial_jewellery,video_20260404_120254,frame_003420.jpg,003420,heuristic
small_object_proposal,-1,1.0,1586.0,882.0,1614.0,963.0,artificial_jewellery,video_20260404_120254,frame_003420.jpg,003420,heuristic
small_object_proposal,-1,1.0,1491.0,457.0,1546.0,497.0,artificial_jewellery,video_20260404_120254,frame_003420.jpg,003420,heuristic
small_object_proposal,-1,1.0,1807.0,315.0,1850.0,366.0,artificial_jewellery,video_20260404_120254,frame_003420.jpg,003420,heuristic
small_object_proposal,-1,1.0,1578.0,449.0,1658.0,475.0,artificial_jewellery,video_20260404_120254,frame_003420.jpg,003420,heuristic
small_object_proposal,-1,1.0,477.0,1026.0,519.0,1075.0,artificial_jewellery,video_20260404_120254,frame_003420.jpg,003420,heuristic
small_object_proposal,-1,1.0,1761.0,237.0,1801.0,288.0,artificial_jewellery,video_20260404_120254,frame_003420.jpg,003420,heuristic
small_object_proposal,-1,1.0,1127.0,717.0,1163.0,773.0,artificial_jewellery,video_20260404_120254,frame_003420.jpg,003420,heuristic
small_object_proposal,-1,1.0,279.0,1010.0,348.0,1039.0,artificial_jewellery,video_20260404_120254,frame_003420.jpg,003420,heuristic
small_object_proposal,-1,1.0,1469.0,438.0,1522.0,475.0,artificial_jewellery,video_20260404_120254,frame_003420.jpg,003420,heuristic
small_object_proposal,-1,1.0,1480.0,387.0,1555.0,413.0,artificial_jewellery,video_20260404_120254,frame_003420.jpg,003420,heuristic
small_object_proposal,-1,1.0,1040.0,996.0,1084.0,1039.0,artificial_jewellery,video_20260404_120254,frame_003420.jpg,003420,heuristic
small_object_proposal,-1,1.0,1288.0,588.0,1358.0,615.0,artificial_jewellery,video_20260404_120254,frame_003420.jpg,003420,heuristic
small_object_proposal,-1,1.0,790.0,886.0,810.0,980.0,artificial_jewellery,video_20260404_120254,frame_003420.jpg,003420,heuristic
small_object_proposal,-1,1.0,146.0,111.0,185.0,159.0,artificial_jewellery,video_20260404_120254,frame_003420.jpg,003420,heuristic
small_object_proposal,-1,1.0,1772.0,255.0,1799.0,323.0,artificial_jewellery,video_20260404_120254,frame_003420.jpg,003420,heuristic
small_object_proposal,-1,1.0,1394.0,778.0,1409.0,900.0,artificial_jewellery,video_20260404_120254,frame_003420.jpg,003420,heuristic
small_object_proposal,-1,1.0,388.0,680.0,411.0,759.0,artificial_jewellery,video_20260404_120254,frame_003420.jpg,003420,heuristic
small_object_proposal,-1,1.0,1641.0,856.0,1670.0,918.0,artificial_jewellery,video_20260404_120254,frame_003420.jpg,003420,heuristic
person,0,0.7567543387413025,499.8714599609375,315.19390869140625,1643.4346923828125,1064.601806640625,artificial_jewellery,video_20260404_120254,frame_003510.jpg,003510,yolo
small_object_proposal,-1,1.0,975.0,760.0,1041.0,826.0,artificial_jewellery,video_20260404_120254,frame_003510.jpg,003510,heuristic
small_object_proposal,-1,1.0,1295.0,1008.0,1364.0,1070.0,artificial_jewellery,video_20260404_120254,frame_003510.jpg,003510,heuristic
small_object_proposal,-1,1.0,919.0,707.0,992.0,761.0,artificial_jewellery,video_20260404_120254,frame_003510.jpg,003510,heuristic
small_object_proposal,-1,1.0,1308.0,375.0,1394.0,418.0,artificial_jewellery,video_20260404_120254,frame_003510.jpg,003510,heuristic
small_object_proposal,-1,1.0,1530.0,504.0,1578.0,579.0,artificial_jewellery,video_20260404_120254,frame_003510.jpg,003510,heuristic
small_object_proposal,-1,1.0,1795.0,940.0,1860.0,994.0,artificial_jewellery,video_20260404_120254,frame_003510.jpg,003510,heuristic
small_object_proposal,-1,1.0,1054.0,837.0,1121.0,880.0,artificial_jewellery,video_20260404_120254,frame_003510.jpg,003510,heuristic
small_object_proposal,-1,1.0,824.0,896.0,855.0,984.0,artificial_jewellery,video_20260404_120254,frame_003510.jpg,003510,heuristic
small_object_proposal,-1,1.0,1485.0,538.0,1563.0,572.0,artificial_jewellery,video_20260404_120254,frame_003510.jpg,003510,heuristic
small_object_proposal,-1,1.0,1325.0,600.0,1356.0,679.0,artificial_jewellery,video_20260404_120254,frame_003510.jpg,003510,heuristic
small_object_proposal,-1,1.0,1191.0,539.0,1234.0,590.0,artificial_jewellery,video_20260404_120254,frame_003510.jpg,003510,heuristic
small_object_proposal,-1,1.0,1110.0,1007.0,1166.0,1044.0,artificial_jewellery,video_20260404_120254,frame_003510.jpg,003510,heuristic
small_object_proposal,-1,1.0,1836.0,774.0,1892.0,809.0,artificial_jewellery,video_20260404_120254,frame_003510.jpg,003510,heuristic
small_object_proposal,-1,1.0,1133.0,349.0,1174.0,392.0,artificial_jewellery,video_20260404_120254,frame_003510.jpg,003510,heuristic
small_object_proposal,-1,1.0,1100.0,467.0,1133.0,518.0,artificial_jewellery,video_20260404_120254,frame_003510.jpg,003510,heuristic
small_object_proposal,-1,1.0,1416.0,682.0,1441.0,748.0,artificial_jewellery,video_20260404_120254,frame_003510.jpg,003510,heuristic
small_object_proposal,-1,1.0,930.0,698.0,979.0,731.0,artificial_jewellery,video_20260404_120254,frame_003510.jpg,003510,heuristic
small_object_proposal,-1,1.0,20.0,895.0,61.0,934.0,artificial_jewellery,video_20260404_120254,frame_003510.jpg,003510,heuristic
small_object_proposal,-1,1.0,1298.0,507.0,1328.0,560.0,artificial_jewellery,video_20260404_120254,frame_003510.jpg,003510,heuristic
small_object_proposal,-1,1.0,1187.0,325.0,1221.0,371.0,artificial_jewellery,video_20260404_120254,frame_003510.jpg,003510,heuristic
small_object_proposal,-1,1.0,1806.0,515.0,1830.0,579.0,artificial_jewellery,video_20260404_120254,frame_003510.jpg,003510,heuristic
small_object_proposal,-1,1.0,1723.0,926.0,1751.0,980.0,artificial_jewellery,video_20260404_120254,frame_003510.jpg,003510,heuristic
small_object_proposal,-1,1.0,1811.0,888.0,1838.0,939.0,artificial_jewellery,video_20260404_120254,frame_003510.jpg,003510,heuristic
small_object_proposal,-1,1.0,1871.0,252.0,1897.0,303.0,artificial_jewellery,video_20260404_120254,frame_003510.jpg,003510,heuristic
small_object_proposal,-1,1.0,97.0,297.0,142.0,323.0,artificial_jewellery,video_20260404_120254,frame_003510.jpg,003510,heuristic
small_object_proposal,-1,1.0,1537.0,675.0,1559.0,728.0,artificial_jewellery,video_20260404_120254,frame_003510.jpg,003510,heuristic
small_object_proposal,-1,1.0,601.0,862.0,633.0,897.0,artificial_jewellery,video_20260404_120254,frame_003510.jpg,003510,heuristic
small_object_proposal,-1,1.0,1212.0,596.0,1239.0,637.0,artificial_jewellery,video_20260404_120254,frame_003510.jpg,003510,heuristic
small_object_proposal,-1,1.0,553.0,713.0,598.0,737.0,artificial_jewellery,video_20260404_120254,frame_003510.jpg,003510,heuristic
small_object_proposal,-1,1.0,903.0,473.0,938.0,502.0,artificial_jewellery,video_20260404_120254,frame_003510.jpg,003510,heuristic
person,0,0.7955846786499023,473.5331115722656,261.4316711425781,1783.447998046875,1068.0,artificial_jewellery,video_20260404_120254,frame_003540.jpg,003540,yolo
small_object_proposal,-1,1.0,1366.0,506.0,1485.0,548.0,artificial_jewellery,video_20260404_120254,frame_003540.jpg,003540,heuristic
small_object_proposal,-1,1.0,976.0,592.0,1059.0,650.0,artificial_jewellery,video_20260404_120254,frame_003540.jpg,003540,heuristic
small_object_proposal,-1,1.0,1338.0,342.0,1427.0,396.0,artificial_jewellery,video_20260404_120254,frame_003540.jpg,003540,heuristic
small_object_proposal,-1,1.0,1108.0,980.0,1213.0,1024.0,artificial_jewellery,video_20260404_120254,frame_003540.jpg,003540,heuristic
small_object_proposal,-1,1.0,869.0,305.0,913.0,390.0,artificial_jewellery,video_20260404_120254,frame_003540.jpg,003540,heuristic
small_object_proposal,-1,1.0,940.0,669.0,1001.0,729.0,artificial_jewellery,video_20260404_120254,frame_003540.jpg,003540,heuristic
small_object_proposal,-1,1.0,1726.0,907.0,1772.0,986.0,artificial_jewellery,video_20260404_120254,frame_003540.jpg,003540,heuristic
small_object_proposal,-1,1.0,480.0,766.0,527.0,841.0,artificial_jewellery,video_20260404_120254,frame_003540.jpg,003540,heuristic
small_object_proposal,-1,1.0,1078.0,813.0,1152.0,858.0,artificial_jewellery,video_20260404_120254,frame_003540.jpg,003540,heuristic
small_object_proposal,-1,1.0,612.0,728.0,682.0,775.0,artificial_jewellery,video_20260404_120254,frame_003540.jpg,003540,heuristic
small_object_proposal,-1,1.0,1432.0,949.0,1466.0,1038.0,artificial_jewellery,video_20260404_120254,frame_003540.jpg,003540,heuristic
small_object_proposal,-1,1.0,1016.0,756.0,1073.0,807.0,artificial_jewellery,video_20260404_120254,frame_003540.jpg,003540,heuristic
small_object_proposal,-1,1.0,457.0,861.0,513.0,910.0,artificial_jewellery,video_20260404_120254,frame_003540.jpg,003540,heuristic
small_object_proposal,-1,1.0,1815.0,978.0,1860.0,1037.0,artificial_jewellery,video_20260404_120254,frame_003540.jpg,003540,heuristic
small_object_proposal,-1,1.0,1798.0,881.0,1829.0,966.0,artificial_jewellery,video_20260404_120254,frame_003540.jpg,003540,heuristic
small_object_proposal,-1,1.0,1830.0,927.0,1879.0,973.0,artificial_jewellery,video_20260404_120254,frame_003540.jpg,003540,heuristic
small_object_proposal,-1,1.0,1204.0,298.0,1254.0,343.0,artificial_jewellery,video_20260404_120254,frame_003540.jpg,003540,heuristic
small_object_proposal,-1,1.0,298.0,1030.0,350.0,1072.0,artificial_jewellery,video_20260404_120254,frame_003540.jpg,003540,heuristic
small_object_proposal,-1,1.0,1272.0,543.0,1320.0,588.0,artificial_jewellery,video_20260404_120254,frame_003540.jpg,003540,heuristic
small_object_proposal,-1,1.0,1330.0,980.0,1370.0,1031.0,artificial_jewellery,video_20260404_120254,frame_003540.jpg,003540,heuristic
small_object_proposal,-1,1.0,426.0,762.0,462.0,818.0,artificial_jewellery,video_20260404_120254,frame_003540.jpg,003540,heuristic
small_object_proposal,-1,1.0,964.0,469.0,1030.0,497.0,artificial_jewellery,video_20260404_120254,frame_003540.jpg,003540,heuristic
small_object_proposal,-1,1.0,44.0,850.0,84.0,896.0,artificial_jewellery,video_20260404_120254,frame_003540.jpg,003540,heuristic
small_object_proposal,-1,1.0,1121.0,743.0,1153.0,800.0,artificial_jewellery,video_20260404_120254,frame_003540.jpg,003540,heuristic
small_object_proposal,-1,1.0,6.0,826.0,41.0,878.0,artificial_jewellery,video_20260404_120254,frame_003540.jpg,003540,heuristic
small_object_proposal,-1,1.0,1865.0,759.0,1917.0,794.0,artificial_jewellery,video_20260404_120254,frame_003540.jpg,003540,heuristic
small_object_proposal,-1,1.0,1161.0,320.0,1202.0,363.0,artificial_jewellery,video_20260404_120254,frame_003540.jpg,003540,heuristic
small_object_proposal,-1,1.0,848.0,866.0,872.0,935.0,artificial_jewellery,video_20260404_120254,frame_003540.jpg,003540,heuristic
small_object_proposal,-1,1.0,5.0,500.0,55.0,530.0,artificial_jewellery,video_20260404_120254,frame_003540.jpg,003540,heuristic
small_object_proposal,-1,1.0,1833.0,872.0,1860.0,925.0,artificial_jewellery,video_20260404_120254,frame_003540.jpg,003540,heuristic
person,0,0.7061195969581604,530.7725830078125,336.2774963378906,1671.292236328125,1066.9705810546875,artificial_jewellery,video_20260404_120254,frame_003570.jpg,003570,yolo
small_object_proposal,-1,1.0,589.0,736.0,649.0,819.0,artificial_jewellery,video_20260404_120254,frame_003570.jpg,003570,heuristic
small_object_proposal,-1,1.0,898.0,369.0,959.0,450.0,artificial_jewellery,video_20260404_120254,frame_003570.jpg,003570,heuristic
small_object_proposal,-1,1.0,1380.0,423.0,1469.0,476.0,artificial_jewellery,video_20260404_120254,frame_003570.jpg,003570,heuristic
small_object_proposal,-1,1.0,1015.0,645.0,1101.0,697.0,artificial_jewellery,video_20260404_120254,frame_003570.jpg,003570,heuristic
small_object_proposal,-1,1.0,1353.0,651.0,1401.0,742.0,artificial_jewellery,video_20260404_120254,frame_003570.jpg,003570,heuristic
small_object_proposal,-1,1.0,613.0,705.0,698.0,751.0,artificial_jewellery,video_20260404_120254,frame_003570.jpg,003570,heuristic
small_object_proposal,-1,1.0,965.0,731.0,1024.0,797.0,artificial_jewellery,video_20260404_120254,frame_003570.jpg,003570,heuristic
small_object_proposal,-1,1.0,57.0,252.0,106.0,309.0,artificial_jewellery,video_20260404_120254,frame_003570.jpg,003570,heuristic
small_object_proposal,-1,1.0,1625.0,1018.0,1667.0,1072.0,artificial_jewellery,video_20260404_120254,frame_003570.jpg,003570,heuristic
small_object_proposal,-1,1.0,865.0,908.0,890.0,996.0,artificial_jewellery,video_20260404_120254,frame_003570.jpg,003570,heuristic
small_object_proposal,-1,1.0,484.0,875.0,530.0,922.0,artificial_jewellery,video_20260404_120254,frame_003570.jpg,003570,heuristic
small_object_proposal,-1,1.0,1248.0,368.0,1295.0,414.0,artificial_jewellery,video_20260404_120254,frame_003570.jpg,003570,heuristic
small_object_proposal,-1,1.0,643.0,773.0,703.0,806.0,artificial_jewellery,video_20260404_120254,frame_003570.jpg,003570,heuristic
small_object_proposal,-1,1.0,1470.0,775.0,1498.0,843.0,artificial_jewellery,video_20260404_120254,frame_003570.jpg,003570,heuristic
small_object_proposal,-1,1.0,954.0,547.0,1005.0,584.0,artificial_jewellery,video_20260404_120254,frame_003570.jpg,003570,heuristic
small_object_proposal,-1,1.0,1584.0,525.0,1667.0,547.0,artificial_jewellery,video_20260404_120254,frame_003570.jpg,003570,heuristic
small_object_proposal,-1,1.0,85.0,838.0,123.0,886.0,artificial_jewellery,video_20260404_120254,frame_003570.jpg,003570,heuristic
small_object_proposal,-1,1.0,1206.0,387.0,1246.0,430.0,artificial_jewellery,video_20260404_120254,frame_003570.jpg,003570,heuristic
small_object_proposal,-1,1.0,1275.0,651.0,1303.0,705.0,artificial_jewellery,video_20260404_120254,frame_003570.jpg,003570,heuristic
small_object_proposal,-1,1.0,1295.0,452.0,1332.0,490.0,artificial_jewellery,video_20260404_120254,frame_003570.jpg,003570,heuristic
small_object_proposal,-1,1.0,62.0,636.0,102.0,671.0,artificial_jewellery,video_20260404_120254,frame_003570.jpg,003570,heuristic
small_object_proposal,-1,1.0,512.0,143.0,565.0,169.0,artificial_jewellery,video_20260404_120254,frame_003570.jpg,003570,heuristic
small_object_proposal,-1,1.0,1464.0,709.0,1508.0,738.0,artificial_jewellery,video_20260404_120254,frame_003570.jpg,003570,heuristic
small_object_proposal,-1,1.0,154.0,256.0,181.0,299.0,artificial_jewellery,video_20260404_120254,frame_003570.jpg,003570,heuristic
small_object_proposal,-1,1.0,83.0,647.0,107.0,693.0,artificial_jewellery,video_20260404_120254,frame_003570.jpg,003570,heuristic
small_object_proposal,-1,1.0,1781.0,1009.0,1807.0,1050.0,artificial_jewellery,video_20260404_120254,frame_003570.jpg,003570,heuristic
small_object_proposal,-1,1.0,142.0,948.0,177.0,977.0,artificial_jewellery,video_20260404_120254,frame_003570.jpg,003570,heuristic
small_object_proposal,-1,1.0,1177.0,641.0,1210.0,671.0,artificial_jewellery,video_20260404_120254,frame_003570.jpg,003570,heuristic
small_object_proposal,-1,1.0,1260.0,495.0,1285.0,533.0,artificial_jewellery,video_20260404_120254,frame_003570.jpg,003570,heuristic
small_object_proposal,-1,1.0,25.0,885.0,52.0,920.0,artificial_jewellery,video_20260404_120254,frame_003570.jpg,003570,heuristic
person,0,0.5941987037658691,415.237060546875,342.5779724121094,1761.6925048828125,1067.7218017578125,artificial_jewellery,video_20260404_120254,frame_003600.jpg,003600,yolo
cell phone,67,0.45658621191978455,199.7486572265625,863.924560546875,433.8746337890625,1078.2176513671875,artificial_jewellery,video_20260404_120254,frame_003600.jpg,003600,yolo
small_object_proposal,-1,1.0,1519.0,657.0,1582.0,734.0,artificial_jewellery,video_20260404_120254,frame_003600.jpg,003600,heuristic
small_object_proposal,-1,1.0,1002.0,797.0,1068.0,857.0,artificial_jewellery,video_20260404_120254,frame_003600.jpg,003600,heuristic
small_object_proposal,-1,1.0,1046.0,412.0,1110.0,472.0,artificial_jewellery,video_20260404_120254,frame_003600.jpg,003600,heuristic
small_object_proposal,-1,1.0,823.0,638.0,902.0,684.0,artificial_jewellery,video_20260404_120254,frame_003600.jpg,003600,heuristic
small_object_proposal,-1,1.0,1125.0,377.0,1178.0,438.0,artificial_jewellery,video_20260404_120254,frame_003600.jpg,003600,heuristic
small_object_proposal,-1,1.0,496.0,989.0,539.0,1064.0,artificial_jewellery,video_20260404_120254,frame_003600.jpg,003600,heuristic
small_object_proposal,-1,1.0,569.0,953.0,621.0,1013.0,artificial_jewellery,video_20260404_120254,frame_003600.jpg,003600,heuristic
small_object_proposal,-1,1.0,1548.0,767.0,1600.0,827.0,artificial_jewellery,video_20260404_120254,frame_003600.jpg,003600,heuristic
small_object_proposal,-1,1.0,820.0,665.0,861.0,740.0,artificial_jewellery,video_20260404_120254,frame_003600.jpg,003600,heuristic
small_object_proposal,-1,1.0,90.0,63.0,147.0,113.0,artificial_jewellery,video_20260404_120254,frame_003600.jpg,003600,heuristic
small_object_proposal,-1,1.0,17.0,7.0,75.0,52.0,artificial_jewellery,video_20260404_120254,frame_003600.jpg,003600,heuristic
small_object_proposal,-1,1.0,2.0,34.0,50.0,84.0,artificial_jewellery,video_20260404_120254,frame_003600.jpg,003600,heuristic
small_object_proposal,-1,1.0,928.0,1019.0,974.0,1070.0,artificial_jewellery,video_20260404_120254,frame_003600.jpg,003600,heuristic
small_object_proposal,-1,1.0,1494.0,489.0,1546.0,527.0,artificial_jewellery,video_20260404_120254,frame_003600.jpg,003600,heuristic
small_object_proposal,-1,1.0,1340.0,623.0,1377.0,675.0,artificial_jewellery,video_20260404_120254,frame_003600.jpg,003600,heuristic
small_object_proposal,-1,1.0,165.0,575.0,200.0,621.0,artificial_jewellery,video_20260404_120254,frame_003600.jpg,003600,heuristic
small_object_proposal,-1,1.0,762.0,740.0,787.0,800.0,artificial_jewellery,video_20260404_120254,frame_003600.jpg,003600,heuristic
small_object_proposal,-1,1.0,1282.0,662.0,1319.0,701.0,artificial_jewellery,video_20260404_120254,frame_003600.jpg,003600,heuristic
small_object_proposal,-1,1.0,305.0,688.0,335.0,736.0,artificial_jewellery,video_20260404_120254,frame_003600.jpg,003600,heuristic
small_object_proposal,-1,1.0,873.0,706.0,916.0,738.0,artificial_jewellery,video_20260404_120254,frame_003600.jpg,003600,heuristic
small_object_proposal,-1,1.0,1233.0,394.0,1271.0,428.0,artificial_jewellery,video_20260404_120254,frame_003600.jpg,003600,heuristic
small_object_proposal,-1,1.0,1570.0,999.0,1630.0,1020.0,artificial_jewellery,video_20260404_120254,frame_003600.jpg,003600,heuristic
small_object_proposal,-1,1.0,1359.0,446.0,1384.0,496.0,artificial_jewellery,video_20260404_120254,frame_003600.jpg,003600,heuristic
small_object_proposal,-1,1.0,765.0,472.0,808.0,501.0,artificial_jewellery,video_20260404_120254,frame_003600.jpg,003600,heuristic
small_object_proposal,-1,1.0,170.0,464.0,199.0,506.0,artificial_jewellery,video_20260404_120254,frame_003600.jpg,003600,heuristic
small_object_proposal,-1,1.0,729.0,275.0,772.0,303.0,artificial_jewellery,video_20260404_120254,frame_003600.jpg,003600,heuristic
small_object_proposal,-1,1.0,1156.0,359.0,1190.0,394.0,artificial_jewellery,video_20260404_120254,frame_003600.jpg,003600,heuristic
small_object_proposal,-1,1.0,999.0,599.0,1036.0,630.0,artificial_jewellery,video_20260404_120254,frame_003600.jpg,003600,heuristic
small_object_proposal,-1,1.0,637.0,435.0,692.0,455.0,artificial_jewellery,video_20260404_120254,frame_003600.jpg,003600,heuristic
small_object_proposal,-1,1.0,1803.0,25.0,1869.0,41.0,artificial_jewellery,video_20260404_120254,frame_003600.jpg,003600,heuristic
person,0,0.5771987438201904,501.9407958984375,294.3584289550781,1610.7269287109375,1067.3154296875,artificial_jewellery,video_20260404_120254,frame_003630.jpg,003630,yolo
small_object_proposal,-1,1.0,1827.0,860.0,1903.0,918.0,artificial_jewellery,video_20260404_120254,frame_003630.jpg,003630,heuristic
small_object_proposal,-1,1.0,443.0,760.0,495.0,843.0,artificial_jewellery,video_20260404_120254,frame_003630.jpg,003630,heuristic
small_object_proposal,-1,1.0,962.0,1016.0,1078.0,1050.0,artificial_jewellery,video_20260404_120254,frame_003630.jpg,003630,heuristic
small_object_proposal,-1,1.0,892.0,381.0,950.0,445.0,artificial_jewellery,video_20260404_120254,frame_003630.jpg,003630,heuristic
small_object_proposal,-1,1.0,1043.0,870.0,1112.0,918.0,artificial_jewellery,video_20260404_120254,frame_003630.jpg,003630,heuristic
small_object_proposal,-1,1.0,819.0,400.0,869.0,463.0,artificial_jewellery,video_20260404_120254,frame_003630.jpg,003630,heuristic
small_object_proposal,-1,1.0,1501.0,574.0,1584.0,605.0,artificial_jewellery,video_20260404_120254,frame_003630.jpg,003630,heuristic
small_object_proposal,-1,1.0,1311.0,440.0,1362.0,488.0,artificial_jewellery,video_20260404_120254,frame_003630.jpg,003630,heuristic
small_object_proposal,-1,1.0,1115.0,524.0,1144.0,603.0,artificial_jewellery,video_20260404_120254,frame_003630.jpg,003630,heuristic
small_object_proposal,-1,1.0,36.0,284.0,84.0,329.0,artificial_jewellery,video_20260404_120254,frame_003630.jpg,003630,heuristic
small_object_proposal,-1,1.0,8.0,819.0,48.0,869.0,artificial_jewellery,video_20260404_120254,frame_003630.jpg,003630,heuristic
small_object_proposal,-1,1.0,994.0,314.0,1044.0,351.0,artificial_jewellery,video_20260404_120254,frame_003630.jpg,003630,heuristic
small_object_proposal,-1,1.0,1125.0,403.0,1202.0,425.0,artificial_jewellery,video_20260404_120254,frame_003630.jpg,003630,heuristic
small_object_proposal,-1,1.0,1211.0,1032.0,1263.0,1064.0,artificial_jewellery,video_20260404_120254,frame_003630.jpg,003630,heuristic
small_object_proposal,-1,1.0,1079.0,1011.0,1131.0,1043.0,artificial_jewellery,video_20260404_120254,frame_003630.jpg,003630,heuristic
small_object_proposal,-1,1.0,986.0,815.0,1027.0,854.0,artificial_jewellery,video_20260404_120254,frame_003630.jpg,003630,heuristic
small_object_proposal,-1,1.0,92.0,949.0,136.0,985.0,artificial_jewellery,video_20260404_120254,frame_003630.jpg,003630,heuristic
small_object_proposal,-1,1.0,8.0,789.0,44.0,833.0,artificial_jewellery,video_20260404_120254,frame_003630.jpg,003630,heuristic
small_object_proposal,-1,1.0,1048.0,351.0,1089.0,388.0,artificial_jewellery,video_20260404_120254,frame_003630.jpg,003630,heuristic
small_object_proposal,-1,1.0,129.0,272.0,156.0,323.0,artificial_jewellery,video_20260404_120254,frame_003630.jpg,003630,heuristic
small_object_proposal,-1,1.0,31.0,646.0,70.0,681.0,artificial_jewellery,video_20260404_120254,frame_003630.jpg,003630,heuristic
small_object_proposal,-1,1.0,49.0,852.0,87.0,887.0,artificial_jewellery,video_20260404_120254,frame_003630.jpg,003630,heuristic
small_object_proposal,-1,1.0,565.0,705.0,617.0,730.0,artificial_jewellery,video_20260404_120254,frame_003630.jpg,003630,heuristic
small_object_proposal,-1,1.0,1236.0,888.0,1264.0,934.0,artificial_jewellery,video_20260404_120254,frame_003630.jpg,003630,heuristic
small_object_proposal,-1,1.0,1121.0,674.0,1174.0,698.0,artificial_jewellery,video_20260404_120254,frame_003630.jpg,003630,heuristic
small_object_proposal,-1,1.0,1452.0,922.0,1485.0,955.0,artificial_jewellery,video_20260404_120254,frame_003630.jpg,003630,heuristic
small_object_proposal,-1,1.0,1889.0,481.0,1912.0,528.0,artificial_jewellery,video_20260404_120254,frame_003630.jpg,003630,heuristic
small_object_proposal,-1,1.0,149.0,518.0,184.0,547.0,artificial_jewellery,video_20260404_120254,frame_003630.jpg,003630,heuristic
small_object_proposal,-1,1.0,1511.0,533.0,1540.0,567.0,artificial_jewellery,video_20260404_120254,frame_003630.jpg,003630,heuristic
small_object_proposal,-1,1.0,1856.0,269.0,1895.0,294.0,artificial_jewellery,video_20260404_120254,frame_003630.jpg,003630,heuristic
person,0,0.7740260362625122,505.73272705078125,251.27114868164062,1856.310791015625,1071.203857421875,artificial_jewellery,video_20260404_120254,frame_003690.jpg,003690,yolo
cell phone,67,0.43590426445007324,78.21427917480469,885.9321899414062,350.6270446777344,1077.0843505859375,artificial_jewellery,video_20260404_120254,frame_003690.jpg,003690,yolo
small_object_proposal,-1,1.0,1422.0,878.0,1465.0,994.0,artificial_jewellery,video_20260404_120254,frame_003690.jpg,003690,heuristic
small_object_proposal,-1,1.0,577.0,1035.0,717.0,1070.0,artificial_jewellery,video_20260404_120254,frame_003690.jpg,003690,heuristic
small_object_proposal,-1,1.0,940.0,616.0,1111.0,644.0,artificial_jewellery,video_20260404_120254,frame_003690.jpg,003690,heuristic
small_object_proposal,-1,1.0,1633.0,981.0,1723.0,1034.0,artificial_jewellery,video_20260404_120254,frame_003690.jpg,003690,heuristic
small_object_proposal,-1,1.0,601.0,675.0,659.0,753.0,artificial_jewellery,video_20260404_120254,frame_003690.jpg,003690,heuristic
small_object_proposal,-1,1.0,1323.0,532.0,1419.0,579.0,artificial_jewellery,video_20260404_120254,frame_003690.jpg,003690,heuristic
small_object_proposal,-1,1.0,1387.0,584.0,1508.0,621.0,artificial_jewellery,video_20260404_120254,frame_003690.jpg,003690,heuristic
small_object_proposal,-1,1.0,1417.0,499.0,1480.0,567.0,artificial_jewellery,video_20260404_120254,frame_003690.jpg,003690,heuristic
small_object_proposal,-1,1.0,192.0,265.0,266.0,320.0,artificial_jewellery,video_20260404_120254,frame_003690.jpg,003690,heuristic
small_object_proposal,-1,1.0,1628.0,343.0,1689.0,409.0,artificial_jewellery,video_20260404_120254,frame_003690.jpg,003690,heuristic
small_object_proposal,-1,1.0,107.0,775.0,169.0,836.0,artificial_jewellery,video_20260404_120254,frame_003690.jpg,003690,heuristic
small_object_proposal,-1,1.0,1236.0,770.0,1295.0,833.0,artificial_jewellery,video_20260404_120254,frame_003690.jpg,003690,heuristic
small_object_proposal,-1,1.0,1077.0,504.0,1135.0,568.0,artificial_jewellery,video_20260404_120254,frame_003690.jpg,003690,heuristic
small_object_proposal,-1,1.0,1589.0,628.0,1649.0,689.0,artificial_jewellery,video_20260404_120254,frame_003690.jpg,003690,heuristic
small_object_proposal,-1,1.0,1168.0,809.0,1238.0,859.0,artificial_jewellery,video_20260404_120254,frame_003690.jpg,003690,heuristic
small_object_proposal,-1,1.0,1663.0,354.0,1721.0,413.0,artificial_jewellery,video_20260404_120254,frame_003690.jpg,003690,heuristic
small_object_proposal,-1,1.0,1571.0,480.0,1601.0,593.0,artificial_jewellery,video_20260404_120254,frame_003690.jpg,003690,heuristic
small_object_proposal,-1,1.0,1111.0,753.0,1166.0,808.0,artificial_jewellery,video_20260404_120254,frame_003690.jpg,003690,heuristic
small_object_proposal,-1,1.0,1637.0,923.0,1758.0,947.0,artificial_jewellery,video_20260404_120254,frame_003690.jpg,003690,heuristic
small_object_proposal,-1,1.0,955.0,648.0,1049.0,678.0,artificial_jewellery,video_20260404_120254,frame_003690.jpg,003690,heuristic
small_object_proposal,-1,1.0,1322.0,976.0,1389.0,1018.0,artificial_jewellery,video_20260404_120254,frame_003690.jpg,003690,heuristic
small_object_proposal,-1,1.0,1230.0,686.0,1268.0,757.0,artificial_jewellery,video_20260404_120254,frame_003690.jpg,003690,heuristic
small_object_proposal,-1,1.0,1136.0,583.0,1243.0,605.0,artificial_jewellery,video_20260404_120254,frame_003690.jpg,003690,heuristic
small_object_proposal,-1,1.0,1636.0,865.0,1712.0,895.0,artificial_jewellery,video_20260404_120254,frame_003690.jpg,003690,heuristic
small_object_proposal,-1,1.0,1225.0,594.0,1338.0,614.0,artificial_jewellery,video_20260404_120254,frame_003690.jpg,003690,heuristic
small_object_proposal,-1,1.0,954.0,190.0,1000.0,239.0,artificial_jewellery,video_20260404_120254,frame_003690.jpg,003690,heuristic
small_object_proposal,-1,1.0,1043.0,741.0,1083.0,796.0,artificial_jewellery,video_20260404_120254,frame_003690.jpg,003690,heuristic
small_object_proposal,-1,1.0,962.0,611.0,1060.0,633.0,artificial_jewellery,video_20260404_120254,frame_003690.jpg,003690,heuristic
small_object_proposal,-1,1.0,1450.0,443.0,1496.0,489.0,artificial_jewellery,video_20260404_120254,frame_003690.jpg,003690,heuristic
small_object_proposal,-1,1.0,1000.0,334.0,1039.0,387.0,artificial_jewellery,video_20260404_120254,frame_003690.jpg,003690,heuristic
person,0,0.7502309083938599,380.36309814453125,193.12335205078125,1877.361328125,1073.6634521484375,artificial_jewellery,video_20260404_120254,frame_003720.jpg,003720,yolo
small_object_proposal,-1,1.0,1724.0,889.0,1778.0,981.0,artificial_jewellery,video_20260404_120254,frame_003720.jpg,003720,heuristic
small_object_proposal,-1,1.0,1408.0,786.0,1432.0,987.0,artificial_jewellery,video_20260404_120254,frame_003720.jpg,003720,heuristic
small_object_proposal,-1,1.0,1009.0,648.0,1114.0,691.0,artificial_jewellery,video_20260404_120254,frame_003720.jpg,003720,heuristic
small_object_proposal,-1,1.0,1166.0,1039.0,1303.0,1071.0,artificial_jewellery,video_20260404_120254,frame_003720.jpg,003720,heuristic
small_object_proposal,-1,1.0,1134.0,672.0,1176.0,776.0,artificial_jewellery,video_20260404_120254,frame_003720.jpg,003720,heuristic
small_object_proposal,-1,1.0,1452.0,972.0,1493.0,1071.0,artificial_jewellery,video_20260404_120254,frame_003720.jpg,003720,heuristic
small_object_proposal,-1,1.0,982.0,457.0,1043.0,523.0,artificial_jewellery,video_20260404_120254,frame_003720.jpg,003720,heuristic
small_object_proposal,-1,1.0,1108.0,977.0,1194.0,1023.0,artificial_jewellery,video_20260404_120254,frame_003720.jpg,003720,heuristic
small_object_proposal,-1,1.0,854.0,799.0,888.0,912.0,artificial_jewellery,video_20260404_120254,frame_003720.jpg,003720,heuristic
small_object_proposal,-1,1.0,820.0,294.0,895.0,345.0,artificial_jewellery,video_20260404_120254,frame_003720.jpg,003720,heuristic
small_object_proposal,-1,1.0,1338.0,953.0,1392.0,1022.0,artificial_jewellery,video_20260404_120254,frame_003720.jpg,003720,heuristic
small_object_proposal,-1,1.0,1568.0,595.0,1603.0,700.0,artificial_jewellery,video_20260404_120254,frame_003720.jpg,003720,heuristic
small_object_proposal,-1,1.0,1139.0,571.0,1227.0,610.0,artificial_jewellery,video_20260404_120254,frame_003720.jpg,003720,heuristic
small_object_proposal,-1,1.0,8.0,775.0,59.0,842.0,artificial_jewellery,video_20260404_120254,frame_003720.jpg,003720,heuristic
small_object_proposal,-1,1.0,1027.0,921.0,1132.0,953.0,artificial_jewellery,video_20260404_120254,frame_003720.jpg,003720,heuristic
small_object_proposal,-1,1.0,1147.0,636.0,1190.0,699.0,artificial_jewellery,video_20260404_120254,frame_003720.jpg,003720,heuristic
small_object_proposal,-1,1.0,1824.0,944.0,1881.0,989.0,artificial_jewellery,video_20260404_120254,frame_003720.jpg,003720,heuristic
small_object_proposal,-1,1.0,1578.0,881.0,1633.0,927.0,artificial_jewellery,video_20260404_120254,frame_003720.jpg,003720,heuristic
small_object_proposal,-1,1.0,676.0,931.0,714.0,995.0,artificial_jewellery,video_20260404_120254,frame_003720.jpg,003720,heuristic
small_object_proposal,-1,1.0,1462.0,796.0,1491.0,877.0,artificial_jewellery,video_20260404_120254,frame_003720.jpg,003720,heuristic
small_object_proposal,-1,1.0,1094.0,959.0,1198.0,980.0,artificial_jewellery,video_20260404_120254,frame_003720.jpg,003720,heuristic
small_object_proposal,-1,1.0,782.0,976.0,820.0,1032.0,artificial_jewellery,video_20260404_120254,frame_003720.jpg,003720,heuristic
small_object_proposal,-1,1.0,48.0,707.0,89.0,757.0,artificial_jewellery,video_20260404_120254,frame_003720.jpg,003720,heuristic
small_object_proposal,-1,1.0,13.0,192.0,97.0,215.0,artificial_jewellery,video_20260404_120254,frame_003720.jpg,003720,heuristic
small_object_proposal,-1,1.0,1129.0,509.0,1189.0,540.0,artificial_jewellery,video_20260404_120254,frame_003720.jpg,003720,heuristic
small_object_proposal,-1,1.0,890.0,359.0,937.0,397.0,artificial_jewellery,video_20260404_120254,frame_003720.jpg,003720,heuristic
small_object_proposal,-1,1.0,922.0,624.0,973.0,659.0,artificial_jewellery,video_20260404_120254,frame_003720.jpg,003720,heuristic
small_object_proposal,-1,1.0,1027.0,759.0,1066.0,804.0,artificial_jewellery,video_20260404_120254,frame_003720.jpg,003720,heuristic
small_object_proposal,-1,1.0,1834.0,885.0,1864.0,942.0,artificial_jewellery,video_20260404_120254,frame_003720.jpg,003720,heuristic
small_object_proposal,-1,1.0,1048.0,537.0,1123.0,559.0,artificial_jewellery,video_20260404_120254,frame_003720.jpg,003720,heuristic
person,0,0.7893404960632324,375.92938232421875,189.06756591796875,1870.3135986328125,1068.66943359375,artificial_jewellery,video_20260404_120254,frame_003750.jpg,003750,yolo
cell phone,67,0.5405570268630981,1355.5850830078125,215.27320861816406,1468.954833984375,375.93670654296875,artificial_jewellery,video_20260404_120254,frame_003750.jpg,003750,yolo
small_object_proposal,-1,1.0,815.0,721.0,884.0,787.0,artificial_jewellery,video_20260404_120254,frame_003750.jpg,003750,heuristic
small_object_proposal,-1,1.0,1307.0,902.0,1369.0,975.0,artificial_jewellery,video_20260404_120254,frame_003750.jpg,003750,heuristic
small_object_proposal,-1,1.0,1000.0,914.0,1111.0,954.0,artificial_jewellery,video_20260404_120254,frame_003750.jpg,003750,heuristic
small_object_proposal,-1,1.0,942.0,437.0,1004.0,508.0,artificial_jewellery,video_20260404_120254,frame_003750.jpg,003750,heuristic
small_object_proposal,-1,1.0,829.0,803.0,863.0,916.0,artificial_jewellery,video_20260404_120254,frame_003750.jpg,003750,heuristic
small_object_proposal,-1,1.0,997.0,638.0,1088.0,678.0,artificial_jewellery,video_20260404_120254,frame_003750.jpg,003750,heuristic
small_object_proposal,-1,1.0,1164.0,977.0,1254.0,1016.0,artificial_jewellery,video_20260404_120254,frame_003750.jpg,003750,heuristic
small_object_proposal,-1,1.0,1109.0,946.0,1168.0,1004.0,artificial_jewellery,video_20260404_120254,frame_003750.jpg,003750,heuristic
small_object_proposal,-1,1.0,1605.0,431.0,1630.0,566.0,artificial_jewellery,video_20260404_120254,frame_003750.jpg,003750,heuristic
small_object_proposal,-1,1.0,1236.0,447.0,1316.0,488.0,artificial_jewellery,video_20260404_120254,frame_003750.jpg,003750,heuristic
small_object_proposal,-1,1.0,1723.0,824.0,1759.0,912.0,artificial_jewellery,video_20260404_120254,frame_003750.jpg,003750,heuristic
small_object_proposal,-1,1.0,1285.0,482.0,1376.0,516.0,artificial_jewellery,video_20260404_120254,frame_003750.jpg,003750,heuristic
small_object_proposal,-1,1.0,1803.0,864.0,1869.0,910.0,artificial_jewellery,video_20260404_120254,frame_003750.jpg,003750,heuristic
small_object_proposal,-1,1.0,1009.0,700.0,1068.0,749.0,artificial_jewellery,video_20260404_120254,frame_003750.jpg,003750,heuristic
small_object_proposal,-1,1.0,694.0,720.0,708.0,926.0,artificial_jewellery,video_20260404_120254,frame_003750.jpg,003750,heuristic
small_object_proposal,-1,1.0,1802.0,912.0,1848.0,971.0,artificial_jewellery,video_20260404_120254,frame_003750.jpg,003750,heuristic
small_object_proposal,-1,1.0,782.0,715.0,835.0,764.0,artificial_jewellery,video_20260404_120254,frame_003750.jpg,003750,heuristic
small_object_proposal,-1,1.0,1349.0,320.0,1414.0,358.0,artificial_jewellery,video_20260404_120254,frame_003750.jpg,003750,heuristic
small_object_proposal,-1,1.0,1122.0,612.0,1166.0,667.0,artificial_jewellery,video_20260404_120254,frame_003750.jpg,003750,heuristic
small_object_proposal,-1,1.0,830.0,775.0,876.0,825.0,artificial_jewellery,video_20260404_120254,frame_003750.jpg,003750,heuristic
small_object_proposal,-1,1.0,1198.0,674.0,1234.0,733.0,artificial_jewellery,video_20260404_120254,frame_003750.jpg,003750,heuristic
small_object_proposal,-1,1.0,1592.0,354.0,1620.0,429.0,artificial_jewellery,video_20260404_120254,frame_003750.jpg,003750,heuristic
small_object_proposal,-1,1.0,1108.0,655.0,1138.0,721.0,artificial_jewellery,video_20260404_120254,frame_003750.jpg,003750,heuristic
small_object_proposal,-1,1.0,1854.0,693.0,1909.0,728.0,artificial_jewellery,video_20260404_120254,frame_003750.jpg,003750,heuristic
small_object_proposal,-1,1.0,1260.0,416.0,1313.0,452.0,artificial_jewellery,video_20260404_120254,frame_003750.jpg,003750,heuristic
small_object_proposal,-1,1.0,34.0,794.0,74.0,840.0,artificial_jewellery,video_20260404_120254,frame_003750.jpg,003750,heuristic
small_object_proposal,-1,1.0,1034.0,866.0,1089.0,899.0,artificial_jewellery,video_20260404_120254,frame_003750.jpg,003750,heuristic
small_object_proposal,-1,1.0,1152.0,256.0,1193.0,300.0,artificial_jewellery,video_20260404_120254,frame_003750.jpg,003750,heuristic
small_object_proposal,-1,1.0,808.0,230.0,879.0,255.0,artificial_jewellery,video_20260404_120254,frame_003750.jpg,003750,heuristic
small_object_proposal,-1,1.0,1097.0,418.0,1130.0,469.0,artificial_jewellery,video_20260404_120254,frame_003750.jpg,003750,heuristic
person,0,0.667778730392456,453.0038757324219,308.8464660644531,1680.4091796875,1070.886962890625,artificial_jewellery,video_20260404_120254,frame_003810.jpg,003810,yolo
small_object_proposal,-1,1.0,1736.0,812.0,1781.0,902.0,artificial_jewellery,video_20260404_120254,frame_003810.jpg,003810,heuristic
small_object_proposal,-1,1.0,1026.0,917.0,1136.0,952.0,artificial_jewellery,video_20260404_120254,frame_003810.jpg,003810,heuristic
small_object_proposal,-1,1.0,1200.0,884.0,1278.0,932.0,artificial_jewellery,video_20260404_120254,frame_003810.jpg,003810,heuristic
small_object_proposal,-1,1.0,936.0,329.0,985.0,402.0,artificial_jewellery,video_20260404_120254,frame_003810.jpg,003810,heuristic
small_object_proposal,-1,1.0,964.0,553.0,1050.0,591.0,artificial_jewellery,video_20260404_120254,frame_003810.jpg,003810,heuristic
small_object_proposal,-1,1.0,1437.0,606.0,1463.0,727.0,artificial_jewellery,video_20260404_120254,frame_003810.jpg,003810,heuristic
small_object_proposal,-1,1.0,1820.0,870.0,1868.0,935.0,artificial_jewellery,video_20260404_120254,frame_003810.jpg,003810,heuristic
small_object_proposal,-1,1.0,1411.0,546.0,1457.0,605.0,artificial_jewellery,video_20260404_120254,frame_003810.jpg,003810,heuristic
small_object_proposal,-1,1.0,245.0,998.0,309.0,1040.0,artificial_jewellery,video_20260404_120254,frame_003810.jpg,003810,heuristic
small_object_proposal,-1,1.0,1142.0,238.0,1200.0,283.0,artificial_jewellery,video_20260404_120254,frame_003810.jpg,003810,heuristic
small_object_proposal,-1,1.0,1213.0,623.0,1251.0,690.0,artificial_jewellery,video_20260404_120254,frame_003810.jpg,003810,heuristic
small_object_proposal,-1,1.0,1340.0,925.0,1388.0,977.0,artificial_jewellery,video_20260404_120254,frame_003810.jpg,003810,heuristic
small_object_proposal,-1,1.0,943.0,628.0,1015.0,660.0,artificial_jewellery,video_20260404_120254,frame_003810.jpg,003810,heuristic
small_object_proposal,-1,1.0,1349.0,334.0,1412.0,370.0,artificial_jewellery,video_20260404_120254,frame_003810.jpg,003810,heuristic
small_object_proposal,-1,1.0,867.0,866.0,905.0,925.0,artificial_jewellery,video_20260404_120254,frame_003810.jpg,003810,heuristic
small_object_proposal,-1,1.0,1039.0,871.0,1095.0,909.0,artificial_jewellery,video_20260404_120254,frame_003810.jpg,003810,heuristic
small_object_proposal,-1,1.0,626.0,719.0,678.0,759.0,artificial_jewellery,video_20260404_120254,frame_003810.jpg,003810,heuristic
small_object_proposal,-1,1.0,1221.0,301.0,1259.0,353.0,artificial_jewellery,video_20260404_120254,frame_003810.jpg,003810,heuristic
small_object_proposal,-1,1.0,1841.0,832.0,1887.0,874.0,artificial_jewellery,video_20260404_120254,frame_003810.jpg,003810,heuristic
small_object_proposal,-1,1.0,1103.0,474.0,1163.0,506.0,artificial_jewellery,video_20260404_120254,frame_003810.jpg,003810,heuristic
small_object_proposal,-1,1.0,1109.0,950.0,1220.0,967.0,artificial_jewellery,video_20260404_120254,frame_003810.jpg,003810,heuristic
small_object_proposal,-1,1.0,1358.0,370.0,1402.0,412.0,artificial_jewellery,video_20260404_120254,frame_003810.jpg,003810,heuristic
small_object_proposal,-1,1.0,698.0,116.0,740.0,159.0,artificial_jewellery,video_20260404_120254,frame_003810.jpg,003810,heuristic
small_object_proposal,-1,1.0,1599.0,400.0,1716.0,415.0,artificial_jewellery,video_20260404_120254,frame_003810.jpg,003810,heuristic
small_object_proposal,-1,1.0,1304.0,272.0,1348.0,308.0,artificial_jewellery,video_20260404_120254,frame_003810.jpg,003810,heuristic
small_object_proposal,-1,1.0,1839.0,772.0,1869.0,824.0,artificial_jewellery,video_20260404_120254,frame_003810.jpg,003810,heuristic
small_object_proposal,-1,1.0,899.0,329.0,936.0,370.0,artificial_jewellery,video_20260404_120254,frame_003810.jpg,003810,heuristic
small_object_proposal,-1,1.0,973.0,669.0,1003.0,719.0,artificial_jewellery,video_20260404_120254,frame_003810.jpg,003810,heuristic
small_object_proposal,-1,1.0,431.0,776.0,458.0,828.0,artificial_jewellery,video_20260404_120254,frame_003810.jpg,003810,heuristic
small_object_proposal,-1,1.0,838.0,845.0,858.0,907.0,artificial_jewellery,video_20260404_120254,frame_003810.jpg,003810,heuristic
person,0,0.848793625831604,385.04803466796875,9.60223388671875,1915.9833984375,1070.2156982421875,artificial_jewellery,video_20260404_120254,frame_003840.jpg,003840,yolo
cell phone,67,0.3599322736263275,80.1538314819336,912.9849243164062,373.29888916015625,1076.979248046875,artificial_jewellery,video_20260404_120254,frame_003840.jpg,003840,yolo
small_object_proposal,-1,1.0,82.0,70.0,173.0,121.0,artificial_jewellery,video_20260404_120254,frame_003840.jpg,003840,heuristic
small_object_proposal,-1,1.0,1179.0,542.0,1253.0,603.0,artificial_jewellery,video_20260404_120254,frame_003840.jpg,003840,heuristic
small_object_proposal,-1,1.0,1269.0,1001.0,1390.0,1038.0,artificial_jewellery,video_20260404_120254,frame_003840.jpg,003840,heuristic
small_object_proposal,-1,1.0,1149.0,752.0,1214.0,819.0,artificial_jewellery,video_20260404_120254,frame_003840.jpg,003840,heuristic
small_object_proposal,-1,1.0,1224.0,646.0,1275.0,731.0,artificial_jewellery,video_20260404_120254,frame_003840.jpg,003840,heuristic
small_object_proposal,-1,1.0,1059.0,412.0,1121.0,479.0,artificial_jewellery,video_20260404_120254,frame_003840.jpg,003840,heuristic
small_object_proposal,-1,1.0,382.0,870.0,445.0,935.0,artificial_jewellery,video_20260404_120254,frame_003840.jpg,003840,heuristic
small_object_proposal,-1,1.0,1324.0,304.0,1377.0,378.0,artificial_jewellery,video_20260404_120254,frame_003840.jpg,003840,heuristic
small_object_proposal,-1,1.0,958.0,632.0,1019.0,693.0,artificial_jewellery,video_20260404_120254,frame_003840.jpg,003840,heuristic
small_object_proposal,-1,1.0,1254.0,787.0,1291.0,887.0,artificial_jewellery,video_20260404_120254,frame_003840.jpg,003840,heuristic
small_object_proposal,-1,1.0,366.0,1000.0,413.0,1074.0,artificial_jewellery,video_20260404_120254,frame_003840.jpg,003840,heuristic
small_object_proposal,-1,1.0,886.0,696.0,947.0,753.0,artificial_jewellery,video_20260404_120254,frame_003840.jpg,003840,heuristic
small_object_proposal,-1,1.0,1222.0,940.0,1301.0,983.0,artificial_jewellery,video_20260404_120254,frame_003840.jpg,003840,heuristic
small_object_proposal,-1,1.0,42.0,143.0,96.0,204.0,artificial_jewellery,video_20260404_120254,frame_003840.jpg,003840,heuristic
small_object_proposal,-1,1.0,1654.0,724.0,1710.0,782.0,artificial_jewellery,video_20260404_120254,frame_003840.jpg,003840,heuristic
small_object_proposal,-1,1.0,945.0,571.0,1039.0,604.0,artificial_jewellery,video_20260404_120254,frame_003840.jpg,003840,heuristic
small_object_proposal,-1,1.0,545.0,95.0,644.0,125.0,artificial_jewellery,video_20260404_120254,frame_003840.jpg,003840,heuristic
small_object_proposal,-1,1.0,1570.0,846.0,1649.0,882.0,artificial_jewellery,video_20260404_120254,frame_003840.jpg,003840,heuristic
small_object_proposal,-1,1.0,1577.0,619.0,1629.0,670.0,artificial_jewellery,video_20260404_120254,frame_003840.jpg,003840,heuristic
small_object_proposal,-1,1.0,114.0,202.0,166.0,253.0,artificial_jewellery,video_20260404_120254,frame_003840.jpg,003840,heuristic
small_object_proposal,-1,1.0,1810.0,836.0,1862.0,885.0,artificial_jewellery,video_20260404_120254,frame_003840.jpg,003840,heuristic
small_object_proposal,-1,1.0,1200.0,920.0,1321.0,940.0,artificial_jewellery,video_20260404_120254,frame_003840.jpg,003840,heuristic
small_object_proposal,-1,1.0,466.0,501.0,560.0,524.0,artificial_jewellery,video_20260404_120254,frame_003840.jpg,003840,heuristic
small_object_proposal,-1,1.0,1424.0,1016.0,1475.0,1058.0,artificial_jewellery,video_20260404_120254,frame_003840.jpg,003840,heuristic
small_object_proposal,-1,1.0,767.0,620.0,795.0,695.0,artificial_jewellery,video_20260404_120254,frame_003840.jpg,003840,heuristic
small_object_proposal,-1,1.0,83.0,810.0,138.0,845.0,artificial_jewellery,video_20260404_120254,frame_003840.jpg,003840,heuristic
small_object_proposal,-1,1.0,548.0,152.0,596.0,192.0,artificial_jewellery,video_20260404_120254,frame_003840.jpg,003840,heuristic
small_object_proposal,-1,1.0,164.0,761.0,204.0,807.0,artificial_jewellery,video_20260404_120254,frame_003840.jpg,003840,heuristic
small_object_proposal,-1,1.0,872.0,766.0,906.0,819.0,artificial_jewellery,video_20260404_120254,frame_003840.jpg,003840,heuristic
small_object_proposal,-1,1.0,1305.0,964.0,1373.0,990.0,artificial_jewellery,video_20260404_120254,frame_003840.jpg,003840,heuristic
person,0,0.5960307121276855,516.7842407226562,178.68218994140625,1685.0145263671875,1066.6351318359375,artificial_jewellery,video_20260404_120254,frame_003900.jpg,003900,yolo
small_object_proposal,-1,1.0,1099.0,704.0,1180.0,757.0,artificial_jewellery,video_20260404_120254,frame_003900.jpg,003900,heuristic
small_object_proposal,-1,1.0,1379.0,995.0,1481.0,1037.0,artificial_jewellery,video_20260404_120254,frame_003900.jpg,003900,heuristic
small_object_proposal,-1,1.0,1005.0,508.0,1069.0,573.0,artificial_jewellery,video_20260404_120254,frame_003900.jpg,003900,heuristic
small_object_proposal,-1,1.0,1221.0,842.0,1302.0,893.0,artificial_jewellery,video_20260404_120254,frame_003900.jpg,003900,heuristic
small_object_proposal,-1,1.0,1133.0,490.0,1204.0,546.0,artificial_jewellery,video_20260404_120254,frame_003900.jpg,003900,heuristic
small_object_proposal,-1,1.0,1057.0,872.0,1167.0,908.0,artificial_jewellery,video_20260404_120254,frame_003900.jpg,003900,heuristic
small_object_proposal,-1,1.0,1140.0,613.0,1185.0,699.0,artificial_jewellery,video_20260404_120254,frame_003900.jpg,003900,heuristic
small_object_proposal,-1,1.0,1146.0,326.0,1192.0,408.0,artificial_jewellery,video_20260404_120254,frame_003900.jpg,003900,heuristic
small_object_proposal,-1,1.0,1350.0,871.0,1407.0,937.0,artificial_jewellery,video_20260404_120254,frame_003900.jpg,003900,heuristic
small_object_proposal,-1,1.0,860.0,770.0,898.0,864.0,artificial_jewellery,video_20260404_120254,frame_003900.jpg,003900,heuristic
small_object_proposal,-1,1.0,1472.0,455.0,1504.0,566.0,artificial_jewellery,video_20260404_120254,frame_003900.jpg,003900,heuristic
small_object_proposal,-1,1.0,1598.0,373.0,1638.0,456.0,artificial_jewellery,video_20260404_120254,frame_003900.jpg,003900,heuristic
small_object_proposal,-1,1.0,1785.0,929.0,1843.0,985.0,artificial_jewellery,video_20260404_120254,frame_003900.jpg,003900,heuristic
small_object_proposal,-1,1.0,1488.0,349.0,1544.0,405.0,artificial_jewellery,video_20260404_120254,frame_003900.jpg,003900,heuristic
small_object_proposal,-1,1.0,1519.0,799.0,1582.0,848.0,artificial_jewellery,video_20260404_120254,frame_003900.jpg,003900,heuristic
small_object_proposal,-1,1.0,469.0,506.0,614.0,527.0,artificial_jewellery,video_20260404_120254,frame_003900.jpg,003900,heuristic
small_object_proposal,-1,1.0,324.0,943.0,400.0,983.0,artificial_jewellery,video_20260404_120254,frame_003900.jpg,003900,heuristic
small_object_proposal,-1,1.0,947.0,668.0,1001.0,721.0,artificial_jewellery,video_20260404_120254,frame_003900.jpg,003900,heuristic
small_object_proposal,-1,1.0,606.0,584.0,685.0,619.0,artificial_jewellery,video_20260404_120254,frame_003900.jpg,003900,heuristic
small_object_proposal,-1,1.0,695.0,413.0,723.0,510.0,artificial_jewellery,video_20260404_120254,frame_003900.jpg,003900,heuristic
small_object_proposal,-1,1.0,884.0,715.0,938.0,764.0,artificial_jewellery,video_20260404_120254,frame_003900.jpg,003900,heuristic
small_object_proposal,-1,1.0,1080.0,362.0,1138.0,407.0,artificial_jewellery,video_20260404_120254,frame_003900.jpg,003900,heuristic
small_object_proposal,-1,1.0,1036.0,651.0,1088.0,695.0,artificial_jewellery,video_20260404_120254,frame_003900.jpg,003900,heuristic
small_object_proposal,-1,1.0,1016.0,928.0,1074.0,966.0,artificial_jewellery,video_20260404_120254,frame_003900.jpg,003900,heuristic
small_object_proposal,-1,1.0,1643.0,880.0,1679.0,937.0,artificial_jewellery,video_20260404_120254,frame_003900.jpg,003900,heuristic
small_object_proposal,-1,1.0,1867.0,809.0,1908.0,857.0,artificial_jewellery,video_20260404_120254,frame_003900.jpg,003900,heuristic
small_object_proposal,-1,1.0,1066.0,821.0,1121.0,855.0,artificial_jewellery,video_20260404_120254,frame_003900.jpg,003900,heuristic
small_object_proposal,-1,1.0,23.0,730.0,58.0,782.0,artificial_jewellery,video_20260404_120254,frame_003900.jpg,003900,heuristic
small_object_proposal,-1,1.0,823.0,490.0,860.0,539.0,artificial_jewellery,video_20260404_120254,frame_003900.jpg,003900,heuristic
small_object_proposal,-1,1.0,1282.0,348.0,1327.0,388.0,artificial_jewellery,video_20260404_120254,frame_003900.jpg,003900,heuristic
person,0,0.4866793751716614,504.5277099609375,306.21954345703125,1757.1461181640625,1064.56494140625,artificial_jewellery,video_20260404_120254,frame_003960.jpg,003960,yolo
person,0,0.33304160833358765,97.79269409179688,300.0373229980469,1203.8946533203125,1066.5623779296875,artificial_jewellery,video_20260404_120254,frame_003960.jpg,003960,yolo
small_object_proposal,-1,1.0,1521.0,833.0,1591.0,904.0,artificial_jewellery,video_20260404_120254,frame_003960.jpg,003960,heuristic
small_object_proposal,-1,1.0,8.0,576.0,76.0,635.0,artificial_jewellery,video_20260404_120254,frame_003960.jpg,003960,heuristic
small_object_proposal,-1,1.0,1233.0,423.0,1276.0,512.0,artificial_jewellery,video_20260404_120254,frame_003960.jpg,003960,heuristic
small_object_proposal,-1,1.0,1112.0,709.0,1182.0,757.0,artificial_jewellery,video_20260404_120254,frame_003960.jpg,003960,heuristic
small_object_proposal,-1,1.0,1077.0,878.0,1181.0,909.0,artificial_jewellery,video_20260404_120254,frame_003960.jpg,003960,heuristic
small_object_proposal,-1,1.0,605.0,600.0,695.0,635.0,artificial_jewellery,video_20260404_120254,frame_003960.jpg,003960,heuristic
small_object_proposal,-1,1.0,1266.0,252.0,1329.0,299.0,artificial_jewellery,video_20260404_120254,frame_003960.jpg,003960,heuristic
small_object_proposal,-1,1.0,1179.0,803.0,1219.0,876.0,artificial_jewellery,video_20260404_120254,frame_003960.jpg,003960,heuristic
small_object_proposal,-1,1.0,1318.0,683.0,1369.0,739.0,artificial_jewellery,video_20260404_120254,frame_003960.jpg,003960,heuristic
small_object_proposal,-1,1.0,1114.0,339.0,1182.0,380.0,artificial_jewellery,video_20260404_120254,frame_003960.jpg,003960,heuristic
small_object_proposal,-1,1.0,1124.0,433.0,1166.0,499.0,artificial_jewellery,video_20260404_120254,frame_003960.jpg,003960,heuristic
small_object_proposal,-1,1.0,703.0,429.0,730.0,515.0,artificial_jewellery,video_20260404_120254,frame_003960.jpg,003960,heuristic
small_object_proposal,-1,1.0,697.0,657.0,737.0,714.0,artificial_jewellery,video_20260404_120254,frame_003960.jpg,003960,heuristic
small_object_proposal,-1,1.0,483.0,526.0,622.0,542.0,artificial_jewellery,video_20260404_120254,frame_003960.jpg,003960,heuristic
small_object_proposal,-1,1.0,821.0,561.0,854.0,627.0,artificial_jewellery,video_20260404_120254,frame_003960.jpg,003960,heuristic
small_object_proposal,-1,1.0,999.0,589.0,1045.0,636.0,artificial_jewellery,video_20260404_120254,frame_003960.jpg,003960,heuristic
small_object_proposal,-1,1.0,801.0,983.0,837.0,1043.0,artificial_jewellery,video_20260404_120254,frame_003960.jpg,003960,heuristic
small_object_proposal,-1,1.0,1064.0,374.0,1118.0,413.0,artificial_jewellery,video_20260404_120254,frame_003960.jpg,003960,heuristic
small_object_proposal,-1,1.0,1079.0,824.0,1134.0,861.0,artificial_jewellery,video_20260404_120254,frame_003960.jpg,003960,heuristic
small_object_proposal,-1,1.0,1452.0,444.0,1526.0,471.0,artificial_jewellery,video_20260404_120254,frame_003960.jpg,003960,heuristic
small_object_proposal,-1,1.0,1146.0,907.0,1240.0,927.0,artificial_jewellery,video_20260404_120254,frame_003960.jpg,003960,heuristic
small_object_proposal,-1,1.0,55.0,756.0,89.0,807.0,artificial_jewellery,video_20260404_120254,frame_003960.jpg,003960,heuristic
small_object_proposal,-1,1.0,93.0,778.0,132.0,822.0,artificial_jewellery,video_20260404_120254,frame_003960.jpg,003960,heuristic
small_object_proposal,-1,1.0,1133.0,235.0,1175.0,275.0,artificial_jewellery,video_20260404_120254,frame_003960.jpg,003960,heuristic
small_object_proposal,-1,1.0,1544.0,824.0,1581.0,869.0,artificial_jewellery,video_20260404_120254,frame_003960.jpg,003960,heuristic
small_object_proposal,-1,1.0,18.0,831.0,72.0,861.0,artificial_jewellery,video_20260404_120254,frame_003960.jpg,003960,heuristic
small_object_proposal,-1,1.0,1254.0,295.0,1282.0,350.0,artificial_jewellery,video_20260404_120254,frame_003960.jpg,003960,heuristic
small_object_proposal,-1,1.0,1347.0,237.0,1391.0,271.0,artificial_jewellery,video_20260404_120254,frame_003960.jpg,003960,heuristic
small_object_proposal,-1,1.0,738.0,882.0,766.0,933.0,artificial_jewellery,video_20260404_120254,frame_003960.jpg,003960,heuristic
small_object_proposal,-1,1.0,412.0,3.0,456.0,35.0,artificial_jewellery,video_20260404_120254,frame_003960.jpg,003960,heuristic
person,0,0.6135905981063843,475.34027099609375,337.7311706542969,1816.994384765625,1064.0213623046875,artificial_jewellery,video_20260404_120254,frame_003990.jpg,003990,yolo
small_object_proposal,-1,1.0,1357.0,453.0,1384.0,620.0,artificial_jewellery,video_20260404_120254,frame_003990.jpg,003990,heuristic
small_object_proposal,-1,1.0,1005.0,647.0,1076.0,710.0,artificial_jewellery,video_20260404_120254,frame_003990.jpg,003990,heuristic
small_object_proposal,-1,1.0,440.0,713.0,482.0,812.0,artificial_jewellery,video_20260404_120254,frame_003990.jpg,003990,heuristic
small_object_proposal,-1,1.0,44.0,509.0,98.0,582.0,artificial_jewellery,video_20260404_120254,frame_003990.jpg,003990,heuristic
small_object_proposal,-1,1.0,1357.0,908.0,1410.0,977.0,artificial_jewellery,video_20260404_120254,frame_003990.jpg,003990,heuristic
small_object_proposal,-1,1.0,1092.0,721.0,1168.0,768.0,artificial_jewellery,video_20260404_120254,frame_003990.jpg,003990,heuristic
small_object_proposal,-1,1.0,1050.0,890.0,1160.0,922.0,artificial_jewellery,video_20260404_120254,frame_003990.jpg,003990,heuristic
small_object_proposal,-1,1.0,1433.0,964.0,1481.0,1031.0,artificial_jewellery,video_20260404_120254,frame_003990.jpg,003990,heuristic
small_object_proposal,-1,1.0,1435.0,628.0,1471.0,717.0,artificial_jewellery,video_20260404_120254,frame_003990.jpg,003990,heuristic
small_object_proposal,-1,1.0,1159.0,805.0,1198.0,887.0,artificial_jewellery,video_20260404_120254,frame_003990.jpg,003990,heuristic
small_object_proposal,-1,1.0,1398.0,419.0,1484.0,455.0,artificial_jewellery,video_20260404_120254,frame_003990.jpg,003990,heuristic
small_object_proposal,-1,1.0,1204.0,877.0,1294.0,910.0,artificial_jewellery,video_20260404_120254,frame_003990.jpg,003990,heuristic
small_object_proposal,-1,1.0,187.0,185.0,242.0,230.0,artificial_jewellery,video_20260404_120254,frame_003990.jpg,003990,heuristic
small_object_proposal,-1,1.0,1437.0,548.0,1467.0,624.0,artificial_jewellery,video_20260404_120254,frame_003990.jpg,003990,heuristic
small_object_proposal,-1,1.0,1059.0,837.0,1115.0,874.0,artificial_jewellery,video_20260404_120254,frame_003990.jpg,003990,heuristic
small_object_proposal,-1,1.0,6.0,456.0,53.0,500.0,artificial_jewellery,video_20260404_120254,frame_003990.jpg,003990,heuristic
small_object_proposal,-1,1.0,1435.0,447.0,1507.0,474.0,artificial_jewellery,video_20260404_120254,frame_003990.jpg,003990,heuristic
small_object_proposal,-1,1.0,15.0,611.0,63.0,651.0,artificial_jewellery,video_20260404_120254,frame_003990.jpg,003990,heuristic
small_object_proposal,-1,1.0,1856.0,864.0,1904.0,903.0,artificial_jewellery,video_20260404_120254,frame_003990.jpg,003990,heuristic
small_object_proposal,-1,1.0,36.0,835.0,109.0,860.0,artificial_jewellery,video_20260404_120254,frame_003990.jpg,003990,heuristic
small_object_proposal,-1,1.0,1226.0,447.0,1248.0,528.0,artificial_jewellery,video_20260404_120254,frame_003990.jpg,003990,heuristic
small_object_proposal,-1,1.0,1762.0,806.0,1791.0,867.0,artificial_jewellery,video_20260404_120254,frame_003990.jpg,003990,heuristic
small_object_proposal,-1,1.0,3.0,873.0,41.0,919.0,artificial_jewellery,video_20260404_120254,frame_003990.jpg,003990,heuristic
small_object_proposal,-1,1.0,1593.0,375.0,1616.0,451.0,artificial_jewellery,video_20260404_120254,frame_003990.jpg,003990,heuristic
small_object_proposal,-1,1.0,459.0,555.0,599.0,567.0,artificial_jewellery,video_20260404_120254,frame_003990.jpg,003990,heuristic
small_object_proposal,-1,1.0,45.0,789.0,78.0,839.0,artificial_jewellery,video_20260404_120254,frame_003990.jpg,003990,heuristic
small_object_proposal,-1,1.0,157.0,287.0,206.0,318.0,artificial_jewellery,video_20260404_120254,frame_003990.jpg,003990,heuristic
small_object_proposal,-1,1.0,384.0,189.0,430.0,222.0,artificial_jewellery,video_20260404_120254,frame_003990.jpg,003990,heuristic
small_object_proposal,-1,1.0,1213.0,185.0,1251.0,224.0,artificial_jewellery,video_20260404_120254,frame_003990.jpg,003990,heuristic
small_object_proposal,-1,1.0,1497.0,853.0,1535.0,890.0,artificial_jewellery,video_20260404_120254,frame_003990.jpg,003990,heuristic
cell phone,67,0.38947972655296326,61.12641906738281,903.20068359375,324.0941162109375,1078.356201171875,artificial_jewellery,video_20260404_120254,frame_004080.jpg,004080,yolo
person,0,0.329863965511322,157.0689697265625,291.005859375,1805.7447509765625,1073.7513427734375,artificial_jewellery,video_20260404_120254,frame_004080.jpg,004080,yolo
small_object_proposal,-1,1.0,1151.0,496.0,1224.0,561.0,artificial_jewellery,video_20260404_120254,frame_004080.jpg,004080,heuristic
small_object_proposal,-1,1.0,1082.0,346.0,1133.0,429.0,artificial_jewellery,video_20260404_120254,frame_004080.jpg,004080,heuristic
small_object_proposal,-1,1.0,1104.0,286.0,1195.0,328.0,artificial_jewellery,video_20260404_120254,frame_004080.jpg,004080,heuristic
small_object_proposal,-1,1.0,981.0,725.0,1036.0,793.0,artificial_jewellery,video_20260404_120254,frame_004080.jpg,004080,heuristic
small_object_proposal,-1,1.0,1169.0,966.0,1240.0,1018.0,artificial_jewellery,video_20260404_120254,frame_004080.jpg,004080,heuristic
small_object_proposal,-1,1.0,666.0,613.0,743.0,655.0,artificial_jewellery,video_20260404_120254,frame_004080.jpg,004080,heuristic
small_object_proposal,-1,1.0,1386.0,934.0,1428.0,1009.0,artificial_jewellery,video_20260404_120254,frame_004080.jpg,004080,heuristic
small_object_proposal,-1,1.0,1127.0,760.0,1195.0,804.0,artificial_jewellery,video_20260404_120254,frame_004080.jpg,004080,heuristic
small_object_proposal,-1,1.0,1090.0,921.0,1195.0,948.0,artificial_jewellery,video_20260404_120254,frame_004080.jpg,004080,heuristic
small_object_proposal,-1,1.0,1870.0,963.0,1913.0,1024.0,artificial_jewellery,video_20260404_120254,frame_004080.jpg,004080,heuristic
small_object_proposal,-1,1.0,1059.0,700.0,1113.0,748.0,artificial_jewellery,video_20260404_120254,frame_004080.jpg,004080,heuristic
small_object_proposal,-1,1.0,1339.0,367.0,1366.0,460.0,artificial_jewellery,video_20260404_120254,frame_004080.jpg,004080,heuristic
small_object_proposal,-1,1.0,1174.0,571.0,1238.0,605.0,artificial_jewellery,video_20260404_120254,frame_004080.jpg,004080,heuristic
small_object_proposal,-1,1.0,1320.0,768.0,1355.0,822.0,artificial_jewellery,video_20260404_120254,frame_004080.jpg,004080,heuristic
small_object_proposal,-1,1.0,1184.0,327.0,1215.0,383.0,artificial_jewellery,video_20260404_120254,frame_004080.jpg,004080,heuristic
small_object_proposal,-1,1.0,828.0,982.0,863.0,1029.0,artificial_jewellery,video_20260404_120254,frame_004080.jpg,004080,heuristic
small_object_proposal,-1,1.0,1103.0,447.0,1131.0,505.0,artificial_jewellery,video_20260404_120254,frame_004080.jpg,004080,heuristic
small_object_proposal,-1,1.0,96.0,194.0,143.0,228.0,artificial_jewellery,video_20260404_120254,frame_004080.jpg,004080,heuristic
small_object_proposal,-1,1.0,86.0,230.0,147.0,256.0,artificial_jewellery,video_20260404_120254,frame_004080.jpg,004080,heuristic
small_object_proposal,-1,1.0,1088.0,873.0,1140.0,903.0,artificial_jewellery,video_20260404_120254,frame_004080.jpg,004080,heuristic
small_object_proposal,-1,1.0,1427.0,480.0,1471.0,514.0,artificial_jewellery,video_20260404_120254,frame_004080.jpg,004080,heuristic
small_object_proposal,-1,1.0,1260.0,1014.0,1324.0,1035.0,artificial_jewellery,video_20260404_120254,frame_004080.jpg,004080,heuristic
small_object_proposal,-1,1.0,156.0,763.0,192.0,800.0,artificial_jewellery,video_20260404_120254,frame_004080.jpg,004080,heuristic
small_object_proposal,-1,1.0,120.0,783.0,175.0,807.0,artificial_jewellery,video_20260404_120254,frame_004080.jpg,004080,heuristic
small_object_proposal,-1,1.0,1856.0,892.0,1883.0,936.0,artificial_jewellery,video_20260404_120254,frame_004080.jpg,004080,heuristic
small_object_proposal,-1,1.0,1403.0,511.0,1448.0,537.0,artificial_jewellery,video_20260404_120254,frame_004080.jpg,004080,heuristic
small_object_proposal,-1,1.0,646.0,784.0,680.0,818.0,artificial_jewellery,video_20260404_120254,frame_004080.jpg,004080,heuristic
small_object_proposal,-1,1.0,1168.0,676.0,1191.0,726.0,artificial_jewellery,video_20260404_120254,frame_004080.jpg,004080,heuristic
small_object_proposal,-1,1.0,126.0,730.0,154.0,768.0,artificial_jewellery,video_20260404_120254,frame_004080.jpg,004080,heuristic
small_object_proposal,-1,1.0,496.0,142.0,530.0,173.0,artificial_jewellery,video_20260404_120254,frame_004080.jpg,004080,heuristic
person,0,0.7209380865097046,413.26556396484375,194.21768188476562,1789.2059326171875,1062.158203125,artificial_jewellery,video_20260404_120254,frame_004290.jpg,004290,yolo
small_object_proposal,-1,1.0,923.0,465.0,987.0,543.0,artificial_jewellery,video_20260404_120254,frame_004290.jpg,004290,heuristic
small_object_proposal,-1,1.0,1476.0,710.0,1529.0,800.0,artificial_jewellery,video_20260404_120254,frame_004290.jpg,004290,heuristic
small_object_proposal,-1,1.0,1197.0,812.0,1271.0,873.0,artificial_jewellery,video_20260404_120254,frame_004290.jpg,004290,heuristic
small_object_proposal,-1,1.0,1272.0,340.0,1359.0,389.0,artificial_jewellery,video_20260404_120254,frame_004290.jpg,004290,heuristic
small_object_proposal,-1,1.0,859.0,236.0,910.0,318.0,artificial_jewellery,video_20260404_120254,frame_004290.jpg,004290,heuristic
small_object_proposal,-1,1.0,1065.0,679.0,1152.0,725.0,artificial_jewellery,video_20260404_120254,frame_004290.jpg,004290,heuristic
small_object_proposal,-1,1.0,1371.0,977.0,1470.0,1016.0,artificial_jewellery,video_20260404_120254,frame_004290.jpg,004290,heuristic
small_object_proposal,-1,1.0,1618.0,1006.0,1712.0,1047.0,artificial_jewellery,video_20260404_120254,frame_004290.jpg,004290,heuristic
small_object_proposal,-1,1.0,830.0,770.0,865.0,880.0,artificial_jewellery,video_20260404_120254,frame_004290.jpg,004290,heuristic
small_object_proposal,-1,1.0,1216.0,332.0,1294.0,381.0,artificial_jewellery,video_20260404_120254,frame_004290.jpg,004290,heuristic
small_object_proposal,-1,1.0,989.0,616.0,1053.0,670.0,artificial_jewellery,video_20260404_120254,frame_004290.jpg,004290,heuristic
small_object_proposal,-1,1.0,1041.0,356.0,1100.0,410.0,artificial_jewellery,video_20260404_120254,frame_004290.jpg,004290,heuristic
small_object_proposal,-1,1.0,1173.0,216.0,1230.0,271.0,artificial_jewellery,video_20260404_120254,frame_004290.jpg,004290,heuristic
small_object_proposal,-1,1.0,1823.0,799.0,1871.0,864.0,artificial_jewellery,video_20260404_120254,frame_004290.jpg,004290,heuristic
small_object_proposal,-1,1.0,1562.0,339.0,1595.0,431.0,artificial_jewellery,video_20260404_120254,frame_004290.jpg,004290,heuristic
small_object_proposal,-1,1.0,1382.0,478.0,1432.0,538.0,artificial_jewellery,video_20260404_120254,frame_004290.jpg,004290,heuristic
small_object_proposal,-1,1.0,550.0,582.0,637.0,614.0,artificial_jewellery,video_20260404_120254,frame_004290.jpg,004290,heuristic
small_object_proposal,-1,1.0,1054.0,864.0,1159.0,890.0,artificial_jewellery,video_20260404_120254,frame_004290.jpg,004290,heuristic
small_object_proposal,-1,1.0,1338.0,827.0,1371.0,907.0,artificial_jewellery,video_20260404_120254,frame_004290.jpg,004290,heuristic
small_object_proposal,-1,1.0,1844.0,751.0,1892.0,805.0,artificial_jewellery,video_20260404_120254,frame_004290.jpg,004290,heuristic
small_object_proposal,-1,1.0,1034.0,793.0,1091.0,834.0,artificial_jewellery,video_20260404_120254,frame_004290.jpg,004290,heuristic
small_object_proposal,-1,1.0,904.0,291.0,945.0,348.0,artificial_jewellery,video_20260404_120254,frame_004290.jpg,004290,heuristic
small_object_proposal,-1,1.0,1373.0,374.0,1442.0,407.0,artificial_jewellery,video_20260404_120254,frame_004290.jpg,004290,heuristic
small_object_proposal,-1,1.0,882.0,334.0,917.0,398.0,artificial_jewellery,video_20260404_120254,frame_004290.jpg,004290,heuristic
small_object_proposal,-1,1.0,1082.0,385.0,1132.0,427.0,artificial_jewellery,video_20260404_120254,frame_004290.jpg,004290,heuristic
small_object_proposal,-1,1.0,1011.0,985.0,1068.0,1021.0,artificial_jewellery,video_20260404_120254,frame_004290.jpg,004290,heuristic
small_object_proposal,-1,1.0,912.0,662.0,953.0,712.0,artificial_jewellery,video_20260404_120254,frame_004290.jpg,004290,heuristic
small_object_proposal,-1,1.0,1221.0,927.0,1291.0,955.0,artificial_jewellery,video_20260404_120254,frame_004290.jpg,004290,heuristic
small_object_proposal,-1,1.0,937.0,213.0,1009.0,240.0,artificial_jewellery,video_20260404_120254,frame_004290.jpg,004290,heuristic
small_object_proposal,-1,1.0,1143.0,369.0,1200.0,403.0,artificial_jewellery,video_20260404_120254,frame_004290.jpg,004290,heuristic
cell phone,67,0.9454707503318787,652.9810180664062,317.40008544921875,813.7098999023438,641.6824340820312,artificial_jewellery,video_20260404_120254,frame_004410.jpg,004410,yolo
person,0,0.3056451082229614,1718.7440185546875,543.4004516601562,1919.5675048828125,960.2532348632812,artificial_jewellery,video_20260404_120254,frame_004410.jpg,004410,yolo
book,73,0.2944057583808899,0.509674072265625,83.14453125,786.5771484375,1041.47412109375,artificial_jewellery,video_20260404_120254,frame_004410.jpg,004410,yolo
small_object_proposal,-1,1.0,1589.0,468.0,1648.0,551.0,artificial_jewellery,video_20260404_120254,frame_004410.jpg,004410,heuristic
small_object_proposal,-1,1.0,1507.0,507.0,1560.0,576.0,artificial_jewellery,video_20260404_120254,frame_004410.jpg,004410,heuristic
small_object_proposal,-1,1.0,407.0,768.0,468.0,827.0,artificial_jewellery,video_20260404_120254,frame_004410.jpg,004410,heuristic
small_object_proposal,-1,1.0,517.0,770.0,575.0,827.0,artificial_jewellery,video_20260404_120254,frame_004410.jpg,004410,heuristic
small_object_proposal,-1,1.0,572.0,820.0,606.0,914.0,artificial_jewellery,video_20260404_120254,frame_004410.jpg,004410,heuristic
small_object_proposal,-1,1.0,593.0,759.0,622.0,866.0,artificial_jewellery,video_20260404_120254,frame_004410.jpg,004410,heuristic
small_object_proposal,-1,1.0,1794.0,511.0,1833.0,590.0,artificial_jewellery,video_20260404_120254,frame_004410.jpg,004410,heuristic
small_object_proposal,-1,1.0,1234.0,384.0,1452.0,398.0,artificial_jewellery,video_20260404_120254,frame_004410.jpg,004410,heuristic
small_object_proposal,-1,1.0,1681.0,635.0,1756.0,674.0,artificial_jewellery,video_20260404_120254,frame_004410.jpg,004410,heuristic
small_object_proposal,-1,1.0,1549.0,963.0,1609.0,1008.0,artificial_jewellery,video_20260404_120254,frame_004410.jpg,004410,heuristic
small_object_proposal,-1,1.0,1460.0,991.0,1521.0,1035.0,artificial_jewellery,video_20260404_120254,frame_004410.jpg,004410,heuristic
small_object_proposal,-1,1.0,1488.0,678.0,1514.0,781.0,artificial_jewellery,video_20260404_120254,frame_004410.jpg,004410,heuristic
small_object_proposal,-1,1.0,1286.0,970.0,1381.0,997.0,artificial_jewellery,video_20260404_120254,frame_004410.jpg,004410,heuristic
small_object_proposal,-1,1.0,1617.0,703.0,1676.0,746.0,artificial_jewellery,video_20260404_120254,frame_004410.jpg,004410,heuristic
small_object_proposal,-1,1.0,19.0,202.0,64.0,254.0,artificial_jewellery,video_20260404_120254,frame_004410.jpg,004410,heuristic
small_object_proposal,-1,1.0,1380.0,407.0,1415.0,473.0,artificial_jewellery,video_20260404_120254,frame_004410.jpg,004410,heuristic
small_object_proposal,-1,1.0,680.0,976.0,722.0,1028.0,artificial_jewellery,video_20260404_120254,frame_004410.jpg,004410,heuristic
small_object_proposal,-1,1.0,417.0,873.0,494.0,901.0,artificial_jewellery,video_20260404_120254,frame_004410.jpg,004410,heuristic
small_object_proposal,-1,1.0,848.0,583.0,876.0,660.0,artificial_jewellery,video_20260404_120254,frame_004410.jpg,004410,heuristic
small_object_proposal,-1,1.0,1311.0,473.0,1365.0,510.0,artificial_jewellery,video_20260404_120254,frame_004410.jpg,004410,heuristic
small_object_proposal,-1,1.0,1528.0,688.0,1571.0,734.0,artificial_jewellery,video_20260404_120254,frame_004410.jpg,004410,heuristic
small_object_proposal,-1,1.0,1414.0,493.0,1437.0,579.0,artificial_jewellery,video_20260404_120254,frame_004410.jpg,004410,heuristic
small_object_proposal,-1,1.0,621.0,627.0,663.0,671.0,artificial_jewellery,video_20260404_120254,frame_004410.jpg,004410,heuristic
small_object_proposal,-1,1.0,520.0,1007.0,557.0,1056.0,artificial_jewellery,video_20260404_120254,frame_004410.jpg,004410,heuristic
small_object_proposal,-1,1.0,1389.0,563.0,1411.0,644.0,artificial_jewellery,video_20260404_120254,frame_004410.jpg,004410,heuristic
small_object_proposal,-1,1.0,1834.0,567.0,1868.0,616.0,artificial_jewellery,video_20260404_120254,frame_004410.jpg,004410,heuristic
small_object_proposal,-1,1.0,1317.0,724.0,1362.0,761.0,artificial_jewellery,video_20260404_120254,frame_004410.jpg,004410,heuristic
small_object_proposal,-1,1.0,1708.0,554.0,1741.0,602.0,artificial_jewellery,video_20260404_120254,frame_004410.jpg,004410,heuristic
small_object_proposal,-1,1.0,1288.0,759.0,1329.0,796.0,artificial_jewellery,video_20260404_120254,frame_004410.jpg,004410,heuristic
small_object_proposal,-1,1.0,1089.0,799.0,1153.0,821.0,artificial_jewellery,video_20260404_120254,frame_004410.jpg,004410,heuristic
cell phone,67,0.8596625924110413,593.063232421875,380.6477355957031,738.1389770507812,696.3005981445312,artificial_jewellery,video_20260404_120254,frame_004440.jpg,004440,yolo
book,73,0.7074093222618103,0.0,354.03570556640625,625.647705078125,1033.4114990234375,artificial_jewellery,video_20260404_120254,frame_004440.jpg,004440,yolo
person,0,0.5005852580070496,527.8214721679688,130.22607421875,1827.0274658203125,1060.4287109375,artificial_jewellery,video_20260404_120254,frame_004440.jpg,004440,yolo
small_object_proposal,-1,1.0,1031.0,627.0,1149.0,668.0,artificial_jewellery,video_20260404_120254,frame_004440.jpg,004440,heuristic
small_object_proposal,-1,1.0,1589.0,984.0,1656.0,1051.0,artificial_jewellery,video_20260404_120254,frame_004440.jpg,004440,heuristic
small_object_proposal,-1,1.0,827.0,626.0,858.0,767.0,artificial_jewellery,video_20260404_120254,frame_004440.jpg,004440,heuristic
small_object_proposal,-1,1.0,890.0,660.0,968.0,706.0,artificial_jewellery,video_20260404_120254,frame_004440.jpg,004440,heuristic
small_object_proposal,-1,1.0,1747.0,534.0,1789.0,618.0,artificial_jewellery,video_20260404_120254,frame_004440.jpg,004440,heuristic
small_object_proposal,-1,1.0,939.0,789.0,974.0,879.0,artificial_jewellery,video_20260404_120254,frame_004440.jpg,004440,heuristic
small_object_proposal,-1,1.0,486.0,849.0,535.0,908.0,artificial_jewellery,video_20260404_120254,frame_004440.jpg,004440,heuristic
small_object_proposal,-1,1.0,671.0,725.0,736.0,766.0,artificial_jewellery,video_20260404_120254,frame_004440.jpg,004440,heuristic
small_object_proposal,-1,1.0,1523.0,921.0,1576.0,965.0,artificial_jewellery,video_20260404_120254,frame_004440.jpg,004440,heuristic
small_object_proposal,-1,1.0,1734.0,484.0,1770.0,546.0,artificial_jewellery,video_20260404_120254,frame_004440.jpg,004440,heuristic
small_object_proposal,-1,1.0,1783.0,520.0,1812.0,584.0,artificial_jewellery,video_20260404_120254,frame_004440.jpg,004440,heuristic
small_object_proposal,-1,1.0,1766.0,429.0,1803.0,479.0,artificial_jewellery,video_20260404_120254,frame_004440.jpg,004440,heuristic
small_object_proposal,-1,1.0,133.0,3.0,200.0,30.0,artificial_jewellery,video_20260404_120254,frame_004440.jpg,004440,heuristic
small_object_proposal,-1,1.0,751.0,693.0,795.0,734.0,artificial_jewellery,video_20260404_120254,frame_004440.jpg,004440,heuristic
small_object_proposal,-1,1.0,806.0,636.0,830.0,709.0,artificial_jewellery,video_20260404_120254,frame_004440.jpg,004440,heuristic
small_object_proposal,-1,1.0,1607.0,772.0,1629.0,848.0,artificial_jewellery,video_20260404_120254,frame_004440.jpg,004440,heuristic
small_object_proposal,-1,1.0,1633.0,609.0,1694.0,634.0,artificial_jewellery,video_20260404_120254,frame_004440.jpg,004440,heuristic
small_object_proposal,-1,1.0,762.0,686.0,813.0,715.0,artificial_jewellery,video_20260404_120254,frame_004440.jpg,004440,heuristic
small_object_proposal,-1,1.0,1723.0,458.0,1754.0,502.0,artificial_jewellery,video_20260404_120254,frame_004440.jpg,004440,heuristic
small_object_proposal,-1,1.0,481.0,1003.0,521.0,1036.0,artificial_jewellery,video_20260404_120254,frame_004440.jpg,004440,heuristic
small_object_proposal,-1,1.0,1599.0,690.0,1623.0,745.0,artificial_jewellery,video_20260404_120254,frame_004440.jpg,004440,heuristic
small_object_proposal,-1,1.0,1621.0,613.0,1641.0,674.0,artificial_jewellery,video_20260404_120254,frame_004440.jpg,004440,heuristic
small_object_proposal,-1,1.0,492.0,895.0,533.0,924.0,artificial_jewellery,video_20260404_120254,frame_004440.jpg,004440,heuristic
small_object_proposal,-1,1.0,557.0,971.0,591.0,1005.0,artificial_jewellery,video_20260404_120254,frame_004440.jpg,004440,heuristic
small_object_proposal,-1,1.0,1712.0,939.0,1741.0,977.0,artificial_jewellery,video_20260404_120254,frame_004440.jpg,004440,heuristic
small_object_proposal,-1,1.0,1818.0,456.0,1850.0,489.0,artificial_jewellery,video_20260404_120254,frame_004440.jpg,004440,heuristic
small_object_proposal,-1,1.0,895.0,715.0,920.0,755.0,artificial_jewellery,video_20260404_120254,frame_004440.jpg,004440,heuristic
small_object_proposal,-1,1.0,1641.0,529.0,1670.0,562.0,artificial_jewellery,video_20260404_120254,frame_004440.jpg,004440,heuristic
small_object_proposal,-1,1.0,1505.0,998.0,1530.0,1035.0,artificial_jewellery,video_20260404_120254,frame_004440.jpg,004440,heuristic
small_object_proposal,-1,1.0,1545.0,605.0,1567.0,647.0,artificial_jewellery,video_20260404_120254,frame_004440.jpg,004440,heuristic
cell phone,67,0.7015215754508972,11.131622314453125,782.0706176757812,294.1014404296875,1072.5361328125,artificial_jewellery,video_20260404_120254,frame_004470.jpg,004470,yolo
person,0,0.5953086018562317,469.06915283203125,319.3739318847656,1781.2818603515625,1067.8857421875,artificial_jewellery,video_20260404_120254,frame_004470.jpg,004470,yolo
small_object_proposal,-1,1.0,1256.0,347.0,1313.0,432.0,artificial_jewellery,video_20260404_120254,frame_004470.jpg,004470,heuristic
small_object_proposal,-1,1.0,1550.0,690.0,1600.0,784.0,artificial_jewellery,video_20260404_120254,frame_004470.jpg,004470,heuristic
small_object_proposal,-1,1.0,1161.0,471.0,1209.0,568.0,artificial_jewellery,video_20260404_120254,frame_004470.jpg,004470,heuristic
small_object_proposal,-1,1.0,1373.0,572.0,1424.0,649.0,artificial_jewellery,video_20260404_120254,frame_004470.jpg,004470,heuristic
small_object_proposal,-1,1.0,1422.0,657.0,1476.0,729.0,artificial_jewellery,video_20260404_120254,frame_004470.jpg,004470,heuristic
small_object_proposal,-1,1.0,1124.0,884.0,1171.0,959.0,artificial_jewellery,video_20260404_120254,frame_004470.jpg,004470,heuristic
small_object_proposal,-1,1.0,1091.0,777.0,1152.0,834.0,artificial_jewellery,video_20260404_120254,frame_004470.jpg,004470,heuristic
small_object_proposal,-1,1.0,1367.0,547.0,1486.0,576.0,artificial_jewellery,video_20260404_120254,frame_004470.jpg,004470,heuristic
small_object_proposal,-1,1.0,1161.0,740.0,1212.0,804.0,artificial_jewellery,video_20260404_120254,frame_004470.jpg,004470,heuristic
small_object_proposal,-1,1.0,605.0,828.0,681.0,866.0,artificial_jewellery,video_20260404_120254,frame_004470.jpg,004470,heuristic
small_object_proposal,-1,1.0,993.0,939.0,1092.0,966.0,artificial_jewellery,video_20260404_120254,frame_004470.jpg,004470,heuristic
small_object_proposal,-1,1.0,1312.0,971.0,1340.0,1065.0,artificial_jewellery,video_20260404_120254,frame_004470.jpg,004470,heuristic
small_object_proposal,-1,1.0,574.0,819.0,623.0,871.0,artificial_jewellery,video_20260404_120254,frame_004470.jpg,004470,heuristic
small_object_proposal,-1,1.0,1696.0,1016.0,1742.0,1071.0,artificial_jewellery,video_20260404_120254,frame_004470.jpg,004470,heuristic
small_object_proposal,-1,1.0,1044.0,587.0,1123.0,619.0,artificial_jewellery,video_20260404_120254,frame_004470.jpg,004470,heuristic
small_object_proposal,-1,1.0,822.0,702.0,859.0,767.0,artificial_jewellery,video_20260404_120254,frame_004470.jpg,004470,heuristic
small_object_proposal,-1,1.0,947.0,720.0,983.0,784.0,artificial_jewellery,video_20260404_120254,frame_004470.jpg,004470,heuristic
small_object_proposal,-1,1.0,1072.0,997.0,1128.0,1038.0,artificial_jewellery,video_20260404_120254,frame_004470.jpg,004470,heuristic
small_object_proposal,-1,1.0,789.0,872.0,828.0,927.0,artificial_jewellery,video_20260404_120254,frame_004470.jpg,004470,heuristic
small_object_proposal,-1,1.0,156.0,996.0,205.0,1038.0,artificial_jewellery,video_20260404_120254,frame_004470.jpg,004470,heuristic
small_object_proposal,-1,1.0,1033.0,711.0,1075.0,760.0,artificial_jewellery,video_20260404_120254,frame_004470.jpg,004470,heuristic
small_object_proposal,-1,1.0,877.0,853.0,917.0,904.0,artificial_jewellery,video_20260404_120254,frame_004470.jpg,004470,heuristic
small_object_proposal,-1,1.0,590.0,598.0,626.0,653.0,artificial_jewellery,video_20260404_120254,frame_004470.jpg,004470,heuristic
small_object_proposal,-1,1.0,1343.0,508.0,1389.0,550.0,artificial_jewellery,video_20260404_120254,frame_004470.jpg,004470,heuristic
small_object_proposal,-1,1.0,102.0,602.0,141.0,650.0,artificial_jewellery,video_20260404_120254,frame_004470.jpg,004470,heuristic
small_object_proposal,-1,1.0,1826.0,983.0,1857.0,1043.0,artificial_jewellery,video_20260404_120254,frame_004470.jpg,004470,heuristic
small_object_proposal,-1,1.0,1027.0,883.0,1087.0,913.0,artificial_jewellery,video_20260404_120254,frame_004470.jpg,004470,heuristic
small_object_proposal,-1,1.0,882.0,738.0,917.0,789.0,artificial_jewellery,video_20260404_120254,frame_004470.jpg,004470,heuristic
small_object_proposal,-1,1.0,165.0,87.0,199.0,139.0,artificial_jewellery,video_20260404_120254,frame_004470.jpg,004470,heuristic
small_object_proposal,-1,1.0,243.0,39.0,294.0,73.0,artificial_jewellery,video_20260404_120254,frame_004470.jpg,004470,heuristic
person,0,0.5400227904319763,536.6256713867188,330.7935791015625,1802.4755859375,1069.7156982421875,artificial_jewellery,video_20260404_120254,frame_004500.jpg,004500,yolo
cell phone,67,0.3349018394947052,1248.7716064453125,316.0994567871094,1426.783447265625,487.062744140625,artificial_jewellery,video_20260404_120254,frame_004500.jpg,004500,yolo
small_object_proposal,-1,1.0,1028.0,779.0,1103.0,835.0,artificial_jewellery,video_20260404_120254,frame_004500.jpg,004500,heuristic
small_object_proposal,-1,1.0,477.0,566.0,604.0,597.0,artificial_jewellery,video_20260404_120254,frame_004500.jpg,004500,heuristic
small_object_proposal,-1,1.0,673.0,970.0,723.0,1041.0,artificial_jewellery,video_20260404_120254,frame_004500.jpg,004500,heuristic
small_object_proposal,-1,1.0,1038.0,459.0,1105.0,511.0,artificial_jewellery,video_20260404_120254,frame_004500.jpg,004500,heuristic
small_object_proposal,-1,1.0,736.0,728.0,783.0,802.0,artificial_jewellery,video_20260404_120254,frame_004500.jpg,004500,heuristic
small_object_proposal,-1,1.0,1091.0,877.0,1128.0,969.0,artificial_jewellery,video_20260404_120254,frame_004500.jpg,004500,heuristic
small_object_proposal,-1,1.0,432.0,704.0,487.0,764.0,artificial_jewellery,video_20260404_120254,frame_004500.jpg,004500,heuristic
small_object_proposal,-1,1.0,1285.0,965.0,1325.0,1047.0,artificial_jewellery,video_20260404_120254,frame_004500.jpg,004500,heuristic
small_object_proposal,-1,1.0,1240.0,645.0,1288.0,712.0,artificial_jewellery,video_20260404_120254,frame_004500.jpg,004500,heuristic
small_object_proposal,-1,1.0,935.0,693.0,974.0,771.0,artificial_jewellery,video_20260404_120254,frame_004500.jpg,004500,heuristic
small_object_proposal,-1,1.0,26.0,802.0,77.0,859.0,artificial_jewellery,video_20260404_120254,frame_004500.jpg,004500,heuristic
small_object_proposal,-1,1.0,505.0,672.0,571.0,711.0,artificial_jewellery,video_20260404_120254,frame_004500.jpg,004500,heuristic
small_object_proposal,-1,1.0,1198.0,889.0,1254.0,933.0,artificial_jewellery,video_20260404_120254,frame_004500.jpg,004500,heuristic
small_object_proposal,-1,1.0,494.0,710.0,542.0,760.0,artificial_jewellery,video_20260404_120254,frame_004500.jpg,004500,heuristic
small_object_proposal,-1,1.0,901.0,751.0,953.0,791.0,artificial_jewellery,video_20260404_120254,frame_004500.jpg,004500,heuristic
small_object_proposal,-1,1.0,809.0,890.0,855.0,934.0,artificial_jewellery,video_20260404_120254,frame_004500.jpg,004500,heuristic
small_object_proposal,-1,1.0,737.0,935.0,769.0,998.0,artificial_jewellery,video_20260404_120254,frame_004500.jpg,004500,heuristic
small_object_proposal,-1,1.0,229.0,1021.0,282.0,1057.0,artificial_jewellery,video_20260404_120254,frame_004500.jpg,004500,heuristic
small_object_proposal,-1,1.0,1839.0,769.0,1890.0,805.0,artificial_jewellery,video_20260404_120254,frame_004500.jpg,004500,heuristic
small_object_proposal,-1,1.0,986.0,902.0,1046.0,932.0,artificial_jewellery,video_20260404_120254,frame_004500.jpg,004500,heuristic
small_object_proposal,-1,1.0,971.0,386.0,1004.0,438.0,artificial_jewellery,video_20260404_120254,frame_004500.jpg,004500,heuristic
small_object_proposal,-1,1.0,1393.0,462.0,1421.0,519.0,artificial_jewellery,video_20260404_120254,frame_004500.jpg,004500,heuristic
small_object_proposal,-1,1.0,1422.0,699.0,1470.0,730.0,artificial_jewellery,video_20260404_120254,frame_004500.jpg,004500,heuristic
small_object_proposal,-1,1.0,91.0,894.0,130.0,932.0,artificial_jewellery,video_20260404_120254,frame_004500.jpg,004500,heuristic
small_object_proposal,-1,1.0,997.0,679.0,1054.0,705.0,artificial_jewellery,video_20260404_120254,frame_004500.jpg,004500,heuristic
small_object_proposal,-1,1.0,1543.0,486.0,1564.0,555.0,artificial_jewellery,video_20260404_120254,frame_004500.jpg,004500,heuristic
small_object_proposal,-1,1.0,1701.0,908.0,1732.0,951.0,artificial_jewellery,video_20260404_120254,frame_004500.jpg,004500,heuristic
small_object_proposal,-1,1.0,93.0,946.0,127.0,984.0,artificial_jewellery,video_20260404_120254,frame_004500.jpg,004500,heuristic
small_object_proposal,-1,1.0,989.0,804.0,1023.0,839.0,artificial_jewellery,video_20260404_120254,frame_004500.jpg,004500,heuristic
small_object_proposal,-1,1.0,1039.0,405.0,1077.0,435.0,artificial_jewellery,video_20260404_120254,frame_004500.jpg,004500,heuristic
person,0,0.7004011869430542,391.78564453125,231.100341796875,1738.6649169921875,1069.1729736328125,artificial_jewellery,video_20260404_120254,frame_004530.jpg,004530,yolo
small_object_proposal,-1,1.0,1009.0,988.0,1084.0,1045.0,artificial_jewellery,video_20260404_120254,frame_004530.jpg,004530,heuristic
small_object_proposal,-1,1.0,705.0,950.0,756.0,1028.0,artificial_jewellery,video_20260404_120254,frame_004530.jpg,004530,heuristic
small_object_proposal,-1,1.0,1158.0,374.0,1265.0,410.0,artificial_jewellery,video_20260404_120254,frame_004530.jpg,004530,heuristic
small_object_proposal,-1,1.0,1113.0,355.0,1223.0,390.0,artificial_jewellery,video_20260404_120254,frame_004530.jpg,004530,heuristic
small_object_proposal,-1,1.0,542.0,865.0,600.0,925.0,artificial_jewellery,video_20260404_120254,frame_004530.jpg,004530,heuristic
small_object_proposal,-1,1.0,163.0,956.0,212.0,1024.0,artificial_jewellery,video_20260404_120254,frame_004530.jpg,004530,heuristic
small_object_proposal,-1,1.0,1312.0,923.0,1354.0,1001.0,artificial_jewellery,video_20260404_120254,frame_004530.jpg,004530,heuristic
small_object_proposal,-1,1.0,1055.0,755.0,1129.0,798.0,artificial_jewellery,video_20260404_120254,frame_004530.jpg,004530,heuristic
small_object_proposal,-1,1.0,998.0,922.0,1110.0,950.0,artificial_jewellery,video_20260404_120254,frame_004530.jpg,004530,heuristic
small_object_proposal,-1,1.0,882.0,623.0,950.0,668.0,artificial_jewellery,video_20260404_120254,frame_004530.jpg,004530,heuristic
small_object_proposal,-1,1.0,539.0,924.0,599.0,974.0,artificial_jewellery,video_20260404_120254,frame_004530.jpg,004530,heuristic
small_object_proposal,-1,1.0,709.0,520.0,764.0,570.0,artificial_jewellery,video_20260404_120254,frame_004530.jpg,004530,heuristic
small_object_proposal,-1,1.0,411.0,890.0,481.0,928.0,artificial_jewellery,video_20260404_120254,frame_004530.jpg,004530,heuristic
small_object_proposal,-1,1.0,371.0,1015.0,419.0,1069.0,artificial_jewellery,video_20260404_120254,frame_004530.jpg,004530,heuristic
small_object_proposal,-1,1.0,1519.0,560.0,1547.0,652.0,artificial_jewellery,video_20260404_120254,frame_004530.jpg,004530,heuristic
small_object_proposal,-1,1.0,529.0,564.0,624.0,588.0,artificial_jewellery,video_20260404_120254,frame_004530.jpg,004530,heuristic
small_object_proposal,-1,1.0,930.0,546.0,988.0,585.0,artificial_jewellery,video_20260404_120254,frame_004530.jpg,004530,heuristic
small_object_proposal,-1,1.0,517.0,691.0,558.0,744.0,artificial_jewellery,video_20260404_120254,frame_004530.jpg,004530,heuristic
small_object_proposal,-1,1.0,848.0,878.0,890.0,929.0,artificial_jewellery,video_20260404_120254,frame_004530.jpg,004530,heuristic
small_object_proposal,-1,1.0,6.0,586.0,62.0,622.0,artificial_jewellery,video_20260404_120254,frame_004530.jpg,004530,heuristic
small_object_proposal,-1,1.0,1015.0,869.0,1073.0,903.0,artificial_jewellery,video_20260404_120254,frame_004530.jpg,004530,heuristic
small_object_proposal,-1,1.0,1113.0,968.0,1160.0,1008.0,artificial_jewellery,video_20260404_120254,frame_004530.jpg,004530,heuristic
small_object_proposal,-1,1.0,1720.0,849.0,1757.0,898.0,artificial_jewellery,video_20260404_120254,frame_004530.jpg,004530,heuristic
small_object_proposal,-1,1.0,1848.0,708.0,1901.0,742.0,artificial_jewellery,video_20260404_120254,frame_004530.jpg,004530,heuristic
small_object_proposal,-1,1.0,1132.0,851.0,1155.0,929.0,artificial_jewellery,video_20260404_120254,frame_004530.jpg,004530,heuristic
small_object_proposal,-1,1.0,1048.0,435.0,1092.0,475.0,artificial_jewellery,video_20260404_120254,frame_004530.jpg,004530,heuristic
small_object_proposal,-1,1.0,753.0,687.0,786.0,739.0,artificial_jewellery,video_20260404_120254,frame_004530.jpg,004530,heuristic
small_object_proposal,-1,1.0,1049.0,453.0,1087.0,496.0,artificial_jewellery,video_20260404_120254,frame_004530.jpg,004530,heuristic
small_object_proposal,-1,1.0,32.0,759.0,64.0,808.0,artificial_jewellery,video_20260404_120254,frame_004530.jpg,004530,heuristic
small_object_proposal,-1,1.0,1505.0,488.0,1552.0,521.0,artificial_jewellery,video_20260404_120254,frame_004530.jpg,004530,heuristic
person,0,0.613054096698761,398.192138671875,222.00137329101562,1789.316162109375,1066.5628662109375,artificial_jewellery,video_20260404_120254,frame_004590.jpg,004590,yolo
small_object_proposal,-1,1.0,735.0,461.0,802.0,531.0,artificial_jewellery,video_20260404_120254,frame_004590.jpg,004590,heuristic
small_object_proposal,-1,1.0,1519.0,596.0,1559.0,706.0,artificial_jewellery,video_20260404_120254,frame_004590.jpg,004590,heuristic
small_object_proposal,-1,1.0,945.0,518.0,1027.0,568.0,artificial_jewellery,video_20260404_120254,frame_004590.jpg,004590,heuristic
small_object_proposal,-1,1.0,1009.0,717.0,1068.0,784.0,artificial_jewellery,video_20260404_120254,frame_004590.jpg,004590,heuristic
small_object_proposal,-1,1.0,808.0,365.0,847.0,461.0,artificial_jewellery,video_20260404_120254,frame_004590.jpg,004590,heuristic
small_object_proposal,-1,1.0,600.0,905.0,686.0,948.0,artificial_jewellery,video_20260404_120254,frame_004590.jpg,004590,heuristic
small_object_proposal,-1,1.0,511.0,525.0,646.0,552.0,artificial_jewellery,video_20260404_120254,frame_004590.jpg,004590,heuristic
small_object_proposal,-1,1.0,1006.0,906.0,1118.0,938.0,artificial_jewellery,video_20260404_120254,frame_004590.jpg,004590,heuristic
small_object_proposal,-1,1.0,1131.0,806.0,1166.0,908.0,artificial_jewellery,video_20260404_120254,frame_004590.jpg,004590,heuristic
small_object_proposal,-1,1.0,938.0,225.0,1021.0,267.0,artificial_jewellery,video_20260404_120254,frame_004590.jpg,004590,heuristic
small_object_proposal,-1,1.0,1300.0,333.0,1338.0,411.0,artificial_jewellery,video_20260404_120254,frame_004590.jpg,004590,heuristic
small_object_proposal,-1,1.0,2.0,165.0,51.0,222.0,artificial_jewellery,video_20260404_120254,frame_004590.jpg,004590,heuristic
small_object_proposal,-1,1.0,849.0,848.0,896.0,905.0,artificial_jewellery,video_20260404_120254,frame_004590.jpg,004590,heuristic
small_object_proposal,-1,1.0,496.0,654.0,543.0,709.0,artificial_jewellery,video_20260404_120254,frame_004590.jpg,004590,heuristic
small_object_proposal,-1,1.0,1390.0,577.0,1430.0,640.0,artificial_jewellery,video_20260404_120254,frame_004590.jpg,004590,heuristic
small_object_proposal,-1,1.0,39.0,541.0,84.0,597.0,artificial_jewellery,video_20260404_120254,frame_004590.jpg,004590,heuristic
small_object_proposal,-1,1.0,1151.0,245.0,1206.0,287.0,artificial_jewellery,video_20260404_120254,frame_004590.jpg,004590,heuristic
small_object_proposal,-1,1.0,1027.0,835.0,1085.0,874.0,artificial_jewellery,video_20260404_120254,frame_004590.jpg,004590,heuristic
small_object_proposal,-1,1.0,921.0,692.0,962.0,745.0,artificial_jewellery,video_20260404_120254,frame_004590.jpg,004590,heuristic
small_object_proposal,-1,1.0,693.0,1020.0,731.0,1076.0,artificial_jewellery,video_20260404_120254,frame_004590.jpg,004590,heuristic
small_object_proposal,-1,1.0,882.0,767.0,936.0,805.0,artificial_jewellery,video_20260404_120254,frame_004590.jpg,004590,heuristic
small_object_proposal,-1,1.0,544.0,658.0,581.0,711.0,artificial_jewellery,video_20260404_120254,frame_004590.jpg,004590,heuristic
small_object_proposal,-1,1.0,602.0,676.0,633.0,739.0,artificial_jewellery,video_20260404_120254,frame_004590.jpg,004590,heuristic
small_object_proposal,-1,1.0,914.0,287.0,942.0,355.0,artificial_jewellery,video_20260404_120254,frame_004590.jpg,004590,heuristic
small_object_proposal,-1,1.0,1287.0,327.0,1325.0,376.0,artificial_jewellery,video_20260404_120254,frame_004590.jpg,004590,heuristic
small_object_proposal,-1,1.0,1788.0,838.0,1821.0,894.0,artificial_jewellery,video_20260404_120254,frame_004590.jpg,004590,heuristic
small_object_proposal,-1,1.0,1314.0,907.0,1342.0,972.0,artificial_jewellery,video_20260404_120254,frame_004590.jpg,004590,heuristic
small_object_proposal,-1,1.0,1492.0,468.0,1563.0,493.0,artificial_jewellery,video_20260404_120254,frame_004590.jpg,004590,heuristic
small_object_proposal,-1,1.0,1137.0,299.0,1234.0,317.0,artificial_jewellery,video_20260404_120254,frame_004590.jpg,004590,heuristic
small_object_proposal,-1,1.0,964.0,758.0,999.0,807.0,artificial_jewellery,video_20260404_120254,frame_004590.jpg,004590,heuristic
person,0,0.67287278175354,410.771484375,233.21951293945312,1813.187744140625,1080.0,artificial_jewellery,video_20260404_120254,frame_004620.jpg,004620,yolo
small_object_proposal,-1,1.0,991.0,996.0,1062.0,1063.0,artificial_jewellery,video_20260404_120254,frame_004620.jpg,004620,heuristic
small_object_proposal,-1,1.0,1532.0,536.0,1570.0,659.0,artificial_jewellery,video_20260404_120254,frame_004620.jpg,004620,heuristic
small_object_proposal,-1,1.0,827.0,714.0,889.0,783.0,artificial_jewellery,video_20260404_120254,frame_004620.jpg,004620,heuristic
small_object_proposal,-1,1.0,754.0,453.0,815.0,523.0,artificial_jewellery,video_20260404_120254,frame_004620.jpg,004620,heuristic
small_object_proposal,-1,1.0,589.0,824.0,643.0,893.0,artificial_jewellery,video_20260404_120254,frame_004620.jpg,004620,heuristic
small_object_proposal,-1,1.0,546.0,512.0,670.0,542.0,artificial_jewellery,video_20260404_120254,frame_004620.jpg,004620,heuristic
small_object_proposal,-1,1.0,1321.0,897.0,1369.0,972.0,artificial_jewellery,video_20260404_120254,frame_004620.jpg,004620,heuristic
small_object_proposal,-1,1.0,1138.0,803.0,1177.0,895.0,artificial_jewellery,video_20260404_120254,frame_004620.jpg,004620,heuristic
small_object_proposal,-1,1.0,916.0,283.0,946.0,381.0,artificial_jewellery,video_20260404_120254,frame_004620.jpg,004620,heuristic
small_object_proposal,-1,1.0,1282.0,663.0,1332.0,720.0,artificial_jewellery,video_20260404_120254,frame_004620.jpg,004620,heuristic
small_object_proposal,-1,1.0,1030.0,893.0,1134.0,920.0,artificial_jewellery,video_20260404_120254,frame_004620.jpg,004620,heuristic
small_object_proposal,-1,1.0,601.0,664.0,652.0,718.0,artificial_jewellery,video_20260404_120254,frame_004620.jpg,004620,heuristic
small_object_proposal,-1,1.0,784.0,864.0,837.0,915.0,artificial_jewellery,video_20260404_120254,frame_004620.jpg,004620,heuristic
small_object_proposal,-1,1.0,758.0,528.0,808.0,579.0,artificial_jewellery,video_20260404_120254,frame_004620.jpg,004620,heuristic
small_object_proposal,-1,1.0,1193.0,1012.0,1294.0,1036.0,artificial_jewellery,video_20260404_120254,frame_004620.jpg,004620,heuristic
small_object_proposal,-1,1.0,978.0,463.0,1042.0,500.0,artificial_jewellery,video_20260404_120254,frame_004620.jpg,004620,heuristic
small_object_proposal,-1,1.0,6.0,725.0,68.0,759.0,artificial_jewellery,video_20260404_120254,frame_004620.jpg,004620,heuristic
small_object_proposal,-1,1.0,1159.0,939.0,1210.0,980.0,artificial_jewellery,video_20260404_120254,frame_004620.jpg,004620,heuristic
small_object_proposal,-1,1.0,1040.0,828.0,1095.0,865.0,artificial_jewellery,video_20260404_120254,frame_004620.jpg,004620,heuristic
small_object_proposal,-1,1.0,38.0,147.0,86.0,189.0,artificial_jewellery,video_20260404_120254,frame_004620.jpg,004620,heuristic
small_object_proposal,-1,1.0,1405.0,450.0,1482.0,476.0,artificial_jewellery,video_20260404_120254,frame_004620.jpg,004620,heuristic
small_object_proposal,-1,1.0,1627.0,927.0,1665.0,976.0,artificial_jewellery,video_20260404_120254,frame_004620.jpg,004620,heuristic
small_object_proposal,-1,1.0,54.0,522.0,107.0,557.0,artificial_jewellery,video_20260404_120254,frame_004620.jpg,004620,heuristic
small_object_proposal,-1,1.0,592.0,643.0,641.0,679.0,artificial_jewellery,video_20260404_120254,frame_004620.jpg,004620,heuristic
small_object_proposal,-1,1.0,1870.0,692.0,1916.0,730.0,artificial_jewellery,video_20260404_120254,frame_004620.jpg,004620,heuristic
small_object_proposal,-1,1.0,735.0,910.0,764.0,968.0,artificial_jewellery,video_20260404_120254,frame_004620.jpg,004620,heuristic
small_object_proposal,-1,1.0,575.0,616.0,616.0,656.0,artificial_jewellery,video_20260404_120254,frame_004620.jpg,004620,heuristic
small_object_proposal,-1,1.0,1185.0,980.0,1263.0,1001.0,artificial_jewellery,video_20260404_120254,frame_004620.jpg,004620,heuristic
small_object_proposal,-1,1.0,70.0,690.0,103.0,739.0,artificial_jewellery,video_20260404_120254,frame_004620.jpg,004620,heuristic
small_object_proposal,-1,1.0,876.0,847.0,909.0,894.0,artificial_jewellery,video_20260404_120254,frame_004620.jpg,004620,heuristic
person,0,0.3836047351360321,624.0503540039062,297.56927490234375,1641.142578125,1068.8712158203125,artificial_jewellery,video_20260404_120254,frame_004650.jpg,004650,yolo
small_object_proposal,-1,1.0,793.0,688.0,847.0,777.0,artificial_jewellery,video_20260404_120254,frame_004650.jpg,004650,heuristic
small_object_proposal,-1,1.0,1081.0,723.0,1167.0,778.0,artificial_jewellery,video_20260404_120254,frame_004650.jpg,004650,heuristic
small_object_proposal,-1,1.0,1014.0,902.0,1134.0,940.0,artificial_jewellery,video_20260404_120254,frame_004650.jpg,004650,heuristic
small_object_proposal,-1,1.0,1327.0,901.0,1379.0,987.0,artificial_jewellery,video_20260404_120254,frame_004650.jpg,004650,heuristic
small_object_proposal,-1,1.0,1352.0,425.0,1437.0,477.0,artificial_jewellery,video_20260404_120254,frame_004650.jpg,004650,heuristic
small_object_proposal,-1,1.0,1826.0,850.0,1890.0,919.0,artificial_jewellery,video_20260404_120254,frame_004650.jpg,004650,heuristic
small_object_proposal,-1,1.0,748.0,453.0,810.0,524.0,artificial_jewellery,video_20260404_120254,frame_004650.jpg,004650,heuristic
small_object_proposal,-1,1.0,619.0,825.0,681.0,895.0,artificial_jewellery,video_20260404_120254,frame_004650.jpg,004650,heuristic
small_object_proposal,-1,1.0,1370.0,908.0,1409.0,997.0,artificial_jewellery,video_20260404_120254,frame_004650.jpg,004650,heuristic
small_object_proposal,-1,1.0,1141.0,821.0,1179.0,907.0,artificial_jewellery,video_20260404_120254,frame_004650.jpg,004650,heuristic
small_object_proposal,-1,1.0,560.0,516.0,664.0,546.0,artificial_jewellery,video_20260404_120254,frame_004650.jpg,004650,heuristic
small_object_proposal,-1,1.0,705.0,1010.0,752.0,1075.0,artificial_jewellery,video_20260404_120254,frame_004650.jpg,004650,heuristic
small_object_proposal,-1,1.0,1819.0,919.0,1867.0,981.0,artificial_jewellery,video_20260404_120254,frame_004650.jpg,004650,heuristic
small_object_proposal,-1,1.0,952.0,686.0,1003.0,743.0,artificial_jewellery,video_20260404_120254,frame_004650.jpg,004650,heuristic
small_object_proposal,-1,1.0,1136.0,947.0,1201.0,991.0,artificial_jewellery,video_20260404_120254,frame_004650.jpg,004650,heuristic
small_object_proposal,-1,1.0,1401.0,452.0,1520.0,476.0,artificial_jewellery,video_20260404_120254,frame_004650.jpg,004650,heuristic
small_object_proposal,-1,1.0,617.0,879.0,675.0,927.0,artificial_jewellery,video_20260404_120254,frame_004650.jpg,004650,heuristic
small_object_proposal,-1,1.0,1372.0,478.0,1408.0,555.0,artificial_jewellery,video_20260404_120254,frame_004650.jpg,004650,heuristic
small_object_proposal,-1,1.0,589.0,847.0,631.0,910.0,artificial_jewellery,video_20260404_120254,frame_004650.jpg,004650,heuristic
small_object_proposal,-1,1.0,17.0,149.0,66.0,201.0,artificial_jewellery,video_20260404_120254,frame_004650.jpg,004650,heuristic
small_object_proposal,-1,1.0,1518.0,693.0,1546.0,781.0,artificial_jewellery,video_20260404_120254,frame_004650.jpg,004650,heuristic
small_object_proposal,-1,1.0,722.0,922.0,760.0,982.0,artificial_jewellery,video_20260404_120254,frame_004650.jpg,004650,heuristic
small_object_proposal,-1,1.0,396.0,446.0,485.0,471.0,artificial_jewellery,video_20260404_120254,frame_004650.jpg,004650,heuristic
small_object_proposal,-1,1.0,1563.0,545.0,1587.0,636.0,artificial_jewellery,video_20260404_120254,frame_004650.jpg,004650,heuristic
small_object_proposal,-1,1.0,70.0,269.0,137.0,300.0,artificial_jewellery,video_20260404_120254,frame_004650.jpg,004650,heuristic
small_object_proposal,-1,1.0,863.0,709.0,903.0,759.0,artificial_jewellery,video_20260404_120254,frame_004650.jpg,004650,heuristic
small_object_proposal,-1,1.0,1039.0,835.0,1096.0,870.0,artificial_jewellery,video_20260404_120254,frame_004650.jpg,004650,heuristic
small_object_proposal,-1,1.0,868.0,852.0,906.0,904.0,artificial_jewellery,video_20260404_120254,frame_004650.jpg,004650,heuristic
small_object_proposal,-1,1.0,54.0,695.0,93.0,745.0,artificial_jewellery,video_20260404_120254,frame_004650.jpg,004650,heuristic
small_object_proposal,-1,1.0,1405.0,590.0,1440.0,644.0,artificial_jewellery,video_20260404_120254,frame_004650.jpg,004650,heuristic
person,0,0.6535354852676392,412.07061767578125,241.83938598632812,1847.3446044921875,1074.1783447265625,artificial_jewellery,video_20260404_120254,frame_004680.jpg,004680,yolo
sandwich,48,0.2623634934425354,947.0333862304688,327.5711364746094,1160.8199462890625,480.4903869628906,artificial_jewellery,video_20260404_120254,frame_004680.jpg,004680,yolo
small_object_proposal,-1,1.0,1684.0,930.0,1742.0,1015.0,artificial_jewellery,video_20260404_120254,frame_004680.jpg,004680,heuristic
small_object_proposal,-1,1.0,765.0,454.0,831.0,526.0,artificial_jewellery,video_20260404_120254,frame_004680.jpg,004680,heuristic
small_object_proposal,-1,1.0,1424.0,565.0,1466.0,664.0,artificial_jewellery,video_20260404_120254,frame_004680.jpg,004680,heuristic
small_object_proposal,-1,1.0,641.0,874.0,713.0,931.0,artificial_jewellery,video_20260404_120254,frame_004680.jpg,004680,heuristic
small_object_proposal,-1,1.0,1121.0,949.0,1199.0,1000.0,artificial_jewellery,video_20260404_120254,frame_004680.jpg,004680,heuristic
small_object_proposal,-1,1.0,1159.0,824.0,1201.0,915.0,artificial_jewellery,video_20260404_120254,frame_004680.jpg,004680,heuristic
small_object_proposal,-1,1.0,1038.0,908.0,1150.0,941.0,artificial_jewellery,video_20260404_120254,frame_004680.jpg,004680,heuristic
small_object_proposal,-1,1.0,1356.0,894.0,1395.0,988.0,artificial_jewellery,video_20260404_120254,frame_004680.jpg,004680,heuristic
small_object_proposal,-1,1.0,1007.0,519.0,1094.0,559.0,artificial_jewellery,video_20260404_120254,frame_004680.jpg,004680,heuristic
small_object_proposal,-1,1.0,623.0,678.0,662.0,764.0,artificial_jewellery,video_20260404_120254,frame_004680.jpg,004680,heuristic
small_object_proposal,-1,1.0,953.0,694.0,999.0,764.0,artificial_jewellery,video_20260404_120254,frame_004680.jpg,004680,heuristic
small_object_proposal,-1,1.0,1108.0,733.0,1184.0,775.0,artificial_jewellery,video_20260404_120254,frame_004680.jpg,004680,heuristic
small_object_proposal,-1,1.0,1342.0,905.0,1379.0,990.0,artificial_jewellery,video_20260404_120254,frame_004680.jpg,004680,heuristic
small_object_proposal,-1,1.0,1833.0,918.0,1882.0,977.0,artificial_jewellery,video_20260404_120254,frame_004680.jpg,004680,heuristic
small_object_proposal,-1,1.0,15.0,142.0,66.0,198.0,artificial_jewellery,video_20260404_120254,frame_004680.jpg,004680,heuristic
small_object_proposal,-1,1.0,1232.0,291.0,1285.0,344.0,artificial_jewellery,video_20260404_120254,frame_004680.jpg,004680,heuristic
small_object_proposal,-1,1.0,573.0,522.0,675.0,548.0,artificial_jewellery,video_20260404_120254,frame_004680.jpg,004680,heuristic
small_object_proposal,-1,1.0,794.0,893.0,834.0,952.0,artificial_jewellery,video_20260404_120254,frame_004680.jpg,004680,heuristic
small_object_proposal,-1,1.0,1741.0,872.0,1779.0,929.0,artificial_jewellery,video_20260404_120254,frame_004680.jpg,004680,heuristic
small_object_proposal,-1,1.0,886.0,858.0,926.0,908.0,artificial_jewellery,video_20260404_120254,frame_004680.jpg,004680,heuristic
small_object_proposal,-1,1.0,1062.0,840.0,1117.0,876.0,artificial_jewellery,video_20260404_120254,frame_004680.jpg,004680,heuristic
small_object_proposal,-1,1.0,495.0,50.0,526.0,113.0,artificial_jewellery,video_20260404_120254,frame_004680.jpg,004680,heuristic
small_object_proposal,-1,1.0,577.0,666.0,612.0,718.0,artificial_jewellery,video_20260404_120254,frame_004680.jpg,004680,heuristic
small_object_proposal,-1,1.0,1291.0,672.0,1348.0,703.0,artificial_jewellery,video_20260404_120254,frame_004680.jpg,004680,heuristic
small_object_proposal,-1,1.0,97.0,729.0,135.0,775.0,artificial_jewellery,video_20260404_120254,frame_004680.jpg,004680,heuristic
small_object_proposal,-1,1.0,582.0,645.0,642.0,672.0,artificial_jewellery,video_20260404_120254,frame_004680.jpg,004680,heuristic
small_object_proposal,-1,1.0,142.0,854.0,182.0,892.0,artificial_jewellery,video_20260404_120254,frame_004680.jpg,004680,heuristic
small_object_proposal,-1,1.0,55.0,529.0,95.0,565.0,artificial_jewellery,video_20260404_120254,frame_004680.jpg,004680,heuristic
small_object_proposal,-1,1.0,1039.0,275.0,1077.0,312.0,artificial_jewellery,video_20260404_120254,frame_004680.jpg,004680,heuristic
small_object_proposal,-1,1.0,1607.0,426.0,1631.0,483.0,artificial_jewellery,video_20260404_120254,frame_004680.jpg,004680,heuristic
person,0,0.7034406661987305,440.1485900878906,216.99252319335938,1865.4620361328125,1068.5205078125,artificial_jewellery,video_20260404_120254,frame_004710.jpg,004710,yolo
small_object_proposal,-1,1.0,49.0,720.0,136.0,774.0,artificial_jewellery,video_20260404_120254,frame_004710.jpg,004710,heuristic
small_object_proposal,-1,1.0,1195.0,619.0,1260.0,690.0,artificial_jewellery,video_20260404_120254,frame_004710.jpg,004710,heuristic
small_object_proposal,-1,1.0,1359.0,546.0,1412.0,619.0,artificial_jewellery,video_20260404_120254,frame_004710.jpg,004710,heuristic
small_object_proposal,-1,1.0,1167.0,813.0,1208.0,905.0,artificial_jewellery,video_20260404_120254,frame_004710.jpg,004710,heuristic
small_object_proposal,-1,1.0,1421.0,537.0,1482.0,597.0,artificial_jewellery,video_20260404_120254,frame_004710.jpg,004710,heuristic
small_object_proposal,-1,1.0,549.0,512.0,683.0,537.0,artificial_jewellery,video_20260404_120254,frame_004710.jpg,004710,heuristic
small_object_proposal,-1,1.0,1050.0,898.0,1159.0,928.0,artificial_jewellery,video_20260404_120254,frame_004710.jpg,004710,heuristic
small_object_proposal,-1,1.0,937.0,264.0,1003.0,312.0,artificial_jewellery,video_20260404_120254,frame_004710.jpg,004710,heuristic
small_object_proposal,-1,1.0,10.0,125.0,60.0,184.0,artificial_jewellery,video_20260404_120254,frame_004710.jpg,004710,heuristic
small_object_proposal,-1,1.0,653.0,853.0,721.0,896.0,artificial_jewellery,video_20260404_120254,frame_004710.jpg,004710,heuristic
small_object_proposal,-1,1.0,162.0,817.0,214.0,872.0,artificial_jewellery,video_20260404_120254,frame_004710.jpg,004710,heuristic
small_object_proposal,-1,1.0,1115.0,722.0,1179.0,766.0,artificial_jewellery,video_20260404_120254,frame_004710.jpg,004710,heuristic
small_object_proposal,-1,1.0,1237.0,1026.0,1347.0,1051.0,artificial_jewellery,video_20260404_120254,frame_004710.jpg,004710,heuristic
small_object_proposal,-1,1.0,1236.0,278.0,1292.0,327.0,artificial_jewellery,video_20260404_120254,frame_004710.jpg,004710,heuristic
small_object_proposal,-1,1.0,1865.0,845.0,1910.0,904.0,artificial_jewellery,video_20260404_120254,frame_004710.jpg,004710,heuristic
small_object_proposal,-1,1.0,486.0,852.0,557.0,887.0,artificial_jewellery,video_20260404_120254,frame_004710.jpg,004710,heuristic
small_object_proposal,-1,1.0,714.0,954.0,764.0,1003.0,artificial_jewellery,video_20260404_120254,frame_004710.jpg,004710,heuristic
small_object_proposal,-1,1.0,817.0,725.0,861.0,779.0,artificial_jewellery,video_20260404_120254,frame_004710.jpg,004710,heuristic
small_object_proposal,-1,1.0,353.0,1021.0,444.0,1047.0,artificial_jewellery,video_20260404_120254,frame_004710.jpg,004710,heuristic
small_object_proposal,-1,1.0,1033.0,269.0,1075.0,325.0,artificial_jewellery,video_20260404_120254,frame_004710.jpg,004710,heuristic
small_object_proposal,-1,1.0,1307.0,313.0,1357.0,357.0,artificial_jewellery,video_20260404_120254,frame_004710.jpg,004710,heuristic
small_object_proposal,-1,1.0,799.0,891.0,834.0,952.0,artificial_jewellery,video_20260404_120254,frame_004710.jpg,004710,heuristic
small_object_proposal,-1,1.0,891.0,852.0,932.0,901.0,artificial_jewellery,video_20260404_120254,frame_004710.jpg,004710,heuristic
small_object_proposal,-1,1.0,959.0,687.0,1000.0,736.0,artificial_jewellery,video_20260404_120254,frame_004710.jpg,004710,heuristic
small_object_proposal,-1,1.0,1068.0,831.0,1124.0,865.0,artificial_jewellery,video_20260404_120254,frame_004710.jpg,004710,heuristic
small_object_proposal,-1,1.0,60.0,694.0,94.0,745.0,artificial_jewellery,video_20260404_120254,frame_004710.jpg,004710,heuristic
small_object_proposal,-1,1.0,1175.0,333.0,1215.0,373.0,artificial_jewellery,video_20260404_120254,frame_004710.jpg,004710,heuristic
small_object_proposal,-1,1.0,1771.0,828.0,1810.0,869.0,artificial_jewellery,video_20260404_120254,frame_004710.jpg,004710,heuristic
small_object_proposal,-1,1.0,1207.0,904.0,1290.0,923.0,artificial_jewellery,video_20260404_120254,frame_004710.jpg,004710,heuristic
small_object_proposal,-1,1.0,53.0,518.0,93.0,555.0,artificial_jewellery,video_20260404_120254,frame_004710.jpg,004710,heuristic
cup,41,0.6397192478179932,1338.31640625,677.36474609375,1665.8935546875,1069.2459716796875,artificial_jewellery,video_20260404_120254,frame_004740.jpg,004740,yolo
person,0,0.6123535633087158,406.7138977050781,226.81466674804688,1806.7401123046875,1067.8289794921875,artificial_jewellery,video_20260404_120254,frame_004740.jpg,004740,yolo
small_object_proposal,-1,1.0,632.0,672.0,682.0,766.0,artificial_jewellery,video_20260404_120254,frame_004740.jpg,004740,heuristic
small_object_proposal,-1,1.0,1827.0,757.0,1865.0,878.0,artificial_jewellery,video_20260404_120254,frame_004740.jpg,004740,heuristic
small_object_proposal,-1,1.0,1208.0,352.0,1272.0,423.0,artificial_jewellery,video_20260404_120254,frame_004740.jpg,004740,heuristic
small_object_proposal,-1,1.0,152.0,809.0,205.0,885.0,artificial_jewellery,video_20260404_120254,frame_004740.jpg,004740,heuristic
small_object_proposal,-1,1.0,1362.0,899.0,1411.0,979.0,artificial_jewellery,video_20260404_120254,frame_004740.jpg,004740,heuristic
small_object_proposal,-1,1.0,773.0,459.0,843.0,515.0,artificial_jewellery,video_20260404_120254,frame_004740.jpg,004740,heuristic
small_object_proposal,-1,1.0,1852.0,837.0,1916.0,898.0,artificial_jewellery,video_20260404_120254,frame_004740.jpg,004740,heuristic
small_object_proposal,-1,1.0,999.0,595.0,1081.0,642.0,artificial_jewellery,video_20260404_120254,frame_004740.jpg,004740,heuristic
small_object_proposal,-1,1.0,1175.0,803.0,1214.0,900.0,artificial_jewellery,video_20260404_120254,frame_004740.jpg,004740,heuristic
small_object_proposal,-1,1.0,822.0,719.0,868.0,791.0,artificial_jewellery,video_20260404_120254,frame_004740.jpg,004740,heuristic
small_object_proposal,-1,1.0,1064.0,894.0,1173.0,923.0,artificial_jewellery,video_20260404_120254,frame_004740.jpg,004740,heuristic
small_object_proposal,-1,1.0,1242.0,274.0,1295.0,333.0,artificial_jewellery,video_20260404_120254,frame_004740.jpg,004740,heuristic
small_object_proposal,-1,1.0,660.0,865.0,726.0,912.0,artificial_jewellery,video_20260404_120254,frame_004740.jpg,004740,heuristic
small_object_proposal,-1,1.0,1161.0,382.0,1207.0,449.0,artificial_jewellery,video_20260404_120254,frame_004740.jpg,004740,heuristic
small_object_proposal,-1,1.0,331.0,926.0,369.0,1005.0,artificial_jewellery,video_20260404_120254,frame_004740.jpg,004740,heuristic
small_object_proposal,-1,1.0,13.0,129.0,63.0,188.0,artificial_jewellery,video_20260404_120254,frame_004740.jpg,004740,heuristic
small_object_proposal,-1,1.0,747.0,431.0,823.0,469.0,artificial_jewellery,video_20260404_120254,frame_004740.jpg,004740,heuristic
small_object_proposal,-1,1.0,1671.0,908.0,1717.0,966.0,artificial_jewellery,video_20260404_120254,frame_004740.jpg,004740,heuristic
small_object_proposal,-1,1.0,368.0,1010.0,443.0,1045.0,artificial_jewellery,video_20260404_120254,frame_004740.jpg,004740,heuristic
small_object_proposal,-1,1.0,490.0,856.0,562.0,891.0,artificial_jewellery,video_20260404_120254,frame_004740.jpg,004740,heuristic
small_object_proposal,-1,1.0,1283.0,704.0,1346.0,741.0,artificial_jewellery,video_20260404_120254,frame_004740.jpg,004740,heuristic
small_object_proposal,-1,1.0,1604.0,522.0,1632.0,605.0,artificial_jewellery,video_20260404_120254,frame_004740.jpg,004740,heuristic
small_object_proposal,-1,1.0,4.0,790.0,60.0,831.0,artificial_jewellery,video_20260404_120254,frame_004740.jpg,004740,heuristic
small_object_proposal,-1,1.0,1208.0,417.0,1247.0,474.0,artificial_jewellery,video_20260404_120254,frame_004740.jpg,004740,heuristic
small_object_proposal,-1,1.0,1420.0,443.0,1499.0,471.0,artificial_jewellery,video_20260404_120254,frame_004740.jpg,004740,heuristic
small_object_proposal,-1,1.0,40.0,522.0,99.0,559.0,artificial_jewellery,video_20260404_120254,frame_004740.jpg,004740,heuristic
small_object_proposal,-1,1.0,580.0,516.0,683.0,537.0,artificial_jewellery,video_20260404_120254,frame_004740.jpg,004740,heuristic
small_object_proposal,-1,1.0,1030.0,266.0,1078.0,310.0,artificial_jewellery,video_20260404_120254,frame_004740.jpg,004740,heuristic
small_object_proposal,-1,1.0,62.0,698.0,101.0,749.0,artificial_jewellery,video_20260404_120254,frame_004740.jpg,004740,heuristic
small_object_proposal,-1,1.0,806.0,888.0,839.0,948.0,artificial_jewellery,video_20260404_120254,frame_004740.jpg,004740,heuristic
person,0,0.30670639872550964,92.61419677734375,0.0,1756.5338134765625,1066.577392578125,artificial_jewellery,video_20260404_120254,frame_004830.jpg,004830,yolo
small_object_proposal,-1,1.0,833.0,594.0,899.0,665.0,artificial_jewellery,video_20260404_120254,frame_004830.jpg,004830,heuristic
small_object_proposal,-1,1.0,734.0,428.0,797.0,501.0,artificial_jewellery,video_20260404_120254,frame_004830.jpg,004830,heuristic
small_object_proposal,-1,1.0,817.0,690.0,881.0,761.0,artificial_jewellery,video_20260404_120254,frame_004830.jpg,004830,heuristic
small_object_proposal,-1,1.0,948.0,380.0,1011.0,451.0,artificial_jewellery,video_20260404_120254,frame_004830.jpg,004830,heuristic
small_object_proposal,-1,1.0,437.0,897.0,514.0,955.0,artificial_jewellery,video_20260404_120254,frame_004830.jpg,004830,heuristic
small_object_proposal,-1,1.0,1727.0,776.0,1775.0,869.0,artificial_jewellery,video_20260404_120254,frame_004830.jpg,004830,heuristic
small_object_proposal,-1,1.0,1117.0,910.0,1211.0,955.0,artificial_jewellery,video_20260404_120254,frame_004830.jpg,004830,heuristic
small_object_proposal,-1,1.0,1326.0,854.0,1371.0,945.0,artificial_jewellery,video_20260404_120254,frame_004830.jpg,004830,heuristic
small_object_proposal,-1,1.0,620.0,526.0,664.0,614.0,artificial_jewellery,video_20260404_120254,frame_004830.jpg,004830,heuristic
small_object_proposal,-1,1.0,1342.0,853.0,1385.0,942.0,artificial_jewellery,video_20260404_120254,frame_004830.jpg,004830,heuristic
small_object_proposal,-1,1.0,1037.0,873.0,1148.0,905.0,artificial_jewellery,video_20260404_120254,frame_004830.jpg,004830,heuristic
small_object_proposal,-1,1.0,1459.0,333.0,1520.0,390.0,artificial_jewellery,video_20260404_120254,frame_004830.jpg,004830,heuristic
small_object_proposal,-1,1.0,1008.0,582.0,1101.0,619.0,artificial_jewellery,video_20260404_120254,frame_004830.jpg,004830,heuristic
small_object_proposal,-1,1.0,1818.0,844.0,1866.0,914.0,artificial_jewellery,video_20260404_120254,frame_004830.jpg,004830,heuristic
small_object_proposal,-1,1.0,652.0,812.0,672.0,978.0,artificial_jewellery,video_20260404_120254,frame_004830.jpg,004830,heuristic
small_object_proposal,-1,1.0,1139.0,795.0,1180.0,875.0,artificial_jewellery,video_20260404_120254,frame_004830.jpg,004830,heuristic
small_object_proposal,-1,1.0,1683.0,871.0,1729.0,941.0,artificial_jewellery,video_20260404_120254,frame_004830.jpg,004830,heuristic
small_object_proposal,-1,1.0,1152.0,646.0,1209.0,698.0,artificial_jewellery,video_20260404_120254,frame_004830.jpg,004830,heuristic
small_object_proposal,-1,1.0,1010.0,678.0,1061.0,736.0,artificial_jewellery,video_20260404_120254,frame_004830.jpg,004830,heuristic
small_object_proposal,-1,1.0,722.0,923.0,755.0,1008.0,artificial_jewellery,video_20260404_120254,frame_004830.jpg,004830,heuristic
small_object_proposal,-1,1.0,1197.0,248.0,1252.0,298.0,artificial_jewellery,video_20260404_120254,frame_004830.jpg,004830,heuristic
small_object_proposal,-1,1.0,1263.0,271.0,1314.0,323.0,artificial_jewellery,video_20260404_120254,frame_004830.jpg,004830,heuristic
small_object_proposal,-1,1.0,1193.0,372.0,1248.0,418.0,artificial_jewellery,video_20260404_120254,frame_004830.jpg,004830,heuristic
small_object_proposal,-1,1.0,164.0,112.0,213.0,163.0,artificial_jewellery,video_20260404_120254,frame_004830.jpg,004830,heuristic
small_object_proposal,-1,1.0,1336.0,1017.0,1387.0,1062.0,artificial_jewellery,video_20260404_120254,frame_004830.jpg,004830,heuristic
small_object_proposal,-1,1.0,858.0,832.0,902.0,882.0,artificial_jewellery,video_20260404_120254,frame_004830.jpg,004830,heuristic
small_object_proposal,-1,1.0,1041.0,802.0,1098.0,840.0,artificial_jewellery,video_20260404_120254,frame_004830.jpg,004830,heuristic
small_object_proposal,-1,1.0,700.0,582.0,794.0,604.0,artificial_jewellery,video_20260404_120254,frame_004830.jpg,004830,heuristic
small_object_proposal,-1,1.0,918.0,480.0,990.0,508.0,artificial_jewellery,video_20260404_120254,frame_004830.jpg,004830,heuristic
small_object_proposal,-1,1.0,1191.0,829.0,1231.0,879.0,artificial_jewellery,video_20260404_120254,frame_004830.jpg,004830,heuristic
person,0,0.6113166809082031,460.7801513671875,270.75054931640625,1823.6524658203125,1063.1693115234375,artificial_jewellery,video_20260404_120254,frame_005100.jpg,005100,yolo
small_object_proposal,-1,1.0,1197.0,800.0,1277.0,857.0,artificial_jewellery,video_20260404_120254,frame_005100.jpg,005100,heuristic
small_object_proposal,-1,1.0,646.0,906.0,723.0,965.0,artificial_jewellery,video_20260404_120254,frame_005100.jpg,005100,heuristic
small_object_proposal,-1,1.0,1037.0,850.0,1150.0,887.0,artificial_jewellery,video_20260404_120254,frame_005100.jpg,005100,heuristic
small_object_proposal,-1,1.0,1333.0,825.0,1389.0,899.0,artificial_jewellery,video_20260404_120254,frame_005100.jpg,005100,heuristic
small_object_proposal,-1,1.0,1832.0,638.0,1914.0,688.0,artificial_jewellery,video_20260404_120254,frame_005100.jpg,005100,heuristic
small_object_proposal,-1,1.0,1143.0,744.0,1182.0,847.0,artificial_jewellery,video_20260404_120254,frame_005100.jpg,005100,heuristic
small_object_proposal,-1,1.0,503.0,676.0,552.0,753.0,artificial_jewellery,video_20260404_120254,frame_005100.jpg,005100,heuristic
small_object_proposal,-1,1.0,483.0,708.0,554.0,760.0,artificial_jewellery,video_20260404_120254,frame_005100.jpg,005100,heuristic
small_object_proposal,-1,1.0,1462.0,763.0,1531.0,816.0,artificial_jewellery,video_20260404_120254,frame_005100.jpg,005100,heuristic
small_object_proposal,-1,1.0,1489.0,709.0,1539.0,780.0,artificial_jewellery,video_20260404_120254,frame_005100.jpg,005100,heuristic
small_object_proposal,-1,1.0,849.0,810.0,911.0,867.0,artificial_jewellery,video_20260404_120254,frame_005100.jpg,005100,heuristic
small_object_proposal,-1,1.0,995.0,607.0,1058.0,662.0,artificial_jewellery,video_20260404_120254,frame_005100.jpg,005100,heuristic
small_object_proposal,-1,1.0,1709.0,950.0,1773.0,1001.0,artificial_jewellery,video_20260404_120254,frame_005100.jpg,005100,heuristic
small_object_proposal,-1,1.0,1351.0,824.0,1398.0,893.0,artificial_jewellery,video_20260404_120254,frame_005100.jpg,005100,heuristic
small_object_proposal,-1,1.0,1082.0,280.0,1149.0,328.0,artificial_jewellery,video_20260404_120254,frame_005100.jpg,005100,heuristic
small_object_proposal,-1,1.0,1867.0,673.0,1911.0,743.0,artificial_jewellery,video_20260404_120254,frame_005100.jpg,005100,heuristic
small_object_proposal,-1,1.0,446.0,747.0,500.0,803.0,artificial_jewellery,video_20260404_120254,frame_005100.jpg,005100,heuristic
small_object_proposal,-1,1.0,524.0,626.0,589.0,671.0,artificial_jewellery,video_20260404_120254,frame_005100.jpg,005100,heuristic
small_object_proposal,-1,1.0,1555.0,983.0,1652.0,1013.0,artificial_jewellery,video_20260404_120254,frame_005100.jpg,005100,heuristic
small_object_proposal,-1,1.0,486.0,523.0,631.0,543.0,artificial_jewellery,video_20260404_120254,frame_005100.jpg,005100,heuristic
small_object_proposal,-1,1.0,1620.0,1000.0,1696.0,1037.0,artificial_jewellery,video_20260404_120254,frame_005100.jpg,005100,heuristic
small_object_proposal,-1,1.0,1074.0,673.0,1149.0,710.0,artificial_jewellery,video_20260404_120254,frame_005100.jpg,005100,heuristic
small_object_proposal,-1,1.0,666.0,829.0,717.0,883.0,artificial_jewellery,video_20260404_120254,frame_005100.jpg,005100,heuristic
small_object_proposal,-1,1.0,597.0,713.0,683.0,745.0,artificial_jewellery,video_20260404_120254,frame_005100.jpg,005100,heuristic
small_object_proposal,-1,1.0,986.0,616.0,1028.0,681.0,artificial_jewellery,video_20260404_120254,frame_005100.jpg,005100,heuristic
small_object_proposal,-1,1.0,912.0,310.0,963.0,361.0,artificial_jewellery,video_20260404_120254,frame_005100.jpg,005100,heuristic
small_object_proposal,-1,1.0,49.0,420.0,103.0,467.0,artificial_jewellery,video_20260404_120254,frame_005100.jpg,005100,heuristic
small_object_proposal,-1,1.0,603.0,757.0,654.0,806.0,artificial_jewellery,video_20260404_120254,frame_005100.jpg,005100,heuristic
small_object_proposal,-1,1.0,1467.0,728.0,1510.0,782.0,artificial_jewellery,video_20260404_120254,frame_005100.jpg,005100,heuristic
small_object_proposal,-1,1.0,721.0,679.0,761.0,736.0,artificial_jewellery,video_20260404_120254,frame_005100.jpg,005100,heuristic
person,0,0.7015089392662048,436.11474609375,249.33938598632812,1849.6973876953125,1059.784912109375,artificial_jewellery,video_20260404_120254,frame_005130.jpg,005130,yolo
small_object_proposal,-1,1.0,1193.0,795.0,1275.0,855.0,artificial_jewellery,video_20260404_120254,frame_005130.jpg,005130,heuristic
small_object_proposal,-1,1.0,1333.0,823.0,1399.0,897.0,artificial_jewellery,video_20260404_120254,frame_005130.jpg,005130,heuristic
small_object_proposal,-1,1.0,1439.0,1000.0,1502.0,1077.0,artificial_jewellery,video_20260404_120254,frame_005130.jpg,005130,heuristic
small_object_proposal,-1,1.0,983.0,594.0,1058.0,658.0,artificial_jewellery,video_20260404_120254,frame_005130.jpg,005130,heuristic
small_object_proposal,-1,1.0,1747.0,721.0,1798.0,810.0,artificial_jewellery,video_20260404_120254,frame_005130.jpg,005130,heuristic
small_object_proposal,-1,1.0,1035.0,847.0,1150.0,886.0,artificial_jewellery,video_20260404_120254,frame_005130.jpg,005130,heuristic
small_object_proposal,-1,1.0,1689.0,813.0,1742.0,897.0,artificial_jewellery,video_20260404_120254,frame_005130.jpg,005130,heuristic
small_object_proposal,-1,1.0,37.0,812.0,93.0,891.0,artificial_jewellery,video_20260404_120254,frame_005130.jpg,005130,heuristic
small_object_proposal,-1,1.0,1195.0,326.0,1271.0,384.0,artificial_jewellery,video_20260404_120254,frame_005130.jpg,005130,heuristic
small_object_proposal,-1,1.0,1468.0,684.0,1519.0,763.0,artificial_jewellery,video_20260404_120254,frame_005130.jpg,005130,heuristic
small_object_proposal,-1,1.0,483.0,700.0,549.0,755.0,artificial_jewellery,video_20260404_120254,frame_005130.jpg,005130,heuristic
small_object_proposal,-1,1.0,508.0,661.0,550.0,746.0,artificial_jewellery,video_20260404_120254,frame_005130.jpg,005130,heuristic
small_object_proposal,-1,1.0,1845.0,767.0,1896.0,835.0,artificial_jewellery,video_20260404_120254,frame_005130.jpg,005130,heuristic
small_object_proposal,-1,1.0,913.0,644.0,973.0,695.0,artificial_jewellery,video_20260404_120254,frame_005130.jpg,005130,heuristic
small_object_proposal,-1,1.0,792.0,894.0,830.0,972.0,artificial_jewellery,video_20260404_120254,frame_005130.jpg,005130,heuristic
small_object_proposal,-1,1.0,1075.0,310.0,1127.0,367.0,artificial_jewellery,video_20260404_120254,frame_005130.jpg,005130,heuristic
small_object_proposal,-1,1.0,1071.0,666.0,1150.0,703.0,artificial_jewellery,video_20260404_120254,frame_005130.jpg,005130,heuristic
small_object_proposal,-1,1.0,583.0,744.0,634.0,801.0,artificial_jewellery,video_20260404_120254,frame_005130.jpg,005130,heuristic
small_object_proposal,-1,1.0,1554.0,453.0,1580.0,560.0,artificial_jewellery,video_20260404_120254,frame_005130.jpg,005130,heuristic
small_object_proposal,-1,1.0,1577.0,308.0,1603.0,414.0,artificial_jewellery,video_20260404_120254,frame_005130.jpg,005130,heuristic
small_object_proposal,-1,1.0,439.0,517.0,606.0,533.0,artificial_jewellery,video_20260404_120254,frame_005130.jpg,005130,heuristic
small_object_proposal,-1,1.0,1150.0,759.0,1179.0,847.0,artificial_jewellery,video_20260404_120254,frame_005130.jpg,005130,heuristic
small_object_proposal,-1,1.0,1163.0,247.0,1220.0,291.0,artificial_jewellery,video_20260404_120254,frame_005130.jpg,005130,heuristic
small_object_proposal,-1,1.0,71.0,276.0,114.0,334.0,artificial_jewellery,video_20260404_120254,frame_005130.jpg,005130,heuristic
small_object_proposal,-1,1.0,940.0,311.0,986.0,365.0,artificial_jewellery,video_20260404_120254,frame_005130.jpg,005130,heuristic
small_object_proposal,-1,1.0,1463.0,171.0,1502.0,225.0,artificial_jewellery,video_20260404_120254,frame_005130.jpg,005130,heuristic
small_object_proposal,-1,1.0,1039.0,780.0,1094.0,818.0,artificial_jewellery,video_20260404_120254,frame_005130.jpg,005130,heuristic
small_object_proposal,-1,1.0,618.0,921.0,667.0,962.0,artificial_jewellery,video_20260404_120254,frame_005130.jpg,005130,heuristic
small_object_proposal,-1,1.0,80.0,234.0,121.0,282.0,artificial_jewellery,video_20260404_120254,frame_005130.jpg,005130,heuristic
small_object_proposal,-1,1.0,839.0,298.0,868.0,365.0,artificial_jewellery,video_20260404_120254,frame_005130.jpg,005130,heuristic
person,0,0.7220360636711121,468.83551025390625,289.388671875,1855.30419921875,1066.00732421875,artificial_jewellery,video_20260404_120254,frame_005160.jpg,005160,yolo
small_object_proposal,-1,1.0,1349.0,822.0,1408.0,901.0,artificial_jewellery,video_20260404_120254,frame_005160.jpg,005160,heuristic
small_object_proposal,-1,1.0,1197.0,809.0,1284.0,862.0,artificial_jewellery,video_20260404_120254,frame_005160.jpg,005160,heuristic
small_object_proposal,-1,1.0,1028.0,855.0,1145.0,893.0,artificial_jewellery,video_20260404_120254,frame_005160.jpg,005160,heuristic
small_object_proposal,-1,1.0,638.0,827.0,693.0,905.0,artificial_jewellery,video_20260404_120254,frame_005160.jpg,005160,heuristic
small_object_proposal,-1,1.0,238.0,901.0,302.0,966.0,artificial_jewellery,video_20260404_120254,frame_005160.jpg,005160,heuristic
small_object_proposal,-1,1.0,1148.0,750.0,1188.0,853.0,artificial_jewellery,video_20260404_120254,frame_005160.jpg,005160,heuristic
small_object_proposal,-1,1.0,741.0,944.0,786.0,1032.0,artificial_jewellery,video_20260404_120254,frame_005160.jpg,005160,heuristic
small_object_proposal,-1,1.0,1082.0,672.0,1159.0,720.0,artificial_jewellery,video_20260404_120254,frame_005160.jpg,005160,heuristic
small_object_proposal,-1,1.0,1856.0,773.0,1907.0,840.0,artificial_jewellery,video_20260404_120254,frame_005160.jpg,005160,heuristic
small_object_proposal,-1,1.0,520.0,743.0,571.0,809.0,artificial_jewellery,video_20260404_120254,frame_005160.jpg,005160,heuristic
small_object_proposal,-1,1.0,2.0,790.0,90.0,828.0,artificial_jewellery,video_20260404_120254,frame_005160.jpg,005160,heuristic
small_object_proposal,-1,1.0,311.0,1003.0,396.0,1041.0,artificial_jewellery,video_20260404_120254,frame_005160.jpg,005160,heuristic
small_object_proposal,-1,1.0,815.0,682.0,876.0,734.0,artificial_jewellery,video_20260404_120254,frame_005160.jpg,005160,heuristic
small_object_proposal,-1,1.0,1560.0,303.0,1612.0,359.0,artificial_jewellery,video_20260404_120254,frame_005160.jpg,005160,heuristic
small_object_proposal,-1,1.0,861.0,821.0,915.0,872.0,artificial_jewellery,video_20260404_120254,frame_005160.jpg,005160,heuristic
small_object_proposal,-1,1.0,799.0,890.0,840.0,956.0,artificial_jewellery,video_20260404_120254,frame_005160.jpg,005160,heuristic
small_object_proposal,-1,1.0,1420.0,348.0,1513.0,377.0,artificial_jewellery,video_20260404_120254,frame_005160.jpg,005160,heuristic
small_object_proposal,-1,1.0,498.0,707.0,552.0,755.0,artificial_jewellery,video_20260404_120254,frame_005160.jpg,005160,heuristic
small_object_proposal,-1,1.0,1047.0,786.0,1106.0,826.0,artificial_jewellery,video_20260404_120254,frame_005160.jpg,005160,heuristic
small_object_proposal,-1,1.0,1417.0,449.0,1469.0,493.0,artificial_jewellery,video_20260404_120254,frame_005160.jpg,005160,heuristic
small_object_proposal,-1,1.0,912.0,746.0,961.0,790.0,artificial_jewellery,video_20260404_120254,frame_005160.jpg,005160,heuristic
small_object_proposal,-1,1.0,1472.0,176.0,1511.0,230.0,artificial_jewellery,video_20260404_120254,frame_005160.jpg,005160,heuristic
small_object_proposal,-1,1.0,146.0,143.0,194.0,186.0,artificial_jewellery,video_20260404_120254,frame_005160.jpg,005160,heuristic
small_object_proposal,-1,1.0,1515.0,988.0,1556.0,1036.0,artificial_jewellery,video_20260404_120254,frame_005160.jpg,005160,heuristic
small_object_proposal,-1,1.0,467.0,1002.0,502.0,1057.0,artificial_jewellery,video_20260404_120254,frame_005160.jpg,005160,heuristic
small_object_proposal,-1,1.0,1535.0,300.0,1591.0,334.0,artificial_jewellery,video_20260404_120254,frame_005160.jpg,005160,heuristic
small_object_proposal,-1,1.0,998.0,916.0,1050.0,952.0,artificial_jewellery,video_20260404_120254,frame_005160.jpg,005160,heuristic
small_object_proposal,-1,1.0,1081.0,187.0,1126.0,228.0,artificial_jewellery,video_20260404_120254,frame_005160.jpg,005160,heuristic
small_object_proposal,-1,1.0,23.0,758.0,59.0,808.0,artificial_jewellery,video_20260404_120254,frame_005160.jpg,005160,heuristic
small_object_proposal,-1,1.0,1125.0,227.0,1174.0,263.0,artificial_jewellery,video_20260404_120254,frame_005160.jpg,005160,heuristic
person,0,0.6678131818771362,172.6072998046875,267.492919921875,1864.3294677734375,1068.705810546875,artificial_jewellery,video_20260404_120254,frame_005220.jpg,005220,yolo
small_object_proposal,-1,1.0,532.0,743.0,590.0,825.0,artificial_jewellery,video_20260404_120254,frame_005220.jpg,005220,heuristic
small_object_proposal,-1,1.0,650.0,848.0,709.0,923.0,artificial_jewellery,video_20260404_120254,frame_005220.jpg,005220,heuristic
small_object_proposal,-1,1.0,1705.0,974.0,1792.0,1024.0,artificial_jewellery,video_20260404_120254,frame_005220.jpg,005220,heuristic
small_object_proposal,-1,1.0,1156.0,754.0,1198.0,855.0,artificial_jewellery,video_20260404_120254,frame_005220.jpg,005220,heuristic
small_object_proposal,-1,1.0,1416.0,333.0,1517.0,375.0,artificial_jewellery,video_20260404_120254,frame_005220.jpg,005220,heuristic
small_object_proposal,-1,1.0,1044.0,855.0,1157.0,892.0,artificial_jewellery,video_20260404_120254,frame_005220.jpg,005220,heuristic
small_object_proposal,-1,1.0,1615.0,1021.0,1703.0,1068.0,artificial_jewellery,video_20260404_120254,frame_005220.jpg,005220,heuristic
small_object_proposal,-1,1.0,322.0,991.0,410.0,1037.0,artificial_jewellery,video_20260404_120254,frame_005220.jpg,005220,heuristic
small_object_proposal,-1,1.0,897.0,963.0,949.0,1040.0,artificial_jewellery,video_20260404_120254,frame_005220.jpg,005220,heuristic
small_object_proposal,-1,1.0,603.0,794.0,658.0,866.0,artificial_jewellery,video_20260404_120254,frame_005220.jpg,005220,heuristic
small_object_proposal,-1,1.0,659.0,917.0,726.0,973.0,artificial_jewellery,video_20260404_120254,frame_005220.jpg,005220,heuristic
small_object_proposal,-1,1.0,1840.0,698.0,1881.0,786.0,artificial_jewellery,video_20260404_120254,frame_005220.jpg,005220,heuristic
small_object_proposal,-1,1.0,1091.0,675.0,1168.0,721.0,artificial_jewellery,video_20260404_120254,frame_005220.jpg,005220,heuristic
small_object_proposal,-1,1.0,1846.0,645.0,1880.0,746.0,artificial_jewellery,video_20260404_120254,frame_005220.jpg,005220,heuristic
small_object_proposal,-1,1.0,674.0,846.0,743.0,894.0,artificial_jewellery,video_20260404_120254,frame_005220.jpg,005220,heuristic
small_object_proposal,-1,1.0,1023.0,558.0,1106.0,596.0,artificial_jewellery,video_20260404_120254,frame_005220.jpg,005220,heuristic
small_object_proposal,-1,1.0,463.0,526.0,639.0,543.0,artificial_jewellery,video_20260404_120254,frame_005220.jpg,005220,heuristic
small_object_proposal,-1,1.0,1369.0,833.0,1414.0,899.0,artificial_jewellery,video_20260404_120254,frame_005220.jpg,005220,heuristic
small_object_proposal,-1,1.0,626.0,882.0,665.0,954.0,artificial_jewellery,video_20260404_120254,frame_005220.jpg,005220,heuristic
small_object_proposal,-1,1.0,879.0,831.0,926.0,880.0,artificial_jewellery,video_20260404_120254,frame_005220.jpg,005220,heuristic
small_object_proposal,-1,1.0,1466.0,712.0,1514.0,759.0,artificial_jewellery,video_20260404_120254,frame_005220.jpg,005220,heuristic
small_object_proposal,-1,1.0,661.0,770.0,703.0,823.0,artificial_jewellery,video_20260404_120254,frame_005220.jpg,005220,heuristic
small_object_proposal,-1,1.0,1057.0,790.0,1115.0,828.0,artificial_jewellery,video_20260404_120254,frame_005220.jpg,005220,heuristic
small_object_proposal,-1,1.0,602.0,768.0,653.0,810.0,artificial_jewellery,video_20260404_120254,frame_005220.jpg,005220,heuristic
small_object_proposal,-1,1.0,906.0,1006.0,937.0,1071.0,artificial_jewellery,video_20260404_120254,frame_005220.jpg,005220,heuristic
small_object_proposal,-1,1.0,5.0,581.0,54.0,621.0,artificial_jewellery,video_20260404_120254,frame_005220.jpg,005220,heuristic
small_object_proposal,-1,1.0,183.0,838.0,223.0,886.0,artificial_jewellery,video_20260404_120254,frame_005220.jpg,005220,heuristic
small_object_proposal,-1,1.0,1133.0,234.0,1180.0,273.0,artificial_jewellery,video_20260404_120254,frame_005220.jpg,005220,heuristic
small_object_proposal,-1,1.0,1270.0,763.0,1316.0,802.0,artificial_jewellery,video_20260404_120254,frame_005220.jpg,005220,heuristic
small_object_proposal,-1,1.0,1128.0,601.0,1162.0,653.0,artificial_jewellery,video_20260404_120254,frame_005220.jpg,005220,heuristic
person,0,0.7289314866065979,481.1411437988281,272.07568359375,1883.5968017578125,1062.47998046875,artificial_jewellery,video_20260404_120254,frame_005250.jpg,005250,yolo
small_object_proposal,-1,1.0,1087.0,672.0,1184.0,722.0,artificial_jewellery,video_20260404_120254,frame_005250.jpg,005250,heuristic
small_object_proposal,-1,1.0,1148.0,165.0,1221.0,231.0,artificial_jewellery,video_20260404_120254,frame_005250.jpg,005250,heuristic
small_object_proposal,-1,1.0,515.0,720.0,561.0,816.0,artificial_jewellery,video_20260404_120254,frame_005250.jpg,005250,heuristic
small_object_proposal,-1,1.0,1131.0,882.0,1220.0,931.0,artificial_jewellery,video_20260404_120254,frame_005250.jpg,005250,heuristic
small_object_proposal,-1,1.0,1156.0,753.0,1196.0,853.0,artificial_jewellery,video_20260404_120254,frame_005250.jpg,005250,heuristic
small_object_proposal,-1,1.0,1045.0,855.0,1159.0,890.0,artificial_jewellery,video_20260404_120254,frame_005250.jpg,005250,heuristic
small_object_proposal,-1,1.0,1100.0,286.0,1179.0,336.0,artificial_jewellery,video_20260404_120254,frame_005250.jpg,005250,heuristic
small_object_proposal,-1,1.0,645.0,915.0,714.0,972.0,artificial_jewellery,video_20260404_120254,frame_005250.jpg,005250,heuristic
small_object_proposal,-1,1.0,1841.0,680.0,1879.0,774.0,artificial_jewellery,video_20260404_120254,frame_005250.jpg,005250,heuristic
small_object_proposal,-1,1.0,1490.0,618.0,1541.0,688.0,artificial_jewellery,video_20260404_120254,frame_005250.jpg,005250,heuristic
small_object_proposal,-1,1.0,589.0,797.0,640.0,865.0,artificial_jewellery,video_20260404_120254,frame_005250.jpg,005250,heuristic
small_object_proposal,-1,1.0,1083.0,336.0,1142.0,394.0,artificial_jewellery,video_20260404_120254,frame_005250.jpg,005250,heuristic
small_object_proposal,-1,1.0,1327.0,603.0,1393.0,649.0,artificial_jewellery,video_20260404_120254,frame_005250.jpg,005250,heuristic
small_object_proposal,-1,1.0,1269.0,749.0,1328.0,800.0,artificial_jewellery,video_20260404_120254,frame_005250.jpg,005250,heuristic
small_object_proposal,-1,1.0,1574.0,312.0,1623.0,372.0,artificial_jewellery,video_20260404_120254,frame_005250.jpg,005250,heuristic
small_object_proposal,-1,1.0,1389.0,342.0,1483.0,372.0,artificial_jewellery,video_20260404_120254,frame_005250.jpg,005250,heuristic
small_object_proposal,-1,1.0,603.0,938.0,656.0,991.0,artificial_jewellery,video_20260404_120254,frame_005250.jpg,005250,heuristic
small_object_proposal,-1,1.0,175.0,826.0,219.0,887.0,artificial_jewellery,video_20260404_120254,frame_005250.jpg,005250,heuristic
small_object_proposal,-1,1.0,1482.0,710.0,1551.0,748.0,artificial_jewellery,video_20260404_120254,frame_005250.jpg,005250,heuristic
small_object_proposal,-1,1.0,763.0,947.0,791.0,1039.0,artificial_jewellery,video_20260404_120254,frame_005250.jpg,005250,heuristic
small_object_proposal,-1,1.0,870.0,828.0,921.0,878.0,artificial_jewellery,video_20260404_120254,frame_005250.jpg,005250,heuristic
small_object_proposal,-1,1.0,152.0,282.0,199.0,332.0,artificial_jewellery,video_20260404_120254,frame_005250.jpg,005250,heuristic
small_object_proposal,-1,1.0,1184.0,321.0,1231.0,370.0,artificial_jewellery,video_20260404_120254,frame_005250.jpg,005250,heuristic
small_object_proposal,-1,1.0,1056.0,787.0,1113.0,826.0,artificial_jewellery,video_20260404_120254,frame_005250.jpg,005250,heuristic
small_object_proposal,-1,1.0,608.0,751.0,647.0,807.0,artificial_jewellery,video_20260404_120254,frame_005250.jpg,005250,heuristic
small_object_proposal,-1,1.0,487.0,521.0,629.0,536.0,artificial_jewellery,video_20260404_120254,frame_005250.jpg,005250,heuristic
small_object_proposal,-1,1.0,792.0,465.0,830.0,519.0,artificial_jewellery,video_20260404_120254,frame_005250.jpg,005250,heuristic
small_object_proposal,-1,1.0,1228.0,299.0,1266.0,352.0,artificial_jewellery,video_20260404_120254,frame_005250.jpg,005250,heuristic
small_object_proposal,-1,1.0,1482.0,180.0,1520.0,233.0,artificial_jewellery,video_20260404_120254,frame_005250.jpg,005250,heuristic
small_object_proposal,-1,1.0,1041.0,556.0,1104.0,587.0,artificial_jewellery,video_20260404_120254,frame_005250.jpg,005250,heuristic
person,0,0.6354646682739258,281.4949951171875,282.13751220703125,1887.1776123046875,1072.18994140625,artificial_jewellery,video_20260404_120254,frame_005280.jpg,005280,yolo
small_object_proposal,-1,1.0,1660.0,993.0,1766.0,1039.0,artificial_jewellery,video_20260404_120254,frame_005280.jpg,005280,heuristic
small_object_proposal,-1,1.0,1136.0,880.0,1221.0,937.0,artificial_jewellery,video_20260404_120254,frame_005280.jpg,005280,heuristic
small_object_proposal,-1,1.0,1002.0,601.0,1076.0,664.0,artificial_jewellery,video_20260404_120254,frame_005280.jpg,005280,heuristic
small_object_proposal,-1,1.0,1212.0,803.0,1292.0,860.0,artificial_jewellery,video_20260404_120254,frame_005280.jpg,005280,heuristic
small_object_proposal,-1,1.0,1511.0,828.0,1592.0,884.0,artificial_jewellery,video_20260404_120254,frame_005280.jpg,005280,heuristic
small_object_proposal,-1,1.0,646.0,844.0,701.0,925.0,artificial_jewellery,video_20260404_120254,frame_005280.jpg,005280,heuristic
small_object_proposal,-1,1.0,1092.0,675.0,1183.0,722.0,artificial_jewellery,video_20260404_120254,frame_005280.jpg,005280,heuristic
small_object_proposal,-1,1.0,477.0,970.0,527.0,1055.0,artificial_jewellery,video_20260404_120254,frame_005280.jpg,005280,heuristic
small_object_proposal,-1,1.0,656.0,911.0,725.0,971.0,artificial_jewellery,video_20260404_120254,frame_005280.jpg,005280,heuristic
small_object_proposal,-1,1.0,1352.0,832.0,1409.0,902.0,artificial_jewellery,video_20260404_120254,frame_005280.jpg,005280,heuristic
small_object_proposal,-1,1.0,603.0,791.0,658.0,861.0,artificial_jewellery,video_20260404_120254,frame_005280.jpg,005280,heuristic
small_object_proposal,-1,1.0,1103.0,287.0,1181.0,334.0,artificial_jewellery,video_20260404_120254,frame_005280.jpg,005280,heuristic
small_object_proposal,-1,1.0,1159.0,757.0,1199.0,847.0,artificial_jewellery,video_20260404_120254,frame_005280.jpg,005280,heuristic
small_object_proposal,-1,1.0,1414.0,450.0,1474.0,508.0,artificial_jewellery,video_20260404_120254,frame_005280.jpg,005280,heuristic
small_object_proposal,-1,1.0,327.0,988.0,402.0,1029.0,artificial_jewellery,video_20260404_120254,frame_005280.jpg,005280,heuristic
small_object_proposal,-1,1.0,1763.0,761.0,1811.0,825.0,artificial_jewellery,video_20260404_120254,frame_005280.jpg,005280,heuristic
small_object_proposal,-1,1.0,613.0,927.0,664.0,987.0,artificial_jewellery,video_20260404_120254,frame_005280.jpg,005280,heuristic
small_object_proposal,-1,1.0,1120.0,233.0,1183.0,281.0,artificial_jewellery,video_20260404_120254,frame_005280.jpg,005280,heuristic
small_object_proposal,-1,1.0,1459.0,618.0,1509.0,676.0,artificial_jewellery,video_20260404_120254,frame_005280.jpg,005280,heuristic
small_object_proposal,-1,1.0,869.0,826.0,925.0,870.0,artificial_jewellery,video_20260404_120254,frame_005280.jpg,005280,heuristic
small_object_proposal,-1,1.0,45.0,753.0,93.0,803.0,artificial_jewellery,video_20260404_120254,frame_005280.jpg,005280,heuristic
small_object_proposal,-1,1.0,466.0,523.0,634.0,537.0,artificial_jewellery,video_20260404_120254,frame_005280.jpg,005280,heuristic
small_object_proposal,-1,1.0,626.0,890.0,664.0,951.0,artificial_jewellery,video_20260404_120254,frame_005280.jpg,005280,heuristic
small_object_proposal,-1,1.0,159.0,284.0,220.0,322.0,artificial_jewellery,video_20260404_120254,frame_005280.jpg,005280,heuristic
small_object_proposal,-1,1.0,1059.0,788.0,1115.0,829.0,artificial_jewellery,video_20260404_120254,frame_005280.jpg,005280,heuristic
small_object_proposal,-1,1.0,1372.0,835.0,1410.0,894.0,artificial_jewellery,video_20260404_120254,frame_005280.jpg,005280,heuristic
small_object_proposal,-1,1.0,1020.0,943.0,1073.0,984.0,artificial_jewellery,video_20260404_120254,frame_005280.jpg,005280,heuristic
small_object_proposal,-1,1.0,935.0,649.0,971.0,706.0,artificial_jewellery,video_20260404_120254,frame_005280.jpg,005280,heuristic
small_object_proposal,-1,1.0,1470.0,682.0,1497.0,748.0,artificial_jewellery,video_20260404_120254,frame_005280.jpg,005280,heuristic
small_object_proposal,-1,1.0,636.0,934.0,674.0,978.0,artificial_jewellery,video_20260404_120254,frame_005280.jpg,005280,heuristic
person,0,0.7638129591941833,479.5657043457031,247.102294921875,1854.6456298828125,1062.2347412109375,artificial_jewellery,video_20260404_120254,frame_005340.jpg,005340,yolo
small_object_proposal,-1,1.0,1447.0,665.0,1510.0,744.0,artificial_jewellery,video_20260404_120254,frame_005340.jpg,005340,heuristic
small_object_proposal,-1,1.0,1194.0,398.0,1261.0,470.0,artificial_jewellery,video_20260404_120254,frame_005340.jpg,005340,heuristic
small_object_proposal,-1,1.0,997.0,594.0,1072.0,658.0,artificial_jewellery,video_20260404_120254,frame_005340.jpg,005340,heuristic
small_object_proposal,-1,1.0,633.0,904.0,706.0,968.0,artificial_jewellery,video_20260404_120254,frame_005340.jpg,005340,heuristic
small_object_proposal,-1,1.0,718.0,437.0,793.0,497.0,artificial_jewellery,video_20260404_120254,frame_005340.jpg,005340,heuristic
small_object_proposal,-1,1.0,1043.0,850.0,1160.0,888.0,artificial_jewellery,video_20260404_120254,frame_005340.jpg,005340,heuristic
small_object_proposal,-1,1.0,920.0,919.0,982.0,990.0,artificial_jewellery,video_20260404_120254,frame_005340.jpg,005340,heuristic
small_object_proposal,-1,1.0,516.0,730.0,559.0,826.0,artificial_jewellery,video_20260404_120254,frame_005340.jpg,005340,heuristic
small_object_proposal,-1,1.0,1349.0,821.0,1401.0,898.0,artificial_jewellery,video_20260404_120254,frame_005340.jpg,005340,heuristic
small_object_proposal,-1,1.0,1076.0,660.0,1163.0,706.0,artificial_jewellery,video_20260404_120254,frame_005340.jpg,005340,heuristic
small_object_proposal,-1,1.0,1098.0,471.0,1199.0,510.0,artificial_jewellery,video_20260404_120254,frame_005340.jpg,005340,heuristic
small_object_proposal,-1,1.0,1157.0,747.0,1195.0,849.0,artificial_jewellery,video_20260404_120254,frame_005340.jpg,005340,heuristic
small_object_proposal,-1,1.0,810.0,674.0,872.0,731.0,artificial_jewellery,video_20260404_120254,frame_005340.jpg,005340,heuristic
small_object_proposal,-1,1.0,1569.0,986.0,1671.0,1018.0,artificial_jewellery,video_20260404_120254,frame_005340.jpg,005340,heuristic
small_object_proposal,-1,1.0,1842.0,689.0,1883.0,767.0,artificial_jewellery,video_20260404_120254,frame_005340.jpg,005340,heuristic
small_object_proposal,-1,1.0,929.0,651.0,981.0,711.0,artificial_jewellery,video_20260404_120254,frame_005340.jpg,005340,heuristic
small_object_proposal,-1,1.0,1022.0,552.0,1101.0,589.0,artificial_jewellery,video_20260404_120254,frame_005340.jpg,005340,heuristic
small_object_proposal,-1,1.0,1844.0,660.0,1875.0,749.0,artificial_jewellery,video_20260404_120254,frame_005340.jpg,005340,heuristic
small_object_proposal,-1,1.0,174.0,754.0,227.0,803.0,artificial_jewellery,video_20260404_120254,frame_005340.jpg,005340,heuristic
small_object_proposal,-1,1.0,1297.0,240.0,1347.0,291.0,artificial_jewellery,video_20260404_120254,frame_005340.jpg,005340,heuristic
small_object_proposal,-1,1.0,906.0,999.0,944.0,1066.0,artificial_jewellery,video_20260404_120254,frame_005340.jpg,005340,heuristic
small_object_proposal,-1,1.0,1054.0,782.0,1112.0,823.0,artificial_jewellery,video_20260404_120254,frame_005340.jpg,005340,heuristic
small_object_proposal,-1,1.0,1652.0,1005.0,1724.0,1038.0,artificial_jewellery,video_20260404_120254,frame_005340.jpg,005340,heuristic
small_object_proposal,-1,1.0,586.0,766.0,648.0,804.0,artificial_jewellery,video_20260404_120254,frame_005340.jpg,005340,heuristic
small_object_proposal,-1,1.0,791.0,458.0,833.0,511.0,artificial_jewellery,video_20260404_120254,frame_005340.jpg,005340,heuristic
small_object_proposal,-1,1.0,1373.0,842.0,1414.0,894.0,artificial_jewellery,video_20260404_120254,frame_005340.jpg,005340,heuristic
small_object_proposal,-1,1.0,562.0,691.0,597.0,749.0,artificial_jewellery,video_20260404_120254,frame_005340.jpg,005340,heuristic
small_object_proposal,-1,1.0,326.0,1023.0,374.0,1063.0,artificial_jewellery,video_20260404_120254,frame_005340.jpg,005340,heuristic
small_object_proposal,-1,1.0,1782.0,154.0,1825.0,198.0,artificial_jewellery,video_20260404_120254,frame_005340.jpg,005340,heuristic
small_object_proposal,-1,1.0,1431.0,533.0,1471.0,580.0,artificial_jewellery,video_20260404_120254,frame_005340.jpg,005340,heuristic
person,0,0.6521093845367432,482.5401611328125,133.080322265625,1917.9757080078125,1072.0499267578125,artificial_jewellery,video_20260404_120254,frame_005400.jpg,005400,yolo
small_object_proposal,-1,1.0,1037.0,842.0,1150.0,883.0,artificial_jewellery,video_20260404_120254,frame_005400.jpg,005400,heuristic
small_object_proposal,-1,1.0,1717.0,949.0,1804.0,1000.0,artificial_jewellery,video_20260404_120254,frame_005400.jpg,005400,heuristic
small_object_proposal,-1,1.0,592.0,727.0,650.0,800.0,artificial_jewellery,video_20260404_120254,frame_005400.jpg,005400,heuristic
small_object_proposal,-1,1.0,1568.0,305.0,1601.0,432.0,artificial_jewellery,video_20260404_120254,frame_005400.jpg,005400,heuristic
small_object_proposal,-1,1.0,1524.0,578.0,1606.0,629.0,artificial_jewellery,video_20260404_120254,frame_005400.jpg,005400,heuristic
small_object_proposal,-1,1.0,518.0,702.0,571.0,778.0,artificial_jewellery,video_20260404_120254,frame_005400.jpg,005400,heuristic
small_object_proposal,-1,1.0,1156.0,751.0,1197.0,844.0,artificial_jewellery,video_20260404_120254,frame_005400.jpg,005400,heuristic
small_object_proposal,-1,1.0,1093.0,279.0,1175.0,325.0,artificial_jewellery,video_20260404_120254,frame_005400.jpg,005400,heuristic
small_object_proposal,-1,1.0,1216.0,523.0,1261.0,605.0,artificial_jewellery,video_20260404_120254,frame_005400.jpg,005400,heuristic
small_object_proposal,-1,1.0,1153.0,607.0,1219.0,659.0,artificial_jewellery,video_20260404_120254,frame_005400.jpg,005400,heuristic
small_object_proposal,-1,1.0,1375.0,182.0,1433.0,240.0,artificial_jewellery,video_20260404_120254,frame_005400.jpg,005400,heuristic
small_object_proposal,-1,1.0,1178.0,229.0,1232.0,287.0,artificial_jewellery,video_20260404_120254,frame_005400.jpg,005400,heuristic
small_object_proposal,-1,1.0,14.0,709.0,77.0,758.0,artificial_jewellery,video_20260404_120254,frame_005400.jpg,005400,heuristic
small_object_proposal,-1,1.0,770.0,926.0,800.0,1026.0,artificial_jewellery,video_20260404_120254,frame_005400.jpg,005400,heuristic
small_object_proposal,-1,1.0,5.0,827.0,55.0,884.0,artificial_jewellery,video_20260404_120254,frame_005400.jpg,005400,heuristic
small_object_proposal,-1,1.0,644.0,765.0,689.0,828.0,artificial_jewellery,video_20260404_120254,frame_005400.jpg,005400,heuristic
small_object_proposal,-1,1.0,1087.0,659.0,1158.0,696.0,artificial_jewellery,video_20260404_120254,frame_005400.jpg,005400,heuristic
small_object_proposal,-1,1.0,1366.0,529.0,1381.0,701.0,artificial_jewellery,video_20260404_120254,frame_005400.jpg,005400,heuristic
small_object_proposal,-1,1.0,701.0,682.0,747.0,738.0,artificial_jewellery,video_20260404_120254,frame_005400.jpg,005400,heuristic
small_object_proposal,-1,1.0,345.0,503.0,462.0,525.0,artificial_jewellery,video_20260404_120254,frame_005400.jpg,005400,heuristic
small_object_proposal,-1,1.0,1116.0,223.0,1174.0,266.0,artificial_jewellery,video_20260404_120254,frame_005400.jpg,005400,heuristic
small_object_proposal,-1,1.0,1102.0,497.0,1150.0,548.0,artificial_jewellery,video_20260404_120254,frame_005400.jpg,005400,heuristic
small_object_proposal,-1,1.0,151.0,281.0,198.0,332.0,artificial_jewellery,video_20260404_120254,frame_005400.jpg,005400,heuristic
small_object_proposal,-1,1.0,1276.0,730.0,1332.0,772.0,artificial_jewellery,video_20260404_120254,frame_005400.jpg,005400,heuristic
small_object_proposal,-1,1.0,1057.0,774.0,1114.0,815.0,artificial_jewellery,video_20260404_120254,frame_005400.jpg,005400,heuristic
small_object_proposal,-1,1.0,1289.0,639.0,1332.0,693.0,artificial_jewellery,video_20260404_120254,frame_005400.jpg,005400,heuristic
small_object_proposal,-1,1.0,876.0,819.0,924.0,867.0,artificial_jewellery,video_20260404_120254,frame_005400.jpg,005400,heuristic
small_object_proposal,-1,1.0,275.0,921.0,308.0,988.0,artificial_jewellery,video_20260404_120254,frame_005400.jpg,005400,heuristic
small_object_proposal,-1,1.0,6.0,577.0,55.0,616.0,artificial_jewellery,video_20260404_120254,frame_005400.jpg,005400,heuristic
small_object_proposal,-1,1.0,810.0,895.0,845.0,949.0,artificial_jewellery,video_20260404_120254,frame_005400.jpg,005400,heuristic
cell phone,67,0.8016871213912964,1113.9737548828125,239.21044921875,1262.451416015625,341.8904113769531,artificial_jewellery,video_20260404_120254,frame_005460.jpg,005460,yolo
person,0,0.5846229791641235,543.1555786132812,108.01675415039062,1870.9002685546875,1080.0,artificial_jewellery,video_20260404_120254,frame_005460.jpg,005460,yolo
small_object_proposal,-1,1.0,1536.0,199.0,1631.0,251.0,artificial_jewellery,video_20260404_120254,frame_005460.jpg,005460,heuristic
small_object_proposal,-1,1.0,907.0,441.0,1024.0,483.0,artificial_jewellery,video_20260404_120254,frame_005460.jpg,005460,heuristic
small_object_proposal,-1,1.0,811.0,639.0,879.0,710.0,artificial_jewellery,video_20260404_120254,frame_005460.jpg,005460,heuristic
small_object_proposal,-1,1.0,855.0,542.0,906.0,636.0,artificial_jewellery,video_20260404_120254,frame_005460.jpg,005460,heuristic
small_object_proposal,-1,1.0,1201.0,773.0,1281.0,831.0,artificial_jewellery,video_20260404_120254,frame_005460.jpg,005460,heuristic
small_object_proposal,-1,1.0,1029.0,829.0,1141.0,870.0,artificial_jewellery,video_20260404_120254,frame_005460.jpg,005460,heuristic
small_object_proposal,-1,1.0,995.0,532.0,1089.0,580.0,artificial_jewellery,video_20260404_120254,frame_005460.jpg,005460,heuristic
small_object_proposal,-1,1.0,385.0,750.0,410.0,928.0,artificial_jewellery,video_20260404_120254,frame_005460.jpg,005460,heuristic
small_object_proposal,-1,1.0,897.0,518.0,991.0,565.0,artificial_jewellery,video_20260404_120254,frame_005460.jpg,005460,heuristic
small_object_proposal,-1,1.0,755.0,894.0,802.0,981.0,artificial_jewellery,video_20260404_120254,frame_005460.jpg,005460,heuristic
small_object_proposal,-1,1.0,833.0,265.0,914.0,315.0,artificial_jewellery,video_20260404_120254,frame_005460.jpg,005460,heuristic
small_object_proposal,-1,1.0,1353.0,788.0,1403.0,866.0,artificial_jewellery,video_20260404_120254,frame_005460.jpg,005460,heuristic
small_object_proposal,-1,1.0,1747.0,716.0,1791.0,803.0,artificial_jewellery,video_20260404_120254,frame_005460.jpg,005460,heuristic
small_object_proposal,-1,1.0,1559.0,261.0,1598.0,355.0,artificial_jewellery,video_20260404_120254,frame_005460.jpg,005460,heuristic
small_object_proposal,-1,1.0,1076.0,647.0,1159.0,691.0,artificial_jewellery,video_20260404_120254,frame_005460.jpg,005460,heuristic
small_object_proposal,-1,1.0,404.0,684.0,461.0,748.0,artificial_jewellery,video_20260404_120254,frame_005460.jpg,005460,heuristic
small_object_proposal,-1,1.0,1148.0,734.0,1187.0,827.0,artificial_jewellery,video_20260404_120254,frame_005460.jpg,005460,heuristic
small_object_proposal,-1,1.0,1822.0,603.0,1910.0,643.0,artificial_jewellery,video_20260404_120254,frame_005460.jpg,005460,heuristic
small_object_proposal,-1,1.0,1121.0,501.0,1174.0,562.0,artificial_jewellery,video_20260404_120254,frame_005460.jpg,005460,heuristic
small_object_proposal,-1,1.0,775.0,344.0,833.0,397.0,artificial_jewellery,video_20260404_120254,frame_005460.jpg,005460,heuristic
small_object_proposal,-1,1.0,1143.0,594.0,1206.0,642.0,artificial_jewellery,video_20260404_120254,frame_005460.jpg,005460,heuristic
small_object_proposal,-1,1.0,1698.0,788.0,1742.0,855.0,artificial_jewellery,video_20260404_120254,frame_005460.jpg,005460,heuristic
small_object_proposal,-1,1.0,1552.0,932.0,1628.0,969.0,artificial_jewellery,video_20260404_120254,frame_005460.jpg,005460,heuristic
small_object_proposal,-1,1.0,464.0,507.0,635.0,523.0,artificial_jewellery,video_20260404_120254,frame_005460.jpg,005460,heuristic
small_object_proposal,-1,1.0,1849.0,747.0,1898.0,801.0,artificial_jewellery,video_20260404_120254,frame_005460.jpg,005460,heuristic
small_object_proposal,-1,1.0,1123.0,398.0,1202.0,431.0,artificial_jewellery,video_20260404_120254,frame_005460.jpg,005460,heuristic
small_object_proposal,-1,1.0,1005.0,594.0,1064.0,638.0,artificial_jewellery,video_20260404_120254,frame_005460.jpg,005460,heuristic
small_object_proposal,-1,1.0,1275.0,622.0,1321.0,678.0,artificial_jewellery,video_20260404_120254,frame_005460.jpg,005460,heuristic
small_object_proposal,-1,1.0,597.0,927.0,648.0,977.0,artificial_jewellery,video_20260404_120254,frame_005460.jpg,005460,heuristic
small_object_proposal,-1,1.0,1199.0,490.0,1233.0,563.0,artificial_jewellery,video_20260404_120254,frame_005460.jpg,005460,heuristic
person,0,0.6365299224853516,529.05615234375,133.90567016601562,1881.010986328125,1073.2557373046875,artificial_jewellery,video_20260404_120254,frame_005520.jpg,005520,yolo
small_object_proposal,-1,1.0,962.0,947.0,1011.0,1047.0,artificial_jewellery,video_20260404_120254,frame_005520.jpg,005520,heuristic
small_object_proposal,-1,1.0,1006.0,836.0,1118.0,879.0,artificial_jewellery,video_20260404_120254,frame_005520.jpg,005520,heuristic
small_object_proposal,-1,1.0,1428.0,984.0,1492.0,1059.0,artificial_jewellery,video_20260404_120254,frame_005520.jpg,005520,heuristic
small_object_proposal,-1,1.0,1228.0,256.0,1300.0,314.0,artificial_jewellery,video_20260404_120254,frame_005520.jpg,005520,heuristic
small_object_proposal,-1,1.0,491.0,688.0,541.0,771.0,artificial_jewellery,video_20260404_120254,frame_005520.jpg,005520,heuristic
small_object_proposal,-1,1.0,1048.0,309.0,1105.0,381.0,artificial_jewellery,video_20260404_120254,frame_005520.jpg,005520,heuristic
small_object_proposal,-1,1.0,1631.0,324.0,1705.0,379.0,artificial_jewellery,video_20260404_120254,frame_005520.jpg,005520,heuristic
small_object_proposal,-1,1.0,1062.0,665.0,1145.0,714.0,artificial_jewellery,video_20260404_120254,frame_005520.jpg,005520,heuristic
small_object_proposal,-1,1.0,455.0,989.0,502.0,1075.0,artificial_jewellery,video_20260404_120254,frame_005520.jpg,005520,heuristic
small_object_proposal,-1,1.0,1346.0,819.0,1409.0,882.0,artificial_jewellery,video_20260404_120254,frame_005520.jpg,005520,heuristic
small_object_proposal,-1,1.0,1482.0,315.0,1571.0,358.0,artificial_jewellery,video_20260404_120254,frame_005520.jpg,005520,heuristic
small_object_proposal,-1,1.0,784.0,359.0,846.0,420.0,artificial_jewellery,video_20260404_120254,frame_005520.jpg,005520,heuristic
small_object_proposal,-1,1.0,292.0,1007.0,369.0,1053.0,artificial_jewellery,video_20260404_120254,frame_005520.jpg,005520,heuristic
small_object_proposal,-1,1.0,1256.0,624.0,1306.0,694.0,artificial_jewellery,video_20260404_120254,frame_005520.jpg,005520,heuristic
small_object_proposal,-1,1.0,1161.0,391.0,1250.0,430.0,artificial_jewellery,video_20260404_120254,frame_005520.jpg,005520,heuristic
small_object_proposal,-1,1.0,1325.0,808.0,1376.0,876.0,artificial_jewellery,video_20260404_120254,frame_005520.jpg,005520,heuristic
small_object_proposal,-1,1.0,783.0,292.0,822.0,379.0,artificial_jewellery,video_20260404_120254,frame_005520.jpg,005520,heuristic
small_object_proposal,-1,1.0,1095.0,881.0,1167.0,926.0,artificial_jewellery,video_20260404_120254,frame_005520.jpg,005520,heuristic
small_object_proposal,-1,1.0,973.0,606.0,1019.0,676.0,artificial_jewellery,video_20260404_120254,frame_005520.jpg,005520,heuristic
small_object_proposal,-1,1.0,477.0,738.0,519.0,814.0,artificial_jewellery,video_20260404_120254,frame_005520.jpg,005520,heuristic
small_object_proposal,-1,1.0,1751.0,727.0,1788.0,806.0,artificial_jewellery,video_20260404_120254,frame_005520.jpg,005520,heuristic
small_object_proposal,-1,1.0,1355.0,1028.0,1424.0,1067.0,artificial_jewellery,video_20260404_120254,frame_005520.jpg,005520,heuristic
small_object_proposal,-1,1.0,1707.0,785.0,1744.0,856.0,artificial_jewellery,video_20260404_120254,frame_005520.jpg,005520,heuristic
small_object_proposal,-1,1.0,1098.0,552.0,1130.0,633.0,artificial_jewellery,video_20260404_120254,frame_005520.jpg,005520,heuristic
small_object_proposal,-1,1.0,35.0,841.0,80.0,898.0,artificial_jewellery,video_20260404_120254,frame_005520.jpg,005520,heuristic
small_object_proposal,-1,1.0,1096.0,861.0,1187.0,889.0,artificial_jewellery,video_20260404_120254,frame_005520.jpg,005520,heuristic
small_object_proposal,-1,1.0,1217.0,791.0,1269.0,838.0,artificial_jewellery,video_20260404_120254,frame_005520.jpg,005520,heuristic
small_object_proposal,-1,1.0,29.0,442.0,84.0,485.0,artificial_jewellery,video_20260404_120254,frame_005520.jpg,005520,heuristic
small_object_proposal,-1,1.0,747.0,942.0,776.0,1022.0,artificial_jewellery,video_20260404_120254,frame_005520.jpg,005520,heuristic
small_object_proposal,-1,1.0,1035.0,782.0,1091.0,822.0,artificial_jewellery,video_20260404_120254,frame_005520.jpg,005520,heuristic
person,0,0.6825700998306274,525.5914306640625,238.525634765625,1902.4124755859375,1068.1905517578125,artificial_jewellery,video_20260404_120254,frame_005670.jpg,005670,yolo
small_object_proposal,-1,1.0,1049.0,264.0,1156.0,309.0,artificial_jewellery,video_20260404_120254,frame_005670.jpg,005670,heuristic
small_object_proposal,-1,1.0,1856.0,609.0,1898.0,721.0,artificial_jewellery,video_20260404_120254,frame_005670.jpg,005670,heuristic
small_object_proposal,-1,1.0,1053.0,825.0,1168.0,865.0,artificial_jewellery,video_20260404_120254,frame_005670.jpg,005670,heuristic
small_object_proposal,-1,1.0,670.0,877.0,740.0,941.0,artificial_jewellery,video_20260404_120254,frame_005670.jpg,005670,heuristic
small_object_proposal,-1,1.0,1219.0,777.0,1299.0,833.0,artificial_jewellery,video_20260404_120254,frame_005670.jpg,005670,heuristic
small_object_proposal,-1,1.0,906.0,937.0,962.0,1016.0,artificial_jewellery,video_20260404_120254,frame_005670.jpg,005670,heuristic
small_object_proposal,-1,1.0,1094.0,649.0,1188.0,695.0,artificial_jewellery,video_20260404_120254,frame_005670.jpg,005670,heuristic
small_object_proposal,-1,1.0,535.0,650.0,584.0,736.0,artificial_jewellery,video_20260404_120254,frame_005670.jpg,005670,heuristic
small_object_proposal,-1,1.0,1030.0,338.0,1103.0,391.0,artificial_jewellery,video_20260404_120254,frame_005670.jpg,005670,heuristic
small_object_proposal,-1,1.0,1263.0,164.0,1315.0,236.0,artificial_jewellery,video_20260404_120254,frame_005670.jpg,005670,heuristic
small_object_proposal,-1,1.0,1576.0,951.0,1682.0,986.0,artificial_jewellery,video_20260404_120254,frame_005670.jpg,005670,heuristic
small_object_proposal,-1,1.0,787.0,883.0,830.0,966.0,artificial_jewellery,video_20260404_120254,frame_005670.jpg,005670,heuristic
small_object_proposal,-1,1.0,1370.0,793.0,1418.0,867.0,artificial_jewellery,video_20260404_120254,frame_005670.jpg,005670,heuristic
small_object_proposal,-1,1.0,1049.0,503.0,1103.0,565.0,artificial_jewellery,video_20260404_120254,frame_005670.jpg,005670,heuristic
small_object_proposal,-1,1.0,605.0,737.0,666.0,789.0,artificial_jewellery,video_20260404_120254,frame_005670.jpg,005670,heuristic
small_object_proposal,-1,1.0,338.0,970.0,415.0,1011.0,artificial_jewellery,video_20260404_120254,frame_005670.jpg,005670,heuristic
small_object_proposal,-1,1.0,658.0,828.0,705.0,894.0,artificial_jewellery,video_20260404_120254,frame_005670.jpg,005670,heuristic
small_object_proposal,-1,1.0,264.0,893.0,320.0,947.0,artificial_jewellery,video_20260404_120254,frame_005670.jpg,005670,heuristic
small_object_proposal,-1,1.0,867.0,296.0,940.0,337.0,artificial_jewellery,video_20260404_120254,frame_005670.jpg,005670,heuristic
small_object_proposal,-1,1.0,1506.0,933.0,1557.0,991.0,artificial_jewellery,video_20260404_120254,frame_005670.jpg,005670,heuristic
small_object_proposal,-1,1.0,1476.0,145.0,1526.0,201.0,artificial_jewellery,video_20260404_120254,frame_005670.jpg,005670,heuristic
small_object_proposal,-1,1.0,1514.0,341.0,1600.0,373.0,artificial_jewellery,video_20260404_120254,frame_005670.jpg,005670,heuristic
small_object_proposal,-1,1.0,1559.0,511.0,1587.0,606.0,artificial_jewellery,video_20260404_120254,frame_005670.jpg,005670,heuristic
small_object_proposal,-1,1.0,1261.0,835.0,1326.0,873.0,artificial_jewellery,video_20260404_120254,frame_005670.jpg,005670,heuristic
small_object_proposal,-1,1.0,1064.0,763.0,1122.0,805.0,artificial_jewellery,video_20260404_120254,frame_005670.jpg,005670,heuristic
small_object_proposal,-1,1.0,1339.0,1024.0,1400.0,1062.0,artificial_jewellery,video_20260404_120254,frame_005670.jpg,005670,heuristic
small_object_proposal,-1,1.0,478.0,729.0,522.0,781.0,artificial_jewellery,video_20260404_120254,frame_005670.jpg,005670,heuristic
small_object_proposal,-1,1.0,1852.0,688.0,1894.0,742.0,artificial_jewellery,video_20260404_120254,frame_005670.jpg,005670,heuristic
small_object_proposal,-1,1.0,1257.0,535.0,1316.0,573.0,artificial_jewellery,video_20260404_120254,frame_005670.jpg,005670,heuristic
small_object_proposal,-1,1.0,372.0,1027.0,424.0,1067.0,artificial_jewellery,video_20260404_120254,frame_005670.jpg,005670,heuristic
person,0,0.7624489068984985,521.8482055664062,223.29629516601562,1902.85595703125,1062.15478515625,artificial_jewellery,video_20260404_120254,frame_005700.jpg,005700,yolo
small_object_proposal,-1,1.0,1378.0,802.0,1437.0,883.0,artificial_jewellery,video_20260404_120254,frame_005700.jpg,005700,heuristic
small_object_proposal,-1,1.0,650.0,825.0,708.0,901.0,artificial_jewellery,video_20260404_120254,frame_005700.jpg,005700,heuristic
small_object_proposal,-1,1.0,396.0,1020.0,496.0,1064.0,artificial_jewellery,video_20260404_120254,frame_005700.jpg,005700,heuristic
small_object_proposal,-1,1.0,1107.0,346.0,1162.0,425.0,artificial_jewellery,video_20260404_120254,frame_005700.jpg,005700,heuristic
small_object_proposal,-1,1.0,1194.0,366.0,1272.0,420.0,artificial_jewellery,video_20260404_120254,frame_005700.jpg,005700,heuristic
small_object_proposal,-1,1.0,1247.0,786.0,1322.0,842.0,artificial_jewellery,video_20260404_120254,frame_005700.jpg,005700,heuristic
small_object_proposal,-1,1.0,1114.0,649.0,1204.0,695.0,artificial_jewellery,video_20260404_120254,frame_005700.jpg,005700,heuristic
small_object_proposal,-1,1.0,1289.0,167.0,1344.0,239.0,artificial_jewellery,video_20260404_120254,frame_005700.jpg,005700,heuristic
small_object_proposal,-1,1.0,1080.0,833.0,1194.0,867.0,artificial_jewellery,video_20260404_120254,frame_005700.jpg,005700,heuristic
small_object_proposal,-1,1.0,1039.0,632.0,1097.0,698.0,artificial_jewellery,video_20260404_120254,frame_005700.jpg,005700,heuristic
small_object_proposal,-1,1.0,1376.0,376.0,1415.0,473.0,artificial_jewellery,video_20260404_120254,frame_005700.jpg,005700,heuristic
small_object_proposal,-1,1.0,1409.0,221.0,1447.0,317.0,artificial_jewellery,video_20260404_120254,frame_005700.jpg,005700,heuristic
small_object_proposal,-1,1.0,1764.0,946.0,1837.0,995.0,artificial_jewellery,video_20260404_120254,frame_005700.jpg,005700,heuristic
small_object_proposal,-1,1.0,1552.0,784.0,1617.0,835.0,artificial_jewellery,video_20260404_120254,frame_005700.jpg,005700,heuristic
small_object_proposal,-1,1.0,539.0,701.0,581.0,777.0,artificial_jewellery,video_20260404_120254,frame_005700.jpg,005700,heuristic
small_object_proposal,-1,1.0,889.0,788.0,949.0,840.0,artificial_jewellery,video_20260404_120254,frame_005700.jpg,005700,heuristic
small_object_proposal,-1,1.0,1421.0,335.0,1509.0,370.0,artificial_jewellery,video_20260404_120254,frame_005700.jpg,005700,heuristic
small_object_proposal,-1,1.0,1081.0,360.0,1114.0,452.0,artificial_jewellery,video_20260404_120254,frame_005700.jpg,005700,heuristic
small_object_proposal,-1,1.0,950.0,749.0,1003.0,804.0,artificial_jewellery,video_20260404_120254,frame_005700.jpg,005700,heuristic
small_object_proposal,-1,1.0,1350.0,295.0,1416.0,339.0,artificial_jewellery,video_20260404_120254,frame_005700.jpg,005700,heuristic
small_object_proposal,-1,1.0,750.0,555.0,805.0,607.0,artificial_jewellery,video_20260404_120254,frame_005700.jpg,005700,heuristic
small_object_proposal,-1,1.0,1401.0,812.0,1442.0,878.0,artificial_jewellery,video_20260404_120254,frame_005700.jpg,005700,heuristic
small_object_proposal,-1,1.0,508.0,500.0,663.0,517.0,artificial_jewellery,video_20260404_120254,frame_005700.jpg,005700,heuristic
small_object_proposal,-1,1.0,21.0,556.0,86.0,596.0,artificial_jewellery,video_20260404_120254,frame_005700.jpg,005700,heuristic
small_object_proposal,-1,1.0,1185.0,767.0,1223.0,834.0,artificial_jewellery,video_20260404_120254,frame_005700.jpg,005700,heuristic
small_object_proposal,-1,1.0,1198.0,872.0,1264.0,910.0,artificial_jewellery,video_20260404_120254,frame_005700.jpg,005700,heuristic
small_object_proposal,-1,1.0,1085.0,765.0,1142.0,806.0,artificial_jewellery,video_20260404_120254,frame_005700.jpg,005700,heuristic
small_object_proposal,-1,1.0,1754.0,829.0,1792.0,887.0,artificial_jewellery,video_20260404_120254,frame_005700.jpg,005700,heuristic
small_object_proposal,-1,1.0,1020.0,252.0,1071.0,294.0,artificial_jewellery,video_20260404_120254,frame_005700.jpg,005700,heuristic
small_object_proposal,-1,1.0,678.0,895.0,731.0,933.0,artificial_jewellery,video_20260404_120254,frame_005700.jpg,005700,heuristic
person,0,0.586029589176178,125.8502197265625,244.6629638671875,1871.90771484375,1067.2999267578125,artificial_jewellery,video_20260404_120254,frame_005970.jpg,005970,yolo
small_object_proposal,-1,1.0,1457.0,112.0,1508.0,200.0,artificial_jewellery,video_20260404_120254,frame_005970.jpg,005970,heuristic
small_object_proposal,-1,1.0,1182.0,724.0,1226.0,825.0,artificial_jewellery,video_20260404_120254,frame_005970.jpg,005970,heuristic
small_object_proposal,-1,1.0,744.0,1001.0,805.0,1067.0,artificial_jewellery,video_20260404_120254,frame_005970.jpg,005970,heuristic
small_object_proposal,-1,1.0,946.0,732.0,1007.0,796.0,artificial_jewellery,video_20260404_120254,frame_005970.jpg,005970,heuristic
small_object_proposal,-1,1.0,1047.0,988.0,1114.0,1046.0,artificial_jewellery,video_20260404_120254,frame_005970.jpg,005970,heuristic
small_object_proposal,-1,1.0,963.0,569.0,1026.0,630.0,artificial_jewellery,video_20260404_120254,frame_005970.jpg,005970,heuristic
small_object_proposal,-1,1.0,181.0,779.0,241.0,842.0,artificial_jewellery,video_20260404_120254,frame_005970.jpg,005970,heuristic
small_object_proposal,-1,1.0,1262.0,387.0,1292.0,511.0,artificial_jewellery,video_20260404_120254,frame_005970.jpg,005970,heuristic
small_object_proposal,-1,1.0,374.0,996.0,453.0,1043.0,artificial_jewellery,video_20260404_120254,frame_005970.jpg,005970,heuristic
small_object_proposal,-1,1.0,1012.0,408.0,1091.0,455.0,artificial_jewellery,video_20260404_120254,frame_005970.jpg,005970,heuristic
small_object_proposal,-1,1.0,1241.0,177.0,1291.0,250.0,artificial_jewellery,video_20260404_120254,frame_005970.jpg,005970,heuristic
small_object_proposal,-1,1.0,1053.0,385.0,1127.0,433.0,artificial_jewellery,video_20260404_120254,frame_005970.jpg,005970,heuristic
small_object_proposal,-1,1.0,1117.0,637.0,1193.0,682.0,artificial_jewellery,video_20260404_120254,frame_005970.jpg,005970,heuristic
small_object_proposal,-1,1.0,1080.0,821.0,1182.0,853.0,artificial_jewellery,video_20260404_120254,frame_005970.jpg,005970,heuristic
small_object_proposal,-1,1.0,664.0,835.0,714.0,898.0,artificial_jewellery,video_20260404_120254,frame_005970.jpg,005970,heuristic
small_object_proposal,-1,1.0,877.0,677.0,948.0,720.0,artificial_jewellery,video_20260404_120254,frame_005970.jpg,005970,heuristic
small_object_proposal,-1,1.0,895.0,774.0,948.0,830.0,artificial_jewellery,video_20260404_120254,frame_005970.jpg,005970,heuristic
small_object_proposal,-1,1.0,493.0,464.0,645.0,482.0,artificial_jewellery,video_20260404_120254,frame_005970.jpg,005970,heuristic
small_object_proposal,-1,1.0,905.0,965.0,945.0,1033.0,artificial_jewellery,video_20260404_120254,frame_005970.jpg,005970,heuristic
small_object_proposal,-1,1.0,1311.0,259.0,1358.0,315.0,artificial_jewellery,video_20260404_120254,frame_005970.jpg,005970,heuristic
small_object_proposal,-1,1.0,612.0,608.0,689.0,639.0,artificial_jewellery,video_20260404_120254,frame_005970.jpg,005970,heuristic
small_object_proposal,-1,1.0,1080.0,754.0,1139.0,793.0,artificial_jewellery,video_20260404_120254,frame_005970.jpg,005970,heuristic
small_object_proposal,-1,1.0,1063.0,745.0,1090.0,830.0,artificial_jewellery,video_20260404_120254,frame_005970.jpg,005970,heuristic
small_object_proposal,-1,1.0,928.0,627.0,973.0,678.0,artificial_jewellery,video_20260404_120254,frame_005970.jpg,005970,heuristic
small_object_proposal,-1,1.0,720.0,622.0,756.0,684.0,artificial_jewellery,video_20260404_120254,frame_005970.jpg,005970,heuristic
small_object_proposal,-1,1.0,1200.0,98.0,1236.0,148.0,artificial_jewellery,video_20260404_120254,frame_005970.jpg,005970,heuristic
small_object_proposal,-1,1.0,1103.0,243.0,1147.0,282.0,artificial_jewellery,video_20260404_120254,frame_005970.jpg,005970,heuristic
small_object_proposal,-1,1.0,1028.0,343.0,1064.0,389.0,artificial_jewellery,video_20260404_120254,frame_005970.jpg,005970,heuristic
small_object_proposal,-1,1.0,1426.0,1030.0,1482.0,1058.0,artificial_jewellery,video_20260404_120254,frame_005970.jpg,005970,heuristic
small_object_proposal,-1,1.0,1148.0,260.0,1192.0,295.0,artificial_jewellery,video_20260404_120254,frame_005970.jpg,005970,heuristic
person,0,0.47599369287490845,583.6913452148438,85.4725341796875,1898.457275390625,1078.84619140625,artificial_jewellery,video_20260404_120254,frame_006150.jpg,006150,yolo
small_object_proposal,-1,1.0,1127.0,397.0,1216.0,450.0,artificial_jewellery,video_20260404_120254,frame_006150.jpg,006150,heuristic
small_object_proposal,-1,1.0,1487.0,146.0,1551.0,218.0,artificial_jewellery,video_20260404_120254,frame_006150.jpg,006150,heuristic
small_object_proposal,-1,1.0,502.0,638.0,560.0,715.0,artificial_jewellery,video_20260404_120254,frame_006150.jpg,006150,heuristic
small_object_proposal,-1,1.0,781.0,871.0,826.0,969.0,artificial_jewellery,video_20260404_120254,frame_006150.jpg,006150,heuristic
small_object_proposal,-1,1.0,712.0,654.0,831.0,691.0,artificial_jewellery,video_20260404_120254,frame_006150.jpg,006150,heuristic
small_object_proposal,-1,1.0,1470.0,962.0,1531.0,1030.0,artificial_jewellery,video_20260404_120254,frame_006150.jpg,006150,heuristic
small_object_proposal,-1,1.0,574.0,720.0,643.0,774.0,artificial_jewellery,video_20260404_120254,frame_006150.jpg,006150,heuristic
small_object_proposal,-1,1.0,159.0,826.0,222.0,885.0,artificial_jewellery,video_20260404_120254,frame_006150.jpg,006150,heuristic
small_object_proposal,-1,1.0,1196.0,969.0,1326.0,997.0,artificial_jewellery,video_20260404_120254,frame_006150.jpg,006150,heuristic
small_object_proposal,-1,1.0,1692.0,969.0,1801.0,1002.0,artificial_jewellery,video_20260404_120254,frame_006150.jpg,006150,heuristic
small_object_proposal,-1,1.0,1157.0,571.0,1224.0,623.0,artificial_jewellery,video_20260404_120254,frame_006150.jpg,006150,heuristic
small_object_proposal,-1,1.0,1018.0,933.0,1086.0,982.0,artificial_jewellery,video_20260404_120254,frame_006150.jpg,006150,heuristic
small_object_proposal,-1,1.0,1847.0,588.0,1879.0,691.0,artificial_jewellery,video_20260404_120254,frame_006150.jpg,006150,heuristic
small_object_proposal,-1,1.0,515.0,590.0,578.0,641.0,artificial_jewellery,video_20260404_120254,frame_006150.jpg,006150,heuristic
small_object_proposal,-1,1.0,1351.0,183.0,1397.0,250.0,artificial_jewellery,video_20260404_120254,frame_006150.jpg,006150,heuristic
small_object_proposal,-1,1.0,25.0,801.0,83.0,854.0,artificial_jewellery,video_20260404_120254,frame_006150.jpg,006150,heuristic
small_object_proposal,-1,1.0,1133.0,328.0,1201.0,369.0,artificial_jewellery,video_20260404_120254,frame_006150.jpg,006150,heuristic
small_object_proposal,-1,1.0,1161.0,125.0,1219.0,171.0,artificial_jewellery,video_20260404_120254,frame_006150.jpg,006150,heuristic
small_object_proposal,-1,1.0,496.0,690.0,531.0,765.0,artificial_jewellery,video_20260404_120254,frame_006150.jpg,006150,heuristic
small_object_proposal,-1,1.0,864.0,142.0,947.0,173.0,artificial_jewellery,video_20260404_120254,frame_006150.jpg,006150,heuristic
small_object_proposal,-1,1.0,1055.0,214.0,1100.0,271.0,artificial_jewellery,video_20260404_120254,frame_006150.jpg,006150,heuristic
small_object_proposal,-1,1.0,1127.0,521.0,1163.0,592.0,artificial_jewellery,video_20260404_120254,frame_006150.jpg,006150,heuristic
small_object_proposal,-1,1.0,1178.0,722.0,1206.0,813.0,artificial_jewellery,video_20260404_120254,frame_006150.jpg,006150,heuristic
small_object_proposal,-1,1.0,904.0,713.0,959.0,758.0,artificial_jewellery,video_20260404_120254,frame_006150.jpg,006150,heuristic
small_object_proposal,-1,1.0,1232.0,923.0,1324.0,949.0,artificial_jewellery,video_20260404_120254,frame_006150.jpg,006150,heuristic
small_object_proposal,-1,1.0,1378.0,465.0,1394.0,611.0,artificial_jewellery,video_20260404_120254,frame_006150.jpg,006150,heuristic
small_object_proposal,-1,1.0,1063.0,743.0,1118.0,785.0,artificial_jewellery,video_20260404_120254,frame_006150.jpg,006150,heuristic
small_object_proposal,-1,1.0,1578.0,391.0,1731.0,406.0,artificial_jewellery,video_20260404_120254,frame_006150.jpg,006150,heuristic
small_object_proposal,-1,1.0,142.0,829.0,188.0,878.0,artificial_jewellery,video_20260404_120254,frame_006150.jpg,006150,heuristic
small_object_proposal,-1,1.0,1227.0,871.0,1315.0,896.0,artificial_jewellery,video_20260404_120254,frame_006150.jpg,006150,heuristic
person,0,0.55032879114151,237.3966064453125,246.96359252929688,1849.9017333984375,1075.41552734375,artificial_jewellery,video_20260404_120254,frame_006330.jpg,006330,yolo
small_object_proposal,-1,1.0,607.0,705.0,674.0,778.0,artificial_jewellery,video_20260404_120254,frame_006330.jpg,006330,heuristic
small_object_proposal,-1,1.0,1265.0,404.0,1345.0,465.0,artificial_jewellery,video_20260404_120254,frame_006330.jpg,006330,heuristic
small_object_proposal,-1,1.0,543.0,640.0,601.0,722.0,artificial_jewellery,video_20260404_120254,frame_006330.jpg,006330,heuristic
small_object_proposal,-1,1.0,16.0,418.0,71.0,497.0,artificial_jewellery,video_20260404_120254,frame_006330.jpg,006330,heuristic
small_object_proposal,-1,1.0,1221.0,1005.0,1339.0,1041.0,artificial_jewellery,video_20260404_120254,frame_006330.jpg,006330,heuristic
small_object_proposal,-1,1.0,260.0,858.0,320.0,927.0,artificial_jewellery,video_20260404_120254,frame_006330.jpg,006330,heuristic
small_object_proposal,-1,1.0,1031.0,892.0,1112.0,937.0,artificial_jewellery,video_20260404_120254,frame_006330.jpg,006330,heuristic
small_object_proposal,-1,1.0,1041.0,1016.0,1098.0,1072.0,artificial_jewellery,video_20260404_120254,frame_006330.jpg,006330,heuristic
small_object_proposal,-1,1.0,920.0,353.0,982.0,403.0,artificial_jewellery,video_20260404_120254,frame_006330.jpg,006330,heuristic
small_object_proposal,-1,1.0,499.0,716.0,548.0,779.0,artificial_jewellery,video_20260404_120254,frame_006330.jpg,006330,heuristic
small_object_proposal,-1,1.0,1085.0,845.0,1185.0,874.0,artificial_jewellery,video_20260404_120254,frame_006330.jpg,006330,heuristic
small_object_proposal,-1,1.0,819.0,513.0,859.0,585.0,artificial_jewellery,video_20260404_120254,frame_006330.jpg,006330,heuristic
small_object_proposal,-1,1.0,1543.0,824.0,1602.0,871.0,artificial_jewellery,video_20260404_120254,frame_006330.jpg,006330,heuristic
small_object_proposal,-1,1.0,1061.0,263.0,1130.0,303.0,artificial_jewellery,video_20260404_120254,frame_006330.jpg,006330,heuristic
small_object_proposal,-1,1.0,746.0,643.0,792.0,698.0,artificial_jewellery,video_20260404_120254,frame_006330.jpg,006330,heuristic
small_object_proposal,-1,1.0,1144.0,564.0,1178.0,635.0,artificial_jewellery,video_20260404_120254,frame_006330.jpg,006330,heuristic
small_object_proposal,-1,1.0,1072.0,775.0,1128.0,814.0,artificial_jewellery,video_20260404_120254,frame_006330.jpg,006330,heuristic
small_object_proposal,-1,1.0,1457.0,355.0,1556.0,377.0,artificial_jewellery,video_20260404_120254,frame_006330.jpg,006330,heuristic
small_object_proposal,-1,1.0,790.0,589.0,829.0,642.0,artificial_jewellery,video_20260404_120254,frame_006330.jpg,006330,heuristic
small_object_proposal,-1,1.0,950.0,646.0,998.0,688.0,artificial_jewellery,video_20260404_120254,frame_006330.jpg,006330,heuristic
small_object_proposal,-1,1.0,340.0,101.0,371.0,166.0,artificial_jewellery,video_20260404_120254,frame_006330.jpg,006330,heuristic
small_object_proposal,-1,1.0,931.0,716.0,976.0,760.0,artificial_jewellery,video_20260404_120254,frame_006330.jpg,006330,heuristic
small_object_proposal,-1,1.0,1303.0,649.0,1339.0,704.0,artificial_jewellery,video_20260404_120254,frame_006330.jpg,006330,heuristic
small_object_proposal,-1,1.0,901.0,805.0,941.0,854.0,artificial_jewellery,video_20260404_120254,frame_006330.jpg,006330,heuristic
small_object_proposal,-1,1.0,1559.0,991.0,1644.0,1014.0,artificial_jewellery,video_20260404_120254,frame_006330.jpg,006330,heuristic
small_object_proposal,-1,1.0,1441.0,448.0,1466.0,523.0,artificial_jewellery,video_20260404_120254,frame_006330.jpg,006330,heuristic
small_object_proposal,-1,1.0,1020.0,438.0,1055.0,489.0,artificial_jewellery,video_20260404_120254,frame_006330.jpg,006330,heuristic
small_object_proposal,-1,1.0,664.0,898.0,702.0,943.0,artificial_jewellery,video_20260404_120254,frame_006330.jpg,006330,heuristic
small_object_proposal,-1,1.0,18.0,711.0,58.0,751.0,artificial_jewellery,video_20260404_120254,frame_006330.jpg,006330,heuristic
small_object_proposal,-1,1.0,1437.0,198.0,1469.0,247.0,artificial_jewellery,video_20260404_120254,frame_006330.jpg,006330,heuristic
person,0,0.7442981004714966,61.07904052734375,251.44921875,1814.5423583984375,1068.18603515625,artificial_jewellery,video_20260404_120254,frame_006510.jpg,006510,yolo
small_object_proposal,-1,1.0,1178.0,728.0,1221.0,840.0,artificial_jewellery,video_20260404_120254,frame_006510.jpg,006510,heuristic
small_object_proposal,-1,1.0,1044.0,878.0,1139.0,928.0,artificial_jewellery,video_20260404_120254,frame_006510.jpg,006510,heuristic
small_object_proposal,-1,1.0,1419.0,420.0,1499.0,477.0,artificial_jewellery,video_20260404_120254,frame_006510.jpg,006510,heuristic
small_object_proposal,-1,1.0,545.0,638.0,599.0,718.0,artificial_jewellery,video_20260404_120254,frame_006510.jpg,006510,heuristic
small_object_proposal,-1,1.0,739.0,644.0,795.0,721.0,artificial_jewellery,video_20260404_120254,frame_006510.jpg,006510,heuristic
small_object_proposal,-1,1.0,834.0,835.0,876.0,934.0,artificial_jewellery,video_20260404_120254,frame_006510.jpg,006510,heuristic
small_object_proposal,-1,1.0,585.0,679.0,627.0,772.0,artificial_jewellery,video_20260404_120254,frame_006510.jpg,006510,heuristic
small_object_proposal,-1,1.0,463.0,669.0,507.0,757.0,artificial_jewellery,video_20260404_120254,frame_006510.jpg,006510,heuristic
small_object_proposal,-1,1.0,1109.0,645.0,1189.0,691.0,artificial_jewellery,video_20260404_120254,frame_006510.jpg,006510,heuristic
small_object_proposal,-1,1.0,891.0,788.0,947.0,848.0,artificial_jewellery,video_20260404_120254,frame_006510.jpg,006510,heuristic
small_object_proposal,-1,1.0,1266.0,952.0,1381.0,981.0,artificial_jewellery,video_20260404_120254,frame_006510.jpg,006510,heuristic
small_object_proposal,-1,1.0,693.0,868.0,753.0,923.0,artificial_jewellery,video_20260404_120254,frame_006510.jpg,006510,heuristic
small_object_proposal,-1,1.0,1372.0,809.0,1414.0,886.0,artificial_jewellery,video_20260404_120254,frame_006510.jpg,006510,heuristic
small_object_proposal,-1,1.0,1061.0,756.0,1097.0,845.0,artificial_jewellery,video_20260404_120254,frame_006510.jpg,006510,heuristic
small_object_proposal,-1,1.0,1707.0,990.0,1795.0,1025.0,artificial_jewellery,video_20260404_120254,frame_006510.jpg,006510,heuristic
small_object_proposal,-1,1.0,495.0,483.0,649.0,502.0,artificial_jewellery,video_20260404_120254,frame_006510.jpg,006510,heuristic
small_object_proposal,-1,1.0,1219.0,466.0,1260.0,537.0,artificial_jewellery,video_20260404_120254,frame_006510.jpg,006510,heuristic
small_object_proposal,-1,1.0,553.0,598.0,616.0,644.0,artificial_jewellery,video_20260404_120254,frame_006510.jpg,006510,heuristic
small_object_proposal,-1,1.0,1121.0,302.0,1184.0,347.0,artificial_jewellery,video_20260404_120254,frame_006510.jpg,006510,heuristic
small_object_proposal,-1,1.0,833.0,892.0,870.0,968.0,artificial_jewellery,video_20260404_120254,frame_006510.jpg,006510,heuristic
small_object_proposal,-1,1.0,1510.0,718.0,1557.0,777.0,artificial_jewellery,video_20260404_120254,frame_006510.jpg,006510,heuristic
small_object_proposal,-1,1.0,613.0,733.0,667.0,783.0,artificial_jewellery,video_20260404_120254,frame_006510.jpg,006510,heuristic
small_object_proposal,-1,1.0,1077.0,843.0,1163.0,874.0,artificial_jewellery,video_20260404_120254,frame_006510.jpg,006510,heuristic
small_object_proposal,-1,1.0,310.0,970.0,366.0,1016.0,artificial_jewellery,video_20260404_120254,frame_006510.jpg,006510,heuristic
small_object_proposal,-1,1.0,1394.0,824.0,1436.0,885.0,artificial_jewellery,video_20260404_120254,frame_006510.jpg,006510,heuristic
small_object_proposal,-1,1.0,1414.0,1035.0,1480.0,1073.0,artificial_jewellery,video_20260404_120254,frame_006510.jpg,006510,heuristic
small_object_proposal,-1,1.0,1174.0,489.0,1217.0,544.0,artificial_jewellery,video_20260404_120254,frame_006510.jpg,006510,heuristic
small_object_proposal,-1,1.0,1214.0,833.0,1308.0,857.0,artificial_jewellery,video_20260404_120254,frame_006510.jpg,006510,heuristic
small_object_proposal,-1,1.0,1077.0,763.0,1134.0,802.0,artificial_jewellery,video_20260404_120254,frame_006510.jpg,006510,heuristic
small_object_proposal,-1,1.0,1422.0,502.0,1455.0,567.0,artificial_jewellery,video_20260404_120254,frame_006510.jpg,006510,heuristic
person,0,0.5607469081878662,84.08770751953125,243.73956298828125,1859.6009521484375,1067.7703857421875,artificial_jewellery,video_20260404_120254,frame_006540.jpg,006540,yolo
small_object_proposal,-1,1.0,1490.0,999.0,1554.0,1077.0,artificial_jewellery,video_20260404_120254,frame_006540.jpg,006540,heuristic
small_object_proposal,-1,1.0,871.0,678.0,964.0,729.0,artificial_jewellery,video_20260404_120254,frame_006540.jpg,006540,heuristic
small_object_proposal,-1,1.0,675.0,833.0,733.0,913.0,artificial_jewellery,video_20260404_120254,frame_006540.jpg,006540,heuristic
small_object_proposal,-1,1.0,529.0,477.0,665.0,506.0,artificial_jewellery,video_20260404_120254,frame_006540.jpg,006540,heuristic
small_object_proposal,-1,1.0,1002.0,976.0,1052.0,1053.0,artificial_jewellery,video_20260404_120254,frame_006540.jpg,006540,heuristic
small_object_proposal,-1,1.0,1117.0,645.0,1196.0,693.0,artificial_jewellery,video_20260404_120254,frame_006540.jpg,006540,heuristic
small_object_proposal,-1,1.0,1474.0,708.0,1533.0,772.0,artificial_jewellery,video_20260404_120254,frame_006540.jpg,006540,heuristic
small_object_proposal,-1,1.0,758.0,650.0,811.0,720.0,artificial_jewellery,video_20260404_120254,frame_006540.jpg,006540,heuristic
small_object_proposal,-1,1.0,1482.0,852.0,1606.0,881.0,artificial_jewellery,video_20260404_120254,frame_006540.jpg,006540,heuristic
small_object_proposal,-1,1.0,1375.0,659.0,1430.0,719.0,artificial_jewellery,video_20260404_120254,frame_006540.jpg,006540,heuristic
small_object_proposal,-1,1.0,492.0,714.0,543.0,776.0,artificial_jewellery,video_20260404_120254,frame_006540.jpg,006540,heuristic
small_object_proposal,-1,1.0,728.0,637.0,782.0,694.0,artificial_jewellery,video_20260404_120254,frame_006540.jpg,006540,heuristic
small_object_proposal,-1,1.0,891.0,791.0,952.0,838.0,artificial_jewellery,video_20260404_120254,frame_006540.jpg,006540,heuristic
small_object_proposal,-1,1.0,1420.0,804.0,1458.0,879.0,artificial_jewellery,video_20260404_120254,frame_006540.jpg,006540,heuristic
small_object_proposal,-1,1.0,771.0,1000.0,811.0,1071.0,artificial_jewellery,video_20260404_120254,frame_006540.jpg,006540,heuristic
small_object_proposal,-1,1.0,834.0,768.0,894.0,815.0,artificial_jewellery,video_20260404_120254,frame_006540.jpg,006540,heuristic
small_object_proposal,-1,1.0,1428.0,1027.0,1493.0,1067.0,artificial_jewellery,video_20260404_120254,frame_006540.jpg,006540,heuristic
small_object_proposal,-1,1.0,144.0,218.0,201.0,263.0,artificial_jewellery,video_20260404_120254,frame_006540.jpg,006540,heuristic
small_object_proposal,-1,1.0,306.0,955.0,354.0,1005.0,artificial_jewellery,video_20260404_120254,frame_006540.jpg,006540,heuristic
small_object_proposal,-1,1.0,1097.0,839.0,1192.0,864.0,artificial_jewellery,video_20260404_120254,frame_006540.jpg,006540,heuristic
small_object_proposal,-1,1.0,378.0,1015.0,432.0,1058.0,artificial_jewellery,video_20260404_120254,frame_006540.jpg,006540,heuristic
small_object_proposal,-1,1.0,1085.0,1004.0,1124.0,1063.0,artificial_jewellery,video_20260404_120254,frame_006540.jpg,006540,heuristic
small_object_proposal,-1,1.0,657.0,872.0,692.0,936.0,artificial_jewellery,video_20260404_120254,frame_006540.jpg,006540,heuristic
small_object_proposal,-1,1.0,161.0,80.0,210.0,123.0,artificial_jewellery,video_20260404_120254,frame_006540.jpg,006540,heuristic
small_object_proposal,-1,1.0,1398.0,820.0,1434.0,877.0,artificial_jewellery,video_20260404_120254,frame_006540.jpg,006540,heuristic
small_object_proposal,-1,1.0,1445.0,362.0,1518.0,389.0,artificial_jewellery,video_20260404_120254,frame_006540.jpg,006540,heuristic
small_object_proposal,-1,1.0,715.0,779.0,752.0,830.0,artificial_jewellery,video_20260404_120254,frame_006540.jpg,006540,heuristic
small_object_proposal,-1,1.0,1227.0,833.0,1316.0,854.0,artificial_jewellery,video_20260404_120254,frame_006540.jpg,006540,heuristic
small_object_proposal,-1,1.0,442.0,1009.0,498.0,1042.0,artificial_jewellery,video_20260404_120254,frame_006540.jpg,006540,heuristic
small_object_proposal,-1,1.0,629.0,743.0,676.0,782.0,artificial_jewellery,video_20260404_120254,frame_006540.jpg,006540,heuristic
person,0,0.48677995800971985,47.91119384765625,249.44741821289062,1092.9517822265625,1063.98486328125,artificial_jewellery,video_20260404_120254,frame_006570.jpg,006570,yolo
person,0,0.4845615327358246,590.6412963867188,128.633056640625,1900.85009765625,1071.036865234375,artificial_jewellery,video_20260404_120254,frame_006570.jpg,006570,yolo
small_object_proposal,-1,1.0,1101.0,646.0,1195.0,698.0,artificial_jewellery,video_20260404_120254,frame_006570.jpg,006570,heuristic
small_object_proposal,-1,1.0,526.0,647.0,586.0,727.0,artificial_jewellery,video_20260404_120254,frame_006570.jpg,006570,heuristic
small_object_proposal,-1,1.0,1050.0,836.0,1168.0,875.0,artificial_jewellery,video_20260404_120254,frame_006570.jpg,006570,heuristic
small_object_proposal,-1,1.0,1141.0,428.0,1233.0,478.0,artificial_jewellery,video_20260404_120254,frame_006570.jpg,006570,heuristic
small_object_proposal,-1,1.0,685.0,808.0,743.0,884.0,artificial_jewellery,video_20260404_120254,frame_006570.jpg,006570,heuristic
small_object_proposal,-1,1.0,1542.0,232.0,1608.0,298.0,artificial_jewellery,video_20260404_120254,frame_006570.jpg,006570,heuristic
small_object_proposal,-1,1.0,1239.0,530.0,1290.0,613.0,artificial_jewellery,video_20260404_120254,frame_006570.jpg,006570,heuristic
small_object_proposal,-1,1.0,651.0,837.0,692.0,932.0,artificial_jewellery,video_20260404_120254,frame_006570.jpg,006570,heuristic
small_object_proposal,-1,1.0,1386.0,688.0,1426.0,785.0,artificial_jewellery,video_20260404_120254,frame_006570.jpg,006570,heuristic
small_object_proposal,-1,1.0,1380.0,795.0,1425.0,877.0,artificial_jewellery,video_20260404_120254,frame_006570.jpg,006570,heuristic
small_object_proposal,-1,1.0,1709.0,949.0,1801.0,989.0,artificial_jewellery,video_20260404_120254,frame_006570.jpg,006570,heuristic
small_object_proposal,-1,1.0,1228.0,125.0,1296.0,177.0,artificial_jewellery,video_20260404_120254,frame_006570.jpg,006570,heuristic
small_object_proposal,-1,1.0,1172.0,752.0,1214.0,836.0,artificial_jewellery,video_20260404_120254,frame_006570.jpg,006570,heuristic
small_object_proposal,-1,1.0,1386.0,183.0,1415.0,303.0,artificial_jewellery,video_20260404_120254,frame_006570.jpg,006570,heuristic
small_object_proposal,-1,1.0,465.0,485.0,646.0,504.0,artificial_jewellery,video_20260404_120254,frame_006570.jpg,006570,heuristic
small_object_proposal,-1,1.0,1278.0,724.0,1344.0,776.0,artificial_jewellery,video_20260404_120254,frame_006570.jpg,006570,heuristic
small_object_proposal,-1,1.0,1226.0,998.0,1328.0,1031.0,artificial_jewellery,video_20260404_120254,frame_006570.jpg,006570,heuristic
small_object_proposal,-1,1.0,1550.0,654.0,1617.0,704.0,artificial_jewellery,video_20260404_120254,frame_006570.jpg,006570,heuristic
small_object_proposal,-1,1.0,1155.0,500.0,1205.0,567.0,artificial_jewellery,video_20260404_120254,frame_006570.jpg,006570,heuristic
small_object_proposal,-1,1.0,883.0,354.0,946.0,406.0,artificial_jewellery,video_20260404_120254,frame_006570.jpg,006570,heuristic
small_object_proposal,-1,1.0,1172.0,597.0,1235.0,645.0,artificial_jewellery,video_20260404_120254,frame_006570.jpg,006570,heuristic
small_object_proposal,-1,1.0,947.0,634.0,995.0,695.0,artificial_jewellery,video_20260404_120254,frame_006570.jpg,006570,heuristic
small_object_proposal,-1,1.0,1303.0,625.0,1348.0,686.0,artificial_jewellery,video_20260404_120254,frame_006570.jpg,006570,heuristic
small_object_proposal,-1,1.0,1018.0,1024.0,1091.0,1061.0,artificial_jewellery,video_20260404_120254,frame_006570.jpg,006570,heuristic
small_object_proposal,-1,1.0,771.0,509.0,833.0,547.0,artificial_jewellery,video_20260404_120254,frame_006570.jpg,006570,heuristic
small_object_proposal,-1,1.0,930.0,718.0,984.0,761.0,artificial_jewellery,video_20260404_120254,frame_006570.jpg,006570,heuristic
small_object_proposal,-1,1.0,1852.0,638.0,1880.0,719.0,artificial_jewellery,video_20260404_120254,frame_006570.jpg,006570,heuristic
small_object_proposal,-1,1.0,1349.0,1010.0,1421.0,1041.0,artificial_jewellery,video_20260404_120254,frame_006570.jpg,006570,heuristic
small_object_proposal,-1,1.0,1024.0,891.0,1083.0,928.0,artificial_jewellery,video_20260404_120254,frame_006570.jpg,006570,heuristic
small_object_proposal,-1,1.0,1467.0,994.0,1508.0,1047.0,artificial_jewellery,video_20260404_120254,frame_006570.jpg,006570,heuristic
person,0,0.6590744853019714,521.4010009765625,91.01907348632812,1902.49560546875,1064.5081787109375,artificial_jewellery,video_20260404_120254,frame_006720.jpg,006720,yolo
cell phone,67,0.34358522295951843,1259.5614013671875,117.68653106689453,1407.2266845703125,249.1833953857422,artificial_jewellery,video_20260404_120254,frame_006720.jpg,006720,yolo
small_object_proposal,-1,1.0,660.0,857.0,734.0,923.0,artificial_jewellery,video_20260404_120254,frame_006720.jpg,006720,heuristic
small_object_proposal,-1,1.0,505.0,640.0,563.0,722.0,artificial_jewellery,video_20260404_120254,frame_006720.jpg,006720,heuristic
small_object_proposal,-1,1.0,547.0,681.0,598.0,772.0,artificial_jewellery,video_20260404_120254,frame_006720.jpg,006720,heuristic
small_object_proposal,-1,1.0,1327.0,193.0,1398.0,255.0,artificial_jewellery,video_20260404_120254,frame_006720.jpg,006720,heuristic
small_object_proposal,-1,1.0,285.0,976.0,357.0,1037.0,artificial_jewellery,video_20260404_120254,frame_006720.jpg,006720,heuristic
small_object_proposal,-1,1.0,1121.0,387.0,1199.0,443.0,artificial_jewellery,video_20260404_120254,frame_006720.jpg,006720,heuristic
small_object_proposal,-1,1.0,382.0,718.0,417.0,842.0,artificial_jewellery,video_20260404_120254,frame_006720.jpg,006720,heuristic
small_object_proposal,-1,1.0,555.0,603.0,649.0,647.0,artificial_jewellery,video_20260404_120254,frame_006720.jpg,006720,heuristic
small_object_proposal,-1,1.0,1696.0,899.0,1778.0,948.0,artificial_jewellery,video_20260404_120254,frame_006720.jpg,006720,heuristic
small_object_proposal,-1,1.0,1168.0,851.0,1266.0,892.0,artificial_jewellery,video_20260404_120254,frame_006720.jpg,006720,heuristic
small_object_proposal,-1,1.0,1127.0,474.0,1187.0,538.0,artificial_jewellery,video_20260404_120254,frame_006720.jpg,006720,heuristic
small_object_proposal,-1,1.0,864.0,768.0,925.0,828.0,artificial_jewellery,video_20260404_120254,frame_006720.jpg,006720,heuristic
small_object_proposal,-1,1.0,1171.0,303.0,1258.0,345.0,artificial_jewellery,video_20260404_120254,frame_006720.jpg,006720,heuristic
small_object_proposal,-1,1.0,1342.0,174.0,1397.0,237.0,artificial_jewellery,video_20260404_120254,frame_006720.jpg,006720,heuristic
small_object_proposal,-1,1.0,1147.0,566.0,1217.0,615.0,artificial_jewellery,video_20260404_120254,frame_006720.jpg,006720,heuristic
small_object_proposal,-1,1.0,1579.0,221.0,1615.0,315.0,artificial_jewellery,video_20260404_120254,frame_006720.jpg,006720,heuristic
small_object_proposal,-1,1.0,1198.0,885.0,1306.0,913.0,artificial_jewellery,video_20260404_120254,frame_006720.jpg,006720,heuristic
small_object_proposal,-1,1.0,352.0,1020.0,417.0,1066.0,artificial_jewellery,video_20260404_120254,frame_006720.jpg,006720,heuristic
small_object_proposal,-1,1.0,1081.0,620.0,1161.0,657.0,artificial_jewellery,video_20260404_120254,frame_006720.jpg,006720,heuristic
small_object_proposal,-1,1.0,1477.0,749.0,1501.0,869.0,artificial_jewellery,video_20260404_120254,frame_006720.jpg,006720,heuristic
small_object_proposal,-1,1.0,1522.0,181.0,1564.0,248.0,artificial_jewellery,video_20260404_120254,frame_006720.jpg,006720,heuristic
small_object_proposal,-1,1.0,1550.0,265.0,1577.0,369.0,artificial_jewellery,video_20260404_120254,frame_006720.jpg,006720,heuristic
small_object_proposal,-1,1.0,1018.0,570.0,1075.0,617.0,artificial_jewellery,video_20260404_120254,frame_006720.jpg,006720,heuristic
small_object_proposal,-1,1.0,1462.0,585.0,1479.0,741.0,artificial_jewellery,video_20260404_120254,frame_006720.jpg,006720,heuristic
small_object_proposal,-1,1.0,85.0,247.0,135.0,300.0,artificial_jewellery,video_20260404_120254,frame_006720.jpg,006720,heuristic
small_object_proposal,-1,1.0,1329.0,783.0,1381.0,832.0,artificial_jewellery,video_20260404_120254,frame_006720.jpg,006720,heuristic
small_object_proposal,-1,1.0,23.0,393.0,81.0,436.0,artificial_jewellery,video_20260404_120254,frame_006720.jpg,006720,heuristic
small_object_proposal,-1,1.0,1276.0,686.0,1331.0,730.0,artificial_jewellery,video_20260404_120254,frame_006720.jpg,006720,heuristic
small_object_proposal,-1,1.0,1057.0,736.0,1113.0,779.0,artificial_jewellery,video_20260404_120254,frame_006720.jpg,006720,heuristic
small_object_proposal,-1,1.0,1562.0,436.0,1606.0,489.0,artificial_jewellery,video_20260404_120254,frame_006720.jpg,006720,heuristic
person,0,0.5198547840118408,74.373046875,169.45806884765625,1894.052490234375,1065.1173095703125,artificial_jewellery,video_20260404_120254,frame_006960.jpg,006960,yolo
small_object_proposal,-1,1.0,663.0,771.0,728.0,847.0,artificial_jewellery,video_20260404_120254,frame_006960.jpg,006960,heuristic
small_object_proposal,-1,1.0,1171.0,691.0,1213.0,794.0,artificial_jewellery,video_20260404_120254,frame_006960.jpg,006960,heuristic
small_object_proposal,-1,1.0,1390.0,750.0,1442.0,833.0,artificial_jewellery,video_20260404_120254,frame_006960.jpg,006960,heuristic
small_object_proposal,-1,1.0,1223.0,263.0,1290.0,326.0,artificial_jewellery,video_20260404_120254,frame_006960.jpg,006960,heuristic
small_object_proposal,-1,1.0,934.0,707.0,999.0,771.0,artificial_jewellery,video_20260404_120254,frame_006960.jpg,006960,heuristic
small_object_proposal,-1,1.0,1243.0,1038.0,1365.0,1072.0,artificial_jewellery,video_20260404_120254,frame_006960.jpg,006960,heuristic
small_object_proposal,-1,1.0,1152.0,513.0,1238.0,560.0,artificial_jewellery,video_20260404_120254,frame_006960.jpg,006960,heuristic
small_object_proposal,-1,1.0,359.0,996.0,449.0,1039.0,artificial_jewellery,video_20260404_120254,frame_006960.jpg,006960,heuristic
small_object_proposal,-1,1.0,415.0,456.0,639.0,473.0,artificial_jewellery,video_20260404_120254,frame_006960.jpg,006960,heuristic
small_object_proposal,-1,1.0,1410.0,350.0,1480.0,402.0,artificial_jewellery,video_20260404_120254,frame_006960.jpg,006960,heuristic
small_object_proposal,-1,1.0,875.0,741.0,936.0,800.0,artificial_jewellery,video_20260404_120254,frame_006960.jpg,006960,heuristic
small_object_proposal,-1,1.0,275.0,39.0,351.0,86.0,artificial_jewellery,video_20260404_120254,frame_006960.jpg,006960,heuristic
small_object_proposal,-1,1.0,550.0,650.0,599.0,722.0,artificial_jewellery,video_20260404_120254,frame_006960.jpg,006960,heuristic
small_object_proposal,-1,1.0,1696.0,938.0,1809.0,968.0,artificial_jewellery,video_20260404_120254,frame_006960.jpg,006960,heuristic
small_object_proposal,-1,1.0,905.0,665.0,972.0,715.0,artificial_jewellery,video_20260404_120254,frame_006960.jpg,006960,heuristic
small_object_proposal,-1,1.0,1254.0,961.0,1364.0,991.0,artificial_jewellery,video_20260404_120254,frame_006960.jpg,006960,heuristic
small_object_proposal,-1,1.0,38.0,164.0,85.0,229.0,artificial_jewellery,video_20260404_120254,frame_006960.jpg,006960,heuristic
small_object_proposal,-1,1.0,1249.0,149.0,1315.0,193.0,artificial_jewellery,video_20260404_120254,frame_006960.jpg,006960,heuristic
small_object_proposal,-1,1.0,1099.0,600.0,1177.0,637.0,artificial_jewellery,video_20260404_120254,frame_006960.jpg,006960,heuristic
small_object_proposal,-1,1.0,787.0,883.0,833.0,945.0,artificial_jewellery,video_20260404_120254,frame_006960.jpg,006960,heuristic
small_object_proposal,-1,1.0,374.0,1030.0,452.0,1066.0,artificial_jewellery,video_20260404_120254,frame_006960.jpg,006960,heuristic
small_object_proposal,-1,1.0,899.0,998.0,941.0,1063.0,artificial_jewellery,video_20260404_120254,frame_006960.jpg,006960,heuristic
small_object_proposal,-1,1.0,1077.0,800.0,1160.0,832.0,artificial_jewellery,video_20260404_120254,frame_006960.jpg,006960,heuristic
small_object_proposal,-1,1.0,22.0,353.0,81.0,397.0,artificial_jewellery,video_20260404_120254,frame_006960.jpg,006960,heuristic
small_object_proposal,-1,1.0,299.0,957.0,354.0,1001.0,artificial_jewellery,video_20260404_120254,frame_006960.jpg,006960,heuristic
small_object_proposal,-1,1.0,1068.0,717.0,1127.0,758.0,artificial_jewellery,video_20260404_120254,frame_006960.jpg,006960,heuristic
small_object_proposal,-1,1.0,1145.0,208.0,1184.0,268.0,artificial_jewellery,video_20260404_120254,frame_006960.jpg,006960,heuristic
small_object_proposal,-1,1.0,176.0,816.0,223.0,865.0,artificial_jewellery,video_20260404_120254,frame_006960.jpg,006960,heuristic
small_object_proposal,-1,1.0,1617.0,216.0,1656.0,274.0,artificial_jewellery,video_20260404_120254,frame_006960.jpg,006960,heuristic
small_object_proposal,-1,1.0,2.0,710.0,46.0,761.0,artificial_jewellery,video_20260404_120254,frame_006960.jpg,006960,heuristic
person,0,0.43683186173439026,99.7342529296875,14.7506103515625,1901.143798828125,1068.99658203125,artificial_jewellery,video_20260404_120254,frame_009300.jpg,009300,yolo
toothbrush,79,0.254995733499527,439.4076232910156,183.63446044921875,852.435791015625,1063.512451171875,artificial_jewellery,video_20260404_120254,frame_009300.jpg,009300,yolo
small_object_proposal,-1,1.0,1225.0,894.0,1372.0,925.0,artificial_jewellery,video_20260404_120254,frame_009300.jpg,009300,heuristic
small_object_proposal,-1,1.0,1306.0,265.0,1414.0,305.0,artificial_jewellery,video_20260404_120254,frame_009300.jpg,009300,heuristic
small_object_proposal,-1,1.0,1333.0,278.0,1409.0,325.0,artificial_jewellery,video_20260404_120254,frame_009300.jpg,009300,heuristic
small_object_proposal,-1,1.0,1059.0,791.0,1177.0,821.0,artificial_jewellery,video_20260404_120254,frame_009300.jpg,009300,heuristic
small_object_proposal,-1,1.0,1730.0,967.0,1809.0,1009.0,artificial_jewellery,video_20260404_120254,frame_009300.jpg,009300,heuristic
small_object_proposal,-1,1.0,1558.0,214.0,1603.0,286.0,artificial_jewellery,video_20260404_120254,frame_009300.jpg,009300,heuristic
small_object_proposal,-1,1.0,829.0,566.0,889.0,618.0,artificial_jewellery,video_20260404_120254,frame_009300.jpg,009300,heuristic
small_object_proposal,-1,1.0,1004.0,382.0,1096.0,415.0,artificial_jewellery,video_20260404_120254,frame_009300.jpg,009300,heuristic
small_object_proposal,-1,1.0,1472.0,1020.0,1544.0,1058.0,artificial_jewellery,video_20260404_120254,frame_009300.jpg,009300,heuristic
small_object_proposal,-1,1.0,1268.0,693.0,1321.0,741.0,artificial_jewellery,video_20260404_120254,frame_009300.jpg,009300,heuristic
small_object_proposal,-1,1.0,709.0,199.0,775.0,237.0,artificial_jewellery,video_20260404_120254,frame_009300.jpg,009300,heuristic
small_object_proposal,-1,1.0,1350.0,234.0,1397.0,279.0,artificial_jewellery,video_20260404_120254,frame_009300.jpg,009300,heuristic
small_object_proposal,-1,1.0,1150.0,833.0,1210.0,868.0,artificial_jewellery,video_20260404_120254,frame_009300.jpg,009300,heuristic
small_object_proposal,-1,1.0,1394.0,278.0,1459.0,310.0,artificial_jewellery,video_20260404_120254,frame_009300.jpg,009300,heuristic
small_object_proposal,-1,1.0,504.0,446.0,590.0,470.0,artificial_jewellery,video_20260404_120254,frame_009300.jpg,009300,heuristic
small_object_proposal,-1,1.0,517.0,653.0,552.0,707.0,artificial_jewellery,video_20260404_120254,frame_009300.jpg,009300,heuristic
small_object_proposal,-1,1.0,1373.0,751.0,1402.0,816.0,artificial_jewellery,video_20260404_120254,frame_009300.jpg,009300,heuristic
small_object_proposal,-1,1.0,1391.0,987.0,1463.0,1012.0,artificial_jewellery,video_20260404_120254,frame_009300.jpg,009300,heuristic
small_object_proposal,-1,1.0,1299.0,961.0,1344.0,1001.0,artificial_jewellery,video_20260404_120254,frame_009300.jpg,009300,heuristic
small_object_proposal,-1,1.0,915.0,925.0,942.0,991.0,artificial_jewellery,video_20260404_120254,frame_009300.jpg,009300,heuristic
small_object_proposal,-1,1.0,1575.0,146.0,1615.0,188.0,artificial_jewellery,video_20260404_120254,frame_009300.jpg,009300,heuristic
small_object_proposal,-1,1.0,1180.0,804.0,1255.0,826.0,artificial_jewellery,video_20260404_120254,frame_009300.jpg,009300,heuristic
small_object_proposal,-1,1.0,1435.0,430.0,1457.0,504.0,artificial_jewellery,video_20260404_120254,frame_009300.jpg,009300,heuristic
small_object_proposal,-1,1.0,1018.0,819.0,1058.0,858.0,artificial_jewellery,video_20260404_120254,frame_009300.jpg,009300,heuristic
small_object_proposal,-1,1.0,314.0,359.0,367.0,388.0,artificial_jewellery,video_20260404_120254,frame_009300.jpg,009300,heuristic
small_object_proposal,-1,1.0,1088.0,472.0,1125.0,513.0,artificial_jewellery,video_20260404_120254,frame_009300.jpg,009300,heuristic
small_object_proposal,-1,1.0,1238.0,1023.0,1306.0,1045.0,artificial_jewellery,video_20260404_120254,frame_009300.jpg,009300,heuristic
small_object_proposal,-1,1.0,1194.0,784.0,1295.0,798.0,artificial_jewellery,video_20260404_120254,frame_009300.jpg,009300,heuristic
small_object_proposal,-1,1.0,1302.0,119.0,1333.0,164.0,artificial_jewellery,video_20260404_120254,frame_009300.jpg,009300,heuristic
small_object_proposal,-1,1.0,1076.0,398.0,1132.0,422.0,artificial_jewellery,video_20260404_120254,frame_009300.jpg,009300,heuristic
person,0,0.5401199460029602,73.739501953125,120.2237548828125,1807.1458740234375,1063.167236328125,artificial_jewellery,video_20260404_120254,frame_009330.jpg,009330,yolo
person,0,0.3786936402320862,1361.463134765625,42.8206787109375,1918.61865234375,1060.95556640625,artificial_jewellery,video_20260404_120254,frame_009330.jpg,009330,yolo
small_object_proposal,-1,1.0,582.0,687.0,683.0,735.0,artificial_jewellery,video_20260404_120254,frame_009330.jpg,009330,heuristic
small_object_proposal,-1,1.0,1568.0,342.0,1601.0,480.0,artificial_jewellery,video_20260404_120254,frame_009330.jpg,009330,heuristic
small_object_proposal,-1,1.0,377.0,979.0,448.0,1043.0,artificial_jewellery,video_20260404_120254,frame_009330.jpg,009330,heuristic
small_object_proposal,-1,1.0,744.0,120.0,828.0,172.0,artificial_jewellery,video_20260404_120254,frame_009330.jpg,009330,heuristic
small_object_proposal,-1,1.0,840.0,547.0,914.0,604.0,artificial_jewellery,video_20260404_120254,frame_009330.jpg,009330,heuristic
small_object_proposal,-1,1.0,1064.0,775.0,1182.0,809.0,artificial_jewellery,video_20260404_120254,frame_009330.jpg,009330,heuristic
small_object_proposal,-1,1.0,1743.0,941.0,1825.0,986.0,artificial_jewellery,video_20260404_120254,frame_009330.jpg,009330,heuristic
small_object_proposal,-1,1.0,313.0,70.0,364.0,140.0,artificial_jewellery,video_20260404_120254,frame_009330.jpg,009330,heuristic
small_object_proposal,-1,1.0,932.0,402.0,1028.0,439.0,artificial_jewellery,video_20260404_120254,frame_009330.jpg,009330,heuristic
small_object_proposal,-1,1.0,1435.0,662.0,1473.0,745.0,artificial_jewellery,video_20260404_120254,frame_009330.jpg,009330,heuristic
small_object_proposal,-1,1.0,1283.0,679.0,1339.0,731.0,artificial_jewellery,video_20260404_120254,frame_009330.jpg,009330,heuristic
small_object_proposal,-1,1.0,1586.0,137.0,1652.0,181.0,artificial_jewellery,video_20260404_120254,frame_009330.jpg,009330,heuristic
small_object_proposal,-1,1.0,1160.0,818.0,1230.0,858.0,artificial_jewellery,video_20260404_120254,frame_009330.jpg,009330,heuristic
small_object_proposal,-1,1.0,581.0,658.0,647.0,700.0,artificial_jewellery,video_20260404_120254,frame_009330.jpg,009330,heuristic
small_object_proposal,-1,1.0,1123.0,510.0,1164.0,577.0,artificial_jewellery,video_20260404_120254,frame_009330.jpg,009330,heuristic
small_object_proposal,-1,1.0,844.0,715.0,911.0,755.0,artificial_jewellery,video_20260404_120254,frame_009330.jpg,009330,heuristic
small_object_proposal,-1,1.0,1101.0,461.0,1138.0,532.0,artificial_jewellery,video_20260404_120254,frame_009330.jpg,009330,heuristic
small_object_proposal,-1,1.0,505.0,421.0,603.0,447.0,artificial_jewellery,video_20260404_120254,frame_009330.jpg,009330,heuristic
small_object_proposal,-1,1.0,922.0,919.0,962.0,982.0,artificial_jewellery,video_20260404_120254,frame_009330.jpg,009330,heuristic
small_object_proposal,-1,1.0,1296.0,576.0,1337.0,635.0,artificial_jewellery,video_20260404_120254,frame_009330.jpg,009330,heuristic
small_object_proposal,-1,1.0,1583.0,378.0,1609.0,471.0,artificial_jewellery,video_20260404_120254,frame_009330.jpg,009330,heuristic
small_object_proposal,-1,1.0,1607.0,268.0,1632.0,364.0,artificial_jewellery,video_20260404_120254,frame_009330.jpg,009330,heuristic
small_object_proposal,-1,1.0,1050.0,881.0,1105.0,922.0,artificial_jewellery,video_20260404_120254,frame_009330.jpg,009330,heuristic
small_object_proposal,-1,1.0,1807.0,671.0,1846.0,728.0,artificial_jewellery,video_20260404_120254,frame_009330.jpg,009330,heuristic
small_object_proposal,-1,1.0,1424.0,111.0,1467.0,156.0,artificial_jewellery,video_20260404_120254,frame_009330.jpg,009330,heuristic
small_object_proposal,-1,1.0,31.0,825.0,79.0,865.0,artificial_jewellery,video_20260404_120254,frame_009330.jpg,009330,heuristic
small_object_proposal,-1,1.0,216.0,321.0,272.0,354.0,artificial_jewellery,video_20260404_120254,frame_009330.jpg,009330,heuristic
small_object_proposal,-1,1.0,1808.0,746.0,1846.0,789.0,artificial_jewellery,video_20260404_120254,frame_009330.jpg,009330,heuristic
small_object_proposal,-1,1.0,698.0,743.0,736.0,786.0,artificial_jewellery,video_20260404_120254,frame_009330.jpg,009330,heuristic
small_object_proposal,-1,1.0,1158.0,388.0,1213.0,417.0,artificial_jewellery,video_20260404_120254,frame_009330.jpg,009330,heuristic
