label,class_id,confidence,x1,y1,x2,y2,domain,video_stem,frame_file,frame_id,source
person,0,0.723280668258667,387.32391357421875,20.533355712890625,1882.411376953125,1062.9970703125,artificial_jewellery,video_20260404_121005,frame_000000.jpg,000000,yolo
bed,59,0.3817073702812195,3.32135009765625,59.30731201171875,1889.3389892578125,1075.951904296875,artificial_jewellery,video_20260404_121005,frame_000000.jpg,000000,yolo
small_object_proposal,-1,1.0,272.0,990.0,394.0,1026.0,artificial_jewellery,video_20260404_121005,frame_000000.jpg,000000,heuristic
small_object_proposal,-1,1.0,1481.0,441.0,1570.0,484.0,artificial_jewellery,video_20260404_121005,frame_000000.jpg,000000,heuristic
small_object_proposal,-1,1.0,875.0,338.0,946.0,391.0,artificial_jewellery,video_20260404_121005,frame_000000.jpg,000000,heuristic
small_object_proposal,-1,1.0,1209.0,345.0,1266.0,409.0,artificial_jewellery,video_20260404_121005,frame_000000.jpg,000000,heuristic
small_object_proposal,-1,1.0,302.0,751.0,343.0,825.0,artificial_jewellery,video_20260404_121005,frame_000000.jpg,000000,heuristic
small_object_proposal,-1,1.0,1511.0,6.0,1566.0,57.0,artificial_jewellery,video_20260404_121005,frame_000000.jpg,000000,heuristic
small_object_proposal,-1,1.0,1824.0,310.0,1874.0,363.0,artificial_jewellery,video_20260404_121005,frame_000000.jpg,000000,heuristic
small_object_proposal,-1,1.0,835.0,465.0,892.0,510.0,artificial_jewellery,video_20260404_121005,frame_000000.jpg,000000,heuristic
small_object_proposal,-1,1.0,1028.0,436.0,1080.0,485.0,artificial_jewellery,video_20260404_121005,frame_000000.jpg,000000,heuristic
small_object_proposal,-1,1.0,1878.0,358.0,1916.0,424.0,artificial_jewellery,video_20260404_121005,frame_000000.jpg,000000,heuristic
small_object_proposal,-1,1.0,179.0,205.0,248.0,237.0,artificial_jewellery,video_20260404_121005,frame_000000.jpg,000000,heuristic
small_object_proposal,-1,1.0,1501.0,134.0,1548.0,180.0,artificial_jewellery,video_20260404_121005,frame_000000.jpg,000000,heuristic
small_object_proposal,-1,1.0,1284.0,45.0,1315.0,114.0,artificial_jewellery,video_20260404_121005,frame_000000.jpg,000000,heuristic
small_object_proposal,-1,1.0,21.0,483.0,82.0,515.0,artificial_jewellery,video_20260404_121005,frame_000000.jpg,000000,heuristic
small_object_proposal,-1,1.0,1781.0,719.0,1810.0,783.0,artificial_jewellery,video_20260404_121005,frame_000000.jpg,000000,heuristic
small_object_proposal,-1,1.0,1733.0,719.0,1763.0,778.0,artificial_jewellery,video_20260404_121005,frame_000000.jpg,000000,heuristic
small_object_proposal,-1,1.0,874.0,487.0,916.0,524.0,artificial_jewellery,video_20260404_121005,frame_000000.jpg,000000,heuristic
small_object_proposal,-1,1.0,834.0,122.0,870.0,159.0,artificial_jewellery,video_20260404_121005,frame_000000.jpg,000000,heuristic
small_object_proposal,-1,1.0,1776.0,820.0,1809.0,855.0,artificial_jewellery,video_20260404_121005,frame_000000.jpg,000000,heuristic
small_object_proposal,-1,1.0,20.0,101.0,61.0,128.0,artificial_jewellery,video_20260404_121005,frame_000000.jpg,000000,heuristic
small_object_proposal,-1,1.0,6.0,670.0,46.0,697.0,artificial_jewellery,video_20260404_121005,frame_000000.jpg,000000,heuristic
small_object_proposal,-1,1.0,255.0,1041.0,288.0,1073.0,artificial_jewellery,video_20260404_121005,frame_000000.jpg,000000,heuristic
small_object_proposal,-1,1.0,1161.0,391.0,1211.0,409.0,artificial_jewellery,video_20260404_121005,frame_000000.jpg,000000,heuristic
small_object_proposal,-1,1.0,7.0,103.0,32.0,139.0,artificial_jewellery,video_20260404_121005,frame_000000.jpg,000000,heuristic
small_object_proposal,-1,1.0,234.0,529.0,260.0,562.0,artificial_jewellery,video_20260404_121005,frame_000000.jpg,000000,heuristic
small_object_proposal,-1,1.0,873.0,468.0,906.0,494.0,artificial_jewellery,video_20260404_121005,frame_000000.jpg,000000,heuristic
small_object_proposal,-1,1.0,1775.0,536.0,1810.0,557.0,artificial_jewellery,video_20260404_121005,frame_000000.jpg,000000,heuristic
small_object_proposal,-1,1.0,960.0,137.0,989.0,161.0,artificial_jewellery,video_20260404_121005,frame_000000.jpg,000000,heuristic
small_object_proposal,-1,1.0,189.0,828.0,226.0,846.0,artificial_jewellery,video_20260404_121005,frame_000000.jpg,000000,heuristic
small_object_proposal,-1,1.0,1781.0,799.0,1810.0,819.0,artificial_jewellery,video_20260404_121005,frame_000000.jpg,000000,heuristic
person,0,0.8141800165176392,306.6177978515625,6.9246826171875,1897.062744140625,1064.405029296875,artificial_jewellery,video_20260404_121005,frame_000060.jpg,000060,yolo
couch,57,0.3649046719074249,1.1817626953125,22.94256591796875,1903.9022216796875,1069.8182373046875,artificial_jewellery,video_20260404_121005,frame_000060.jpg,000060,yolo
bed,59,0.2796730697154999,3.4193115234375,38.4935302734375,1830.076171875,1059.53466796875,artificial_jewellery,video_20260404_121005,frame_000060.jpg,000060,yolo
small_object_proposal,-1,1.0,306.0,1016.0,377.0,1076.0,artificial_jewellery,video_20260404_121005,frame_000060.jpg,000060,heuristic
small_object_proposal,-1,1.0,279.0,976.0,400.0,1011.0,artificial_jewellery,video_20260404_121005,frame_000060.jpg,000060,heuristic
small_object_proposal,-1,1.0,1222.0,300.0,1274.0,362.0,artificial_jewellery,video_20260404_121005,frame_000060.jpg,000060,heuristic
small_object_proposal,-1,1.0,303.0,737.0,344.0,812.0,artificial_jewellery,video_20260404_121005,frame_000060.jpg,000060,heuristic
small_object_proposal,-1,1.0,917.0,309.0,969.0,353.0,artificial_jewellery,video_20260404_121005,frame_000060.jpg,000060,heuristic
small_object_proposal,-1,1.0,988.0,286.0,1025.0,346.0,artificial_jewellery,video_20260404_121005,frame_000060.jpg,000060,heuristic
small_object_proposal,-1,1.0,804.0,90.0,847.0,136.0,artificial_jewellery,video_20260404_121005,frame_000060.jpg,000060,heuristic
small_object_proposal,-1,1.0,1786.0,685.0,1815.0,747.0,artificial_jewellery,video_20260404_121005,frame_000060.jpg,000060,heuristic
small_object_proposal,-1,1.0,152.0,187.0,215.0,215.0,artificial_jewellery,video_20260404_121005,frame_000060.jpg,000060,heuristic
small_object_proposal,-1,1.0,1717.0,252.0,1754.0,296.0,artificial_jewellery,video_20260404_121005,frame_000060.jpg,000060,heuristic
small_object_proposal,-1,1.0,1707.0,679.0,1736.0,727.0,artificial_jewellery,video_20260404_121005,frame_000060.jpg,000060,heuristic
small_object_proposal,-1,1.0,1795.0,625.0,1828.0,662.0,artificial_jewellery,video_20260404_121005,frame_000060.jpg,000060,heuristic
small_object_proposal,-1,1.0,8.0,473.0,50.0,500.0,artificial_jewellery,video_20260404_121005,frame_000060.jpg,000060,heuristic
small_object_proposal,-1,1.0,47.0,519.0,70.0,567.0,artificial_jewellery,video_20260404_121005,frame_000060.jpg,000060,heuristic
small_object_proposal,-1,1.0,929.0,464.0,958.0,502.0,artificial_jewellery,video_20260404_121005,frame_000060.jpg,000060,heuristic
small_object_proposal,-1,1.0,1322.0,112.0,1431.0,122.0,artificial_jewellery,video_20260404_121005,frame_000060.jpg,000060,heuristic
small_object_proposal,-1,1.0,238.0,550.0,271.0,580.0,artificial_jewellery,video_20260404_121005,frame_000060.jpg,000060,heuristic
small_object_proposal,-1,1.0,975.0,101.0,1012.0,127.0,artificial_jewellery,video_20260404_121005,frame_000060.jpg,000060,heuristic
small_object_proposal,-1,1.0,1659.0,374.0,1698.0,398.0,artificial_jewellery,video_20260404_121005,frame_000060.jpg,000060,heuristic
small_object_proposal,-1,1.0,184.0,814.0,227.0,835.0,artificial_jewellery,video_20260404_121005,frame_000060.jpg,000060,heuristic
small_object_proposal,-1,1.0,676.0,417.0,773.0,426.0,artificial_jewellery,video_20260404_121005,frame_000060.jpg,000060,heuristic
small_object_proposal,-1,1.0,1051.0,66.0,1088.0,89.0,artificial_jewellery,video_20260404_121005,frame_000060.jpg,000060,heuristic
small_object_proposal,-1,1.0,1323.0,29.0,1340.0,79.0,artificial_jewellery,video_20260404_121005,frame_000060.jpg,000060,heuristic
small_object_proposal,-1,1.0,1856.0,500.0,1888.0,522.0,artificial_jewellery,video_20260404_121005,frame_000060.jpg,000060,heuristic
small_object_proposal,-1,1.0,1737.0,702.0,1755.0,740.0,artificial_jewellery,video_20260404_121005,frame_000060.jpg,000060,heuristic
small_object_proposal,-1,1.0,758.0,158.0,781.0,187.0,artificial_jewellery,video_20260404_121005,frame_000060.jpg,000060,heuristic
small_object_proposal,-1,1.0,868.0,653.0,900.0,673.0,artificial_jewellery,video_20260404_121005,frame_000060.jpg,000060,heuristic
small_object_proposal,-1,1.0,1811.0,351.0,1830.0,383.0,artificial_jewellery,video_20260404_121005,frame_000060.jpg,000060,heuristic
small_object_proposal,-1,1.0,1771.0,817.0,1800.0,837.0,artificial_jewellery,video_20260404_121005,frame_000060.jpg,000060,heuristic
small_object_proposal,-1,1.0,1849.0,586.0,1883.0,603.0,artificial_jewellery,video_20260404_121005,frame_000060.jpg,000060,heuristic
person,0,0.8358834385871887,364.799560546875,4.069976806640625,1910.2196044921875,1065.6033935546875,artificial_jewellery,video_20260404_121005,frame_000150.jpg,000150,yolo
tie,27,0.5207292437553406,692.4226684570312,554.5211791992188,1739.6854248046875,1067.2882080078125,artificial_jewellery,video_20260404_121005,frame_000150.jpg,000150,yolo
bed,59,0.3859002888202667,3.40411376953125,44.66015625,1832.416259765625,1074.3363037109375,artificial_jewellery,video_20260404_121005,frame_000150.jpg,000150,yolo
small_object_proposal,-1,1.0,1536.0,362.0,1589.0,455.0,artificial_jewellery,video_20260404_121005,frame_000150.jpg,000150,heuristic
small_object_proposal,-1,1.0,1144.0,52.0,1223.0,107.0,artificial_jewellery,video_20260404_121005,frame_000150.jpg,000150,heuristic
small_object_proposal,-1,1.0,286.0,986.0,407.0,1019.0,artificial_jewellery,video_20260404_121005,frame_000150.jpg,000150,heuristic
small_object_proposal,-1,1.0,1655.0,497.0,1804.0,523.0,artificial_jewellery,video_20260404_121005,frame_000150.jpg,000150,heuristic
small_object_proposal,-1,1.0,1683.0,208.0,1737.0,274.0,artificial_jewellery,video_20260404_121005,frame_000150.jpg,000150,heuristic
small_object_proposal,-1,1.0,458.0,633.0,542.0,672.0,artificial_jewellery,video_20260404_121005,frame_000150.jpg,000150,heuristic
small_object_proposal,-1,1.0,302.0,746.0,343.0,822.0,artificial_jewellery,video_20260404_121005,frame_000150.jpg,000150,heuristic
small_object_proposal,-1,1.0,821.0,117.0,868.0,182.0,artificial_jewellery,video_20260404_121005,frame_000150.jpg,000150,heuristic
small_object_proposal,-1,1.0,1728.0,641.0,1763.0,719.0,artificial_jewellery,video_20260404_121005,frame_000150.jpg,000150,heuristic
small_object_proposal,-1,1.0,1218.0,284.0,1271.0,332.0,artificial_jewellery,video_20260404_121005,frame_000150.jpg,000150,heuristic
small_object_proposal,-1,1.0,1297.0,200.0,1358.0,239.0,artificial_jewellery,video_20260404_121005,frame_000150.jpg,000150,heuristic
small_object_proposal,-1,1.0,1873.0,269.0,1907.0,336.0,artificial_jewellery,video_20260404_121005,frame_000150.jpg,000150,heuristic
small_object_proposal,-1,1.0,902.0,354.0,946.0,401.0,artificial_jewellery,video_20260404_121005,frame_000150.jpg,000150,heuristic
small_object_proposal,-1,1.0,114.0,205.0,187.0,233.0,artificial_jewellery,video_20260404_121005,frame_000150.jpg,000150,heuristic
small_object_proposal,-1,1.0,1789.0,867.0,1906.0,884.0,artificial_jewellery,video_20260404_121005,frame_000150.jpg,000150,heuristic
small_object_proposal,-1,1.0,1783.0,640.0,1813.0,704.0,artificial_jewellery,video_20260404_121005,frame_000150.jpg,000150,heuristic
small_object_proposal,-1,1.0,987.0,78.0,1037.0,115.0,artificial_jewellery,video_20260404_121005,frame_000150.jpg,000150,heuristic
small_object_proposal,-1,1.0,1329.0,637.0,1371.0,679.0,artificial_jewellery,video_20260404_121005,frame_000150.jpg,000150,heuristic
small_object_proposal,-1,1.0,36.0,548.0,67.0,595.0,artificial_jewellery,video_20260404_121005,frame_000150.jpg,000150,heuristic
small_object_proposal,-1,1.0,825.0,67.0,923.0,81.0,artificial_jewellery,video_20260404_121005,frame_000150.jpg,000150,heuristic
small_object_proposal,-1,1.0,1708.0,636.0,1741.0,677.0,artificial_jewellery,video_20260404_121005,frame_000150.jpg,000150,heuristic
small_object_proposal,-1,1.0,770.0,180.0,837.0,200.0,artificial_jewellery,video_20260404_121005,frame_000150.jpg,000150,heuristic
small_object_proposal,-1,1.0,212.0,519.0,242.0,563.0,artificial_jewellery,video_20260404_121005,frame_000150.jpg,000150,heuristic
small_object_proposal,-1,1.0,952.0,511.0,985.0,551.0,artificial_jewellery,video_20260404_121005,frame_000150.jpg,000150,heuristic
small_object_proposal,-1,1.0,1868.0,475.0,1900.0,516.0,artificial_jewellery,video_20260404_121005,frame_000150.jpg,000150,heuristic
small_object_proposal,-1,1.0,1349.0,13.0,1407.0,34.0,artificial_jewellery,video_20260404_121005,frame_000150.jpg,000150,heuristic
small_object_proposal,-1,1.0,223.0,564.0,262.0,592.0,artificial_jewellery,video_20260404_121005,frame_000150.jpg,000150,heuristic
small_object_proposal,-1,1.0,271.0,1038.0,303.0,1072.0,artificial_jewellery,video_20260404_121005,frame_000150.jpg,000150,heuristic
small_object_proposal,-1,1.0,1088.0,130.0,1124.0,160.0,artificial_jewellery,video_20260404_121005,frame_000150.jpg,000150,heuristic
small_object_proposal,-1,1.0,1786.0,719.0,1813.0,757.0,artificial_jewellery,video_20260404_121005,frame_000150.jpg,000150,heuristic
tie,27,0.7616117596626282,689.6451416015625,551.0776977539062,1754.09912109375,1069.2994384765625,artificial_jewellery,video_20260404_121005,frame_000210.jpg,000210,yolo
person,0,0.743520975112915,353.28076171875,0.0,1916.12548828125,1067.3956298828125,artificial_jewellery,video_20260404_121005,frame_000210.jpg,000210,yolo
bed,59,0.5955110192298889,5.8487548828125,32.289825439453125,1897.388671875,1069.739990234375,artificial_jewellery,video_20260404_121005,frame_000210.jpg,000210,yolo
small_object_proposal,-1,1.0,1577.0,895.0,1678.0,937.0,artificial_jewellery,video_20260404_121005,frame_000210.jpg,000210,heuristic
small_object_proposal,-1,1.0,1172.0,39.0,1299.0,72.0,artificial_jewellery,video_20260404_121005,frame_000210.jpg,000210,heuristic
small_object_proposal,-1,1.0,586.0,339.0,688.0,376.0,artificial_jewellery,video_20260404_121005,frame_000210.jpg,000210,heuristic
small_object_proposal,-1,1.0,776.0,124.0,878.0,158.0,artificial_jewellery,video_20260404_121005,frame_000210.jpg,000210,heuristic
small_object_proposal,-1,1.0,587.0,157.0,674.0,191.0,artificial_jewellery,video_20260404_121005,frame_000210.jpg,000210,heuristic
small_object_proposal,-1,1.0,1616.0,171.0,1653.0,248.0,artificial_jewellery,video_20260404_121005,frame_000210.jpg,000210,heuristic
small_object_proposal,-1,1.0,860.0,335.0,926.0,376.0,artificial_jewellery,video_20260404_121005,frame_000210.jpg,000210,heuristic
small_object_proposal,-1,1.0,1397.0,684.0,1437.0,750.0,artificial_jewellery,video_20260404_121005,frame_000210.jpg,000210,heuristic
small_object_proposal,-1,1.0,1870.0,267.0,1905.0,340.0,artificial_jewellery,video_20260404_121005,frame_000210.jpg,000210,heuristic
small_object_proposal,-1,1.0,856.0,41.0,983.0,61.0,artificial_jewellery,video_20260404_121005,frame_000210.jpg,000210,heuristic
small_object_proposal,-1,1.0,1530.0,136.0,1600.0,166.0,artificial_jewellery,video_20260404_121005,frame_000210.jpg,000210,heuristic
small_object_proposal,-1,1.0,1779.0,639.0,1810.0,704.0,artificial_jewellery,video_20260404_121005,frame_000210.jpg,000210,heuristic
small_object_proposal,-1,1.0,1742.0,427.0,1782.0,477.0,artificial_jewellery,video_20260404_121005,frame_000210.jpg,000210,heuristic
small_object_proposal,-1,1.0,1011.0,404.0,1061.0,441.0,artificial_jewellery,video_20260404_121005,frame_000210.jpg,000210,heuristic
small_object_proposal,-1,1.0,1434.0,537.0,1471.0,584.0,artificial_jewellery,video_20260404_121005,frame_000210.jpg,000210,heuristic
small_object_proposal,-1,1.0,35.0,538.0,69.0,587.0,artificial_jewellery,video_20260404_121005,frame_000210.jpg,000210,heuristic
small_object_proposal,-1,1.0,1575.0,119.0,1689.0,133.0,artificial_jewellery,video_20260404_121005,frame_000210.jpg,000210,heuristic
small_object_proposal,-1,1.0,124.0,196.0,188.0,220.0,artificial_jewellery,video_20260404_121005,frame_000210.jpg,000210,heuristic
small_object_proposal,-1,1.0,171.0,818.0,226.0,845.0,artificial_jewellery,video_20260404_121005,frame_000210.jpg,000210,heuristic
small_object_proposal,-1,1.0,905.0,113.0,969.0,136.0,artificial_jewellery,video_20260404_121005,frame_000210.jpg,000210,heuristic
small_object_proposal,-1,1.0,67.0,588.0,91.0,637.0,artificial_jewellery,video_20260404_121005,frame_000210.jpg,000210,heuristic
small_object_proposal,-1,1.0,1759.0,479.0,1793.0,513.0,artificial_jewellery,video_20260404_121005,frame_000210.jpg,000210,heuristic
small_object_proposal,-1,1.0,1863.0,403.0,1900.0,434.0,artificial_jewellery,video_20260404_121005,frame_000210.jpg,000210,heuristic
small_object_proposal,-1,1.0,1798.0,548.0,1830.0,583.0,artificial_jewellery,video_20260404_121005,frame_000210.jpg,000210,heuristic
small_object_proposal,-1,1.0,1027.0,192.0,1048.0,244.0,artificial_jewellery,video_20260404_121005,frame_000210.jpg,000210,heuristic
small_object_proposal,-1,1.0,1777.0,720.0,1809.0,747.0,artificial_jewellery,video_20260404_121005,frame_000210.jpg,000210,heuristic
small_object_proposal,-1,1.0,1436.0,523.0,1460.0,556.0,artificial_jewellery,video_20260404_121005,frame_000210.jpg,000210,heuristic
small_object_proposal,-1,1.0,1588.0,143.0,1656.0,154.0,artificial_jewellery,video_20260404_121005,frame_000210.jpg,000210,heuristic
small_object_proposal,-1,1.0,1815.0,521.0,1848.0,542.0,artificial_jewellery,video_20260404_121005,frame_000210.jpg,000210,heuristic
small_object_proposal,-1,1.0,1855.0,435.0,1884.0,458.0,artificial_jewellery,video_20260404_121005,frame_000210.jpg,000210,heuristic
person,0,0.6466683745384216,326.561279296875,0.0,1868.4569091796875,1062.7581787109375,artificial_jewellery,video_20260404_121005,frame_000270.jpg,000270,yolo
bed,59,0.638199508190155,4.67578125,38.5968017578125,1896.181640625,1075.5234375,artificial_jewellery,video_20260404_121005,frame_000270.jpg,000270,yolo
tie,27,0.4717109203338623,701.3955688476562,547.2838134765625,1750.8304443359375,1066.5128173828125,artificial_jewellery,video_20260404_121005,frame_000270.jpg,000270,yolo
cell phone,67,0.38456737995147705,817.3042602539062,2.066242218017578,1373.6368408203125,326.0358581542969,artificial_jewellery,video_20260404_121005,frame_000270.jpg,000270,yolo
cell phone,67,0.35946527123451233,819.739990234375,115.82258605957031,1255.5538330078125,320.9972839355469,artificial_jewellery,video_20260404_121005,frame_000270.jpg,000270,yolo
small_object_proposal,-1,1.0,987.0,91.0,1078.0,139.0,artificial_jewellery,video_20260404_121005,frame_000270.jpg,000270,heuristic
small_object_proposal,-1,1.0,1189.0,356.0,1249.0,421.0,artificial_jewellery,video_20260404_121005,frame_000270.jpg,000270,heuristic
small_object_proposal,-1,1.0,457.0,629.0,543.0,668.0,artificial_jewellery,video_20260404_121005,frame_000270.jpg,000270,heuristic
small_object_proposal,-1,1.0,1633.0,496.0,1799.0,516.0,artificial_jewellery,video_20260404_121005,frame_000270.jpg,000270,heuristic
small_object_proposal,-1,1.0,1369.0,8.0,1397.0,126.0,artificial_jewellery,video_20260404_121005,frame_000270.jpg,000270,heuristic
small_object_proposal,-1,1.0,299.0,744.0,340.0,821.0,artificial_jewellery,video_20260404_121005,frame_000270.jpg,000270,heuristic
small_object_proposal,-1,1.0,1478.0,185.0,1520.0,258.0,artificial_jewellery,video_20260404_121005,frame_000270.jpg,000270,heuristic
small_object_proposal,-1,1.0,911.0,250.0,963.0,308.0,artificial_jewellery,video_20260404_121005,frame_000270.jpg,000270,heuristic
small_object_proposal,-1,1.0,1430.0,475.0,1480.0,533.0,artificial_jewellery,video_20260404_121005,frame_000270.jpg,000270,heuristic
small_object_proposal,-1,1.0,1740.0,833.0,1873.0,853.0,artificial_jewellery,video_20260404_121005,frame_000270.jpg,000270,heuristic
small_object_proposal,-1,1.0,1871.0,262.0,1906.0,334.0,artificial_jewellery,video_20260404_121005,frame_000270.jpg,000270,heuristic
small_object_proposal,-1,1.0,181.0,809.0,250.0,842.0,artificial_jewellery,video_20260404_121005,frame_000270.jpg,000270,heuristic
small_object_proposal,-1,1.0,1712.0,675.0,1739.0,753.0,artificial_jewellery,video_20260404_121005,frame_000270.jpg,000270,heuristic
small_object_proposal,-1,1.0,1779.0,635.0,1810.0,698.0,artificial_jewellery,video_20260404_121005,frame_000270.jpg,000270,heuristic
small_object_proposal,-1,1.0,1798.0,535.0,1838.0,577.0,artificial_jewellery,video_20260404_121005,frame_000270.jpg,000270,heuristic
small_object_proposal,-1,1.0,204.0,512.0,238.0,560.0,artificial_jewellery,video_20260404_121005,frame_000270.jpg,000270,heuristic
small_object_proposal,-1,1.0,1846.0,429.0,1884.0,471.0,artificial_jewellery,video_20260404_121005,frame_000270.jpg,000270,heuristic
small_object_proposal,-1,1.0,1847.0,247.0,1882.0,291.0,artificial_jewellery,video_20260404_121005,frame_000270.jpg,000270,heuristic
small_object_proposal,-1,1.0,964.0,359.0,995.0,407.0,artificial_jewellery,video_20260404_121005,frame_000270.jpg,000270,heuristic
small_object_proposal,-1,1.0,1845.0,512.0,1881.0,552.0,artificial_jewellery,video_20260404_121005,frame_000270.jpg,000270,heuristic
small_object_proposal,-1,1.0,1783.0,577.0,1818.0,617.0,artificial_jewellery,video_20260404_121005,frame_000270.jpg,000270,heuristic
small_object_proposal,-1,1.0,167.0,822.0,222.0,847.0,artificial_jewellery,video_20260404_121005,frame_000270.jpg,000270,heuristic
small_object_proposal,-1,1.0,660.0,852.0,711.0,878.0,artificial_jewellery,video_20260404_121005,frame_000270.jpg,000270,heuristic
small_object_proposal,-1,1.0,1874.0,218.0,1917.0,245.0,artificial_jewellery,video_20260404_121005,frame_000270.jpg,000270,heuristic
small_object_proposal,-1,1.0,1506.0,531.0,1536.0,568.0,artificial_jewellery,video_20260404_121005,frame_000270.jpg,000270,heuristic
small_object_proposal,-1,1.0,269.0,1037.0,302.0,1070.0,artificial_jewellery,video_20260404_121005,frame_000270.jpg,000270,heuristic
small_object_proposal,-1,1.0,1395.0,544.0,1427.0,578.0,artificial_jewellery,video_20260404_121005,frame_000270.jpg,000270,heuristic
small_object_proposal,-1,1.0,1772.0,732.0,1799.0,770.0,artificial_jewellery,video_20260404_121005,frame_000270.jpg,000270,heuristic
small_object_proposal,-1,1.0,1796.0,284.0,1820.0,326.0,artificial_jewellery,video_20260404_121005,frame_000270.jpg,000270,heuristic
small_object_proposal,-1,1.0,1705.0,635.0,1728.0,673.0,artificial_jewellery,video_20260404_121005,frame_000270.jpg,000270,heuristic
person,0,0.8118070363998413,385.18682861328125,6.4947509765625,1898.7117919921875,1063.64501953125,artificial_jewellery,video_20260404_121005,frame_000390.jpg,000390,yolo
tie,27,0.5294065475463867,700.0089111328125,584.1083984375,1704.6654052734375,1065.8094482421875,artificial_jewellery,video_20260404_121005,frame_000390.jpg,000390,yolo
small_object_proposal,-1,1.0,1518.0,35.0,1584.0,110.0,artificial_jewellery,video_20260404_121005,frame_000390.jpg,000390,heuristic
small_object_proposal,-1,1.0,1758.0,656.0,1833.0,721.0,artificial_jewellery,video_20260404_121005,frame_000390.jpg,000390,heuristic
small_object_proposal,-1,1.0,288.0,998.0,412.0,1035.0,artificial_jewellery,video_20260404_121005,frame_000390.jpg,000390,heuristic
small_object_proposal,-1,1.0,1773.0,706.0,1849.0,765.0,artificial_jewellery,video_20260404_121005,frame_000390.jpg,000390,heuristic
small_object_proposal,-1,1.0,638.0,179.0,721.0,212.0,artificial_jewellery,video_20260404_121005,frame_000390.jpg,000390,heuristic
small_object_proposal,-1,1.0,318.0,754.0,351.0,832.0,artificial_jewellery,video_20260404_121005,frame_000390.jpg,000390,heuristic
small_object_proposal,-1,1.0,1760.0,784.0,1798.0,839.0,artificial_jewellery,video_20260404_121005,frame_000390.jpg,000390,heuristic
small_object_proposal,-1,1.0,1775.0,689.0,1806.0,753.0,artificial_jewellery,video_20260404_121005,frame_000390.jpg,000390,heuristic
small_object_proposal,-1,1.0,887.0,282.0,942.0,317.0,artificial_jewellery,video_20260404_121005,frame_000390.jpg,000390,heuristic
small_object_proposal,-1,1.0,1003.0,65.0,1033.0,126.0,artificial_jewellery,video_20260404_121005,frame_000390.jpg,000390,heuristic
small_object_proposal,-1,1.0,1406.0,28.0,1448.0,70.0,artificial_jewellery,video_20260404_121005,frame_000390.jpg,000390,heuristic
small_object_proposal,-1,1.0,1816.0,401.0,1851.0,447.0,artificial_jewellery,video_20260404_121005,frame_000390.jpg,000390,heuristic
small_object_proposal,-1,1.0,1856.0,469.0,1895.0,510.0,artificial_jewellery,video_20260404_121005,frame_000390.jpg,000390,heuristic
small_object_proposal,-1,1.0,894.0,539.0,921.0,592.0,artificial_jewellery,video_20260404_121005,frame_000390.jpg,000390,heuristic
small_object_proposal,-1,1.0,1068.0,71.0,1131.0,92.0,artificial_jewellery,video_20260404_121005,frame_000390.jpg,000390,heuristic
small_object_proposal,-1,1.0,1715.0,268.0,1748.0,308.0,artificial_jewellery,video_20260404_121005,frame_000390.jpg,000390,heuristic
small_object_proposal,-1,1.0,1583.0,479.0,1692.0,491.0,artificial_jewellery,video_20260404_121005,frame_000390.jpg,000390,heuristic
small_object_proposal,-1,1.0,178.0,202.0,229.0,226.0,artificial_jewellery,video_20260404_121005,frame_000390.jpg,000390,heuristic
small_object_proposal,-1,1.0,1775.0,510.0,1806.0,549.0,artificial_jewellery,video_20260404_121005,frame_000390.jpg,000390,heuristic
small_object_proposal,-1,1.0,1885.0,329.0,1910.0,376.0,artificial_jewellery,video_20260404_121005,frame_000390.jpg,000390,heuristic
small_object_proposal,-1,1.0,764.0,146.0,813.0,167.0,artificial_jewellery,video_20260404_121005,frame_000390.jpg,000390,heuristic
small_object_proposal,-1,1.0,35.0,494.0,57.0,539.0,artificial_jewellery,video_20260404_121005,frame_000390.jpg,000390,heuristic
small_object_proposal,-1,1.0,1887.0,840.0,1912.0,878.0,artificial_jewellery,video_20260404_121005,frame_000390.jpg,000390,heuristic
small_object_proposal,-1,1.0,1863.0,609.0,1886.0,650.0,artificial_jewellery,video_20260404_121005,frame_000390.jpg,000390,heuristic
small_object_proposal,-1,1.0,188.0,836.0,229.0,858.0,artificial_jewellery,video_20260404_121005,frame_000390.jpg,000390,heuristic
small_object_proposal,-1,1.0,9.0,488.0,59.0,506.0,artificial_jewellery,video_20260404_121005,frame_000390.jpg,000390,heuristic
small_object_proposal,-1,1.0,1755.0,439.0,1786.0,468.0,artificial_jewellery,video_20260404_121005,frame_000390.jpg,000390,heuristic
small_object_proposal,-1,1.0,1822.0,543.0,1853.0,571.0,artificial_jewellery,video_20260404_121005,frame_000390.jpg,000390,heuristic
small_object_proposal,-1,1.0,941.0,231.0,962.0,271.0,artificial_jewellery,video_20260404_121005,frame_000390.jpg,000390,heuristic
small_object_proposal,-1,1.0,45.0,540.0,68.0,571.0,artificial_jewellery,video_20260404_121005,frame_000390.jpg,000390,heuristic
person,0,0.7207606434822083,180.626953125,0.0,1908.1007080078125,1063.9088134765625,artificial_jewellery,video_20260404_121005,frame_000540.jpg,000540,yolo
tie,27,0.5018439888954163,737.5621948242188,554.447265625,1748.81005859375,1067.8428955078125,artificial_jewellery,video_20260404_121005,frame_000540.jpg,000540,yolo
bed,59,0.33388441801071167,4.716064453125,9.76611328125,1877.728271484375,1058.371337890625,artificial_jewellery,video_20260404_121005,frame_000540.jpg,000540,yolo
small_object_proposal,-1,1.0,1133.0,155.0,1201.0,219.0,artificial_jewellery,video_20260404_121005,frame_000540.jpg,000540,heuristic
small_object_proposal,-1,1.0,1085.0,206.0,1135.0,276.0,artificial_jewellery,video_20260404_121005,frame_000540.jpg,000540,heuristic
small_object_proposal,-1,1.0,398.0,1002.0,527.0,1024.0,artificial_jewellery,video_20260404_121005,frame_000540.jpg,000540,heuristic
small_object_proposal,-1,1.0,1756.0,196.0,1806.0,249.0,artificial_jewellery,video_20260404_121005,frame_000540.jpg,000540,heuristic
small_object_proposal,-1,1.0,1271.0,261.0,1337.0,296.0,artificial_jewellery,video_20260404_121005,frame_000540.jpg,000540,heuristic
small_object_proposal,-1,1.0,132.0,171.0,212.0,198.0,artificial_jewellery,video_20260404_121005,frame_000540.jpg,000540,heuristic
small_object_proposal,-1,1.0,1098.0,123.0,1158.0,156.0,artificial_jewellery,video_20260404_121005,frame_000540.jpg,000540,heuristic
small_object_proposal,-1,1.0,791.0,533.0,826.0,588.0,artificial_jewellery,video_20260404_121005,frame_000540.jpg,000540,heuristic
small_object_proposal,-1,1.0,1358.0,21.0,1415.0,52.0,artificial_jewellery,video_20260404_121005,frame_000540.jpg,000540,heuristic
small_object_proposal,-1,1.0,1166.0,125.0,1213.0,162.0,artificial_jewellery,video_20260404_121005,frame_000540.jpg,000540,heuristic
small_object_proposal,-1,1.0,336.0,933.0,389.0,962.0,artificial_jewellery,video_20260404_121005,frame_000540.jpg,000540,heuristic
small_object_proposal,-1,1.0,184.0,805.0,241.0,830.0,artificial_jewellery,video_20260404_121005,frame_000540.jpg,000540,heuristic
small_object_proposal,-1,1.0,1157.0,227.0,1195.0,259.0,artificial_jewellery,video_20260404_121005,frame_000540.jpg,000540,heuristic
small_object_proposal,-1,1.0,1865.0,495.0,1894.0,536.0,artificial_jewellery,video_20260404_121005,frame_000540.jpg,000540,heuristic
small_object_proposal,-1,1.0,792.0,746.0,817.0,792.0,artificial_jewellery,video_20260404_121005,frame_000540.jpg,000540,heuristic
small_object_proposal,-1,1.0,233.0,538.0,267.0,570.0,artificial_jewellery,video_20260404_121005,frame_000540.jpg,000540,heuristic
small_object_proposal,-1,1.0,1316.0,256.0,1359.0,278.0,artificial_jewellery,video_20260404_121005,frame_000540.jpg,000540,heuristic
small_object_proposal,-1,1.0,1837.0,407.0,1874.0,432.0,artificial_jewellery,video_20260404_121005,frame_000540.jpg,000540,heuristic
small_object_proposal,-1,1.0,1015.0,198.0,1034.0,246.0,artificial_jewellery,video_20260404_121005,frame_000540.jpg,000540,heuristic
small_object_proposal,-1,1.0,1510.0,731.0,1537.0,761.0,artificial_jewellery,video_20260404_121005,frame_000540.jpg,000540,heuristic
small_object_proposal,-1,1.0,193.0,463.0,220.0,492.0,artificial_jewellery,video_20260404_121005,frame_000540.jpg,000540,heuristic
small_object_proposal,-1,1.0,1101.0,160.0,1132.0,185.0,artificial_jewellery,video_20260404_121005,frame_000540.jpg,000540,heuristic
small_object_proposal,-1,1.0,1093.0,507.0,1158.0,517.0,artificial_jewellery,video_20260404_121005,frame_000540.jpg,000540,heuristic
small_object_proposal,-1,1.0,1861.0,384.0,1888.0,408.0,artificial_jewellery,video_20260404_121005,frame_000540.jpg,000540,heuristic
small_object_proposal,-1,1.0,1897.0,289.0,1917.0,316.0,artificial_jewellery,video_20260404_121005,frame_000540.jpg,000540,heuristic
small_object_proposal,-1,1.0,1444.0,67.0,1475.0,84.0,artificial_jewellery,video_20260404_121005,frame_000540.jpg,000540,heuristic
small_object_proposal,-1,1.0,664.0,968.0,680.0,1000.0,artificial_jewellery,video_20260404_121005,frame_000540.jpg,000540,heuristic
small_object_proposal,-1,1.0,1874.0,363.0,1896.0,386.0,artificial_jewellery,video_20260404_121005,frame_000540.jpg,000540,heuristic
small_object_proposal,-1,1.0,233.0,508.0,250.0,537.0,artificial_jewellery,video_20260404_121005,frame_000540.jpg,000540,heuristic
small_object_proposal,-1,1.0,1877.0,561.0,1896.0,586.0,artificial_jewellery,video_20260404_121005,frame_000540.jpg,000540,heuristic
person,0,0.7659056782722473,344.24267578125,6.97265625,1898.169189453125,1061.8609619140625,artificial_jewellery,video_20260404_121005,frame_000570.jpg,000570,yolo
bed,59,0.7182534337043762,3.870849609375,6.016204833984375,1902.3746337890625,1068.6947021484375,artificial_jewellery,video_20260404_121005,frame_000570.jpg,000570,yolo
tie,27,0.589367151260376,730.5078735351562,545.9531860351562,1743.6053466796875,1072.625244140625,artificial_jewellery,video_20260404_121005,frame_000570.jpg,000570,yolo
small_object_proposal,-1,1.0,309.0,964.0,431.0,999.0,artificial_jewellery,video_20260404_121005,frame_000570.jpg,000570,heuristic
small_object_proposal,-1,1.0,1043.0,386.0,1125.0,432.0,artificial_jewellery,video_20260404_121005,frame_000570.jpg,000570,heuristic
small_object_proposal,-1,1.0,1793.0,706.0,1837.0,779.0,artificial_jewellery,video_20260404_121005,frame_000570.jpg,000570,heuristic
small_object_proposal,-1,1.0,1559.0,16.0,1613.0,72.0,artificial_jewellery,video_20260404_121005,frame_000570.jpg,000570,heuristic
small_object_proposal,-1,1.0,1063.0,128.0,1110.0,187.0,artificial_jewellery,video_20260404_121005,frame_000570.jpg,000570,heuristic
small_object_proposal,-1,1.0,880.0,160.0,960.0,194.0,artificial_jewellery,video_20260404_121005,frame_000570.jpg,000570,heuristic
small_object_proposal,-1,1.0,1844.0,510.0,1885.0,570.0,artificial_jewellery,video_20260404_121005,frame_000570.jpg,000570,heuristic
small_object_proposal,-1,1.0,1811.0,628.0,1848.0,690.0,artificial_jewellery,video_20260404_121005,frame_000570.jpg,000570,heuristic
small_object_proposal,-1,1.0,1006.0,161.0,1044.0,216.0,artificial_jewellery,video_20260404_121005,frame_000570.jpg,000570,heuristic
small_object_proposal,-1,1.0,1762.0,628.0,1795.0,685.0,artificial_jewellery,video_20260404_121005,frame_000570.jpg,000570,heuristic
small_object_proposal,-1,1.0,1408.0,303.0,1468.0,329.0,artificial_jewellery,video_20260404_121005,frame_000570.jpg,000570,heuristic
small_object_proposal,-1,1.0,1774.0,190.0,1808.0,229.0,artificial_jewellery,video_20260404_121005,frame_000570.jpg,000570,heuristic
small_object_proposal,-1,1.0,12.0,462.0,40.0,509.0,artificial_jewellery,video_20260404_121005,frame_000570.jpg,000570,heuristic
small_object_proposal,-1,1.0,1487.0,747.0,1526.0,778.0,artificial_jewellery,video_20260404_121005,frame_000570.jpg,000570,heuristic
small_object_proposal,-1,1.0,1834.0,400.0,1874.0,423.0,artificial_jewellery,video_20260404_121005,frame_000570.jpg,000570,heuristic
small_object_proposal,-1,1.0,196.0,804.0,241.0,824.0,artificial_jewellery,video_20260404_121005,frame_000570.jpg,000570,heuristic
small_object_proposal,-1,1.0,1378.0,9.0,1398.0,54.0,artificial_jewellery,video_20260404_121005,frame_000570.jpg,000570,heuristic
small_object_proposal,-1,1.0,29.0,507.0,58.0,537.0,artificial_jewellery,video_20260404_121005,frame_000570.jpg,000570,heuristic
small_object_proposal,-1,1.0,1828.0,421.0,1847.0,465.0,artificial_jewellery,video_20260404_121005,frame_000570.jpg,000570,heuristic
small_object_proposal,-1,1.0,242.0,529.0,266.0,557.0,artificial_jewellery,video_20260404_121005,frame_000570.jpg,000570,heuristic
small_object_proposal,-1,1.0,997.0,183.0,1011.0,229.0,artificial_jewellery,video_20260404_121005,frame_000570.jpg,000570,heuristic
small_object_proposal,-1,1.0,1225.0,10.0,1255.0,31.0,artificial_jewellery,video_20260404_121005,frame_000570.jpg,000570,heuristic
small_object_proposal,-1,1.0,1265.0,1046.0,1291.0,1070.0,artificial_jewellery,video_20260404_121005,frame_000570.jpg,000570,heuristic
small_object_proposal,-1,1.0,511.0,943.0,545.0,960.0,artificial_jewellery,video_20260404_121005,frame_000570.jpg,000570,heuristic
small_object_proposal,-1,1.0,1873.0,325.0,1892.0,354.0,artificial_jewellery,video_20260404_121005,frame_000570.jpg,000570,heuristic
small_object_proposal,-1,1.0,1835.0,571.0,1860.0,590.0,artificial_jewellery,video_20260404_121005,frame_000570.jpg,000570,heuristic
small_object_proposal,-1,1.0,1826.0,752.0,1846.0,772.0,artificial_jewellery,video_20260404_121005,frame_000570.jpg,000570,heuristic
small_object_proposal,-1,1.0,1818.0,480.0,1840.0,495.0,artificial_jewellery,video_20260404_121005,frame_000570.jpg,000570,heuristic
small_object_proposal,-1,1.0,1804.0,791.0,1824.0,806.0,artificial_jewellery,video_20260404_121005,frame_000570.jpg,000570,heuristic
small_object_proposal,-1,1.0,1466.0,706.0,1480.0,726.0,artificial_jewellery,video_20260404_121005,frame_000570.jpg,000570,heuristic
person,0,0.8285504579544067,451.4110107421875,1.0491943359375,1913.6173095703125,1063.4957275390625,artificial_jewellery,video_20260404_121005,frame_000600.jpg,000600,yolo
tie,27,0.6787241697311401,729.3123168945312,545.0333862304688,1734.2523193359375,1070.6484375,artificial_jewellery,video_20260404_121005,frame_000600.jpg,000600,yolo
bed,59,0.5915562510490417,3.04083251953125,6.5885009765625,1900.1214599609375,1063.9593505859375,artificial_jewellery,video_20260404_121005,frame_000600.jpg,000600,yolo
small_object_proposal,-1,1.0,32.0,701.0,108.0,766.0,artificial_jewellery,video_20260404_121005,frame_000600.jpg,000600,heuristic
small_object_proposal,-1,1.0,1064.0,354.0,1119.0,421.0,artificial_jewellery,video_20260404_121005,frame_000600.jpg,000600,heuristic
small_object_proposal,-1,1.0,1549.0,874.0,1622.0,921.0,artificial_jewellery,video_20260404_121005,frame_000600.jpg,000600,heuristic
small_object_proposal,-1,1.0,867.0,75.0,934.0,118.0,artificial_jewellery,video_20260404_121005,frame_000600.jpg,000600,heuristic
small_object_proposal,-1,1.0,1544.0,96.0,1650.0,123.0,artificial_jewellery,video_20260404_121005,frame_000600.jpg,000600,heuristic
small_object_proposal,-1,1.0,1371.0,46.0,1416.0,99.0,artificial_jewellery,video_20260404_121005,frame_000600.jpg,000600,heuristic
small_object_proposal,-1,1.0,12.0,835.0,248.0,845.0,artificial_jewellery,video_20260404_121005,frame_000600.jpg,000600,heuristic
small_object_proposal,-1,1.0,1457.0,84.0,1548.0,109.0,artificial_jewellery,video_20260404_121005,frame_000600.jpg,000600,heuristic
small_object_proposal,-1,1.0,1612.0,213.0,1657.0,263.0,artificial_jewellery,video_20260404_121005,frame_000600.jpg,000600,heuristic
small_object_proposal,-1,1.0,1801.0,440.0,1848.0,484.0,artificial_jewellery,video_20260404_121005,frame_000600.jpg,000600,heuristic
small_object_proposal,-1,1.0,564.0,1011.0,612.0,1048.0,artificial_jewellery,video_20260404_121005,frame_000600.jpg,000600,heuristic
small_object_proposal,-1,1.0,1474.0,522.0,1510.0,565.0,artificial_jewellery,video_20260404_121005,frame_000600.jpg,000600,heuristic
small_object_proposal,-1,1.0,180.0,796.0,238.0,822.0,artificial_jewellery,video_20260404_121005,frame_000600.jpg,000600,heuristic
small_object_proposal,-1,1.0,1858.0,355.0,1893.0,398.0,artificial_jewellery,video_20260404_121005,frame_000600.jpg,000600,heuristic
small_object_proposal,-1,1.0,1599.0,217.0,1635.0,253.0,artificial_jewellery,video_20260404_121005,frame_000600.jpg,000600,heuristic
small_object_proposal,-1,1.0,1099.0,110.0,1148.0,136.0,artificial_jewellery,video_20260404_121005,frame_000600.jpg,000600,heuristic
small_object_proposal,-1,1.0,1819.0,824.0,1898.0,840.0,artificial_jewellery,video_20260404_121005,frame_000600.jpg,000600,heuristic
small_object_proposal,-1,1.0,1295.0,105.0,1332.0,138.0,artificial_jewellery,video_20260404_121005,frame_000600.jpg,000600,heuristic
small_object_proposal,-1,1.0,1641.0,230.0,1674.0,266.0,artificial_jewellery,video_20260404_121005,frame_000600.jpg,000600,heuristic
small_object_proposal,-1,1.0,1819.0,626.0,1841.0,676.0,artificial_jewellery,video_20260404_121005,frame_000600.jpg,000600,heuristic
small_object_proposal,-1,1.0,1862.0,477.0,1898.0,507.0,artificial_jewellery,video_20260404_121005,frame_000600.jpg,000600,heuristic
small_object_proposal,-1,1.0,702.0,1039.0,723.0,1077.0,artificial_jewellery,video_20260404_121005,frame_000600.jpg,000600,heuristic
small_object_proposal,-1,1.0,1092.0,499.0,1163.0,510.0,artificial_jewellery,video_20260404_121005,frame_000600.jpg,000600,heuristic
small_object_proposal,-1,1.0,1322.0,116.0,1393.0,126.0,artificial_jewellery,video_20260404_121005,frame_000600.jpg,000600,heuristic
small_object_proposal,-1,1.0,880.0,187.0,920.0,203.0,artificial_jewellery,video_20260404_121005,frame_000600.jpg,000600,heuristic
small_object_proposal,-1,1.0,1849.0,400.0,1876.0,423.0,artificial_jewellery,video_20260404_121005,frame_000600.jpg,000600,heuristic
small_object_proposal,-1,1.0,360.0,716.0,378.0,750.0,artificial_jewellery,video_20260404_121005,frame_000600.jpg,000600,heuristic
small_object_proposal,-1,1.0,1860.0,508.0,1889.0,528.0,artificial_jewellery,video_20260404_121005,frame_000600.jpg,000600,heuristic
small_object_proposal,-1,1.0,30.0,511.0,51.0,538.0,artificial_jewellery,video_20260404_121005,frame_000600.jpg,000600,heuristic
small_object_proposal,-1,1.0,1674.0,270.0,1692.0,299.0,artificial_jewellery,video_20260404_121005,frame_000600.jpg,000600,heuristic
person,0,0.7938113212585449,38.00225830078125,0.0,1898.4010009765625,1065.853759765625,artificial_jewellery,video_20260404_121005,frame_000720.jpg,000720,yolo
tie,27,0.4392370879650116,713.9185180664062,555.7452392578125,1899.799072265625,1066.33642578125,artificial_jewellery,video_20260404_121005,frame_000720.jpg,000720,yolo
bed,59,0.2788252532482147,2.10369873046875,5.5924072265625,1892.425048828125,1076.19921875,artificial_jewellery,video_20260404_121005,frame_000720.jpg,000720,yolo
small_object_proposal,-1,1.0,1553.0,63.0,1624.0,121.0,artificial_jewellery,video_20260404_121005,frame_000720.jpg,000720,heuristic
small_object_proposal,-1,1.0,1559.0,889.0,1635.0,939.0,artificial_jewellery,video_20260404_121005,frame_000720.jpg,000720,heuristic
small_object_proposal,-1,1.0,1134.0,250.0,1180.0,332.0,artificial_jewellery,video_20260404_121005,frame_000720.jpg,000720,heuristic
small_object_proposal,-1,1.0,955.0,70.0,1035.0,110.0,artificial_jewellery,video_20260404_121005,frame_000720.jpg,000720,heuristic
small_object_proposal,-1,1.0,1833.0,652.0,1875.0,719.0,artificial_jewellery,video_20260404_121005,frame_000720.jpg,000720,heuristic
small_object_proposal,-1,1.0,194.0,783.0,276.0,816.0,artificial_jewellery,video_20260404_121005,frame_000720.jpg,000720,heuristic
small_object_proposal,-1,1.0,1462.0,415.0,1505.0,467.0,artificial_jewellery,video_20260404_121005,frame_000720.jpg,000720,heuristic
small_object_proposal,-1,1.0,1784.0,718.0,1823.0,774.0,artificial_jewellery,video_20260404_121005,frame_000720.jpg,000720,heuristic
small_object_proposal,-1,1.0,17.0,492.0,63.0,537.0,artificial_jewellery,video_20260404_121005,frame_000720.jpg,000720,heuristic
small_object_proposal,-1,1.0,152.0,156.0,229.0,182.0,artificial_jewellery,video_20260404_121005,frame_000720.jpg,000720,heuristic
small_object_proposal,-1,1.0,1755.0,212.0,1798.0,258.0,artificial_jewellery,video_20260404_121005,frame_000720.jpg,000720,heuristic
small_object_proposal,-1,1.0,1860.0,332.0,1902.0,378.0,artificial_jewellery,video_20260404_121005,frame_000720.jpg,000720,heuristic
small_object_proposal,-1,1.0,1801.0,644.0,1834.0,701.0,artificial_jewellery,video_20260404_121005,frame_000720.jpg,000720,heuristic
small_object_proposal,-1,1.0,1281.0,475.0,1318.0,520.0,artificial_jewellery,video_20260404_121005,frame_000720.jpg,000720,heuristic
small_object_proposal,-1,1.0,1262.0,272.0,1300.0,312.0,artificial_jewellery,video_20260404_121005,frame_000720.jpg,000720,heuristic
small_object_proposal,-1,1.0,1825.0,332.0,1852.0,388.0,artificial_jewellery,video_20260404_121005,frame_000720.jpg,000720,heuristic
small_object_proposal,-1,1.0,1875.0,527.0,1911.0,566.0,artificial_jewellery,video_20260404_121005,frame_000720.jpg,000720,heuristic
small_object_proposal,-1,1.0,1116.0,92.0,1162.0,122.0,artificial_jewellery,video_20260404_121005,frame_000720.jpg,000720,heuristic
small_object_proposal,-1,1.0,1762.0,702.0,1796.0,740.0,artificial_jewellery,video_20260404_121005,frame_000720.jpg,000720,heuristic
small_object_proposal,-1,1.0,1140.0,156.0,1177.0,188.0,artificial_jewellery,video_20260404_121005,frame_000720.jpg,000720,heuristic
small_object_proposal,-1,1.0,193.0,802.0,237.0,824.0,artificial_jewellery,video_20260404_121005,frame_000720.jpg,000720,heuristic
small_object_proposal,-1,1.0,696.0,392.0,769.0,405.0,artificial_jewellery,video_20260404_121005,frame_000720.jpg,000720,heuristic
small_object_proposal,-1,1.0,1802.0,461.0,1842.0,483.0,artificial_jewellery,video_20260404_121005,frame_000720.jpg,000720,heuristic
small_object_proposal,-1,1.0,1757.0,644.0,1780.0,682.0,artificial_jewellery,video_20260404_121005,frame_000720.jpg,000720,heuristic
small_object_proposal,-1,1.0,1098.0,507.0,1169.0,518.0,artificial_jewellery,video_20260404_121005,frame_000720.jpg,000720,heuristic
small_object_proposal,-1,1.0,1736.0,700.0,1756.0,738.0,artificial_jewellery,video_20260404_121005,frame_000720.jpg,000720,heuristic
small_object_proposal,-1,1.0,1514.0,489.0,1543.0,514.0,artificial_jewellery,video_20260404_121005,frame_000720.jpg,000720,heuristic
small_object_proposal,-1,1.0,1782.0,646.0,1802.0,680.0,artificial_jewellery,video_20260404_121005,frame_000720.jpg,000720,heuristic
small_object_proposal,-1,1.0,1133.0,206.0,1162.0,229.0,artificial_jewellery,video_20260404_121005,frame_000720.jpg,000720,heuristic
small_object_proposal,-1,1.0,1851.0,527.0,1884.0,547.0,artificial_jewellery,video_20260404_121005,frame_000720.jpg,000720,heuristic
person,0,0.7388777136802673,8.89361572265625,0.0,1900.4176025390625,1062.7847900390625,artificial_jewellery,video_20260404_121005,frame_000780.jpg,000780,yolo
tie,27,0.5431615114212036,713.9522094726562,555.1749267578125,1724.6427001953125,1066.40185546875,artificial_jewellery,video_20260404_121005,frame_000780.jpg,000780,yolo
small_object_proposal,-1,1.0,267.0,1003.0,343.0,1068.0,artificial_jewellery,video_20260404_121005,frame_000780.jpg,000780,heuristic
small_object_proposal,-1,1.0,647.0,126.0,745.0,174.0,artificial_jewellery,video_20260404_121005,frame_000780.jpg,000780,heuristic
small_object_proposal,-1,1.0,1635.0,311.0,1667.0,423.0,artificial_jewellery,video_20260404_121005,frame_000780.jpg,000780,heuristic
small_object_proposal,-1,1.0,1254.0,163.0,1332.0,208.0,artificial_jewellery,video_20260404_121005,frame_000780.jpg,000780,heuristic
small_object_proposal,-1,1.0,1851.0,245.0,1916.0,296.0,artificial_jewellery,video_20260404_121005,frame_000780.jpg,000780,heuristic
small_object_proposal,-1,1.0,1378.0,638.0,1433.0,696.0,artificial_jewellery,video_20260404_121005,frame_000780.jpg,000780,heuristic
small_object_proposal,-1,1.0,1792.0,449.0,1840.0,514.0,artificial_jewellery,video_20260404_121005,frame_000780.jpg,000780,heuristic
small_object_proposal,-1,1.0,1263.0,83.0,1334.0,125.0,artificial_jewellery,video_20260404_121005,frame_000780.jpg,000780,heuristic
small_object_proposal,-1,1.0,410.0,976.0,519.0,1003.0,artificial_jewellery,video_20260404_121005,frame_000780.jpg,000780,heuristic
small_object_proposal,-1,1.0,642.0,319.0,728.0,350.0,artificial_jewellery,video_20260404_121005,frame_000780.jpg,000780,heuristic
small_object_proposal,-1,1.0,1130.0,224.0,1215.0,253.0,artificial_jewellery,video_20260404_121005,frame_000780.jpg,000780,heuristic
small_object_proposal,-1,1.0,1858.0,342.0,1903.0,388.0,artificial_jewellery,video_20260404_121005,frame_000780.jpg,000780,heuristic
small_object_proposal,-1,1.0,1443.0,634.0,1491.0,677.0,artificial_jewellery,video_20260404_121005,frame_000780.jpg,000780,heuristic
small_object_proposal,-1,1.0,1798.0,655.0,1830.0,716.0,artificial_jewellery,video_20260404_121005,frame_000780.jpg,000780,heuristic
small_object_proposal,-1,1.0,1834.0,305.0,1873.0,351.0,artificial_jewellery,video_20260404_121005,frame_000780.jpg,000780,heuristic
small_object_proposal,-1,1.0,1758.0,223.0,1796.0,263.0,artificial_jewellery,video_20260404_121005,frame_000780.jpg,000780,heuristic
small_object_proposal,-1,1.0,1838.0,410.0,1872.0,452.0,artificial_jewellery,video_20260404_121005,frame_000780.jpg,000780,heuristic
small_object_proposal,-1,1.0,654.0,963.0,701.0,991.0,artificial_jewellery,video_20260404_121005,frame_000780.jpg,000780,heuristic
small_object_proposal,-1,1.0,1813.0,597.0,1848.0,634.0,artificial_jewellery,video_20260404_121005,frame_000780.jpg,000780,heuristic
small_object_proposal,-1,1.0,695.0,1009.0,716.0,1070.0,artificial_jewellery,video_20260404_121005,frame_000780.jpg,000780,heuristic
small_object_proposal,-1,1.0,884.0,154.0,911.0,201.0,artificial_jewellery,video_20260404_121005,frame_000780.jpg,000780,heuristic
small_object_proposal,-1,1.0,1851.0,517.0,1881.0,556.0,artificial_jewellery,video_20260404_121005,frame_000780.jpg,000780,heuristic
small_object_proposal,-1,1.0,1334.0,192.0,1389.0,213.0,artificial_jewellery,video_20260404_121005,frame_000780.jpg,000780,heuristic
small_object_proposal,-1,1.0,1034.0,131.0,1079.0,154.0,artificial_jewellery,video_20260404_121005,frame_000780.jpg,000780,heuristic
small_object_proposal,-1,1.0,1818.0,744.0,1843.0,783.0,artificial_jewellery,video_20260404_121005,frame_000780.jpg,000780,heuristic
small_object_proposal,-1,1.0,192.0,799.0,238.0,820.0,artificial_jewellery,video_20260404_121005,frame_000780.jpg,000780,heuristic
small_object_proposal,-1,1.0,239.0,525.0,267.0,555.0,artificial_jewellery,video_20260404_121005,frame_000780.jpg,000780,heuristic
small_object_proposal,-1,1.0,656.0,819.0,692.0,841.0,artificial_jewellery,video_20260404_121005,frame_000780.jpg,000780,heuristic
small_object_proposal,-1,1.0,1175.0,146.0,1208.0,170.0,artificial_jewellery,video_20260404_121005,frame_000780.jpg,000780,heuristic
small_object_proposal,-1,1.0,1103.0,509.0,1165.0,521.0,artificial_jewellery,video_20260404_121005,frame_000780.jpg,000780,heuristic
person,0,0.7288864850997925,16.1070556640625,0.0,1909.63916015625,1067.483642578125,artificial_jewellery,video_20260404_121005,frame_000810.jpg,000810,yolo
tie,27,0.7040388584136963,721.41796875,558.7601318359375,1719.319091796875,1069.8431396484375,artificial_jewellery,video_20260404_121005,frame_000810.jpg,000810,yolo
small_object_proposal,-1,1.0,1135.0,34.0,1203.0,107.0,artificial_jewellery,video_20260404_121005,frame_000810.jpg,000810,heuristic
small_object_proposal,-1,1.0,1842.0,241.0,1916.0,302.0,artificial_jewellery,video_20260404_121005,frame_000810.jpg,000810,heuristic
small_object_proposal,-1,1.0,19.0,459.0,67.0,538.0,artificial_jewellery,video_20260404_121005,frame_000810.jpg,000810,heuristic
small_object_proposal,-1,1.0,1059.0,61.0,1125.0,109.0,artificial_jewellery,video_20260404_121005,frame_000810.jpg,000810,heuristic
small_object_proposal,-1,1.0,1135.0,101.0,1205.0,139.0,artificial_jewellery,video_20260404_121005,frame_000810.jpg,000810,heuristic
small_object_proposal,-1,1.0,631.0,322.0,716.0,351.0,artificial_jewellery,video_20260404_121005,frame_000810.jpg,000810,heuristic
small_object_proposal,-1,1.0,1794.0,653.0,1831.0,716.0,artificial_jewellery,video_20260404_121005,frame_000810.jpg,000810,heuristic
small_object_proposal,-1,1.0,1046.0,111.0,1076.0,178.0,artificial_jewellery,video_20260404_121005,frame_000810.jpg,000810,heuristic
small_object_proposal,-1,1.0,161.0,155.0,228.0,183.0,artificial_jewellery,video_20260404_121005,frame_000810.jpg,000810,heuristic
small_object_proposal,-1,1.0,908.0,347.0,956.0,384.0,artificial_jewellery,video_20260404_121005,frame_000810.jpg,000810,heuristic
small_object_proposal,-1,1.0,944.0,296.0,976.0,349.0,artificial_jewellery,video_20260404_121005,frame_000810.jpg,000810,heuristic
small_object_proposal,-1,1.0,1277.0,18.0,1316.0,56.0,artificial_jewellery,video_20260404_121005,frame_000810.jpg,000810,heuristic
small_object_proposal,-1,1.0,1759.0,223.0,1795.0,263.0,artificial_jewellery,video_20260404_121005,frame_000810.jpg,000810,heuristic
small_object_proposal,-1,1.0,14.0,714.0,45.0,758.0,artificial_jewellery,video_20260404_121005,frame_000810.jpg,000810,heuristic
small_object_proposal,-1,1.0,1594.0,37.0,1625.0,77.0,artificial_jewellery,video_20260404_121005,frame_000810.jpg,000810,heuristic
small_object_proposal,-1,1.0,993.0,122.0,1028.0,155.0,artificial_jewellery,video_20260404_121005,frame_000810.jpg,000810,heuristic
small_object_proposal,-1,1.0,1428.0,563.0,1445.0,625.0,artificial_jewellery,video_20260404_121005,frame_000810.jpg,000810,heuristic
small_object_proposal,-1,1.0,191.0,801.0,240.0,822.0,artificial_jewellery,video_20260404_121005,frame_000810.jpg,000810,heuristic
small_object_proposal,-1,1.0,961.0,125.0,997.0,149.0,artificial_jewellery,video_20260404_121005,frame_000810.jpg,000810,heuristic
small_object_proposal,-1,1.0,777.0,168.0,817.0,189.0,artificial_jewellery,video_20260404_121005,frame_000810.jpg,000810,heuristic
small_object_proposal,-1,1.0,1830.0,785.0,1852.0,823.0,artificial_jewellery,video_20260404_121005,frame_000810.jpg,000810,heuristic
small_object_proposal,-1,1.0,1789.0,492.0,1826.0,514.0,artificial_jewellery,video_20260404_121005,frame_000810.jpg,000810,heuristic
small_object_proposal,-1,1.0,910.0,532.0,939.0,560.0,artificial_jewellery,video_20260404_121005,frame_000810.jpg,000810,heuristic
small_object_proposal,-1,1.0,691.0,138.0,721.0,164.0,artificial_jewellery,video_20260404_121005,frame_000810.jpg,000810,heuristic
small_object_proposal,-1,1.0,235.0,528.0,266.0,548.0,artificial_jewellery,video_20260404_121005,frame_000810.jpg,000810,heuristic
small_object_proposal,-1,1.0,1896.0,294.0,1916.0,320.0,artificial_jewellery,video_20260404_121005,frame_000810.jpg,000810,heuristic
small_object_proposal,-1,1.0,1859.0,388.0,1882.0,410.0,artificial_jewellery,video_20260404_121005,frame_000810.jpg,000810,heuristic
small_object_proposal,-1,1.0,724.0,908.0,738.0,943.0,artificial_jewellery,video_20260404_121005,frame_000810.jpg,000810,heuristic
small_object_proposal,-1,1.0,852.0,479.0,876.0,499.0,artificial_jewellery,video_20260404_121005,frame_000810.jpg,000810,heuristic
small_object_proposal,-1,1.0,1805.0,479.0,1837.0,492.0,artificial_jewellery,video_20260404_121005,frame_000810.jpg,000810,heuristic
person,0,0.7647022008895874,353.73797607421875,0.0,1914.8009033203125,1063.792236328125,artificial_jewellery,video_20260404_121005,frame_000870.jpg,000870,yolo
tie,27,0.6513697504997253,721.8674926757812,548.1114501953125,1913.746337890625,1064.6370849609375,artificial_jewellery,video_20260404_121005,frame_000870.jpg,000870,yolo
bed,59,0.44694000482559204,4.49725341796875,4.4241943359375,1885.119873046875,1064.585693359375,artificial_jewellery,video_20260404_121005,frame_000870.jpg,000870,yolo
cell phone,67,0.3357809782028198,877.3167114257812,24.811500549316406,1317.248046875,216.00894165039062,artificial_jewellery,video_20260404_121005,frame_000870.jpg,000870,yolo
small_object_proposal,-1,1.0,531.0,1002.0,601.0,1068.0,artificial_jewellery,video_20260404_121005,frame_000870.jpg,000870,heuristic
small_object_proposal,-1,1.0,1825.0,384.0,1888.0,444.0,artificial_jewellery,video_20260404_121005,frame_000870.jpg,000870,heuristic
small_object_proposal,-1,1.0,1746.0,218.0,1800.0,276.0,artificial_jewellery,video_20260404_121005,frame_000870.jpg,000870,heuristic
small_object_proposal,-1,1.0,968.0,44.0,1056.0,79.0,artificial_jewellery,video_20260404_121005,frame_000870.jpg,000870,heuristic
small_object_proposal,-1,1.0,831.0,125.0,887.0,175.0,artificial_jewellery,video_20260404_121005,frame_000870.jpg,000870,heuristic
small_object_proposal,-1,1.0,1602.0,426.0,1724.0,448.0,artificial_jewellery,video_20260404_121005,frame_000870.jpg,000870,heuristic
small_object_proposal,-1,1.0,724.0,88.0,772.0,140.0,artificial_jewellery,video_20260404_121005,frame_000870.jpg,000870,heuristic
small_object_proposal,-1,1.0,1797.0,650.0,1833.0,709.0,artificial_jewellery,video_20260404_121005,frame_000870.jpg,000870,heuristic
small_object_proposal,-1,1.0,1017.0,237.0,1053.0,283.0,artificial_jewellery,video_20260404_121005,frame_000870.jpg,000870,heuristic
small_object_proposal,-1,1.0,178.0,787.0,235.0,816.0,artificial_jewellery,video_20260404_121005,frame_000870.jpg,000870,heuristic
small_object_proposal,-1,1.0,1024.0,105.0,1054.0,155.0,artificial_jewellery,video_20260404_121005,frame_000870.jpg,000870,heuristic
small_object_proposal,-1,1.0,674.0,123.0,720.0,151.0,artificial_jewellery,video_20260404_121005,frame_000870.jpg,000870,heuristic
small_object_proposal,-1,1.0,1813.0,593.0,1844.0,630.0,artificial_jewellery,video_20260404_121005,frame_000870.jpg,000870,heuristic
small_object_proposal,-1,1.0,706.0,1015.0,726.0,1071.0,artificial_jewellery,video_20260404_121005,frame_000870.jpg,000870,heuristic
small_object_proposal,-1,1.0,1853.0,513.0,1878.0,552.0,artificial_jewellery,video_20260404_121005,frame_000870.jpg,000870,heuristic
small_object_proposal,-1,1.0,688.0,945.0,715.0,979.0,artificial_jewellery,video_20260404_121005,frame_000870.jpg,000870,heuristic
small_object_proposal,-1,1.0,1101.0,503.0,1170.0,516.0,artificial_jewellery,video_20260404_121005,frame_000870.jpg,000870,heuristic
small_object_proposal,-1,1.0,1754.0,648.0,1775.0,685.0,artificial_jewellery,video_20260404_121005,frame_000870.jpg,000870,heuristic
small_object_proposal,-1,1.0,1585.0,24.0,1610.0,52.0,artificial_jewellery,video_20260404_121005,frame_000870.jpg,000870,heuristic
small_object_proposal,-1,1.0,1316.0,483.0,1339.0,513.0,artificial_jewellery,video_20260404_121005,frame_000870.jpg,000870,heuristic
small_object_proposal,-1,1.0,1866.0,550.0,1897.0,571.0,artificial_jewellery,video_20260404_121005,frame_000870.jpg,000870,heuristic
small_object_proposal,-1,1.0,674.0,771.0,719.0,785.0,artificial_jewellery,video_20260404_121005,frame_000870.jpg,000870,heuristic
small_object_proposal,-1,1.0,237.0,519.0,259.0,547.0,artificial_jewellery,video_20260404_121005,frame_000870.jpg,000870,heuristic
small_object_proposal,-1,1.0,1801.0,154.0,1832.0,173.0,artificial_jewellery,video_20260404_121005,frame_000870.jpg,000870,heuristic
small_object_proposal,-1,1.0,1803.0,489.0,1832.0,509.0,artificial_jewellery,video_20260404_121005,frame_000870.jpg,000870,heuristic
small_object_proposal,-1,1.0,1829.0,572.0,1856.0,592.0,artificial_jewellery,video_20260404_121005,frame_000870.jpg,000870,heuristic
small_object_proposal,-1,1.0,1153.0,192.0,1199.0,203.0,artificial_jewellery,video_20260404_121005,frame_000870.jpg,000870,heuristic
small_object_proposal,-1,1.0,988.0,897.0,1006.0,925.0,artificial_jewellery,video_20260404_121005,frame_000870.jpg,000870,heuristic
small_object_proposal,-1,1.0,1834.0,633.0,1863.0,650.0,artificial_jewellery,video_20260404_121005,frame_000870.jpg,000870,heuristic
small_object_proposal,-1,1.0,31.0,492.0,47.0,522.0,artificial_jewellery,video_20260404_121005,frame_000870.jpg,000870,heuristic
person,0,0.7541301250457764,354.744140625,0.0,1909.2626953125,1064.8480224609375,artificial_jewellery,video_20260404_121005,frame_000930.jpg,000930,yolo
tie,27,0.6057162284851074,719.2794799804688,537.93896484375,1786.7197265625,1067.572998046875,artificial_jewellery,video_20260404_121005,frame_000930.jpg,000930,yolo
bed,59,0.29860740900039673,4.95904541015625,6.170013427734375,1878.69482421875,1058.475830078125,artificial_jewellery,video_20260404_121005,frame_000930.jpg,000930,yolo
cell phone,67,0.2935822904109955,971.7030029296875,49.0997314453125,1170.099609375,159.8833465576172,artificial_jewellery,video_20260404_121005,frame_000930.jpg,000930,yolo
small_object_proposal,-1,1.0,476.0,591.0,573.0,635.0,artificial_jewellery,video_20260404_121005,frame_000930.jpg,000930,heuristic
small_object_proposal,-1,1.0,1067.0,168.0,1160.0,208.0,artificial_jewellery,video_20260404_121005,frame_000930.jpg,000930,heuristic
small_object_proposal,-1,1.0,1466.0,698.0,1510.0,773.0,artificial_jewellery,video_20260404_121005,frame_000930.jpg,000930,heuristic
small_object_proposal,-1,1.0,1353.0,113.0,1400.0,181.0,artificial_jewellery,video_20260404_121005,frame_000930.jpg,000930,heuristic
small_object_proposal,-1,1.0,1006.0,312.0,1046.0,391.0,artificial_jewellery,video_20260404_121005,frame_000930.jpg,000930,heuristic
small_object_proposal,-1,1.0,1510.0,158.0,1555.0,217.0,artificial_jewellery,video_20260404_121005,frame_000930.jpg,000930,heuristic
small_object_proposal,-1,1.0,1407.0,548.0,1435.0,642.0,artificial_jewellery,video_20260404_121005,frame_000930.jpg,000930,heuristic
small_object_proposal,-1,1.0,822.0,420.0,869.0,470.0,artificial_jewellery,video_20260404_121005,frame_000930.jpg,000930,heuristic
small_object_proposal,-1,1.0,1798.0,633.0,1835.0,695.0,artificial_jewellery,video_20260404_121005,frame_000930.jpg,000930,heuristic
small_object_proposal,-1,1.0,1386.0,412.0,1429.0,461.0,artificial_jewellery,video_20260404_121005,frame_000930.jpg,000930,heuristic
small_object_proposal,-1,1.0,147.0,138.0,219.0,165.0,artificial_jewellery,video_20260404_121005,frame_000930.jpg,000930,heuristic
small_object_proposal,-1,1.0,1786.0,617.0,1833.0,657.0,artificial_jewellery,video_20260404_121005,frame_000930.jpg,000930,heuristic
small_object_proposal,-1,1.0,1766.0,198.0,1805.0,246.0,artificial_jewellery,video_20260404_121005,frame_000930.jpg,000930,heuristic
small_object_proposal,-1,1.0,1258.0,154.0,1284.0,220.0,artificial_jewellery,video_20260404_121005,frame_000930.jpg,000930,heuristic
small_object_proposal,-1,1.0,645.0,101.0,712.0,126.0,artificial_jewellery,video_20260404_121005,frame_000930.jpg,000930,heuristic
small_object_proposal,-1,1.0,1102.0,81.0,1151.0,113.0,artificial_jewellery,video_20260404_121005,frame_000930.jpg,000930,heuristic
small_object_proposal,-1,1.0,244.0,612.0,266.0,681.0,artificial_jewellery,video_20260404_121005,frame_000930.jpg,000930,heuristic
small_object_proposal,-1,1.0,1813.0,578.0,1850.0,619.0,artificial_jewellery,video_20260404_121005,frame_000930.jpg,000930,heuristic
small_object_proposal,-1,1.0,974.0,28.0,1021.0,60.0,artificial_jewellery,video_20260404_121005,frame_000930.jpg,000930,heuristic
small_object_proposal,-1,1.0,1838.0,654.0,1873.0,695.0,artificial_jewellery,video_20260404_121005,frame_000930.jpg,000930,heuristic
small_object_proposal,-1,1.0,1601.0,15.0,1634.0,54.0,artificial_jewellery,video_20260404_121005,frame_000930.jpg,000930,heuristic
small_object_proposal,-1,1.0,231.0,513.0,266.0,549.0,artificial_jewellery,video_20260404_121005,frame_000930.jpg,000930,heuristic
small_object_proposal,-1,1.0,709.0,911.0,740.0,950.0,artificial_jewellery,video_20260404_121005,frame_000930.jpg,000930,heuristic
small_object_proposal,-1,1.0,1762.0,692.0,1793.0,731.0,artificial_jewellery,video_20260404_121005,frame_000930.jpg,000930,heuristic
small_object_proposal,-1,1.0,1854.0,286.0,1880.0,327.0,artificial_jewellery,video_20260404_121005,frame_000930.jpg,000930,heuristic
small_object_proposal,-1,1.0,188.0,787.0,235.0,808.0,artificial_jewellery,video_20260404_121005,frame_000930.jpg,000930,heuristic
small_object_proposal,-1,1.0,1493.0,112.0,1543.0,131.0,artificial_jewellery,video_20260404_121005,frame_000930.jpg,000930,heuristic
small_object_proposal,-1,1.0,1588.0,6.0,1618.0,35.0,artificial_jewellery,video_20260404_121005,frame_000930.jpg,000930,heuristic
small_object_proposal,-1,1.0,1135.0,55.0,1166.0,82.0,artificial_jewellery,video_20260404_121005,frame_000930.jpg,000930,heuristic
small_object_proposal,-1,1.0,1354.0,193.0,1386.0,219.0,artificial_jewellery,video_20260404_121005,frame_000930.jpg,000930,heuristic
person,0,0.6953598856925964,324.44549560546875,0.0,1893.461181640625,1065.5487060546875,artificial_jewellery,video_20260404_121005,frame_000960.jpg,000960,yolo
tie,27,0.6226097345352173,729.2554321289062,534.4801635742188,1783.3323974609375,1066.385986328125,artificial_jewellery,video_20260404_121005,frame_000960.jpg,000960,yolo
handbag,26,0.2636969983577728,0.6234283447265625,289.07269287109375,494.2127685546875,817.1602172851562,artificial_jewellery,video_20260404_121005,frame_000960.jpg,000960,yolo
small_object_proposal,-1,1.0,830.0,426.0,892.0,504.0,artificial_jewellery,video_20260404_121005,frame_000960.jpg,000960,heuristic
small_object_proposal,-1,1.0,1254.0,28.0,1324.0,85.0,artificial_jewellery,video_20260404_121005,frame_000960.jpg,000960,heuristic
small_object_proposal,-1,1.0,302.0,949.0,412.0,985.0,artificial_jewellery,video_20260404_121005,frame_000960.jpg,000960,heuristic
small_object_proposal,-1,1.0,1462.0,692.0,1515.0,760.0,artificial_jewellery,video_20260404_121005,frame_000960.jpg,000960,heuristic
small_object_proposal,-1,1.0,982.0,178.0,1035.0,243.0,artificial_jewellery,video_20260404_121005,frame_000960.jpg,000960,heuristic
small_object_proposal,-1,1.0,8.0,442.0,53.0,512.0,artificial_jewellery,video_20260404_121005,frame_000960.jpg,000960,heuristic
small_object_proposal,-1,1.0,626.0,297.0,709.0,331.0,artificial_jewellery,video_20260404_121005,frame_000960.jpg,000960,heuristic
small_object_proposal,-1,1.0,143.0,134.0,223.0,165.0,artificial_jewellery,video_20260404_121005,frame_000960.jpg,000960,heuristic
small_object_proposal,-1,1.0,858.0,2.0,950.0,28.0,artificial_jewellery,video_20260404_121005,frame_000960.jpg,000960,heuristic
small_object_proposal,-1,1.0,1800.0,634.0,1838.0,696.0,artificial_jewellery,video_20260404_121005,frame_000960.jpg,000960,heuristic
small_object_proposal,-1,1.0,627.0,98.0,705.0,127.0,artificial_jewellery,video_20260404_121005,frame_000960.jpg,000960,heuristic
small_object_proposal,-1,1.0,1776.0,727.0,1820.0,776.0,artificial_jewellery,video_20260404_121005,frame_000960.jpg,000960,heuristic
small_object_proposal,-1,1.0,1762.0,198.0,1807.0,245.0,artificial_jewellery,video_20260404_121005,frame_000960.jpg,000960,heuristic
small_object_proposal,-1,1.0,385.0,913.0,449.0,941.0,artificial_jewellery,video_20260404_121005,frame_000960.jpg,000960,heuristic
small_object_proposal,-1,1.0,894.0,77.0,954.0,106.0,artificial_jewellery,video_20260404_121005,frame_000960.jpg,000960,heuristic
small_object_proposal,-1,1.0,177.0,781.0,235.0,808.0,artificial_jewellery,video_20260404_121005,frame_000960.jpg,000960,heuristic
small_object_proposal,-1,1.0,1617.0,420.0,1730.0,431.0,artificial_jewellery,video_20260404_121005,frame_000960.jpg,000960,heuristic
small_object_proposal,-1,1.0,1407.0,554.0,1428.0,611.0,artificial_jewellery,video_20260404_121005,frame_000960.jpg,000960,heuristic
small_object_proposal,-1,1.0,917.0,506.0,948.0,542.0,artificial_jewellery,video_20260404_121005,frame_000960.jpg,000960,heuristic
small_object_proposal,-1,1.0,291.0,1006.0,323.0,1040.0,artificial_jewellery,video_20260404_121005,frame_000960.jpg,000960,heuristic
small_object_proposal,-1,1.0,1160.0,145.0,1191.0,176.0,artificial_jewellery,video_20260404_121005,frame_000960.jpg,000960,heuristic
small_object_proposal,-1,1.0,1254.0,105.0,1286.0,134.0,artificial_jewellery,video_20260404_121005,frame_000960.jpg,000960,heuristic
small_object_proposal,-1,1.0,1368.0,475.0,1392.0,513.0,artificial_jewellery,video_20260404_121005,frame_000960.jpg,000960,heuristic
small_object_proposal,-1,1.0,1170.0,82.0,1209.0,105.0,artificial_jewellery,video_20260404_121005,frame_000960.jpg,000960,heuristic
small_object_proposal,-1,1.0,1385.0,598.0,1415.0,627.0,artificial_jewellery,video_20260404_121005,frame_000960.jpg,000960,heuristic
small_object_proposal,-1,1.0,1101.0,492.0,1170.0,504.0,artificial_jewellery,video_20260404_121005,frame_000960.jpg,000960,heuristic
small_object_proposal,-1,1.0,897.0,322.0,922.0,353.0,artificial_jewellery,video_20260404_121005,frame_000960.jpg,000960,heuristic
small_object_proposal,-1,1.0,443.0,956.0,507.0,967.0,artificial_jewellery,video_20260404_121005,frame_000960.jpg,000960,heuristic
small_object_proposal,-1,1.0,1066.0,61.0,1112.0,76.0,artificial_jewellery,video_20260404_121005,frame_000960.jpg,000960,heuristic
small_object_proposal,-1,1.0,232.0,512.0,255.0,538.0,artificial_jewellery,video_20260404_121005,frame_000960.jpg,000960,heuristic
person,0,0.6785327196121216,240.71026611328125,2.2880859375,1857.0889892578125,1059.499267578125,artificial_jewellery,video_20260404_121005,frame_001080.jpg,001080,yolo
small_object_proposal,-1,1.0,761.0,211.0,805.0,299.0,artificial_jewellery,video_20260404_121005,frame_001080.jpg,001080,heuristic
small_object_proposal,-1,1.0,28.0,342.0,132.0,376.0,artificial_jewellery,video_20260404_121005,frame_001080.jpg,001080,heuristic
small_object_proposal,-1,1.0,1434.0,253.0,1472.0,345.0,artificial_jewellery,video_20260404_121005,frame_001080.jpg,001080,heuristic
small_object_proposal,-1,1.0,986.0,311.0,1011.0,445.0,artificial_jewellery,video_20260404_121005,frame_001080.jpg,001080,heuristic
small_object_proposal,-1,1.0,1557.0,237.0,1622.0,288.0,artificial_jewellery,video_20260404_121005,frame_001080.jpg,001080,heuristic
small_object_proposal,-1,1.0,1852.0,483.0,1899.0,552.0,artificial_jewellery,video_20260404_121005,frame_001080.jpg,001080,heuristic
small_object_proposal,-1,1.0,1795.0,530.0,1843.0,592.0,artificial_jewellery,video_20260404_121005,frame_001080.jpg,001080,heuristic
small_object_proposal,-1,1.0,1661.0,810.0,1704.0,879.0,artificial_jewellery,video_20260404_121005,frame_001080.jpg,001080,heuristic
small_object_proposal,-1,1.0,1612.0,23.0,1651.0,96.0,artificial_jewellery,video_20260404_121005,frame_001080.jpg,001080,heuristic
small_object_proposal,-1,1.0,137.0,771.0,201.0,812.0,artificial_jewellery,video_20260404_121005,frame_001080.jpg,001080,heuristic
small_object_proposal,-1,1.0,1864.0,176.0,1896.0,254.0,artificial_jewellery,video_20260404_121005,frame_001080.jpg,001080,heuristic
small_object_proposal,-1,1.0,284.0,722.0,313.0,802.0,artificial_jewellery,video_20260404_121005,frame_001080.jpg,001080,heuristic
small_object_proposal,-1,1.0,1506.0,99.0,1610.0,120.0,artificial_jewellery,video_20260404_121005,frame_001080.jpg,001080,heuristic
small_object_proposal,-1,1.0,1747.0,728.0,1788.0,780.0,artificial_jewellery,video_20260404_121005,frame_001080.jpg,001080,heuristic
small_object_proposal,-1,1.0,270.0,150.0,331.0,183.0,artificial_jewellery,video_20260404_121005,frame_001080.jpg,001080,heuristic
small_object_proposal,-1,1.0,1852.0,448.0,1898.0,491.0,artificial_jewellery,video_20260404_121005,frame_001080.jpg,001080,heuristic
small_object_proposal,-1,1.0,1401.0,172.0,1438.0,225.0,artificial_jewellery,video_20260404_121005,frame_001080.jpg,001080,heuristic
small_object_proposal,-1,1.0,1677.0,130.0,1733.0,163.0,artificial_jewellery,video_20260404_121005,frame_001080.jpg,001080,heuristic
small_object_proposal,-1,1.0,973.0,444.0,1036.0,473.0,artificial_jewellery,video_20260404_121005,frame_001080.jpg,001080,heuristic
small_object_proposal,-1,1.0,1729.0,646.0,1771.0,684.0,artificial_jewellery,video_20260404_121005,frame_001080.jpg,001080,heuristic
small_object_proposal,-1,1.0,1013.0,475.0,1088.0,496.0,artificial_jewellery,video_20260404_121005,frame_001080.jpg,001080,heuristic
small_object_proposal,-1,1.0,1621.0,183.0,1667.0,217.0,artificial_jewellery,video_20260404_121005,frame_001080.jpg,001080,heuristic
small_object_proposal,-1,1.0,1809.0,637.0,1847.0,675.0,artificial_jewellery,video_20260404_121005,frame_001080.jpg,001080,heuristic
small_object_proposal,-1,1.0,122.0,781.0,169.0,811.0,artificial_jewellery,video_20260404_121005,frame_001080.jpg,001080,heuristic
small_object_proposal,-1,1.0,1714.0,414.0,1754.0,448.0,artificial_jewellery,video_20260404_121005,frame_001080.jpg,001080,heuristic
small_object_proposal,-1,1.0,206.0,1033.0,243.0,1069.0,artificial_jewellery,video_20260404_121005,frame_001080.jpg,001080,heuristic
small_object_proposal,-1,1.0,1790.0,714.0,1828.0,747.0,artificial_jewellery,video_20260404_121005,frame_001080.jpg,001080,heuristic
small_object_proposal,-1,1.0,1786.0,677.0,1824.0,710.0,artificial_jewellery,video_20260404_121005,frame_001080.jpg,001080,heuristic
small_object_proposal,-1,1.0,1235.0,305.0,1259.0,356.0,artificial_jewellery,video_20260404_121005,frame_001080.jpg,001080,heuristic
small_object_proposal,-1,1.0,1822.0,491.0,1854.0,529.0,artificial_jewellery,video_20260404_121005,frame_001080.jpg,001080,heuristic
person,0,0.7749687433242798,358.8262939453125,23.45782470703125,1903.149169921875,1055.4498291015625,artificial_jewellery,video_20260404_121005,frame_001140.jpg,001140,yolo
tie,27,0.28862449526786804,701.87255859375,622.4227294921875,1711.6348876953125,1064.9114990234375,artificial_jewellery,video_20260404_121005,frame_001140.jpg,001140,yolo
small_object_proposal,-1,1.0,1695.0,23.0,1791.0,74.0,artificial_jewellery,video_20260404_121005,frame_001140.jpg,001140,heuristic
small_object_proposal,-1,1.0,1445.0,732.0,1496.0,824.0,artificial_jewellery,video_20260404_121005,frame_001140.jpg,001140,heuristic
small_object_proposal,-1,1.0,43.0,372.0,148.0,408.0,artificial_jewellery,video_20260404_121005,frame_001140.jpg,001140,heuristic
small_object_proposal,-1,1.0,1218.0,236.0,1297.0,281.0,artificial_jewellery,video_20260404_121005,frame_001140.jpg,001140,heuristic
small_object_proposal,-1,1.0,892.0,461.0,1015.0,489.0,artificial_jewellery,video_20260404_121005,frame_001140.jpg,001140,heuristic
small_object_proposal,-1,1.0,16.0,830.0,168.0,850.0,artificial_jewellery,video_20260404_121005,frame_001140.jpg,001140,heuristic
small_object_proposal,-1,1.0,512.0,380.0,656.0,401.0,artificial_jewellery,video_20260404_121005,frame_001140.jpg,001140,heuristic
small_object_proposal,-1,1.0,1677.0,67.0,1744.0,108.0,artificial_jewellery,video_20260404_121005,frame_001140.jpg,001140,heuristic
small_object_proposal,-1,1.0,1805.0,535.0,1844.0,593.0,artificial_jewellery,video_20260404_121005,frame_001140.jpg,001140,heuristic
small_object_proposal,-1,1.0,1326.0,290.0,1378.0,333.0,artificial_jewellery,video_20260404_121005,frame_001140.jpg,001140,heuristic
small_object_proposal,-1,1.0,981.0,340.0,1007.0,423.0,artificial_jewellery,video_20260404_121005,frame_001140.jpg,001140,heuristic
small_object_proposal,-1,1.0,1390.0,727.0,1432.0,778.0,artificial_jewellery,video_20260404_121005,frame_001140.jpg,001140,heuristic
small_object_proposal,-1,1.0,241.0,632.0,268.0,702.0,artificial_jewellery,video_20260404_121005,frame_001140.jpg,001140,heuristic
small_object_proposal,-1,1.0,1622.0,76.0,1668.0,114.0,artificial_jewellery,video_20260404_121005,frame_001140.jpg,001140,heuristic
small_object_proposal,-1,1.0,661.0,939.0,702.0,978.0,artificial_jewellery,video_20260404_121005,frame_001140.jpg,001140,heuristic
small_object_proposal,-1,1.0,1062.0,287.0,1120.0,312.0,artificial_jewellery,video_20260404_121005,frame_001140.jpg,001140,heuristic
small_object_proposal,-1,1.0,1531.0,41.0,1611.0,58.0,artificial_jewellery,video_20260404_121005,frame_001140.jpg,001140,heuristic
small_object_proposal,-1,1.0,1016.0,463.0,1087.0,481.0,artificial_jewellery,video_20260404_121005,frame_001140.jpg,001140,heuristic
small_object_proposal,-1,1.0,1591.0,40.0,1640.0,66.0,artificial_jewellery,video_20260404_121005,frame_001140.jpg,001140,heuristic
small_object_proposal,-1,1.0,1858.0,582.0,1883.0,632.0,artificial_jewellery,video_20260404_121005,frame_001140.jpg,001140,heuristic
small_object_proposal,-1,1.0,233.0,450.0,258.0,497.0,artificial_jewellery,video_20260404_121005,frame_001140.jpg,001140,heuristic
small_object_proposal,-1,1.0,1824.0,639.0,1853.0,677.0,artificial_jewellery,video_20260404_121005,frame_001140.jpg,001140,heuristic
small_object_proposal,-1,1.0,1802.0,684.0,1836.0,713.0,artificial_jewellery,video_20260404_121005,frame_001140.jpg,001140,heuristic
small_object_proposal,-1,1.0,1755.0,354.0,1787.0,383.0,artificial_jewellery,video_20260404_121005,frame_001140.jpg,001140,heuristic
small_object_proposal,-1,1.0,914.0,871.0,958.0,890.0,artificial_jewellery,video_20260404_121005,frame_001140.jpg,001140,heuristic
small_object_proposal,-1,1.0,182.0,812.0,221.0,832.0,artificial_jewellery,video_20260404_121005,frame_001140.jpg,001140,heuristic
small_object_proposal,-1,1.0,470.0,982.0,514.0,999.0,artificial_jewellery,video_20260404_121005,frame_001140.jpg,001140,heuristic
small_object_proposal,-1,1.0,1893.0,147.0,1916.0,172.0,artificial_jewellery,video_20260404_121005,frame_001140.jpg,001140,heuristic
small_object_proposal,-1,1.0,1859.0,895.0,1880.0,922.0,artificial_jewellery,video_20260404_121005,frame_001140.jpg,001140,heuristic
small_object_proposal,-1,1.0,920.0,1018.0,983.0,1026.0,artificial_jewellery,video_20260404_121005,frame_001140.jpg,001140,heuristic
person,0,0.8409285545349121,425.2119445800781,0.0,1890.779296875,1061.1478271484375,artificial_jewellery,video_20260404_121005,frame_001500.jpg,001500,yolo
bed,59,0.4877147674560547,3.81829833984375,3.54638671875,1908.3240966796875,1056.3446044921875,artificial_jewellery,video_20260404_121005,frame_001500.jpg,001500,yolo
small_object_proposal,-1,1.0,309.0,953.0,433.0,992.0,artificial_jewellery,video_20260404_121005,frame_001500.jpg,001500,heuristic
small_object_proposal,-1,1.0,345.0,999.0,415.0,1063.0,artificial_jewellery,video_20260404_121005,frame_001500.jpg,001500,heuristic
small_object_proposal,-1,1.0,899.0,267.0,965.0,324.0,artificial_jewellery,video_20260404_121005,frame_001500.jpg,001500,heuristic
small_object_proposal,-1,1.0,1774.0,478.0,1824.0,553.0,artificial_jewellery,video_20260404_121005,frame_001500.jpg,001500,heuristic
small_object_proposal,-1,1.0,1520.0,2.0,1599.0,46.0,artificial_jewellery,video_20260404_121005,frame_001500.jpg,001500,heuristic
small_object_proposal,-1,1.0,688.0,320.0,774.0,360.0,artificial_jewellery,video_20260404_121005,frame_001500.jpg,001500,heuristic
small_object_proposal,-1,1.0,337.0,706.0,371.0,786.0,artificial_jewellery,video_20260404_121005,frame_001500.jpg,001500,heuristic
small_object_proposal,-1,1.0,1544.0,72.0,1621.0,105.0,artificial_jewellery,video_20260404_121005,frame_001500.jpg,001500,heuristic
small_object_proposal,-1,1.0,1283.0,13.0,1366.0,42.0,artificial_jewellery,video_20260404_121005,frame_001500.jpg,001500,heuristic
small_object_proposal,-1,1.0,1845.0,453.0,1894.0,492.0,artificial_jewellery,video_20260404_121005,frame_001500.jpg,001500,heuristic
small_object_proposal,-1,1.0,1490.0,684.0,1514.0,757.0,artificial_jewellery,video_20260404_121005,frame_001500.jpg,001500,heuristic
small_object_proposal,-1,1.0,1826.0,494.0,1863.0,538.0,artificial_jewellery,video_20260404_121005,frame_001500.jpg,001500,heuristic
small_object_proposal,-1,1.0,1400.0,609.0,1428.0,666.0,artificial_jewellery,video_20260404_121005,frame_001500.jpg,001500,heuristic
small_object_proposal,-1,1.0,1869.0,351.0,1904.0,394.0,artificial_jewellery,video_20260404_121005,frame_001500.jpg,001500,heuristic
small_object_proposal,-1,1.0,1067.0,243.0,1116.0,273.0,artificial_jewellery,video_20260404_121005,frame_001500.jpg,001500,heuristic
small_object_proposal,-1,1.0,837.0,135.0,881.0,168.0,artificial_jewellery,video_20260404_121005,frame_001500.jpg,001500,heuristic
small_object_proposal,-1,1.0,1870.0,601.0,1909.0,638.0,artificial_jewellery,video_20260404_121005,frame_001500.jpg,001500,heuristic
small_object_proposal,-1,1.0,11.0,422.0,71.0,445.0,artificial_jewellery,video_20260404_121005,frame_001500.jpg,001500,heuristic
small_object_proposal,-1,1.0,1799.0,268.0,1835.0,305.0,artificial_jewellery,video_20260404_121005,frame_001500.jpg,001500,heuristic
small_object_proposal,-1,1.0,1251.0,28.0,1284.0,68.0,artificial_jewellery,video_20260404_121005,frame_001500.jpg,001500,heuristic
small_object_proposal,-1,1.0,18.0,694.0,52.0,732.0,artificial_jewellery,video_20260404_121005,frame_001500.jpg,001500,heuristic
small_object_proposal,-1,1.0,1884.0,411.0,1912.0,456.0,artificial_jewellery,video_20260404_121005,frame_001500.jpg,001500,heuristic
small_object_proposal,-1,1.0,728.0,921.0,757.0,962.0,artificial_jewellery,video_20260404_121005,frame_001500.jpg,001500,heuristic
small_object_proposal,-1,1.0,1836.0,622.0,1869.0,658.0,artificial_jewellery,video_20260404_121005,frame_001500.jpg,001500,heuristic
small_object_proposal,-1,1.0,1557.0,54.0,1584.0,97.0,artificial_jewellery,video_20260404_121005,frame_001500.jpg,001500,heuristic
small_object_proposal,-1,1.0,1853.0,583.0,1883.0,621.0,artificial_jewellery,video_20260404_121005,frame_001500.jpg,001500,heuristic
small_object_proposal,-1,1.0,211.0,423.0,238.0,463.0,artificial_jewellery,video_20260404_121005,frame_001500.jpg,001500,heuristic
small_object_proposal,-1,1.0,200.0,783.0,246.0,805.0,artificial_jewellery,video_20260404_121005,frame_001500.jpg,001500,heuristic
small_object_proposal,-1,1.0,1572.0,793.0,1597.0,827.0,artificial_jewellery,video_20260404_121005,frame_001500.jpg,001500,heuristic
small_object_proposal,-1,1.0,1332.0,43.0,1370.0,64.0,artificial_jewellery,video_20260404_121005,frame_001500.jpg,001500,heuristic
person,0,0.7160988450050354,402.8606262207031,0.0,1909.796630859375,1057.237060546875,artificial_jewellery,video_20260404_121005,frame_001740.jpg,001740,yolo
tie,27,0.5918053984642029,738.2421875,576.0470581054688,1700.6126708984375,1065.447998046875,artificial_jewellery,video_20260404_121005,frame_001740.jpg,001740,yolo
small_object_proposal,-1,1.0,334.0,998.0,406.0,1065.0,artificial_jewellery,video_20260404_121005,frame_001740.jpg,001740,heuristic
small_object_proposal,-1,1.0,1338.0,435.0,1388.0,526.0,artificial_jewellery,video_20260404_121005,frame_001740.jpg,001740,heuristic
small_object_proposal,-1,1.0,1832.0,574.0,1890.0,647.0,artificial_jewellery,video_20260404_121005,frame_001740.jpg,001740,heuristic
small_object_proposal,-1,1.0,1330.0,341.0,1385.0,416.0,artificial_jewellery,video_20260404_121005,frame_001740.jpg,001740,heuristic
small_object_proposal,-1,1.0,1568.0,150.0,1646.0,200.0,artificial_jewellery,video_20260404_121005,frame_001740.jpg,001740,heuristic
small_object_proposal,-1,1.0,555.0,984.0,615.0,1037.0,artificial_jewellery,video_20260404_121005,frame_001740.jpg,001740,heuristic
small_object_proposal,-1,1.0,640.0,98.0,726.0,134.0,artificial_jewellery,video_20260404_121005,frame_001740.jpg,001740,heuristic
small_object_proposal,-1,1.0,324.0,706.0,360.0,782.0,artificial_jewellery,video_20260404_121005,frame_001740.jpg,001740,heuristic
small_object_proposal,-1,1.0,1044.0,224.0,1114.0,263.0,artificial_jewellery,video_20260404_121005,frame_001740.jpg,001740,heuristic
small_object_proposal,-1,1.0,1000.0,287.0,1032.0,359.0,artificial_jewellery,video_20260404_121005,frame_001740.jpg,001740,heuristic
small_object_proposal,-1,1.0,1797.0,685.0,1836.0,743.0,artificial_jewellery,video_20260404_121005,frame_001740.jpg,001740,heuristic
small_object_proposal,-1,1.0,1339.0,411.0,1378.0,465.0,artificial_jewellery,video_20260404_121005,frame_001740.jpg,001740,heuristic
small_object_proposal,-1,1.0,1793.0,257.0,1838.0,300.0,artificial_jewellery,video_20260404_121005,frame_001740.jpg,001740,heuristic
small_object_proposal,-1,1.0,934.0,417.0,1023.0,435.0,artificial_jewellery,video_20260404_121005,frame_001740.jpg,001740,heuristic
small_object_proposal,-1,1.0,243.0,597.0,263.0,672.0,artificial_jewellery,video_20260404_121005,frame_001740.jpg,001740,heuristic
small_object_proposal,-1,1.0,979.0,40.0,1017.0,75.0,artificial_jewellery,video_20260404_121005,frame_001740.jpg,001740,heuristic
small_object_proposal,-1,1.0,180.0,778.0,231.0,804.0,artificial_jewellery,video_20260404_121005,frame_001740.jpg,001740,heuristic
small_object_proposal,-1,1.0,4.0,693.0,34.0,730.0,artificial_jewellery,video_20260404_121005,frame_001740.jpg,001740,heuristic
small_object_proposal,-1,1.0,1817.0,505.0,1857.0,527.0,artificial_jewellery,video_20260404_121005,frame_001740.jpg,001740,heuristic
small_object_proposal,-1,1.0,1809.0,770.0,1834.0,805.0,artificial_jewellery,video_20260404_121005,frame_001740.jpg,001740,heuristic
small_object_proposal,-1,1.0,1888.0,807.0,1909.0,845.0,artificial_jewellery,video_20260404_121005,frame_001740.jpg,001740,heuristic
small_object_proposal,-1,1.0,1011.0,19.0,1053.0,38.0,artificial_jewellery,video_20260404_121005,frame_001740.jpg,001740,heuristic
small_object_proposal,-1,1.0,1757.0,682.0,1780.0,716.0,artificial_jewellery,video_20260404_121005,frame_001740.jpg,001740,heuristic
small_object_proposal,-1,1.0,1801.0,541.0,1835.0,563.0,artificial_jewellery,video_20260404_121005,frame_001740.jpg,001740,heuristic
small_object_proposal,-1,1.0,1040.0,393.0,1084.0,410.0,artificial_jewellery,video_20260404_121005,frame_001740.jpg,001740,heuristic
small_object_proposal,-1,1.0,1138.0,529.0,1199.0,541.0,artificial_jewellery,video_20260404_121005,frame_001740.jpg,001740,heuristic
small_object_proposal,-1,1.0,250.0,504.0,278.0,529.0,artificial_jewellery,video_20260404_121005,frame_001740.jpg,001740,heuristic
small_object_proposal,-1,1.0,1368.0,418.0,1415.0,432.0,artificial_jewellery,video_20260404_121005,frame_001740.jpg,001740,heuristic
small_object_proposal,-1,1.0,1813.0,527.0,1843.0,547.0,artificial_jewellery,video_20260404_121005,frame_001740.jpg,001740,heuristic
small_object_proposal,-1,1.0,919.0,96.0,951.0,114.0,artificial_jewellery,video_20260404_121005,frame_001740.jpg,001740,heuristic
person,0,0.772010862827301,297.15325927734375,0.0,1900.0404052734375,1065.1680908203125,artificial_jewellery,video_20260404_121005,frame_001860.jpg,001860,yolo
small_object_proposal,-1,1.0,1693.0,153.0,1779.0,206.0,artificial_jewellery,video_20260404_121005,frame_001860.jpg,001860,heuristic
small_object_proposal,-1,1.0,1591.0,264.0,1662.0,328.0,artificial_jewellery,video_20260404_121005,frame_001860.jpg,001860,heuristic
small_object_proposal,-1,1.0,1632.0,210.0,1706.0,269.0,artificial_jewellery,video_20260404_121005,frame_001860.jpg,001860,heuristic
small_object_proposal,-1,1.0,26.0,714.0,94.0,778.0,artificial_jewellery,video_20260404_121005,frame_001860.jpg,001860,heuristic
small_object_proposal,-1,1.0,1824.0,526.0,1884.0,589.0,artificial_jewellery,video_20260404_121005,frame_001860.jpg,001860,heuristic
small_object_proposal,-1,1.0,1793.0,710.0,1862.0,764.0,artificial_jewellery,video_20260404_121005,frame_001860.jpg,001860,heuristic
small_object_proposal,-1,1.0,1541.0,211.0,1578.0,309.0,artificial_jewellery,video_20260404_121005,frame_001860.jpg,001860,heuristic
small_object_proposal,-1,1.0,55.0,384.0,159.0,418.0,artificial_jewellery,video_20260404_121005,frame_001860.jpg,001860,heuristic
small_object_proposal,-1,1.0,1824.0,656.0,1882.0,712.0,artificial_jewellery,video_20260404_121005,frame_001860.jpg,001860,heuristic
small_object_proposal,-1,1.0,1017.0,348.0,1039.0,478.0,artificial_jewellery,video_20260404_121005,frame_001860.jpg,001860,heuristic
small_object_proposal,-1,1.0,170.0,805.0,234.0,844.0,artificial_jewellery,video_20260404_121005,frame_001860.jpg,001860,heuristic
small_object_proposal,-1,1.0,1199.0,307.0,1255.0,350.0,artificial_jewellery,video_20260404_121005,frame_001860.jpg,001860,heuristic
small_object_proposal,-1,1.0,1536.0,170.0,1575.0,227.0,artificial_jewellery,video_20260404_121005,frame_001860.jpg,001860,heuristic
small_object_proposal,-1,1.0,315.0,757.0,342.0,836.0,artificial_jewellery,video_20260404_121005,frame_001860.jpg,001860,heuristic
small_object_proposal,-1,1.0,1355.0,9.0,1368.0,154.0,artificial_jewellery,video_20260404_121005,frame_001860.jpg,001860,heuristic
small_object_proposal,-1,1.0,1754.0,659.0,1801.0,698.0,artificial_jewellery,video_20260404_121005,frame_001860.jpg,001860,heuristic
small_object_proposal,-1,1.0,1561.0,120.0,1631.0,146.0,artificial_jewellery,video_20260404_121005,frame_001860.jpg,001860,heuristic
small_object_proposal,-1,1.0,1673.0,59.0,1703.0,118.0,artificial_jewellery,video_20260404_121005,frame_001860.jpg,001860,heuristic
small_object_proposal,-1,1.0,1668.0,54.0,1698.0,113.0,artificial_jewellery,video_20260404_121005,frame_001860.jpg,001860,heuristic
small_object_proposal,-1,1.0,1769.0,766.0,1806.0,813.0,artificial_jewellery,video_20260404_121005,frame_001860.jpg,001860,heuristic
small_object_proposal,-1,1.0,1745.0,426.0,1786.0,465.0,artificial_jewellery,video_20260404_121005,frame_001860.jpg,001860,heuristic
small_object_proposal,-1,1.0,1795.0,609.0,1833.0,650.0,artificial_jewellery,video_20260404_121005,frame_001860.jpg,001860,heuristic
small_object_proposal,-1,1.0,1866.0,489.0,1904.0,527.0,artificial_jewellery,video_20260404_121005,frame_001860.jpg,001860,heuristic
small_object_proposal,-1,1.0,1084.0,353.0,1198.0,365.0,artificial_jewellery,video_20260404_121005,frame_001860.jpg,001860,heuristic
small_object_proposal,-1,1.0,1390.0,402.0,1436.0,431.0,artificial_jewellery,video_20260404_121005,frame_001860.jpg,001860,heuristic
small_object_proposal,-1,1.0,1321.0,267.0,1350.0,313.0,artificial_jewellery,video_20260404_121005,frame_001860.jpg,001860,heuristic
small_object_proposal,-1,1.0,1132.0,635.0,1200.0,653.0,artificial_jewellery,video_20260404_121005,frame_001860.jpg,001860,heuristic
small_object_proposal,-1,1.0,15.0,448.0,68.0,469.0,artificial_jewellery,video_20260404_121005,frame_001860.jpg,001860,heuristic
small_object_proposal,-1,1.0,1664.0,802.0,1710.0,819.0,artificial_jewellery,video_20260404_121005,frame_001860.jpg,001860,heuristic
small_object_proposal,-1,1.0,783.0,242.0,800.0,286.0,artificial_jewellery,video_20260404_121005,frame_001860.jpg,001860,heuristic
person,0,0.81582111120224,323.27618408203125,0.0,1909.259033203125,1065.0184326171875,artificial_jewellery,video_20260404_121005,frame_001890.jpg,001890,yolo
cell phone,67,0.37955668568611145,1340.7623291015625,0.0,1397.841796875,208.42034912109375,artificial_jewellery,video_20260404_121005,frame_001890.jpg,001890,yolo
small_object_proposal,-1,1.0,1600.0,239.0,1675.0,305.0,artificial_jewellery,video_20260404_121005,frame_001890.jpg,001890,heuristic
small_object_proposal,-1,1.0,1639.0,188.0,1714.0,253.0,artificial_jewellery,video_20260404_121005,frame_001890.jpg,001890,heuristic
small_object_proposal,-1,1.0,1227.0,154.0,1273.0,246.0,artificial_jewellery,video_20260404_121005,frame_001890.jpg,001890,heuristic
small_object_proposal,-1,1.0,1517.0,150.0,1589.0,207.0,artificial_jewellery,video_20260404_121005,frame_001890.jpg,001890,heuristic
small_object_proposal,-1,1.0,1314.0,24.0,1350.0,137.0,artificial_jewellery,video_20260404_121005,frame_001890.jpg,001890,heuristic
small_object_proposal,-1,1.0,1770.0,624.0,1820.0,703.0,artificial_jewellery,video_20260404_121005,frame_001890.jpg,001890,heuristic
small_object_proposal,-1,1.0,56.0,390.0,160.0,424.0,artificial_jewellery,video_20260404_121005,frame_001890.jpg,001890,heuristic
small_object_proposal,-1,1.0,1803.0,229.0,1881.0,274.0,artificial_jewellery,video_20260404_121005,frame_001890.jpg,001890,heuristic
small_object_proposal,-1,1.0,1290.0,261.0,1346.0,317.0,artificial_jewellery,video_20260404_121005,frame_001890.jpg,001890,heuristic
small_object_proposal,-1,1.0,1203.0,292.0,1263.0,340.0,artificial_jewellery,video_20260404_121005,frame_001890.jpg,001890,heuristic
small_object_proposal,-1,1.0,1840.0,508.0,1887.0,568.0,artificial_jewellery,video_20260404_121005,frame_001890.jpg,001890,heuristic
small_object_proposal,-1,1.0,1565.0,91.0,1653.0,120.0,artificial_jewellery,video_20260404_121005,frame_001890.jpg,001890,heuristic
small_object_proposal,-1,1.0,1838.0,694.0,1886.0,747.0,artificial_jewellery,video_20260404_121005,frame_001890.jpg,001890,heuristic
small_object_proposal,-1,1.0,1801.0,711.0,1846.0,764.0,artificial_jewellery,video_20260404_121005,frame_001890.jpg,001890,heuristic
small_object_proposal,-1,1.0,179.0,811.0,243.0,848.0,artificial_jewellery,video_20260404_121005,frame_001890.jpg,001890,heuristic
small_object_proposal,-1,1.0,323.0,757.0,352.0,838.0,artificial_jewellery,video_20260404_121005,frame_001890.jpg,001890,heuristic
small_object_proposal,-1,1.0,242.0,644.0,272.0,721.0,artificial_jewellery,video_20260404_121005,frame_001890.jpg,001890,heuristic
small_object_proposal,-1,1.0,1019.0,337.0,1037.0,461.0,artificial_jewellery,video_20260404_121005,frame_001890.jpg,001890,heuristic
small_object_proposal,-1,1.0,1759.0,819.0,1797.0,875.0,artificial_jewellery,video_20260404_121005,frame_001890.jpg,001890,heuristic
small_object_proposal,-1,1.0,1675.0,31.0,1706.0,96.0,artificial_jewellery,video_20260404_121005,frame_001890.jpg,001890,heuristic
small_object_proposal,-1,1.0,1857.0,619.0,1908.0,657.0,artificial_jewellery,video_20260404_121005,frame_001890.jpg,001890,heuristic
small_object_proposal,-1,1.0,1315.0,247.0,1349.0,303.0,artificial_jewellery,video_20260404_121005,frame_001890.jpg,001890,heuristic
small_object_proposal,-1,1.0,1870.0,659.0,1912.0,694.0,artificial_jewellery,video_20260404_121005,frame_001890.jpg,001890,heuristic
small_object_proposal,-1,1.0,1643.0,32.0,1669.0,88.0,artificial_jewellery,video_20260404_121005,frame_001890.jpg,001890,heuristic
small_object_proposal,-1,1.0,1824.0,572.0,1860.0,610.0,artificial_jewellery,video_20260404_121005,frame_001890.jpg,001890,heuristic
small_object_proposal,-1,1.0,1393.0,382.0,1442.0,409.0,artificial_jewellery,video_20260404_121005,frame_001890.jpg,001890,heuristic
small_object_proposal,-1,1.0,263.0,555.0,301.0,585.0,artificial_jewellery,video_20260404_121005,frame_001890.jpg,001890,heuristic
small_object_proposal,-1,1.0,175.0,829.0,217.0,853.0,artificial_jewellery,video_20260404_121005,frame_001890.jpg,001890,heuristic
small_object_proposal,-1,1.0,1681.0,55.0,1705.0,97.0,artificial_jewellery,video_20260404_121005,frame_001890.jpg,001890,heuristic
small_object_proposal,-1,1.0,1760.0,918.0,1788.0,953.0,artificial_jewellery,video_20260404_121005,frame_001890.jpg,001890,heuristic
person,0,0.7802193760871887,105.3511962890625,0.0,1903.582763671875,1057.012939453125,artificial_jewellery,video_20260404_121005,frame_002310.jpg,002310,yolo
tie,27,0.47244927287101746,734.6605224609375,342.6188659667969,1745.3079833984375,1065.560302734375,artificial_jewellery,video_20260404_121005,frame_002310.jpg,002310,yolo
small_object_proposal,-1,1.0,1087.0,132.0,1177.0,186.0,artificial_jewellery,video_20260404_121005,frame_002310.jpg,002310,heuristic
small_object_proposal,-1,1.0,970.0,378.0,1032.0,442.0,artificial_jewellery,video_20260404_121005,frame_002310.jpg,002310,heuristic
small_object_proposal,-1,1.0,1508.0,26.0,1547.0,113.0,artificial_jewellery,video_20260404_121005,frame_002310.jpg,002310,heuristic
small_object_proposal,-1,1.0,1521.0,71.0,1653.0,95.0,artificial_jewellery,video_20260404_121005,frame_002310.jpg,002310,heuristic
small_object_proposal,-1,1.0,844.0,398.0,895.0,456.0,artificial_jewellery,video_20260404_121005,frame_002310.jpg,002310,heuristic
small_object_proposal,-1,1.0,1068.0,244.0,1144.0,281.0,artificial_jewellery,video_20260404_121005,frame_002310.jpg,002310,heuristic
small_object_proposal,-1,1.0,1092.0,16.0,1149.0,60.0,artificial_jewellery,video_20260404_121005,frame_002310.jpg,002310,heuristic
small_object_proposal,-1,1.0,947.0,16.0,996.0,62.0,artificial_jewellery,video_20260404_121005,frame_002310.jpg,002310,heuristic
small_object_proposal,-1,1.0,919.0,273.0,977.0,310.0,artificial_jewellery,video_20260404_121005,frame_002310.jpg,002310,heuristic
small_object_proposal,-1,1.0,1553.0,165.0,1586.0,227.0,artificial_jewellery,video_20260404_121005,frame_002310.jpg,002310,heuristic
small_object_proposal,-1,1.0,953.0,448.0,1044.0,465.0,artificial_jewellery,video_20260404_121005,frame_002310.jpg,002310,heuristic
small_object_proposal,-1,1.0,1056.0,422.0,1119.0,445.0,artificial_jewellery,video_20260404_121005,frame_002310.jpg,002310,heuristic
small_object_proposal,-1,1.0,1853.0,490.0,1887.0,532.0,artificial_jewellery,video_20260404_121005,frame_002310.jpg,002310,heuristic
small_object_proposal,-1,1.0,135.0,592.0,178.0,625.0,artificial_jewellery,video_20260404_121005,frame_002310.jpg,002310,heuristic
small_object_proposal,-1,1.0,187.0,793.0,239.0,820.0,artificial_jewellery,video_20260404_121005,frame_002310.jpg,002310,heuristic
small_object_proposal,-1,1.0,1799.0,304.0,1840.0,338.0,artificial_jewellery,video_20260404_121005,frame_002310.jpg,002310,heuristic
small_object_proposal,-1,1.0,1545.0,31.0,1575.0,74.0,artificial_jewellery,video_20260404_121005,frame_002310.jpg,002310,heuristic
small_object_proposal,-1,1.0,296.0,1032.0,329.0,1068.0,artificial_jewellery,video_20260404_121005,frame_002310.jpg,002310,heuristic
small_object_proposal,-1,1.0,3.0,432.0,68.0,450.0,artificial_jewellery,video_20260404_121005,frame_002310.jpg,002310,heuristic
small_object_proposal,-1,1.0,735.0,36.0,786.0,58.0,artificial_jewellery,video_20260404_121005,frame_002310.jpg,002310,heuristic
small_object_proposal,-1,1.0,1467.0,733.0,1488.0,786.0,artificial_jewellery,video_20260404_121005,frame_002310.jpg,002310,heuristic
small_object_proposal,-1,1.0,1154.0,559.0,1222.0,574.0,artificial_jewellery,video_20260404_121005,frame_002310.jpg,002310,heuristic
small_object_proposal,-1,1.0,1450.0,331.0,1477.0,366.0,artificial_jewellery,video_20260404_121005,frame_002310.jpg,002310,heuristic
small_object_proposal,-1,1.0,262.0,522.0,294.0,549.0,artificial_jewellery,video_20260404_121005,frame_002310.jpg,002310,heuristic
small_object_proposal,-1,1.0,981.0,11.0,1017.0,35.0,artificial_jewellery,video_20260404_121005,frame_002310.jpg,002310,heuristic
small_object_proposal,-1,1.0,1848.0,614.0,1874.0,645.0,artificial_jewellery,video_20260404_121005,frame_002310.jpg,002310,heuristic
small_object_proposal,-1,1.0,1479.0,707.0,1511.0,732.0,artificial_jewellery,video_20260404_121005,frame_002310.jpg,002310,heuristic
small_object_proposal,-1,1.0,75.0,763.0,119.0,779.0,artificial_jewellery,video_20260404_121005,frame_002310.jpg,002310,heuristic
small_object_proposal,-1,1.0,1843.0,776.0,1870.0,800.0,artificial_jewellery,video_20260404_121005,frame_002310.jpg,002310,heuristic
small_object_proposal,-1,1.0,712.0,346.0,729.0,382.0,artificial_jewellery,video_20260404_121005,frame_002310.jpg,002310,heuristic
person,0,0.8310925960540771,272.30877685546875,0.0,1905.4866943359375,1062.9134521484375,artificial_jewellery,video_20260404_121005,frame_002370.jpg,002370,yolo
small_object_proposal,-1,1.0,1111.0,153.0,1193.0,207.0,artificial_jewellery,video_20260404_121005,frame_002370.jpg,002370,heuristic
small_object_proposal,-1,1.0,1456.0,886.0,1546.0,924.0,artificial_jewellery,video_20260404_121005,frame_002370.jpg,002370,heuristic
small_object_proposal,-1,1.0,1865.0,419.0,1914.0,484.0,artificial_jewellery,video_20260404_121005,frame_002370.jpg,002370,heuristic
small_object_proposal,-1,1.0,1523.0,121.0,1563.0,168.0,artificial_jewellery,video_20260404_121005,frame_002370.jpg,002370,heuristic
small_object_proposal,-1,1.0,1483.0,43.0,1514.0,101.0,artificial_jewellery,video_20260404_121005,frame_002370.jpg,002370,heuristic
small_object_proposal,-1,1.0,1080.0,240.0,1131.0,275.0,artificial_jewellery,video_20260404_121005,frame_002370.jpg,002370,heuristic
small_object_proposal,-1,1.0,186.0,798.0,240.0,827.0,artificial_jewellery,video_20260404_121005,frame_002370.jpg,002370,heuristic
small_object_proposal,-1,1.0,232.0,45.0,284.0,75.0,artificial_jewellery,video_20260404_121005,frame_002370.jpg,002370,heuristic
small_object_proposal,-1,1.0,594.0,931.0,635.0,968.0,artificial_jewellery,video_20260404_121005,frame_002370.jpg,002370,heuristic
small_object_proposal,-1,1.0,260.0,625.0,281.0,693.0,artificial_jewellery,video_20260404_121005,frame_002370.jpg,002370,heuristic
small_object_proposal,-1,1.0,8.0,718.0,49.0,752.0,artificial_jewellery,video_20260404_121005,frame_002370.jpg,002370,heuristic
small_object_proposal,-1,1.0,1018.0,337.0,1037.0,404.0,artificial_jewellery,video_20260404_121005,frame_002370.jpg,002370,heuristic
small_object_proposal,-1,1.0,300.0,1037.0,332.0,1074.0,artificial_jewellery,video_20260404_121005,frame_002370.jpg,002370,heuristic
small_object_proposal,-1,1.0,1180.0,24.0,1224.0,49.0,artificial_jewellery,video_20260404_121005,frame_002370.jpg,002370,heuristic
small_object_proposal,-1,1.0,1151.0,558.0,1217.0,572.0,artificial_jewellery,video_20260404_121005,frame_002370.jpg,002370,heuristic
small_object_proposal,-1,1.0,2.0,443.0,63.0,456.0,artificial_jewellery,video_20260404_121005,frame_002370.jpg,002370,heuristic
small_object_proposal,-1,1.0,1244.0,46.0,1268.0,77.0,artificial_jewellery,video_20260404_121005,frame_002370.jpg,002370,heuristic
small_object_proposal,-1,1.0,1661.0,404.0,1696.0,424.0,artificial_jewellery,video_20260404_121005,frame_002370.jpg,002370,heuristic
small_object_proposal,-1,1.0,1878.0,623.0,1906.0,643.0,artificial_jewellery,video_20260404_121005,frame_002370.jpg,002370,heuristic
small_object_proposal,-1,1.0,1226.0,31.0,1264.0,45.0,artificial_jewellery,video_20260404_121005,frame_002370.jpg,002370,heuristic
small_object_proposal,-1,1.0,1497.0,618.0,1516.0,642.0,artificial_jewellery,video_20260404_121005,frame_002370.jpg,002370,heuristic
small_object_proposal,-1,1.0,1466.0,767.0,1484.0,792.0,artificial_jewellery,video_20260404_121005,frame_002370.jpg,002370,heuristic
small_object_proposal,-1,1.0,260.0,527.0,290.0,542.0,artificial_jewellery,video_20260404_121005,frame_002370.jpg,002370,heuristic
small_object_proposal,-1,1.0,1545.0,819.0,1566.0,840.0,artificial_jewellery,video_20260404_121005,frame_002370.jpg,002370,heuristic
small_object_proposal,-1,1.0,376.0,727.0,391.0,754.0,artificial_jewellery,video_20260404_121005,frame_002370.jpg,002370,heuristic
small_object_proposal,-1,1.0,620.0,33.0,646.0,48.0,artificial_jewellery,video_20260404_121005,frame_002370.jpg,002370,heuristic
small_object_proposal,-1,1.0,1869.0,588.0,1890.0,606.0,artificial_jewellery,video_20260404_121005,frame_002370.jpg,002370,heuristic
small_object_proposal,-1,1.0,1878.0,573.0,1901.0,587.0,artificial_jewellery,video_20260404_121005,frame_002370.jpg,002370,heuristic
small_object_proposal,-1,1.0,1516.0,99.0,1531.0,119.0,artificial_jewellery,video_20260404_121005,frame_002370.jpg,002370,heuristic
small_object_proposal,-1,1.0,347.0,988.0,361.0,1007.0,artificial_jewellery,video_20260404_121005,frame_002370.jpg,002370,heuristic
person,0,0.7949117422103882,299.92218017578125,0.0,1909.928466796875,1062.2958984375,artificial_jewellery,video_20260404_121005,frame_002430.jpg,002430,yolo
bed,59,0.607529878616333,2.66070556640625,1.5703125,1899.4698486328125,1064.93017578125,artificial_jewellery,video_20260404_121005,frame_002430.jpg,002430,yolo
cell phone,67,0.39889681339263916,861.4088745117188,0.0,1321.908447265625,239.8337860107422,artificial_jewellery,video_20260404_121005,frame_002430.jpg,002430,yolo
tie,27,0.2903095483779907,741.1611328125,607.3771362304688,1700.4708251953125,1065.4615478515625,artificial_jewellery,video_20260404_121005,frame_002430.jpg,002430,yolo
small_object_proposal,-1,1.0,1276.0,337.0,1344.0,408.0,artificial_jewellery,video_20260404_121005,frame_002430.jpg,002430,heuristic
small_object_proposal,-1,1.0,1810.0,719.0,1869.0,788.0,artificial_jewellery,video_20260404_121005,frame_002430.jpg,002430,heuristic
small_object_proposal,-1,1.0,880.0,489.0,920.0,565.0,artificial_jewellery,video_20260404_121005,frame_002430.jpg,002430,heuristic
small_object_proposal,-1,1.0,675.0,92.0,726.0,139.0,artificial_jewellery,video_20260404_121005,frame_002430.jpg,002430,heuristic
small_object_proposal,-1,1.0,1797.0,708.0,1835.0,765.0,artificial_jewellery,video_20260404_121005,frame_002430.jpg,002430,heuristic
small_object_proposal,-1,1.0,1183.0,87.0,1230.0,129.0,artificial_jewellery,video_20260404_121005,frame_002430.jpg,002430,heuristic
small_object_proposal,-1,1.0,1809.0,530.0,1856.0,571.0,artificial_jewellery,video_20260404_121005,frame_002430.jpg,002430,heuristic
small_object_proposal,-1,1.0,1091.0,76.0,1117.0,147.0,artificial_jewellery,video_20260404_121005,frame_002430.jpg,002430,heuristic
small_object_proposal,-1,1.0,1422.0,695.0,1455.0,748.0,artificial_jewellery,video_20260404_121005,frame_002430.jpg,002430,heuristic
small_object_proposal,-1,1.0,1824.0,826.0,1865.0,866.0,artificial_jewellery,video_20260404_121005,frame_002430.jpg,002430,heuristic
small_object_proposal,-1,1.0,1797.0,287.0,1838.0,327.0,artificial_jewellery,video_20260404_121005,frame_002430.jpg,002430,heuristic
small_object_proposal,-1,1.0,1000.0,407.0,1053.0,433.0,artificial_jewellery,video_20260404_121005,frame_002430.jpg,002430,heuristic
small_object_proposal,-1,1.0,299.0,1036.0,333.0,1073.0,artificial_jewellery,video_20260404_121005,frame_002430.jpg,002430,heuristic
small_object_proposal,-1,1.0,1705.0,416.0,1737.0,455.0,artificial_jewellery,video_20260404_121005,frame_002430.jpg,002430,heuristic
small_object_proposal,-1,1.0,1681.0,102.0,1716.0,136.0,artificial_jewellery,video_20260404_121005,frame_002430.jpg,002430,heuristic
small_object_proposal,-1,1.0,1037.0,422.0,1092.0,442.0,artificial_jewellery,video_20260404_121005,frame_002430.jpg,002430,heuristic
small_object_proposal,-1,1.0,41.0,737.0,71.0,773.0,artificial_jewellery,video_20260404_121005,frame_002430.jpg,002430,heuristic
small_object_proposal,-1,1.0,1236.0,23.0,1272.0,49.0,artificial_jewellery,video_20260404_121005,frame_002430.jpg,002430,heuristic
small_object_proposal,-1,1.0,1155.0,553.0,1221.0,567.0,artificial_jewellery,video_20260404_121005,frame_002430.jpg,002430,heuristic
small_object_proposal,-1,1.0,1730.0,853.0,1795.0,866.0,artificial_jewellery,video_20260404_121005,frame_002430.jpg,002430,heuristic
small_object_proposal,-1,1.0,1359.0,18.0,1415.0,33.0,artificial_jewellery,video_20260404_121005,frame_002430.jpg,002430,heuristic
small_object_proposal,-1,1.0,199.0,805.0,239.0,825.0,artificial_jewellery,video_20260404_121005,frame_002430.jpg,002430,heuristic
small_object_proposal,-1,1.0,1875.0,558.0,1913.0,579.0,artificial_jewellery,video_20260404_121005,frame_002430.jpg,002430,heuristic
small_object_proposal,-1,1.0,1848.0,617.0,1867.0,651.0,artificial_jewellery,video_20260404_121005,frame_002430.jpg,002430,heuristic
small_object_proposal,-1,1.0,1888.0,359.0,1910.0,388.0,artificial_jewellery,video_20260404_121005,frame_002430.jpg,002430,heuristic
small_object_proposal,-1,1.0,1474.0,736.0,1499.0,759.0,artificial_jewellery,video_20260404_121005,frame_002430.jpg,002430,heuristic
small_object_proposal,-1,1.0,1828.0,508.0,1852.0,530.0,artificial_jewellery,video_20260404_121005,frame_002430.jpg,002430,heuristic
small_object_proposal,-1,1.0,1859.0,494.0,1884.0,514.0,artificial_jewellery,video_20260404_121005,frame_002430.jpg,002430,heuristic
small_object_proposal,-1,1.0,375.0,723.0,390.0,755.0,artificial_jewellery,video_20260404_121005,frame_002430.jpg,002430,heuristic
small_object_proposal,-1,1.0,1862.0,597.0,1887.0,616.0,artificial_jewellery,video_20260404_121005,frame_002430.jpg,002430,heuristic
person,0,0.7219130396842957,353.8568115234375,0.71044921875,1918.4747314453125,1063.3619384765625,artificial_jewellery,video_20260404_121005,frame_002580.jpg,002580,yolo
tie,27,0.3021622598171234,749.83447265625,618.1682739257812,1721.1124267578125,1061.7093505859375,artificial_jewellery,video_20260404_121005,frame_002580.jpg,002580,yolo
small_object_proposal,-1,1.0,1653.0,127.0,1723.0,191.0,artificial_jewellery,video_20260404_121005,frame_002580.jpg,002580,heuristic
small_object_proposal,-1,1.0,1281.0,86.0,1340.0,155.0,artificial_jewellery,video_20260404_121005,frame_002580.jpg,002580,heuristic
small_object_proposal,-1,1.0,461.0,375.0,659.0,395.0,artificial_jewellery,video_20260404_121005,frame_002580.jpg,002580,heuristic
small_object_proposal,-1,1.0,1454.0,655.0,1486.0,772.0,artificial_jewellery,video_20260404_121005,frame_002580.jpg,002580,heuristic
small_object_proposal,-1,1.0,1012.0,569.0,1097.0,609.0,artificial_jewellery,video_20260404_121005,frame_002580.jpg,002580,heuristic
small_object_proposal,-1,1.0,1355.0,327.0,1389.0,407.0,artificial_jewellery,video_20260404_121005,frame_002580.jpg,002580,heuristic
small_object_proposal,-1,1.0,1693.0,87.0,1749.0,134.0,artificial_jewellery,video_20260404_121005,frame_002580.jpg,002580,heuristic
small_object_proposal,-1,1.0,856.0,280.0,905.0,331.0,artificial_jewellery,video_20260404_121005,frame_002580.jpg,002580,heuristic
small_object_proposal,-1,1.0,1013.0,277.0,1033.0,400.0,artificial_jewellery,video_20260404_121005,frame_002580.jpg,002580,heuristic
small_object_proposal,-1,1.0,1730.0,597.0,1817.0,625.0,artificial_jewellery,video_20260404_121005,frame_002580.jpg,002580,heuristic
small_object_proposal,-1,1.0,1828.0,608.0,1868.0,663.0,artificial_jewellery,video_20260404_121005,frame_002580.jpg,002580,heuristic
small_object_proposal,-1,1.0,1034.0,265.0,1134.0,286.0,artificial_jewellery,video_20260404_121005,frame_002580.jpg,002580,heuristic
small_object_proposal,-1,1.0,580.0,431.0,625.0,471.0,artificial_jewellery,video_20260404_121005,frame_002580.jpg,002580,heuristic
small_object_proposal,-1,1.0,906.0,194.0,937.0,251.0,artificial_jewellery,video_20260404_121005,frame_002580.jpg,002580,heuristic
small_object_proposal,-1,1.0,314.0,944.0,369.0,976.0,artificial_jewellery,video_20260404_121005,frame_002580.jpg,002580,heuristic
small_object_proposal,-1,1.0,1781.0,320.0,1822.0,358.0,artificial_jewellery,video_20260404_121005,frame_002580.jpg,002580,heuristic
small_object_proposal,-1,1.0,829.0,9.0,871.0,44.0,artificial_jewellery,video_20260404_121005,frame_002580.jpg,002580,heuristic
small_object_proposal,-1,1.0,1870.0,601.0,1904.0,643.0,artificial_jewellery,video_20260404_121005,frame_002580.jpg,002580,heuristic
small_object_proposal,-1,1.0,915.0,305.0,935.0,371.0,artificial_jewellery,video_20260404_121005,frame_002580.jpg,002580,heuristic
small_object_proposal,-1,1.0,1184.0,594.0,1227.0,623.0,artificial_jewellery,video_20260404_121005,frame_002580.jpg,002580,heuristic
small_object_proposal,-1,1.0,1307.0,97.0,1332.0,143.0,artificial_jewellery,video_20260404_121005,frame_002580.jpg,002580,heuristic
small_object_proposal,-1,1.0,922.0,162.0,955.0,195.0,artificial_jewellery,video_20260404_121005,frame_002580.jpg,002580,heuristic
small_object_proposal,-1,1.0,172.0,806.0,217.0,828.0,artificial_jewellery,video_20260404_121005,frame_002580.jpg,002580,heuristic
small_object_proposal,-1,1.0,891.0,432.0,956.0,447.0,artificial_jewellery,video_20260404_121005,frame_002580.jpg,002580,heuristic
small_object_proposal,-1,1.0,984.0,247.0,1021.0,273.0,artificial_jewellery,video_20260404_121005,frame_002580.jpg,002580,heuristic
small_object_proposal,-1,1.0,1155.0,572.0,1213.0,585.0,artificial_jewellery,video_20260404_121005,frame_002580.jpg,002580,heuristic
small_object_proposal,-1,1.0,496.0,899.0,534.0,918.0,artificial_jewellery,video_20260404_121005,frame_002580.jpg,002580,heuristic
small_object_proposal,-1,1.0,1828.0,777.0,1854.0,803.0,artificial_jewellery,video_20260404_121005,frame_002580.jpg,002580,heuristic
small_object_proposal,-1,1.0,1858.0,852.0,1879.0,884.0,artificial_jewellery,video_20260404_121005,frame_002580.jpg,002580,heuristic
small_object_proposal,-1,1.0,960.0,107.0,982.0,136.0,artificial_jewellery,video_20260404_121005,frame_002580.jpg,002580,heuristic
