hand_id,handedness,landmark_id,x_norm,y_norm,z_norm,x_px,y_px,domain,video_stem,frame_file,frame_id
0,Left,0,0.7059992551803589,0.5102412700653076,-3.509597723549973e-09,1355,551,artificial_jewellery,video_20260404_120254,frame_000000.jpg,000000
0,Left,1,0.6672829985618591,0.4950188994407654,-0.019322233274579048,1281,534,artificial_jewellery,video_20260404_120254,frame_000000.jpg,000000
0,Left,2,0.6422850489616394,0.44614291191101074,-0.023220770061016083,1233,481,artificial_jewellery,video_20260404_120254,frame_000000.jpg,000000
0,Left,3,0.6231849193572998,0.3996373116970062,-0.020265869796276093,1196,431,artificial_jewellery,video_20260404_120254,frame_000000.jpg,000000
0,Left,4,0.6044604182243347,0.37135839462280273,-0.014256044290959835,1160,401,artificial_jewellery,video_20260404_120254,frame_000000.jpg,000000
0,Left,5,0.6766327023506165,0.3671262860298157,-0.019871927797794342,1299,396,artificial_jewellery,video_20260404_120254,frame_000000.jpg,000000
0,Left,6,0.646043598651886,0.31395697593688965,-0.011952870525419712,1240,339,artificial_jewellery,video_20260404_120254,frame_000000.jpg,000000
0,Left,7,0.6268936991691589,0.3005236089229584,-0.0028654704801738262,1203,324,artificial_jewellery,video_20260404_120254,frame_000000.jpg,000000
0,Left,8,0.613132655620575,0.29932722449302673,0.004470497369766235,1177,323,artificial_jewellery,video_20260404_120254,frame_000000.jpg,000000
0,Left,9,0.6959867477416992,0.36044785380363464,-0.0038267539348453283,1336,389,artificial_jewellery,video_20260404_120254,frame_000000.jpg,000000
0,Left,10,0.6720240116119385,0.29572606086730957,0.00299212452955544,1290,319,artificial_jewellery,video_20260404_120254,frame_000000.jpg,000000
0,Left,11,0.6516652703285217,0.2801164388656616,0.011692547239363194,1251,302,artificial_jewellery,video_20260404_120254,frame_000000.jpg,000000
0,Left,12,0.6363548040390015,0.2764918804168701,0.018518630415201187,1221,298,artificial_jewellery,video_20260404_120254,frame_000000.jpg,000000
0,Left,13,0.7071449160575867,0.36794477701187134,0.012401227839291096,1357,397,artificial_jewellery,video_20260404_120254,frame_000000.jpg,000000
0,Left,14,0.6930125951766968,0.30885109305381775,0.01869482733309269,1330,333,artificial_jewellery,video_20260404_120254,frame_000000.jpg,000000
0,Left,15,0.6753743886947632,0.2907552421092987,0.02418041042983532,1296,314,artificial_jewellery,video_20260404_120254,frame_000000.jpg,000000
0,Left,16,0.661016047000885,0.28804725408554077,0.028674861416220665,1269,311,artificial_jewellery,video_20260404_120254,frame_000000.jpg,000000
0,Left,17,0.7119656801223755,0.38117516040802,0.027660168707370758,1366,411,artificial_jewellery,video_20260404_120254,frame_000000.jpg,000000
0,Left,18,0.704464852809906,0.33335158228874207,0.034272633492946625,1352,360,artificial_jewellery,video_20260404_120254,frame_000000.jpg,000000
0,Left,19,0.6921761631965637,0.31616801023483276,0.03876147046685219,1328,341,artificial_jewellery,video_20260404_120254,frame_000000.jpg,000000
0,Left,20,0.6812988519668579,0.3141917288303375,0.0426306389272213,1308,339,artificial_jewellery,video_20260404_120254,frame_000000.jpg,000000
1,Right,0,0.3089624047279358,0.5982058048248291,2.2530961985012254e-08,593,646,artificial_jewellery,video_20260404_120254,frame_000000.jpg,000000
1,Right,1,0.3493404984474182,0.5770635604858398,0.009930683299899101,670,623,artificial_jewellery,video_20260404_120254,frame_000000.jpg,000000
1,Right,2,0.36640483140945435,0.5361364483833313,0.025009650737047195,703,579,artificial_jewellery,video_20260404_120254,frame_000000.jpg,000000
1,Right,3,0.3775724172592163,0.5107256770133972,0.04067029058933258,724,551,artificial_jewellery,video_20260404_120254,frame_000000.jpg,000000
1,Right,4,0.3816705346107483,0.49598339200019836,0.05969412624835968,732,535,artificial_jewellery,video_20260404_120254,frame_000000.jpg,000000
1,Right,5,0.3432312607765198,0.43303775787353516,0.02437320537865162,659,467,artificial_jewellery,video_20260404_120254,frame_000000.jpg,000000
1,Right,6,0.35518312454223633,0.3823755979537964,0.037507038563489914,681,412,artificial_jewellery,video_20260404_120254,frame_000000.jpg,000000
1,Right,7,0.3685551881790161,0.39154160022735596,0.04746205732226372,707,422,artificial_jewellery,video_20260404_120254,frame_000000.jpg,000000
1,Right,8,0.3767107427120209,0.413461834192276,0.05608879029750824,723,446,artificial_jewellery,video_20260404_120254,frame_000000.jpg,000000
1,Right,9,0.319382905960083,0.44009363651275635,0.029496626928448677,613,475,artificial_jewellery,video_20260404_120254,frame_000000.jpg,000000
1,Right,10,0.3299081325531006,0.3892543613910675,0.04639443755149841,633,420,artificial_jewellery,video_20260404_120254,frame_000000.jpg,000000
1,Right,11,0.34492284059524536,0.39797350764274597,0.05933365225791931,662,429,artificial_jewellery,video_20260404_120254,frame_000000.jpg,000000
1,Right,12,0.3536960184574127,0.41816002130508423,0.06926770508289337,679,451,artificial_jewellery,video_20260404_120254,frame_000000.jpg,000000
1,Right,13,0.3016318678855896,0.4609886109828949,0.03490639477968216,579,497,artificial_jewellery,video_20260404_120254,frame_000000.jpg,000000
1,Right,14,0.314441055059433,0.42856472730636597,0.049093350768089294,603,462,artificial_jewellery,video_20260404_120254,frame_000000.jpg,000000
1,Right,15,0.3279311954975128,0.43568021059036255,0.058595918118953705,629,470,artificial_jewellery,video_20260404_120254,frame_000000.jpg,000000
1,Right,16,0.3360191583633423,0.45432713627815247,0.06604193150997162,645,490,artificial_jewellery,video_20260404_120254,frame_000000.jpg,000000
1,Right,17,0.29207098484039307,0.4876271188259125,0.040959157049655914,560,526,artificial_jewellery,video_20260404_120254,frame_000000.jpg,000000
1,Right,18,0.3042324185371399,0.46725812554359436,0.052930984646081924,584,504,artificial_jewellery,video_20260404_120254,frame_000000.jpg,000000
1,Right,19,0.3156615197658539,0.4718620777130127,0.06057561933994293,606,509,artificial_jewellery,video_20260404_120254,frame_000000.jpg,000000
1,Right,20,0.3233957886695862,0.4884192943572998,0.06777903437614441,620,527,artificial_jewellery,video_20260404_120254,frame_000000.jpg,000000
0,Left,0,0.7071212530136108,0.5007123947143555,5.340523046015733e-08,1357,540,artificial_jewellery,video_20260404_120254,frame_000030.jpg,000030
0,Left,1,0.664499819278717,0.4944427013397217,-0.014229612424969673,1275,533,artificial_jewellery,video_20260404_120254,frame_000030.jpg,000030
0,Left,2,0.638475239276886,0.44717735052108765,-0.01666545495390892,1225,482,artificial_jewellery,video_20260404_120254,frame_000030.jpg,000030
0,Left,3,0.6195015907287598,0.40433335304260254,-0.013521882705390453,1189,436,artificial_jewellery,video_20260404_120254,frame_000030.jpg,000030
0,Left,4,0.5982788801193237,0.38236066699028015,-0.007428104989230633,1148,412,artificial_jewellery,video_20260404_120254,frame_000030.jpg,000030
0,Left,5,0.6679393649101257,0.36035144329071045,-0.010762492194771767,1282,389,artificial_jewellery,video_20260404_120254,frame_000030.jpg,000030
0,Left,6,0.6405695080757141,0.3116914629936218,-0.0028121608775109053,1229,336,artificial_jewellery,video_20260404_120254,frame_000030.jpg,000030
0,Left,7,0.6212606430053711,0.3010891079902649,0.005663310643285513,1192,325,artificial_jewellery,video_20260404_120254,frame_000030.jpg,000030
0,Left,8,0.6072645783424377,0.3048690855503082,0.013244935311377048,1165,329,artificial_jewellery,video_20260404_120254,frame_000030.jpg,000030
0,Left,9,0.6898112893104553,0.3541719317436218,0.003963417839258909,1324,382,artificial_jewellery,video_20260404_120254,frame_000030.jpg,000030
0,Left,10,0.6705766320228577,0.2939170002937317,0.014303663745522499,1287,317,artificial_jewellery,video_20260404_120254,frame_000030.jpg,000030
0,Left,11,0.6518997550010681,0.28142863512039185,0.026337582617998123,1251,303,artificial_jewellery,video_20260404_120254,frame_000030.jpg,000030
0,Left,12,0.6371424794197083,0.27942752838134766,0.036027681082487106,1223,301,artificial_jewellery,video_20260404_120254,frame_000030.jpg,000030
0,Left,13,0.7040042281150818,0.36386772990226746,0.018676316365599632,1351,392,artificial_jewellery,video_20260404_120254,frame_000030.jpg,000030
0,Left,14,0.6912014484405518,0.3077128827571869,0.028451628983020782,1327,332,artificial_jewellery,video_20260404_120254,frame_000030.jpg,000030
0,Left,15,0.6751316785812378,0.2922683656215668,0.039046868681907654,1296,315,artificial_jewellery,video_20260404_120254,frame_000030.jpg,000030
0,Left,16,0.6627647280693054,0.29195815324783325,0.047553811222314835,1272,315,artificial_jewellery,video_20260404_120254,frame_000030.jpg,000030
0,Left,17,0.7122211456298828,0.3809652626514435,0.03250554949045181,1367,411,artificial_jewellery,video_20260404_120254,frame_000030.jpg,000030
0,Left,18,0.7048540711402893,0.3374519646167755,0.04239349067211151,1353,364,artificial_jewellery,video_20260404_120254,frame_000030.jpg,000030
0,Left,19,0.6920711398124695,0.3214980363845825,0.05089259147644043,1328,347,artificial_jewellery,video_20260404_120254,frame_000030.jpg,000030
0,Left,20,0.6825099587440491,0.3191644549369812,0.058327432721853256,1310,344,artificial_jewellery,video_20260404_120254,frame_000030.jpg,000030
1,Right,0,0.3238527476787567,0.6033450365066528,-2.913121122105622e-08,621,651,artificial_jewellery,video_20260404_120254,frame_000030.jpg,000030
1,Right,1,0.3645753264427185,0.5764585733413696,0.012901014648377895,699,622,artificial_jewellery,video_20260404_120254,frame_000030.jpg,000030
1,Right,2,0.3808528482913971,0.5355284214019775,0.03150635212659836,731,578,artificial_jewellery,video_20260404_120254,frame_000030.jpg,000030
1,Right,3,0.38825932145118713,0.507240355014801,0.051613643765449524,745,547,artificial_jewellery,video_20260404_120254,frame_000030.jpg,000030
1,Right,4,0.3969491422176361,0.4894980192184448,0.07562770694494247,762,528,artificial_jewellery,video_20260404_120254,frame_000030.jpg,000030
1,Right,5,0.35835424065589905,0.4349444806575775,0.02438735030591488,688,469,artificial_jewellery,video_20260404_120254,frame_000030.jpg,000030
1,Right,6,0.37068530917167664,0.3815367519855499,0.039907991886138916,711,412,artificial_jewellery,video_20260404_120254,frame_000030.jpg,000030
1,Right,7,0.3825855553150177,0.38171088695526123,0.05358956381678581,734,412,artificial_jewellery,video_20260404_120254,frame_000030.jpg,000030
1,Right,8,0.3912522494792938,0.3950422704219818,0.06491859257221222,751,426,artificial_jewellery,video_20260404_120254,frame_000030.jpg,000030
1,Right,9,0.3336317837238312,0.4417074918746948,0.030144082382321358,640,477,artificial_jewellery,video_20260404_120254,frame_000030.jpg,000030
1,Right,10,0.34522104263305664,0.38780248165130615,0.049114324152469635,662,418,artificial_jewellery,video_20260404_120254,frame_000030.jpg,000030
1,Right,11,0.3599860370159149,0.3914865553379059,0.06631353497505188,691,422,artificial_jewellery,video_20260404_120254,frame_000030.jpg,000030
1,Right,12,0.3689988851547241,0.4065502882003784,0.07992571592330933,708,439,artificial_jewellery,video_20260404_120254,frame_000030.jpg,000030
1,Right,13,0.3165210485458374,0.4632095992565155,0.03656355291604996,607,500,artificial_jewellery,video_20260404_120254,frame_000030.jpg,000030
1,Right,14,0.33006471395492554,0.42740991711616516,0.052990272641181946,633,461,artificial_jewellery,video_20260404_120254,frame_000030.jpg,000030
1,Right,15,0.3441663384437561,0.431918203830719,0.06499823182821274,660,466,artificial_jewellery,video_20260404_120254,frame_000030.jpg,000030
1,Right,16,0.3529037535190582,0.4461536407470703,0.07452582567930222,677,481,artificial_jewellery,video_20260404_120254,frame_000030.jpg,000030
1,Right,17,0.30608177185058594,0.490408331155777,0.04393444210290909,587,529,artificial_jewellery,video_20260404_120254,frame_000030.jpg,000030
1,Right,18,0.3192116916179657,0.46959227323532104,0.05742654949426651,612,507,artificial_jewellery,video_20260404_120254,frame_000030.jpg,000030
1,Right,19,0.3313044607639313,0.47159287333488464,0.06548941880464554,636,509,artificial_jewellery,video_20260404_120254,frame_000030.jpg,000030
1,Right,20,0.3396012485027313,0.48615697026252747,0.0735115334391594,652,525,artificial_jewellery,video_20260404_120254,frame_000030.jpg,000030
0,Left,0,0.7451249361038208,0.4079439342021942,-1.0667455541124582e-07,1430,440,artificial_jewellery,video_20260404_120254,frame_000120.jpg,000120
0,Left,1,0.6969432234764099,0.3752855062484741,-0.0007221032865345478,1338,405,artificial_jewellery,video_20260404_120254,frame_000120.jpg,000120
0,Left,2,0.6735318303108215,0.3150392174720764,0.011479292996227741,1293,340,artificial_jewellery,video_20260404_120254,frame_000120.jpg,000120
0,Left,3,0.6621681451797485,0.26840806007385254,0.02957850880920887,1271,289,artificial_jewellery,video_20260404_120254,frame_000120.jpg,000120
0,Left,4,0.6514579653739929,0.24326522648334503,0.05266692861914635,1250,262,artificial_jewellery,video_20260404_120254,frame_000120.jpg,000120
0,Left,5,0.7145747542381287,0.22404666244983673,0.01245884783565998,1371,241,artificial_jewellery,video_20260404_120254,frame_000120.jpg,000120
0,Left,6,0.6849049925804138,0.1937665343284607,0.04660951346158981,1315,209,artificial_jewellery,video_20260404_120254,frame_000120.jpg,000120
0,Left,7,0.6707807779312134,0.19974856078624725,0.07736504077911377,1287,215,artificial_jewellery,video_20260404_120254,frame_000120.jpg,000120
0,Left,8,0.6666486859321594,0.21168063580989838,0.09842817485332489,1279,228,artificial_jewellery,video_20260404_120254,frame_000120.jpg,000120
0,Left,9,0.7400928735733032,0.23427562415599823,0.030263856053352356,1420,253,artificial_jewellery,video_20260404_120254,frame_000120.jpg,000120
0,Left,10,0.7139319181442261,0.18993359804153442,0.0658477246761322,1370,205,artificial_jewellery,video_20260404_120254,frame_000120.jpg,000120
0,Left,11,0.6977036595344543,0.1976858675479889,0.09492598474025726,1339,213,artificial_jewellery,video_20260404_120254,frame_000120.jpg,000120
0,Left,12,0.6884212493896484,0.20719733834266663,0.11498429626226425,1321,223,artificial_jewellery,video_20260404_120254,frame_000120.jpg,000120
0,Left,13,0.7558555006980896,0.25596970319747925,0.04990376532077789,1451,276,artificial_jewellery,video_20260404_120254,frame_000120.jpg,000120
0,Left,14,0.737076997756958,0.21463312208652496,0.0803227350115776,1415,231,artificial_jewellery,video_20260404_120254,frame_000120.jpg,000120
0,Left,15,0.7184256315231323,0.21178002655506134,0.10148689895868301,1379,228,artificial_jewellery,video_20260404_120254,frame_000120.jpg,000120
0,Left,16,0.7076951861381531,0.2217547446489334,0.11476027965545654,1358,239,artificial_jewellery,video_20260404_120254,frame_000120.jpg,000120
0,Left,17,0.765526294708252,0.2825707197189331,0.06972236186265945,1469,305,artificial_jewellery,video_20260404_120254,frame_000120.jpg,000120
0,Left,18,0.749697208404541,0.25377991795539856,0.09259135276079178,1439,274,artificial_jewellery,video_20260404_120254,frame_000120.jpg,000120
0,Left,19,0.7329634428024292,0.2499927133321762,0.10644714534282684,1407,269,artificial_jewellery,video_20260404_120254,frame_000120.jpg,000120
0,Left,20,0.722061812877655,0.25825485587120056,0.11714228987693787,1386,278,artificial_jewellery,video_20260404_120254,frame_000120.jpg,000120
1,Left,0,0.33352530002593994,0.45982325077056885,2.4577204271736264e-07,640,496,artificial_jewellery,video_20260404_120254,frame_000120.jpg,000120
1,Left,1,0.35477277636528015,0.42580217123031616,0.004846791736781597,681,459,artificial_jewellery,video_20260404_120254,frame_000120.jpg,000120
1,Left,2,0.3716106712818146,0.3817996680736542,0.01231575757265091,713,412,artificial_jewellery,video_20260404_120254,frame_000120.jpg,000120
1,Left,3,0.38504835963249207,0.3496766686439514,0.01519792154431343,739,377,artificial_jewellery,video_20260404_120254,frame_000120.jpg,000120
1,Left,4,0.38870593905448914,0.3367961645126343,0.01798701286315918,746,363,artificial_jewellery,video_20260404_120254,frame_000120.jpg,000120
1,Left,5,0.33102670311927795,0.3740469217300415,0.043691810220479965,635,403,artificial_jewellery,video_20260404_120254,frame_000120.jpg,000120
1,Left,6,0.33904221653938293,0.3402252495288849,0.04801441729068756,650,367,artificial_jewellery,video_20260404_120254,frame_000120.jpg,000120
1,Left,7,0.3565702438354492,0.31998610496520996,0.04320494458079338,684,345,artificial_jewellery,video_20260404_120254,frame_000120.jpg,000120
1,Left,8,0.3707806169986725,0.31088778376579285,0.03889446705579758,711,335,artificial_jewellery,video_20260404_120254,frame_000120.jpg,000120
1,Left,9,0.316964328289032,0.3693697452545166,0.0384746715426445,608,398,artificial_jewellery,video_20260404_120254,frame_000120.jpg,000120
1,Left,10,0.3278610408306122,0.3256576657295227,0.039005476981401443,629,351,artificial_jewellery,video_20260404_120254,frame_000120.jpg,000120
1,Left,11,0.35059624910354614,0.3089824616909027,0.027375511825084686,673,333,artificial_jewellery,video_20260404_120254,frame_000120.jpg,000120
1,Left,12,0.3692127764225006,0.306128591299057,0.019381938502192497,708,330,artificial_jewellery,video_20260404_120254,frame_000120.jpg,000120
1,Left,13,0.30359527468681335,0.36559683084487915,0.030510038137435913,582,394,artificial_jewellery,video_20260404_120254,frame_000120.jpg,000120
1,Left,14,0.31545042991638184,0.3208827078342438,0.027627335861325264,605,346,artificial_jewellery,video_20260404_120254,frame_000120.jpg,000120
1,Left,15,0.34056535363197327,0.30829840898513794,0.017960425466299057,653,332,artificial_jewellery,video_20260404_120254,frame_000120.jpg,000120
1,Left,16,0.35955625772476196,0.3114353120326996,0.01238012220710516,690,336,artificial_jewellery,video_20260404_120254,frame_000120.jpg,000120
1,Left,17,0.29179421067237854,0.36749497056007385,0.02241196110844612,560,396,artificial_jewellery,video_20260404_120254,frame_000120.jpg,000120
1,Left,18,0.30602338910102844,0.3274841904640198,0.021544018760323524,587,353,artificial_jewellery,video_20260404_120254,frame_000120.jpg,000120
1,Left,19,0.3251926898956299,0.32145094871520996,0.019239516928792,624,347,artificial_jewellery,video_20260404_120254,frame_000120.jpg,000120
1,Left,20,0.3401602506637573,0.3271155059337616,0.017548242583870888,653,353,artificial_jewellery,video_20260404_120254,frame_000120.jpg,000120
0,Right,0,0.42666810750961304,0.632366955280304,4.2295647517676116e-07,819,682,artificial_jewellery,video_20260404_120254,frame_000390.jpg,000390
0,Right,1,0.4614751935005188,0.6061179637908936,-0.048847559839487076,886,654,artificial_jewellery,video_20260404_120254,frame_000390.jpg,000390
0,Right,2,0.493014931678772,0.5386477112770081,-0.06371984630823135,946,581,artificial_jewellery,video_20260404_120254,frame_000390.jpg,000390
0,Right,3,0.5301302671432495,0.46995827555656433,-0.06802749633789062,1017,507,artificial_jewellery,video_20260404_120254,frame_000390.jpg,000390
0,Right,4,0.5590271949768066,0.41368475556373596,-0.06865313649177551,1073,446,artificial_jewellery,video_20260404_120254,frame_000390.jpg,000390
0,Right,5,0.4464081823825836,0.4246215224266052,-0.03774402290582657,857,458,artificial_jewellery,video_20260404_120254,frame_000390.jpg,000390
0,Right,6,0.5092815160751343,0.35638901591300964,-0.050318628549575806,977,384,artificial_jewellery,video_20260404_120254,frame_000390.jpg,000390
0,Right,7,0.5508782863616943,0.3627147674560547,-0.05914759635925293,1057,391,artificial_jewellery,video_20260404_120254,frame_000390.jpg,000390
0,Right,8,0.5800538659095764,0.3795071542263031,-0.0628625899553299,1113,409,artificial_jewellery,video_20260404_120254,frame_000390.jpg,000390
0,Right,9,0.44436362385749817,0.4142920970916748,-0.012269980274140835,853,447,artificial_jewellery,video_20260404_120254,frame_000390.jpg,000390
0,Right,10,0.5096158981323242,0.34325212240219116,-0.0265522338449955,978,370,artificial_jewellery,video_20260404_120254,frame_000390.jpg,000390
0,Right,11,0.5515241026878357,0.36992180347442627,-0.03571956232190132,1058,399,artificial_jewellery,video_20260404_120254,frame_000390.jpg,000390
0,Right,12,0.5792503952980042,0.4141820967197418,-0.038268882781267166,1112,447,artificial_jewellery,video_20260404_120254,frame_000390.jpg,000390
0,Right,13,0.4499565064907074,0.4235178232192993,0.00980767235159874,863,457,artificial_jewellery,video_20260404_120254,frame_000390.jpg,000390
0,Right,14,0.5122388005256653,0.38147494196891785,-0.004246668424457312,983,411,artificial_jewellery,video_20260404_120254,frame_000390.jpg,000390
0,Right,15,0.5451951026916504,0.41142410039901733,-0.014816680923104286,1046,444,artificial_jewellery,video_20260404_120254,frame_000390.jpg,000390
0,Right,16,0.5660238265991211,0.453213632106781,-0.017848525196313858,1086,489,artificial_jewellery,video_20260404_120254,frame_000390.jpg,000390
0,Right,17,0.459159255027771,0.44178152084350586,0.028549307957291603,881,477,artificial_jewellery,video_20260404_120254,frame_000390.jpg,000390
0,Right,18,0.5067650079727173,0.423890620470047,0.016004784032702446,972,457,artificial_jewellery,video_20260404_120254,frame_000390.jpg,000390
0,Right,19,0.5354062914848328,0.44212231040000916,0.006379179190844297,1027,477,artificial_jewellery,video_20260404_120254,frame_000390.jpg,000390
0,Right,20,0.5558961033821106,0.47109055519104004,0.0035781213082373142,1067,508,artificial_jewellery,video_20260404_120254,frame_000390.jpg,000390
0,Left,0,0.7379177808761597,0.5702623724937439,-2.288280853690594e-07,1416,615,artificial_jewellery,video_20260404_120254,frame_001710.jpg,001710
0,Left,1,0.7000863552093506,0.5455874800682068,-0.03461151197552681,1344,589,artificial_jewellery,video_20260404_120254,frame_001710.jpg,001710
0,Left,2,0.6797487735748291,0.4809303879737854,-0.04165733605623245,1305,519,artificial_jewellery,video_20260404_120254,frame_001710.jpg,001710
0,Left,3,0.6656343340873718,0.42181557416915894,-0.03800709918141365,1278,455,artificial_jewellery,video_20260404_120254,frame_001710.jpg,001710
0,Left,4,0.6587145924568176,0.3812479078769684,-0.031361497938632965,1264,411,artificial_jewellery,video_20260404_120254,frame_001710.jpg,001710
0,Left,5,0.7351463437080383,0.4114568829536438,-0.03810670226812363,1411,444,artificial_jewellery,video_20260404_120254,frame_001710.jpg,001710
0,Left,6,0.6930744647979736,0.3502257168292999,-0.035399116575717926,1330,378,artificial_jewellery,video_20260404_120254,frame_001710.jpg,001710
0,Left,7,0.6637961864471436,0.3514496982097626,-0.029925333335995674,1274,379,artificial_jewellery,video_20260404_120254,frame_001710.jpg,001710
0,Left,8,0.645508885383606,0.3619930148124695,-0.025310473516583443,1239,390,artificial_jewellery,video_20260404_120254,frame_001710.jpg,001710
0,Left,9,0.7499228715896606,0.41231396794319153,-0.014024103060364723,1439,445,artificial_jewellery,video_20260404_120254,frame_001710.jpg,001710
0,Left,10,0.7097590565681458,0.35401102900505066,-0.01037431601434946,1362,382,artificial_jewellery,video_20260404_120254,frame_001710.jpg,001710
0,Left,11,0.6821914911270142,0.37190213799476624,-0.0063301874324679375,1309,401,artificial_jewellery,video_20260404_120254,frame_001710.jpg,001710
0,Left,12,0.6686168313026428,0.39875683188438416,-0.004035290330648422,1283,430,artificial_jewellery,video_20260404_120254,frame_001710.jpg,001710
0,Left,13,0.7531681060791016,0.4254600405693054,0.009701854549348354,1446,459,artificial_jewellery,video_20260404_120254,frame_001710.jpg,001710
0,Left,14,0.7141229510307312,0.3821891248226166,0.010295611806213856,1371,412,artificial_jewellery,video_20260404_120254,frame_001710.jpg,001710
0,Left,15,0.6909003853797913,0.40333738923072815,0.008652638643980026,1326,435,artificial_jewellery,video_20260404_120254,frame_001710.jpg,001710
0,Left,16,0.6815863847732544,0.43138712644577026,0.007622326258569956,1308,465,artificial_jewellery,video_20260404_120254,frame_001710.jpg,001710
0,Left,17,0.7507922649383545,0.4374050796031952,0.03176628798246384,1441,472,artificial_jewellery,video_20260404_120254,frame_001710.jpg,001710
0,Left,18,0.7185046076774597,0.4123196601867676,0.027190424501895905,1379,445,artificial_jewellery,video_20260404_120254,frame_001710.jpg,001710
0,Left,19,0.699589729309082,0.42330288887023926,0.02242516726255417,1343,457,artificial_jewellery,video_20260404_120254,frame_001710.jpg,001710
0,Left,20,0.6908309459686279,0.44409018754959106,0.020451253280043602,1326,479,artificial_jewellery,video_20260404_120254,frame_001710.jpg,001710
1,Right,0,0.4124644696712494,0.6037258505821228,1.8053252404115483e-07,791,652,artificial_jewellery,video_20260404_120254,frame_001710.jpg,001710
1,Right,1,0.4255039691925049,0.5484600067138672,-0.028273796662688255,816,592,artificial_jewellery,video_20260404_120254,frame_001710.jpg,001710
1,Right,2,0.44202932715415955,0.4855373203754425,-0.027816196903586388,848,524,artificial_jewellery,video_20260404_120254,frame_001710.jpg,001710
1,Right,3,0.4661274254322052,0.44104841351509094,-0.021106185391545296,894,476,artificial_jewellery,video_20260404_120254,frame_001710.jpg,001710
1,Right,4,0.48726344108581543,0.4169178605079651,-0.011064672842621803,935,450,artificial_jewellery,video_20260404_120254,frame_001710.jpg,001710
1,Right,5,0.3988507390022278,0.43157628178596497,0.00270021241158247,765,466,artificial_jewellery,video_20260404_120254,frame_001710.jpg,001710
1,Right,6,0.4178673028945923,0.3701007068157196,0.000371928617823869,802,399,artificial_jewellery,video_20260404_120254,frame_001710.jpg,001710
1,Right,7,0.4431453347206116,0.3658795952796936,-0.006651339121162891,850,395,artificial_jewellery,video_20260404_120254,frame_001710.jpg,001710
1,Right,8,0.46272823214530945,0.38045984506607056,-0.010774520225822926,888,410,artificial_jewellery,video_20260404_120254,frame_001710.jpg,001710
1,Right,9,0.4108867347240448,0.43847811222076416,0.019580183550715446,788,473,artificial_jewellery,video_20260404_120254,frame_001710.jpg,001710
1,Right,10,0.4277054965496063,0.3758683502674103,0.01956658437848091,821,405,artificial_jewellery,video_20260404_120254,frame_001710.jpg,001710
1,Right,11,0.45157167315483093,0.3673214018344879,0.010134239681065083,867,396,artificial_jewellery,video_20260404_120254,frame_001710.jpg,001710
1,Right,12,0.472140908241272,0.37252306938171387,0.003229365451261401,906,402,artificial_jewellery,video_20260404_120254,frame_001710.jpg,001710
1,Right,13,0.424437940120697,0.45518767833709717,0.032286882400512695,814,491,artificial_jewellery,video_20260404_120254,frame_001710.jpg,001710
1,Right,14,0.44399791955947876,0.40765634179115295,0.028172949329018593,852,440,artificial_jewellery,video_20260404_120254,frame_001710.jpg,001710
1,Right,15,0.46493661403656006,0.3995703458786011,0.013031425885856152,892,431,artificial_jewellery,video_20260404_120254,frame_001710.jpg,001710
1,Right,16,0.4836893677711487,0.40608876943588257,0.0032477579079568386,928,438,artificial_jewellery,video_20260404_120254,frame_001710.jpg,001710
1,Right,17,0.4387489855289459,0.4754068851470947,0.042876794934272766,842,513,artificial_jewellery,video_20260404_120254,frame_001710.jpg,001710
1,Right,18,0.45771801471710205,0.442062109708786,0.0359485000371933,878,477,artificial_jewellery,video_20260404_120254,frame_001710.jpg,001710
1,Right,19,0.472359836101532,0.4362815022468567,0.0245090052485466,906,471,artificial_jewellery,video_20260404_120254,frame_001710.jpg,001710
1,Right,20,0.4857850968837738,0.44024792313575745,0.017204005271196365,932,475,artificial_jewellery,video_20260404_120254,frame_001710.jpg,001710
0,Right,0,0.4608286917209625,0.5586881041526794,3.66150487707273e-07,884,603,artificial_jewellery,video_20260404_120254,frame_001860.jpg,001860
0,Right,1,0.4750481843948364,0.5116242170333862,-0.0325152613222599,912,552,artificial_jewellery,video_20260404_120254,frame_001860.jpg,001860
0,Right,2,0.49743732810020447,0.45700010657310486,-0.039866168051958084,955,493,artificial_jewellery,video_20260404_120254,frame_001860.jpg,001860
0,Right,3,0.5337304472923279,0.42367082834243774,-0.04189484938979149,1024,457,artificial_jewellery,video_20260404_120254,frame_001860.jpg,001860
0,Right,4,0.5621339678764343,0.3954967260360718,-0.04111415520310402,1079,427,artificial_jewellery,video_20260404_120254,frame_001860.jpg,001860
0,Right,5,0.4634665548801422,0.3792434632778168,-0.003520730882883072,889,409,artificial_jewellery,video_20260404_120254,frame_001860.jpg,001860
0,Right,6,0.48729199171066284,0.3181648254394531,-0.009004846215248108,935,343,artificial_jewellery,video_20260404_120254,frame_001860.jpg,001860
0,Right,7,0.5161104798316956,0.3142157793045044,-0.018778732046484947,990,339,artificial_jewellery,video_20260404_120254,frame_001860.jpg,001860
0,Right,8,0.5395482182502747,0.330478310585022,-0.024877438321709633,1035,356,artificial_jewellery,video_20260404_120254,frame_001860.jpg,001860
0,Right,9,0.4788748025894165,0.3945322632789612,0.011941341683268547,919,426,artificial_jewellery,video_20260404_120254,frame_001860.jpg,001860
0,Right,10,0.5057888031005859,0.3487868309020996,0.006481190677732229,971,376,artificial_jewellery,video_20260404_120254,frame_001860.jpg,001860
0,Right,11,0.5345336198806763,0.35033679008483887,-0.008194702677428722,1026,378,artificial_jewellery,video_20260404_120254,frame_001860.jpg,001860
0,Right,12,0.5575247406959534,0.3671475052833557,-0.018046274781227112,1070,396,artificial_jewellery,video_20260404_120254,frame_001860.jpg,001860
0,Right,13,0.49507224559783936,0.4198925793170929,0.023424949496984482,950,453,artificial_jewellery,video_20260404_120254,frame_001860.jpg,001860
0,Right,14,0.5244354009628296,0.3876311182975769,0.014801615849137306,1006,418,artificial_jewellery,video_20260404_120254,frame_001860.jpg,001860
0,Right,15,0.5481148362159729,0.3896920680999756,-0.0014882932882755995,1052,420,artificial_jewellery,video_20260404_120254,frame_001860.jpg,001860
0,Right,16,0.5657356381416321,0.40472880005836487,-0.010801028460264206,1086,437,artificial_jewellery,video_20260404_120254,frame_001860.jpg,001860
0,Right,17,0.51105797290802,0.4504986107349396,0.0326106958091259,981,486,artificial_jewellery,video_20260404_120254,frame_001860.jpg,001860
0,Right,18,0.5397858619689941,0.41825103759765625,0.026123663410544395,1036,451,artificial_jewellery,video_20260404_120254,frame_001860.jpg,001860
0,Right,19,0.5558568835258484,0.4129745662212372,0.017743851989507675,1067,446,artificial_jewellery,video_20260404_120254,frame_001860.jpg,001860
0,Right,20,0.5676350593566895,0.4193929433822632,0.013182933442294598,1089,452,artificial_jewellery,video_20260404_120254,frame_001860.jpg,001860
1,Left,0,0.6757281422615051,0.5968024730682373,-4.5433228734736986e-08,1297,644,artificial_jewellery,video_20260404_120254,frame_001860.jpg,001860
1,Left,1,0.642845869064331,0.5848054885864258,-0.056201230734586716,1234,631,artificial_jewellery,video_20260404_120254,frame_001860.jpg,001860
1,Left,2,0.6209093928337097,0.5257952809333801,-0.07331379503011703,1192,567,artificial_jewellery,video_20260404_120254,frame_001860.jpg,001860
1,Left,3,0.6045541763305664,0.46557486057281494,-0.07664547115564346,1160,502,artificial_jewellery,video_20260404_120254,frame_001860.jpg,001860
1,Left,4,0.5913462042808533,0.4071478247642517,-0.07633740454912186,1135,439,artificial_jewellery,video_20260404_120254,frame_001860.jpg,001860
1,Left,5,0.6770857572555542,0.42841866612434387,-0.04840252548456192,1300,462,artificial_jewellery,video_20260404_120254,frame_001860.jpg,001860
1,Left,6,0.6431158185005188,0.3754093647003174,-0.05450451746582985,1234,405,artificial_jewellery,video_20260404_120254,frame_001860.jpg,001860
1,Left,7,0.6118360161781311,0.3762974143028259,-0.058170389384031296,1174,406,artificial_jewellery,video_20260404_120254,frame_001860.jpg,001860
1,Left,8,0.5872544646263123,0.39206668734550476,-0.05940350145101547,1127,423,artificial_jewellery,video_20260404_120254,frame_001860.jpg,001860
1,Left,9,0.6797236800193787,0.42528989911079407,-0.016947844997048378,1305,459,artificial_jewellery,video_20260404_120254,frame_001860.jpg,001860
1,Left,10,0.6397914290428162,0.38042110204696655,-0.025682348757982254,1228,410,artificial_jewellery,video_20260404_120254,frame_001860.jpg,001860
1,Left,11,0.6062758564949036,0.39006316661834717,-0.034733571112155914,1164,421,artificial_jewellery,video_20260404_120254,frame_001860.jpg,001860
1,Left,12,0.5846831202507019,0.4153490662574768,-0.03951704129576683,1122,448,artificial_jewellery,video_20260404_120254,frame_001860.jpg,001860
1,Left,13,0.6754222512245178,0.4308943450450897,0.01165036391466856,1296,465,artificial_jewellery,video_20260404_120254,frame_001860.jpg,001860
1,Left,14,0.6384413242340088,0.392823725938797,0.0020567767787724733,1225,424,artificial_jewellery,video_20260404_120254,frame_001860.jpg,001860
1,Left,15,0.6091976761817932,0.3998485207557678,-0.008800791576504707,1169,431,artificial_jewellery,video_20260404_120254,frame_001860.jpg,001860
1,Left,16,0.5917403101921082,0.41767755150794983,-0.01451666746288538,1136,451,artificial_jewellery,video_20260404_120254,frame_001860.jpg,001860
1,Left,17,0.6694759130477905,0.43846258521080017,0.0369613915681839,1285,473,artificial_jewellery,video_20260404_120254,frame_001860.jpg,001860
1,Left,18,0.6399012804031372,0.4149368405342102,0.024220967665314674,1228,448,artificial_jewellery,video_20260404_120254,frame_001860.jpg,001860
1,Left,19,0.6157961487770081,0.4204806387424469,0.013893974013626575,1182,454,artificial_jewellery,video_20260404_120254,frame_001860.jpg,001860
1,Left,20,0.6020519733428955,0.4323550760746002,0.009180610999464989,1155,466,artificial_jewellery,video_20260404_120254,frame_001860.jpg,001860
0,Right,0,0.4432327151298523,0.4919961094856262,4.470205396955862e-07,851,531,artificial_jewellery,video_20260404_120254,frame_002430.jpg,002430
0,Right,1,0.48317885398864746,0.46509361267089844,-0.04414801299571991,927,502,artificial_jewellery,video_20260404_120254,frame_002430.jpg,002430
0,Right,2,0.5195879936218262,0.4011523127555847,-0.05264400318264961,997,433,artificial_jewellery,video_20260404_120254,frame_002430.jpg,002430
0,Right,3,0.5579145550727844,0.3572218120098114,-0.04910977557301521,1071,385,artificial_jewellery,video_20260404_120254,frame_002430.jpg,002430
0,Right,4,0.5888694524765015,0.31637269258499146,-0.041658759117126465,1130,341,artificial_jewellery,video_20260404_120254,frame_002430.jpg,002430
0,Right,5,0.46754464507102966,0.2817879021167755,-0.027410637587308884,897,304,artificial_jewellery,video_20260404_120254,frame_002430.jpg,002430
0,Right,6,0.5237175822257996,0.24021247029304504,-0.02623644284904003,1005,259,artificial_jewellery,video_20260404_120254,frame_002430.jpg,002430
0,Right,7,0.5602357387542725,0.252575546503067,-0.02837686613202095,1075,272,artificial_jewellery,video_20260404_120254,frame_002430.jpg,002430
0,Right,8,0.5829018354415894,0.2721076011657715,-0.029604190960526466,1119,293,artificial_jewellery,video_20260404_120254,frame_002430.jpg,002430
0,Right,9,0.461130291223526,0.2836192548274994,0.0005939323455095291,885,306,artificial_jewellery,video_20260404_120254,frame_002430.jpg,002430
0,Right,10,0.5187690854072571,0.2519444525241852,0.00477065984159708,996,272,artificial_jewellery,video_20260404_120254,frame_002430.jpg,002430
0,Right,11,0.5568781495094299,0.26589590311050415,0.0012774539645761251,1069,287,artificial_jewellery,video_20260404_120254,frame_002430.jpg,002430
0,Right,12,0.5817095637321472,0.29106569290161133,-0.0025498713366687298,1116,314,artificial_jewellery,video_20260404_120254,frame_002430.jpg,002430
0,Right,13,0.4604571461677551,0.3017562925815582,0.0256339218467474,884,325,artificial_jewellery,video_20260404_120254,frame_002430.jpg,002430
0,Right,14,0.515175461769104,0.2785518765449524,0.026645490899682045,989,300,artificial_jewellery,video_20260404_120254,frame_002430.jpg,002430
0,Right,15,0.5483729839324951,0.28802764415740967,0.016633659601211548,1052,311,artificial_jewellery,video_20260404_120254,frame_002430.jpg,002430
0,Right,16,0.5706074237823486,0.3102743923664093,0.008956736885011196,1095,335,artificial_jewellery,video_20260404_120254,frame_002430.jpg,002430
0,Right,17,0.46552616357803345,0.3225414454936981,0.04764411970973015,893,348,artificial_jewellery,video_20260404_120254,frame_002430.jpg,002430
0,Right,18,0.5077821612358093,0.30562740564346313,0.0421653650701046,974,330,artificial_jewellery,video_20260404_120254,frame_002430.jpg,002430
0,Right,19,0.5333887338638306,0.31071990728378296,0.0318407267332077,1024,335,artificial_jewellery,video_20260404_120254,frame_002430.jpg,002430
0,Right,20,0.5528616905212402,0.32410961389541626,0.0256678257137537,1061,350,artificial_jewellery,video_20260404_120254,frame_002430.jpg,002430
1,Left,0,0.7243663668632507,0.5711516737937927,1.2131494031564216e-07,1390,616,artificial_jewellery,video_20260404_120254,frame_002430.jpg,002430
1,Left,1,0.7030732035636902,0.5391156673431396,-0.0644928589463234,1349,582,artificial_jewellery,video_20260404_120254,frame_002430.jpg,002430
1,Left,2,0.6867392063140869,0.4680025279521942,-0.08464597165584564,1318,505,artificial_jewellery,video_20260404_120254,frame_002430.jpg,002430
1,Left,3,0.6651172637939453,0.4013630151748657,-0.09107862412929535,1277,433,artificial_jewellery,video_20260404_120254,frame_002430.jpg,002430
1,Left,4,0.6433046460151672,0.33925241231918335,-0.094609335064888,1235,366,artificial_jewellery,video_20260404_120254,frame_002430.jpg,002430
1,Left,5,0.7530186176300049,0.3822418451309204,-0.041627444326877594,1445,412,artificial_jewellery,video_20260404_120254,frame_002430.jpg,002430
1,Left,6,0.7256453037261963,0.30775582790374756,-0.04931667819619179,1393,332,artificial_jewellery,video_20260404_120254,frame_002430.jpg,002430
1,Left,7,0.6939015984535217,0.27836331725120544,-0.05950770899653435,1332,300,artificial_jewellery,video_20260404_120254,frame_002430.jpg,002430
1,Left,8,0.6642798781394958,0.2701449394226074,-0.06576894968748093,1275,291,artificial_jewellery,video_20260404_120254,frame_002430.jpg,002430
1,Left,9,0.7461322546005249,0.38104447722435,-0.00734908040612936,1432,411,artificial_jewellery,video_20260404_120254,frame_002430.jpg,002430
1,Left,10,0.7204286456108093,0.3119037449359894,-0.01481626182794571,1383,336,artificial_jewellery,video_20260404_120254,frame_002430.jpg,002430
1,Left,11,0.686866044998169,0.29087191820144653,-0.028891928493976593,1318,314,artificial_jewellery,video_20260404_120254,frame_002430.jpg,002430
1,Left,12,0.6563240885734558,0.2996513843536377,-0.0377642996609211,1260,323,artificial_jewellery,video_20260404_120254,frame_002430.jpg,002430
1,Left,13,0.7343063950538635,0.39074793457984924,0.022423991933465004,1409,422,artificial_jewellery,video_20260404_120254,frame_002430.jpg,002430
1,Left,14,0.7089503407478333,0.33807167410850525,0.014015533030033112,1361,365,artificial_jewellery,video_20260404_120254,frame_002430.jpg,002430
1,Left,15,0.6787869334220886,0.327901154756546,-0.000517949229106307,1303,354,artificial_jewellery,video_20260404_120254,frame_002430.jpg,002430
1,Left,16,0.6540393829345703,0.33686965703964233,-0.008477785624563694,1255,363,artificial_jewellery,video_20260404_120254,frame_002430.jpg,002430
1,Left,17,0.7232622504234314,0.4031223654747009,0.047706663608551025,1388,435,artificial_jewellery,video_20260404_120254,frame_002430.jpg,002430
1,Left,18,0.7019312977790833,0.36376285552978516,0.03660136088728905,1347,392,artificial_jewellery,video_20260404_120254,frame_002430.jpg,002430
1,Left,19,0.6785681247711182,0.35389232635498047,0.025080101564526558,1302,382,artificial_jewellery,video_20260404_120254,frame_002430.jpg,002430
1,Left,20,0.6600832939147949,0.3610517382621765,0.019057488068938255,1267,389,artificial_jewellery,video_20260404_120254,frame_002430.jpg,002430
0,Right,0,0.4288330376148224,0.5129766464233398,2.9511656407521514e-07,823,554,artificial_jewellery,video_20260404_120254,frame_002460.jpg,002460
0,Right,1,0.47054845094680786,0.4771726131439209,-0.03802952170372009,903,515,artificial_jewellery,video_20260404_120254,frame_002460.jpg,002460
0,Right,2,0.5063310861587524,0.4184069335460663,-0.04551083967089653,972,451,artificial_jewellery,video_20260404_120254,frame_002460.jpg,002460
0,Right,3,0.5414606332778931,0.37296733260154724,-0.04298526421189308,1039,402,artificial_jewellery,video_20260404_120254,frame_002460.jpg,002460
0,Right,4,0.5682257413864136,0.33794963359832764,-0.036833252757787704,1090,364,artificial_jewellery,video_20260404_120254,frame_002460.jpg,002460
0,Right,5,0.45280641317367554,0.3056145906448364,-0.020906612277030945,869,330,artificial_jewellery,video_20260404_120254,frame_002460.jpg,002460
0,Right,6,0.5083428621292114,0.2640572190284729,-0.018310261890292168,976,285,artificial_jewellery,video_20260404_120254,frame_002460.jpg,002460
0,Right,7,0.5432617664337158,0.2820257246494293,-0.018980098888278008,1043,304,artificial_jewellery,video_20260404_120254,frame_002460.jpg,002460
0,Right,8,0.5622159242630005,0.30512237548828125,-0.019138941541314125,1079,329,artificial_jewellery,video_20260404_120254,frame_002460.jpg,002460
0,Right,9,0.44480592012405396,0.31291836500167847,0.003650951199233532,854,337,artificial_jewellery,video_20260404_120254,frame_002460.jpg,002460
0,Right,10,0.5024888515472412,0.2806837856769562,0.008833751082420349,964,303,artificial_jewellery,video_20260404_120254,frame_002460.jpg,002460
0,Right,11,0.5376511812210083,0.2979138493537903,0.00574804050847888,1032,321,artificial_jewellery,video_20260404_120254,frame_002460.jpg,002460
0,Right,12,0.5596967935562134,0.32364094257354736,0.0017748556565493345,1074,349,artificial_jewellery,video_20260404_120254,frame_002460.jpg,002460
0,Right,13,0.44395536184310913,0.33298882842063904,0.025780830532312393,852,359,artificial_jewellery,video_20260404_120254,frame_002460.jpg,002460
0,Right,14,0.4953528344631195,0.3113011121749878,0.02906195819377899,951,336,artificial_jewellery,video_20260404_120254,frame_002460.jpg,002460
0,Right,15,0.5259475708007812,0.3198539614677429,0.020067322999238968,1009,345,artificial_jewellery,video_20260404_120254,frame_002460.jpg,002460
0,Right,16,0.5468170046806335,0.3423769474029541,0.01238930132240057,1049,369,artificial_jewellery,video_20260404_120254,frame_002460.jpg,002460
0,Right,17,0.44731876254081726,0.3542872369289398,0.04516021907329559,858,382,artificial_jewellery,video_20260404_120254,frame_002460.jpg,002460
0,Right,18,0.486108660697937,0.3376685082912445,0.04367956146597862,933,364,artificial_jewellery,video_20260404_120254,frame_002460.jpg,002460
0,Right,19,0.5105571150779724,0.34050679206848145,0.035753216594457626,980,367,artificial_jewellery,video_20260404_120254,frame_002460.jpg,002460
0,Right,20,0.5297366380691528,0.35483670234680176,0.0305105522274971,1017,383,artificial_jewellery,video_20260404_120254,frame_002460.jpg,002460
1,Left,0,0.7181879878044128,0.581710159778595,1.1066728866637732e-08,1378,628,artificial_jewellery,video_20260404_120254,frame_002460.jpg,002460
1,Left,1,0.6910355687141418,0.5581027865409851,-0.06277191638946533,1326,602,artificial_jewellery,video_20260404_120254,frame_002460.jpg,002460
1,Left,2,0.6734406352043152,0.48813527822494507,-0.08398456126451492,1293,527,artificial_jewellery,video_20260404_120254,frame_002460.jpg,002460
1,Left,3,0.6542727947235107,0.420178085565567,-0.09161218255758286,1256,453,artificial_jewellery,video_20260404_120254,frame_002460.jpg,002460
1,Left,4,0.6327526569366455,0.3594196140766144,-0.09611144661903381,1214,388,artificial_jewellery,video_20260404_120254,frame_002460.jpg,002460
1,Left,5,0.7419920563697815,0.40848639607429504,-0.04864981025457382,1424,441,artificial_jewellery,video_20260404_120254,frame_002460.jpg,002460
1,Left,6,0.7170353531837463,0.3261226415634155,-0.060048907995224,1376,352,artificial_jewellery,video_20260404_120254,frame_002460.jpg,002460
1,Left,7,0.6843022108078003,0.29878297448158264,-0.07077721506357193,1313,322,artificial_jewellery,video_20260404_120254,frame_002460.jpg,002460
1,Left,8,0.6566453576087952,0.29254013299942017,-0.07654715329408646,1260,315,artificial_jewellery,video_20260404_120254,frame_002460.jpg,002460
1,Left,9,0.7404488921165466,0.4035337269306183,-0.01585029438138008,1421,435,artificial_jewellery,video_20260404_120254,frame_002460.jpg,002460
1,Left,10,0.7147113680839539,0.3270258605480194,-0.02734079770743847,1372,353,artificial_jewellery,video_20260404_120254,frame_002460.jpg,002460
1,Left,11,0.6807562708854675,0.3088539242744446,-0.04056296870112419,1307,333,artificial_jewellery,video_20260404_120254,frame_002460.jpg,002460
1,Left,12,0.6533136367797852,0.3174358308315277,-0.048088978976011276,1254,342,artificial_jewellery,video_20260404_120254,frame_002460.jpg,002460
1,Left,13,0.7309523224830627,0.40985071659088135,0.012864972464740276,1403,442,artificial_jewellery,video_20260404_120254,frame_002460.jpg,002460
1,Left,14,0.7057420611381531,0.34978023171424866,0.0013337922282516956,1355,377,artificial_jewellery,video_20260404_120254,frame_002460.jpg,002460
1,Left,15,0.6754145622253418,0.33978384733200073,-0.01272466592490673,1296,366,artificial_jewellery,video_20260404_120254,frame_002460.jpg,002460
1,Left,16,0.654029369354248,0.3485868573188782,-0.019874332472682,1255,376,artificial_jewellery,video_20260404_120254,frame_002460.jpg,002460
1,Left,17,0.7202325463294983,0.4189048707485199,0.03744896128773689,1382,452,artificial_jewellery,video_20260404_120254,frame_002460.jpg,002460
1,Left,18,0.6970095634460449,0.3750937879085541,0.024785708636045456,1338,405,artificial_jewellery,video_20260404_120254,frame_002460.jpg,002460
1,Left,19,0.6745407581329346,0.36447978019714355,0.013256416656076908,1295,393,artificial_jewellery,video_20260404_120254,frame_002460.jpg,002460
1,Left,20,0.6593931913375854,0.3704947829246521,0.007560823578387499,1266,400,artificial_jewellery,video_20260404_120254,frame_002460.jpg,002460
0,Right,0,0.44086912274360657,0.4789140224456787,3.216316315501899e-07,846,517,artificial_jewellery,video_20260404_120254,frame_002490.jpg,002490
0,Right,1,0.4824363589286804,0.45805639028549194,-0.03634537011384964,926,494,artificial_jewellery,video_20260404_120254,frame_002490.jpg,002490
0,Right,2,0.5226389765739441,0.400158166885376,-0.04018731787800789,1003,432,artificial_jewellery,video_20260404_120254,frame_002490.jpg,002490
0,Right,3,0.5595800280570984,0.3651413321495056,-0.033397823572158813,1074,394,artificial_jewellery,video_20260404_120254,frame_002490.jpg,002490
0,Right,4,0.5871883630752563,0.3395490348339081,-0.02341325581073761,1127,366,artificial_jewellery,video_20260404_120254,frame_002490.jpg,002490
0,Right,5,0.48173147439956665,0.2843342423439026,-0.019671639427542686,924,307,artificial_jewellery,video_20260404_120254,frame_002490.jpg,002490
0,Right,6,0.5354939699172974,0.2646588087081909,-0.015377817675471306,1028,285,artificial_jewellery,video_20260404_120254,frame_002490.jpg,002490
0,Right,7,0.5678721070289612,0.28537118434906006,-0.015325166285037994,1090,308,artificial_jewellery,video_20260404_120254,frame_002490.jpg,002490
0,Right,8,0.5876199007034302,0.3084713816642761,-0.015499654226005077,1128,333,artificial_jewellery,video_20260404_120254,frame_002490.jpg,002490
0,Right,9,0.46966251730918884,0.2909071743488312,0.004999129567295313,901,314,artificial_jewellery,video_20260404_120254,frame_002490.jpg,002490
0,Right,10,0.5249300599098206,0.281973272562027,0.011979511938989162,1007,304,artificial_jewellery,video_20260404_120254,frame_002490.jpg,002490
0,Right,11,0.5578756928443909,0.3055838346481323,0.01070913951843977,1071,330,artificial_jewellery,video_20260404_120254,frame_002490.jpg,002490
0,Right,12,0.579224169254303,0.33327552676200867,0.007913910783827305,1112,359,artificial_jewellery,video_20260404_120254,frame_002490.jpg,002490
0,Right,13,0.46371594071388245,0.31393179297447205,0.027188275009393692,890,339,artificial_jewellery,video_20260404_120254,frame_002490.jpg,002490
0,Right,14,0.5161099433898926,0.3100926876068115,0.02965296246111393,990,334,artificial_jewellery,video_20260404_120254,frame_002490.jpg,002490
0,Right,15,0.5462458729743958,0.32628944516181946,0.020101025700569153,1048,352,artificial_jewellery,video_20260404_120254,frame_002490.jpg,002490
0,Right,16,0.5668790340423584,0.35016584396362305,0.01242957916110754,1088,378,artificial_jewellery,video_20260404_120254,frame_002490.jpg,002490
0,Right,17,0.464145690202713,0.33821752667427063,0.0470699779689312,891,365,artificial_jewellery,video_20260404_120254,frame_002490.jpg,002490
0,Right,18,0.5049034357070923,0.33775997161865234,0.042706526815891266,969,364,artificial_jewellery,video_20260404_120254,frame_002490.jpg,002490
0,Right,19,0.5283748507499695,0.34931784868240356,0.03267456591129303,1014,377,artificial_jewellery,video_20260404_120254,frame_002490.jpg,002490
0,Right,20,0.5461690425872803,0.3665499985218048,0.026370149105787277,1048,395,artificial_jewellery,video_20260404_120254,frame_002490.jpg,002490
1,Left,0,0.716871440410614,0.5809481739997864,4.568175171471012e-08,1376,627,artificial_jewellery,video_20260404_120254,frame_002490.jpg,002490
1,Left,1,0.6867581009864807,0.5704586505889893,-0.06642704457044601,1318,616,artificial_jewellery,video_20260404_120254,frame_002490.jpg,002490
1,Left,2,0.6651968955993652,0.503113865852356,-0.0939408615231514,1277,543,artificial_jewellery,video_20260404_120254,frame_002490.jpg,002490
1,Left,3,0.6466912031173706,0.43046292662620544,-0.10422307252883911,1241,464,artificial_jewellery,video_20260404_120254,frame_002490.jpg,002490
1,Left,4,0.6260051131248474,0.3711397051811218,-0.1105286180973053,1201,400,artificial_jewellery,video_20260404_120254,frame_002490.jpg,002490
1,Left,5,0.7343363761901855,0.4335368573665619,-0.08919478207826614,1409,468,artificial_jewellery,video_20260404_120254,frame_002490.jpg,002490
1,Left,6,0.7110235691070557,0.3391690254211426,-0.10817620158195496,1365,366,artificial_jewellery,video_20260404_120254,frame_002490.jpg,002490
1,Left,7,0.6774492263793945,0.30883803963661194,-0.11467815190553665,1300,333,artificial_jewellery,video_20260404_120254,frame_002490.jpg,002490
1,Left,8,0.6454012989997864,0.2987077236175537,-0.11600302159786224,1239,322,artificial_jewellery,video_20260404_120254,frame_002490.jpg,002490
1,Left,9,0.7452576160430908,0.41451114416122437,-0.05584545433521271,1430,447,artificial_jewellery,video_20260404_120254,frame_002490.jpg,002490
1,Left,10,0.7317807674407959,0.30263614654541016,-0.07846246659755707,1405,326,artificial_jewellery,video_20260404_120254,frame_002490.jpg,002490
1,Left,11,0.697274386882782,0.26848265528678894,-0.08588211238384247,1338,289,artificial_jewellery,video_20260404_120254,frame_002490.jpg,002490
1,Left,12,0.6640302538871765,0.262434184551239,-0.087272509932518,1274,283,artificial_jewellery,video_20260404_120254,frame_002490.jpg,002490
1,Left,13,0.741799533367157,0.40609094500541687,-0.02408049814403057,1424,438,artificial_jewellery,video_20260404_120254,frame_002490.jpg,002490
1,Left,14,0.7195839285850525,0.32632482051849365,-0.04455963894724846,1381,352,artificial_jewellery,video_20260404_120254,frame_002490.jpg,002490
1,Left,15,0.6843371391296387,0.30529654026031494,-0.05391377955675125,1313,329,artificial_jewellery,video_20260404_120254,frame_002490.jpg,002490
1,Left,16,0.6545360088348389,0.29798033833503723,-0.05645481497049332,1256,321,artificial_jewellery,video_20260404_120254,frame_002490.jpg,002490
1,Left,17,0.7326819896697998,0.4036591947078705,0.004329000599682331,1406,435,artificial_jewellery,video_20260404_120254,frame_002490.jpg,002490
1,Left,18,0.7096467018127441,0.3557249903678894,-0.013483045622706413,1362,384,artificial_jewellery,video_20260404_120254,frame_002490.jpg,002490
1,Left,19,0.6820840239524841,0.34644588828086853,-0.02276068553328514,1309,374,artificial_jewellery,video_20260404_120254,frame_002490.jpg,002490
1,Left,20,0.6573758721351624,0.34120070934295654,-0.026461491361260414,1262,368,artificial_jewellery,video_20260404_120254,frame_002490.jpg,002490
0,Right,0,0.451240211725235,0.49044764041900635,3.068799969696556e-07,866,529,artificial_jewellery,video_20260404_120254,frame_002520.jpg,002520
0,Right,1,0.4820978045463562,0.46507203578948975,-0.039104949682950974,925,502,artificial_jewellery,video_20260404_120254,frame_002520.jpg,002520
0,Right,2,0.5143202543258667,0.4065312147140503,-0.04480470344424248,987,439,artificial_jewellery,video_20260404_120254,frame_002520.jpg,002520
0,Right,3,0.5475671887397766,0.3648811876773834,-0.04114104062318802,1051,394,artificial_jewellery,video_20260404_120254,frame_002520.jpg,002520
0,Right,4,0.5747348666191101,0.33641472458839417,-0.03434485197067261,1103,363,artificial_jewellery,video_20260404_120254,frame_002520.jpg,002520
0,Right,5,0.4827672243118286,0.31174853444099426,-0.0162910595536232,926,336,artificial_jewellery,video_20260404_120254,frame_002520.jpg,002520
0,Right,6,0.528132975101471,0.27411291003227234,-0.018465407192707062,1014,296,artificial_jewellery,video_20260404_120254,frame_002520.jpg,002520
0,Right,7,0.5588797926902771,0.28717803955078125,-0.024135645478963852,1073,310,artificial_jewellery,video_20260404_120254,frame_002520.jpg,002520
0,Right,8,0.5781666040420532,0.30824828147888184,-0.02767445333302021,1110,332,artificial_jewellery,video_20260404_120254,frame_002520.jpg,002520
0,Right,9,0.48470619320869446,0.3228286802768707,0.007302032317966223,930,348,artificial_jewellery,video_20260404_120254,frame_002520.jpg,002520
0,Right,10,0.5282177329063416,0.29341667890548706,0.005896758288145065,1014,316,artificial_jewellery,video_20260404_120254,frame_002520.jpg,002520
0,Right,11,0.5581957697868347,0.31145182251930237,-0.0025417038705199957,1071,336,artificial_jewellery,video_20260404_120254,frame_002520.jpg,002520
0,Right,12,0.5777522921562195,0.3371061384677887,-0.00846570823341608,1109,364,artificial_jewellery,video_20260404_120254,frame_002520.jpg,002520
0,Right,13,0.4895477294921875,0.3449632525444031,0.027468262240290642,939,372,artificial_jewellery,video_20260404_120254,frame_002520.jpg,002520
0,Right,14,0.530724823474884,0.32644742727279663,0.023041987791657448,1018,352,artificial_jewellery,video_20260404_120254,frame_002520.jpg,002520
0,Right,15,0.5563454627990723,0.33876562118530273,0.009469729848206043,1068,365,artificial_jewellery,video_20260404_120254,frame_002520.jpg,002520
0,Right,16,0.5729764699935913,0.36202216148376465,0.0009478863794356585,1100,390,artificial_jewellery,video_20260404_120254,frame_002520.jpg,002520
0,Right,17,0.49614712595939636,0.36912205815315247,0.04501282423734665,952,398,artificial_jewellery,video_20260404_120254,frame_002520.jpg,002520
0,Right,18,0.5286414623260498,0.3601328134536743,0.037155840545892715,1014,388,artificial_jewellery,video_20260404_120254,frame_002520.jpg,002520
0,Right,19,0.5475105047225952,0.3705500364303589,0.025820359587669373,1051,400,artificial_jewellery,video_20260404_120254,frame_002520.jpg,002520
0,Right,20,0.5613665580749512,0.3899228870868683,0.019383741542696953,1077,421,artificial_jewellery,video_20260404_120254,frame_002520.jpg,002520
1,Left,0,0.7397116422653198,0.5960994362831116,-1.7075772973385028e-07,1420,643,artificial_jewellery,video_20260404_120254,frame_002520.jpg,002520
1,Left,1,0.6984552145004272,0.5758579969406128,-0.06127217411994934,1341,621,artificial_jewellery,video_20260404_120254,frame_002520.jpg,002520
1,Left,2,0.6747410893440247,0.5007297992706299,-0.08274468779563904,1295,540,artificial_jewellery,video_20260404_120254,frame_002520.jpg,002520
1,Left,3,0.6563878059387207,0.42874565720558167,-0.08538322150707245,1260,463,artificial_jewellery,video_20260404_120254,frame_002520.jpg,002520
1,Left,4,0.6329829692840576,0.3687874972820282,-0.08431173861026764,1215,398,artificial_jewellery,video_20260404_120254,frame_002520.jpg,002520
1,Left,5,0.7413792014122009,0.4209742248058319,-0.08568352460861206,1423,454,artificial_jewellery,video_20260404_120254,frame_002520.jpg,002520
1,Left,6,0.6969200372695923,0.3408931493759155,-0.09043508023023605,1338,368,artificial_jewellery,video_20260404_120254,frame_002520.jpg,002520
1,Left,7,0.6584621071815491,0.32648152112960815,-0.08598899841308594,1264,352,artificial_jewellery,video_20260404_120254,frame_002520.jpg,002520
1,Left,8,0.6290039420127869,0.327352374792099,-0.08090915530920029,1207,353,artificial_jewellery,video_20260404_120254,frame_002520.jpg,002520
1,Left,9,0.7524635195732117,0.41015493869781494,-0.04785320162773132,1444,442,artificial_jewellery,video_20260404_120254,frame_002520.jpg,002520
1,Left,10,0.7109841108322144,0.3228660821914673,-0.052655283361673355,1365,348,artificial_jewellery,video_20260404_120254,frame_002520.jpg,002520
1,Left,11,0.6663280725479126,0.32486557960510254,-0.04837287589907646,1279,350,artificial_jewellery,video_20260404_120254,frame_002520.jpg,002520
1,Left,12,0.6366419196128845,0.344356894493103,-0.04491424560546875,1222,371,artificial_jewellery,video_20260404_120254,frame_002520.jpg,002520
1,Left,13,0.751521110534668,0.40728092193603516,-0.010355525650084019,1442,439,artificial_jewellery,video_20260404_120254,frame_002520.jpg,002520
1,Left,14,0.7148415446281433,0.3355270326137543,-0.015312572941184044,1372,362,artificial_jewellery,video_20260404_120254,frame_002520.jpg,002520
1,Left,15,0.6771833300590515,0.34542879462242126,-0.0187827181071043,1300,373,artificial_jewellery,video_20260404_120254,frame_002520.jpg,002520
1,Left,16,0.654780387878418,0.36264991760253906,-0.021635672077536583,1257,391,artificial_jewellery,video_20260404_120254,frame_002520.jpg,002520
1,Left,17,0.7470406293869019,0.4062674045562744,0.02407834678888321,1434,438,artificial_jewellery,video_20260404_120254,frame_002520.jpg,002520
1,Left,18,0.7180060148239136,0.3686490058898926,0.01684994250535965,1378,398,artificial_jewellery,video_20260404_120254,frame_002520.jpg,002520
1,Left,19,0.6902497410774231,0.37544456124305725,0.010309490375220776,1325,405,artificial_jewellery,video_20260404_120254,frame_002520.jpg,002520
1,Left,20,0.6725203990936279,0.38873928785324097,0.005909536965191364,1291,419,artificial_jewellery,video_20260404_120254,frame_002520.jpg,002520
0,Left,0,0.7032859325408936,0.6367272734642029,-2.292595837616318e-07,1350,687,artificial_jewellery,video_20260404_120254,frame_002550.jpg,002550
0,Left,1,0.6594864726066589,0.6408534049987793,-0.02368639037013054,1266,692,artificial_jewellery,video_20260404_120254,frame_002550.jpg,002550
0,Left,2,0.6267123818397522,0.5875534415245056,-0.036066342145204544,1203,634,artificial_jewellery,video_20260404_120254,frame_002550.jpg,002550
0,Left,3,0.6156489849090576,0.516815185546875,-0.039620403200387955,1182,558,artificial_jewellery,video_20260404_120254,frame_002550.jpg,002550
0,Left,4,0.6128937602043152,0.4703259766101837,-0.03876112401485443,1176,507,artificial_jewellery,video_20260404_120254,frame_002550.jpg,002550
0,Left,5,0.6732942461967468,0.5383902192115784,-0.07184199243783951,1292,581,artificial_jewellery,video_20260404_120254,frame_002550.jpg,002550
0,Left,6,0.6403653621673584,0.4318581223487854,-0.08254183828830719,1229,466,artificial_jewellery,video_20260404_120254,frame_002550.jpg,002550
0,Left,7,0.6139360070228577,0.4182124137878418,-0.07066168636083603,1178,451,artificial_jewellery,video_20260404_120254,frame_002550.jpg,002550
0,Left,8,0.5950814485549927,0.43265390396118164,-0.05787940323352814,1142,467,artificial_jewellery,video_20260404_120254,frame_002550.jpg,002550
0,Left,9,0.7003260254859924,0.5104547142982483,-0.05914589390158653,1344,551,artificial_jewellery,video_20260404_120254,frame_002550.jpg,002550
0,Left,10,0.6549415588378906,0.40628451108932495,-0.07247810065746307,1257,438,artificial_jewellery,video_20260404_120254,frame_002550.jpg,002550
0,Left,11,0.6219689846038818,0.40694835782051086,-0.05617880821228027,1194,439,artificial_jewellery,video_20260404_120254,frame_002550.jpg,002550
0,Left,12,0.6051839590072632,0.4324590563774109,-0.0405084490776062,1161,467,artificial_jewellery,video_20260404_120254,frame_002550.jpg,002550
0,Left,13,0.7147217392921448,0.4922425448894501,-0.04495684802532196,1372,531,artificial_jewellery,video_20260404_120254,frame_002550.jpg,002550
0,Left,14,0.6760110259056091,0.3930777907371521,-0.057142473757267,1297,424,artificial_jewellery,video_20260404_120254,frame_002550.jpg,002550
0,Left,15,0.6448686122894287,0.39030957221984863,-0.043475665152072906,1238,421,artificial_jewellery,video_20260404_120254,frame_002550.jpg,002550
0,Left,16,0.6269921660423279,0.4093066155910492,-0.02942935936152935,1203,442,artificial_jewellery,video_20260404_120254,frame_002550.jpg,002550
0,Left,17,0.721377968788147,0.4857541620731354,-0.031304460018873215,1385,524,artificial_jewellery,video_20260404_120254,frame_002550.jpg,002550
0,Left,18,0.698591411113739,0.4049804210662842,-0.041017256677150726,1341,437,artificial_jewellery,video_20260404_120254,frame_002550.jpg,002550
0,Left,19,0.6745511889457703,0.3793542683124542,-0.03755028918385506,1295,409,artificial_jewellery,video_20260404_120254,frame_002550.jpg,002550
0,Left,20,0.6570547819137573,0.37589722871780396,-0.0311242938041687,1261,405,artificial_jewellery,video_20260404_120254,frame_002550.jpg,002550
1,Right,0,0.4462941884994507,0.578701376914978,3.21333686770231e-07,856,624,artificial_jewellery,video_20260404_120254,frame_002550.jpg,002550
1,Right,1,0.47759580612182617,0.5496152639389038,-0.033030856400728226,916,593,artificial_jewellery,video_20260404_120254,frame_002550.jpg,002550
1,Right,2,0.5104596018791199,0.5081738829612732,-0.03751258924603462,980,548,artificial_jewellery,video_20260404_120254,frame_002550.jpg,002550
1,Right,3,0.5428921580314636,0.483351469039917,-0.035027988255023956,1042,522,artificial_jewellery,video_20260404_120254,frame_002550.jpg,002550
1,Right,4,0.5694600939750671,0.4640050232410431,-0.02952665649354458,1093,501,artificial_jewellery,video_20260404_120254,frame_002550.jpg,002550
1,Right,5,0.48937591910362244,0.4154665470123291,-0.007037052419036627,939,448,artificial_jewellery,video_20260404_120254,frame_002550.jpg,002550
1,Right,6,0.5343989133834839,0.396630197763443,-0.010381744243204594,1026,428,artificial_jewellery,video_20260404_120254,frame_002550.jpg,002550
1,Right,7,0.5634405612945557,0.4149506688117981,-0.017672328278422356,1081,448,artificial_jewellery,video_20260404_120254,frame_002550.jpg,002550
1,Right,8,0.5820997953414917,0.4408259987831116,-0.02214476466178894,1117,476,artificial_jewellery,video_20260404_120254,frame_002550.jpg,002550
1,Right,9,0.4891113042831421,0.43603062629699707,0.0123074846342206,939,470,artificial_jewellery,video_20260404_120254,frame_002550.jpg,002550
1,Right,10,0.5321498513221741,0.4240143299102783,0.008533834479749203,1021,457,artificial_jewellery,video_20260404_120254,frame_002550.jpg,002550
1,Right,11,0.5622069835662842,0.4458637237548828,-0.004156084731221199,1079,481,artificial_jewellery,video_20260404_120254,frame_002550.jpg,002550
1,Right,12,0.5831408500671387,0.47211340069770813,-0.013211250305175781,1119,509,artificial_jewellery,video_20260404_120254,frame_002550.jpg,002550
1,Right,13,0.4919668734073639,0.4642247259616852,0.02824634499847889,944,501,artificial_jewellery,video_20260404_120254,frame_002550.jpg,002550
1,Right,14,0.531218409538269,0.4654150903224945,0.021934175863862038,1019,502,artificial_jewellery,video_20260404_120254,frame_002550.jpg,002550
1,Right,15,0.5576684474945068,0.481021523475647,0.004283635411411524,1070,519,artificial_jewellery,video_20260404_120254,frame_002550.jpg,002550
1,Right,16,0.5755937099456787,0.5081956386566162,-0.006949230562895536,1105,548,artificial_jewellery,video_20260404_120254,frame_002550.jpg,002550
1,Right,17,0.4960804283618927,0.4929237961769104,0.04208806902170181,952,532,artificial_jewellery,video_20260404_120254,frame_002550.jpg,002550
1,Right,18,0.5268591046333313,0.4971866011619568,0.03445558622479439,1011,536,artificial_jewellery,video_20260404_120254,frame_002550.jpg,002550
1,Right,19,0.5477294921875,0.5064037442207336,0.021310608834028244,1051,546,artificial_jewellery,video_20260404_120254,frame_002550.jpg,002550
1,Right,20,0.5639141201972961,0.525795042514801,0.012948921881616116,1082,567,artificial_jewellery,video_20260404_120254,frame_002550.jpg,002550
0,Right,0,0.4424574375152588,0.6100748181343079,4.573890635128919e-07,849,658,artificial_jewellery,video_20260404_120254,frame_002580.jpg,002580
0,Right,1,0.47386497259140015,0.5907363891601562,-0.042768318206071854,909,637,artificial_jewellery,video_20260404_120254,frame_002580.jpg,002580
0,Right,2,0.5074144005775452,0.542462944984436,-0.05498150363564491,974,585,artificial_jewellery,video_20260404_120254,frame_002580.jpg,002580
0,Right,3,0.5437199473381042,0.5073918700218201,-0.05722033977508545,1043,547,artificial_jewellery,video_20260404_120254,frame_002580.jpg,002580
0,Right,4,0.5739728808403015,0.48139941692352295,-0.055955495685338974,1102,519,artificial_jewellery,video_20260404_120254,frame_002580.jpg,002580
0,Right,5,0.4682634174823761,0.4136143922805786,-0.031034644693136215,899,446,artificial_jewellery,video_20260404_120254,frame_002580.jpg,002580
0,Right,6,0.52476567029953,0.39228659868240356,-0.039035722613334656,1007,423,artificial_jewellery,video_20260404_120254,frame_002580.jpg,002580
0,Right,7,0.5595482587814331,0.41009899973869324,-0.04712501913309097,1074,442,artificial_jewellery,video_20260404_120254,frame_002580.jpg,002580
0,Right,8,0.5817103385925293,0.4371436834335327,-0.05193249136209488,1116,472,artificial_jewellery,video_20260404_120254,frame_002580.jpg,002580
0,Right,9,0.47093844413757324,0.4193538725376129,-0.008467517793178558,904,452,artificial_jewellery,video_20260404_120254,frame_002580.jpg,002580
0,Right,10,0.5278807878494263,0.4127274453639984,-0.016766637563705444,1013,445,artificial_jewellery,video_20260404_120254,frame_002580.jpg,002580
0,Right,11,0.5607560873031616,0.43848222494125366,-0.02602141909301281,1076,473,artificial_jewellery,video_20260404_120254,frame_002580.jpg,002580
0,Right,12,0.5819233655929565,0.47122615575790405,-0.031647518277168274,1117,508,artificial_jewellery,video_20260404_120254,frame_002580.jpg,002580
0,Right,13,0.47823911905288696,0.4415866434574127,0.011083477176725864,918,476,artificial_jewellery,video_20260404_120254,frame_002580.jpg,002580
0,Right,14,0.5305893421173096,0.4410519003868103,0.0013469536788761616,1018,476,artificial_jewellery,video_20260404_120254,frame_002580.jpg,002580
0,Right,15,0.5589735507965088,0.4597943127155304,-0.010499130003154278,1073,496,artificial_jewellery,video_20260404_120254,frame_002580.jpg,002580
0,Right,16,0.5779778957366943,0.4877949357032776,-0.01695071905851364,1109,526,artificial_jewellery,video_20260404_120254,frame_002580.jpg,002580
0,Right,17,0.4871056377887726,0.46899905800819397,0.027767078951001167,935,506,artificial_jewellery,video_20260404_120254,frame_002580.jpg,002580
0,Right,18,0.5285813808441162,0.4741952419281006,0.015696752816438675,1014,512,artificial_jewellery,video_20260404_120254,frame_002580.jpg,002580
0,Right,19,0.5512388348579407,0.48871198296546936,0.004914406221359968,1058,527,artificial_jewellery,video_20260404_120254,frame_002580.jpg,002580
0,Right,20,0.5681095123291016,0.5107528567314148,0.00013508653501048684,1090,551,artificial_jewellery,video_20260404_120254,frame_002580.jpg,002580
0,Right,0,0.46969833970069885,0.6045079827308655,4.541019222870091e-07,901,652,artificial_jewellery,video_20260404_120254,frame_002610.jpg,002610
0,Right,1,0.49497589468955994,0.5806670784950256,-0.03915225341916084,950,627,artificial_jewellery,video_20260404_120254,frame_002610.jpg,002610
0,Right,2,0.5295577049255371,0.5307596921920776,-0.04565782845020294,1016,573,artificial_jewellery,video_20260404_120254,frame_002610.jpg,002610
0,Right,3,0.565372109413147,0.49768736958503723,-0.04252224415540695,1085,537,artificial_jewellery,video_20260404_120254,frame_002610.jpg,002610
0,Right,4,0.5905647277832031,0.47098508477211,-0.03553324192762375,1133,508,artificial_jewellery,video_20260404_120254,frame_002610.jpg,002610
0,Right,5,0.48644012212753296,0.4249611794948578,-0.020117362961173058,933,458,artificial_jewellery,video_20260404_120254,frame_002610.jpg,002610
0,Right,6,0.5343737006187439,0.3875901997089386,-0.023553257808089256,1025,418,artificial_jewellery,video_20260404_120254,frame_002610.jpg,002610
0,Right,7,0.5676559805870056,0.40046027302742004,-0.028564974665641785,1089,432,artificial_jewellery,video_20260404_120254,frame_002610.jpg,002610
0,Right,8,0.5901952981948853,0.42269375920295715,-0.031314969062805176,1133,456,artificial_jewellery,video_20260404_120254,frame_002610.jpg,002610
0,Right,9,0.4921509325504303,0.43455231189727783,0.0025304406881332397,944,469,artificial_jewellery,video_20260404_120254,frame_002610.jpg,002610
0,Right,10,0.5419378876686096,0.4081798791885376,-0.0003157010942231864,1040,440,artificial_jewellery,video_20260404_120254,frame_002610.jpg,002610
0,Right,11,0.5739113092422485,0.42372411489486694,-0.007486536633223295,1101,457,artificial_jewellery,video_20260404_120254,frame_002610.jpg,002610
0,Right,12,0.596043586730957,0.44785675406455994,-0.01228533685207367,1144,483,artificial_jewellery,video_20260404_120254,frame_002610.jpg,002610
0,Right,13,0.5005889534950256,0.4569964110851288,0.02178049646317959,961,493,artificial_jewellery,video_20260404_120254,frame_002610.jpg,002610
0,Right,14,0.5471073389053345,0.4392821788787842,0.01517009362578392,1050,474,artificial_jewellery,video_20260404_120254,frame_002610.jpg,002610
0,Right,15,0.5730870962142944,0.4536038935184479,0.0028312874492257833,1100,489,artificial_jewellery,video_20260404_120254,frame_002610.jpg,002610
0,Right,16,0.590072751045227,0.47749775648117065,-0.004314812831580639,1132,515,artificial_jewellery,video_20260404_120254,frame_002610.jpg,002610
0,Right,17,0.5082744359970093,0.4810740053653717,0.038499731570482254,975,519,artificial_jewellery,video_20260404_120254,frame_002610.jpg,002610
0,Right,18,0.5461188554763794,0.4753972589969635,0.027834957465529442,1048,513,artificial_jewellery,video_20260404_120254,frame_002610.jpg,002610
0,Right,19,0.5677319765090942,0.4866381585597992,0.016339482739567757,1090,525,artificial_jewellery,video_20260404_120254,frame_002610.jpg,002610
0,Right,20,0.58395916223526,0.5051223635673523,0.010702984407544136,1121,545,artificial_jewellery,video_20260404_120254,frame_002610.jpg,002610
0,Right,0,0.4440745711326599,0.6031428575515747,5.673060172739497e-07,852,651,artificial_jewellery,video_20260404_120254,frame_002640.jpg,002640
0,Right,1,0.486984521150589,0.6152204871177673,-0.04383280873298645,935,664,artificial_jewellery,video_20260404_120254,frame_002640.jpg,002640
0,Right,2,0.5274657607078552,0.5712314248085022,-0.06194045767188072,1012,616,artificial_jewellery,video_20260404_120254,frame_002640.jpg,002640
0,Right,3,0.5669646263122559,0.5304911136627197,-0.06866146624088287,1088,572,artificial_jewellery,video_20260404_120254,frame_002640.jpg,002640
0,Right,4,0.5961988568305969,0.4944840371608734,-0.07203052192926407,1144,534,artificial_jewellery,video_20260404_120254,frame_002640.jpg,002640
0,Right,5,0.4741618037223816,0.4487396776676178,-0.059284958988428116,910,484,artificial_jewellery,video_20260404_120254,frame_002640.jpg,002640
0,Right,6,0.5378561019897461,0.39503681659698486,-0.07193125039339066,1032,426,artificial_jewellery,video_20260404_120254,frame_002640.jpg,002640
0,Right,7,0.5767338871955872,0.4084813594818115,-0.07626689970493317,1107,441,artificial_jewellery,video_20260404_120254,frame_002640.jpg,002640
0,Right,8,0.6013556718826294,0.430627703666687,-0.07695446908473969,1154,465,artificial_jewellery,video_20260404_120254,frame_002640.jpg,002640
0,Right,9,0.4576249420642853,0.42596232891082764,-0.036633338779211044,878,460,artificial_jewellery,video_20260404_120254,frame_002640.jpg,002640
0,Right,10,0.5286310911178589,0.37824350595474243,-0.049591079354286194,1014,408,artificial_jewellery,video_20260404_120254,frame_002640.jpg,002640
0,Right,11,0.5665082335472107,0.40299373865127563,-0.05202130973339081,1087,435,artificial_jewellery,video_20260404_120254,frame_002640.jpg,002640
0,Right,12,0.5882551074028015,0.4345458149909973,-0.0516953207552433,1129,469,artificial_jewellery,video_20260404_120254,frame_002640.jpg,002640
0,Right,13,0.4542290270328522,0.41985365748405457,-0.014863783493638039,872,453,artificial_jewellery,video_20260404_120254,frame_002640.jpg,002640
0,Right,14,0.5202499628067017,0.38424086570739746,-0.02498539723455906,998,414,artificial_jewellery,video_20260404_120254,frame_002640.jpg,002640
0,Right,15,0.5543600916862488,0.4031906723976135,-0.02739725075662136,1064,435,artificial_jewellery,video_20260404_120254,frame_002640.jpg,002640
0,Right,16,0.5757690668106079,0.42882388830184937,-0.027788907289505005,1105,463,artificial_jewellery,video_20260404_120254,frame_002640.jpg,002640
0,Right,17,0.4593871831893921,0.4230760931968689,0.004067521542310715,882,456,artificial_jewellery,video_20260404_120254,frame_002640.jpg,002640
0,Right,18,0.5102272629737854,0.40093228220939636,-0.00689884927123785,979,433,artificial_jewellery,video_20260404_120254,frame_002640.jpg,002640
0,Right,19,0.5382609963417053,0.41304054856300354,-0.011844960041344166,1033,446,artificial_jewellery,video_20260404_120254,frame_002640.jpg,002640
0,Right,20,0.5582122206687927,0.42919862270355225,-0.013010263442993164,1071,463,artificial_jewellery,video_20260404_120254,frame_002640.jpg,002640
0,Right,0,0.4365317225456238,0.5559555292129517,6.058712642698083e-07,838,600,artificial_jewellery,video_20260404_120254,frame_002670.jpg,002670
0,Right,1,0.47172144055366516,0.5591645836830139,-0.046813879162073135,905,603,artificial_jewellery,video_20260404_120254,frame_002670.jpg,002670
0,Right,2,0.5109545588493347,0.5045862197875977,-0.055816650390625,981,544,artificial_jewellery,video_20260404_120254,frame_002670.jpg,002670
0,Right,3,0.5415715575218201,0.460323691368103,-0.053180620074272156,1039,497,artificial_jewellery,video_20260404_120254,frame_002670.jpg,002670
0,Right,4,0.5720599889755249,0.4214075803756714,-0.04824315756559372,1098,455,artificial_jewellery,video_20260404_120254,frame_002670.jpg,002670
0,Right,5,0.4905714988708496,0.4125383794307709,-0.02328665927052498,941,445,artificial_jewellery,video_20260404_120254,frame_002670.jpg,002670
0,Right,6,0.5263776779174805,0.3580254912376404,-0.019377322867512703,1010,386,artificial_jewellery,video_20260404_120254,frame_002670.jpg,002670
0,Right,7,0.5587764382362366,0.339324951171875,-0.02020459622144699,1072,366,artificial_jewellery,video_20260404_120254,frame_002670.jpg,002670
0,Right,8,0.5837901830673218,0.3348790407180786,-0.02051502838730812,1120,361,artificial_jewellery,video_20260404_120254,frame_002670.jpg,002670
0,Right,9,0.4873482286930084,0.4142319858074188,0.006872319616377354,935,447,artificial_jewellery,video_20260404_120254,frame_002670.jpg,002670
0,Right,10,0.5218060612678528,0.3607572913169861,0.015127993188798428,1001,389,artificial_jewellery,video_20260404_120254,frame_002670.jpg,002670
0,Right,11,0.5541315078735352,0.34442511200904846,0.011642120778560638,1063,371,artificial_jewellery,video_20260404_120254,frame_002670.jpg,002670
0,Right,12,0.5803005695343018,0.3429540991783142,0.00782113615423441,1114,370,artificial_jewellery,video_20260404_120254,frame_002670.jpg,002670
0,Right,13,0.48928552865982056,0.4283031225204468,0.03393345698714256,939,462,artificial_jewellery,video_20260404_120254,frame_002670.jpg,002670
0,Right,14,0.5198007822036743,0.38651901483535767,0.04273087903857231,998,417,artificial_jewellery,video_20260404_120254,frame_002670.jpg,002670
0,Right,15,0.5488563179969788,0.368373841047287,0.03641563281416893,1053,397,artificial_jewellery,video_20260404_120254,frame_002670.jpg,002670
0,Right,16,0.5747617483139038,0.36005768179893494,0.029637306928634644,1103,388,artificial_jewellery,video_20260404_120254,frame_002670.jpg,002670
0,Right,17,0.49362653493881226,0.44612446427345276,0.05706412345170975,947,481,artificial_jewellery,video_20260404_120254,frame_002670.jpg,002670
0,Right,18,0.5203567743301392,0.4161481559276581,0.06302600353956223,999,449,artificial_jewellery,video_20260404_120254,frame_002670.jpg,002670
0,Right,19,0.5394768118858337,0.4052571654319763,0.06008564680814743,1035,437,artificial_jewellery,video_20260404_120254,frame_002670.jpg,002670
0,Right,20,0.5583901405334473,0.39912149310112,0.05680504068732262,1072,431,artificial_jewellery,video_20260404_120254,frame_002670.jpg,002670
0,Right,0,0.3775566816329956,0.528139054775238,3.4811404248102917e-07,724,570,artificial_jewellery,video_20260404_120254,frame_002730.jpg,002730
0,Right,1,0.4056897759437561,0.4698788523674011,-0.039500173181295395,778,507,artificial_jewellery,video_20260404_120254,frame_002730.jpg,002730
0,Right,2,0.42835262417793274,0.3988565504550934,-0.039637383073568344,822,430,artificial_jewellery,video_20260404_120254,frame_002730.jpg,002730
0,Right,3,0.4554811418056488,0.34804588556289673,-0.029229983687400818,874,375,artificial_jewellery,video_20260404_120254,frame_002730.jpg,002730
0,Right,4,0.48129770159721375,0.3169926106929779,-0.014820403419435024,924,342,artificial_jewellery,video_20260404_120254,frame_002730.jpg,002730
0,Right,5,0.3731256127357483,0.31724417209625244,-0.005443653091788292,716,342,artificial_jewellery,video_20260404_120254,frame_002730.jpg,002730
0,Right,6,0.40287643671035767,0.24547463655471802,-0.0015688451239839196,773,265,artificial_jewellery,video_20260404_120254,frame_002730.jpg,002730
0,Right,7,0.4338076710700989,0.22947779297828674,-0.004700061399489641,832,247,artificial_jewellery,video_20260404_120254,frame_002730.jpg,002730
0,Right,8,0.459553599357605,0.22865840792655945,-0.0074389418587088585,882,246,artificial_jewellery,video_20260404_120254,frame_002730.jpg,002730
0,Right,9,0.3808106482028961,0.3325408697128296,0.02065725065767765,731,359,artificial_jewellery,video_20260404_120254,frame_002730.jpg,002730
0,Right,10,0.4121345281600952,0.2679498493671417,0.02685382589697838,791,289,artificial_jewellery,video_20260404_120254,frame_002730.jpg,002730
0,Right,11,0.44434261322021484,0.2578672170639038,0.02031569927930832,853,278,artificial_jewellery,video_20260404_120254,frame_002730.jpg,002730
0,Right,12,0.4724180996417999,0.2589578628540039,0.013933252543210983,907,279,artificial_jewellery,video_20260404_120254,frame_002730.jpg,002730
0,Right,13,0.3905468285083771,0.35545065999031067,0.04229564219713211,749,383,artificial_jewellery,video_20260404_120254,frame_002730.jpg,002730
0,Right,14,0.4214237630367279,0.3066965937614441,0.043059419840574265,809,331,artificial_jewellery,video_20260404_120254,frame_002730.jpg,002730
0,Right,15,0.44976329803466797,0.2969153821468353,0.027426976710557938,863,320,artificial_jewellery,video_20260404_120254,frame_002730.jpg,002730
0,Right,16,0.47466379404067993,0.30081862211227417,0.015957539901137352,911,324,artificial_jewellery,video_20260404_120254,frame_002730.jpg,002730
0,Right,17,0.4025086462497711,0.38001424074172974,0.06097973883152008,772,410,artificial_jewellery,video_20260404_120254,frame_002730.jpg,002730
0,Right,18,0.42945486307144165,0.3435075283050537,0.05595164746046066,824,370,artificial_jewellery,video_20260404_120254,frame_002730.jpg,002730
0,Right,19,0.44971418380737305,0.3336907625198364,0.042669955641031265,863,360,artificial_jewellery,video_20260404_120254,frame_002730.jpg,002730
0,Right,20,0.4673627018928528,0.3330192267894745,0.033507414162158966,897,359,artificial_jewellery,video_20260404_120254,frame_002730.jpg,002730
1,Left,0,0.7614411115646362,0.4580579996109009,-1.558244804300557e-07,1461,494,artificial_jewellery,video_20260404_120254,frame_002730.jpg,002730
1,Left,1,0.7180640697479248,0.4283555746078491,-0.012962471693754196,1378,462,artificial_jewellery,video_20260404_120254,frame_002730.jpg,002730
1,Left,2,0.7000771164894104,0.36705461144447327,-0.009802858345210552,1344,396,artificial_jewellery,video_20260404_120254,frame_002730.jpg,002730
1,Left,3,0.7005404829978943,0.3176770806312561,-9.405129821971059e-05,1345,343,artificial_jewellery,video_20260404_120254,frame_002730.jpg,002730
1,Left,4,0.7070422172546387,0.2968265414237976,0.013680541887879372,1357,320,artificial_jewellery,video_20260404_120254,frame_002730.jpg,002730
1,Left,5,0.7487073540687561,0.2926656901836395,-0.0112160574644804,1437,316,artificial_jewellery,video_20260404_120254,frame_002730.jpg,002730
1,Left,6,0.725178599357605,0.24688534438610077,0.006881327368319035,1392,266,artificial_jewellery,video_20260404_120254,frame_002730.jpg,002730
1,Left,7,0.7101285457611084,0.2617098093032837,0.02472369372844696,1363,282,artificial_jewellery,video_20260404_120254,frame_002730.jpg,002730
1,Left,8,0.7080039978027344,0.27983278036117554,0.03625364229083061,1359,302,artificial_jewellery,video_20260404_120254,frame_002730.jpg,002730
1,Left,9,0.7712252140045166,0.3001115024089813,0.0036378672812134027,1480,324,artificial_jewellery,video_20260404_120254,frame_002730.jpg,002730
1,Left,10,0.7503675818443298,0.2418753206729889,0.018128978088498116,1440,261,artificial_jewellery,video_20260404_120254,frame_002730.jpg,002730
1,Left,11,0.730530321598053,0.25158828496932983,0.032162219285964966,1402,271,artificial_jewellery,video_20260404_120254,frame_002730.jpg,002730
1,Left,12,0.7238184213638306,0.266924649477005,0.04206916317343712,1389,288,artificial_jewellery,video_20260404_120254,frame_002730.jpg,002730
1,Left,13,0.7826418280601501,0.3189884126186371,0.019537249580025673,1502,344,artificial_jewellery,video_20260404_120254,frame_002730.jpg,002730
1,Left,14,0.7681320905685425,0.26484403014183044,0.030972730368375778,1474,286,artificial_jewellery,video_20260404_120254,frame_002730.jpg,002730
1,Left,15,0.7493959665298462,0.261888325214386,0.039413806051015854,1438,282,artificial_jewellery,video_20260404_120254,frame_002730.jpg,002730
1,Left,16,0.7408880591392517,0.2713973820209503,0.04517819359898567,1422,293,artificial_jewellery,video_20260404_120254,frame_002730.jpg,002730
1,Left,17,0.786699116230011,0.3408951461315155,0.03499891608953476,1510,368,artificial_jewellery,video_20260404_120254,frame_002730.jpg,002730
1,Left,18,0.7761287093162537,0.2959088683128357,0.043797433376312256,1490,319,artificial_jewellery,video_20260404_120254,frame_002730.jpg,002730
1,Left,19,0.7617784142494202,0.28468483686447144,0.04937881976366043,1462,307,artificial_jewellery,video_20260404_120254,frame_002730.jpg,002730
1,Left,20,0.7532141804695129,0.28821173310279846,0.054012034088373184,1446,311,artificial_jewellery,video_20260404_120254,frame_002730.jpg,002730
0,Left,0,0.7528836727142334,0.43703699111938477,-3.766188072518162e-08,1445,471,artificial_jewellery,video_20260404_120254,frame_002760.jpg,002760
0,Left,1,0.7102918028831482,0.4242883026599884,-0.014092973433434963,1363,458,artificial_jewellery,video_20260404_120254,frame_002760.jpg,002760
0,Left,2,0.6796776652336121,0.37728750705718994,-0.013606401160359383,1304,407,artificial_jewellery,video_20260404_120254,frame_002760.jpg,002760
0,Left,3,0.6566653847694397,0.34254777431488037,-0.007031450513750315,1260,369,artificial_jewellery,video_20260404_120254,frame_002760.jpg,002760
0,Left,4,0.6367815732955933,0.32526740431785583,0.0037518220487982035,1222,351,artificial_jewellery,video_20260404_120254,frame_002760.jpg,002760
0,Left,5,0.7133936285972595,0.28295302391052246,-0.008121614344418049,1369,305,artificial_jewellery,video_20260404_120254,frame_002760.jpg,002760
0,Left,6,0.6790282726287842,0.2528340518474579,0.011022309772670269,1303,273,artificial_jewellery,video_20260404_120254,frame_002760.jpg,002760
0,Left,7,0.6609117984771729,0.2640208601951599,0.030229641124606133,1268,285,artificial_jewellery,video_20260404_120254,frame_002760.jpg,002760
0,Left,8,0.6555293798446655,0.28282713890075684,0.0433795340359211,1258,305,artificial_jewellery,video_20260404_120254,frame_002760.jpg,002760
0,Left,9,0.7346168756484985,0.2819038927555084,0.007979839108884335,1410,304,artificial_jewellery,video_20260404_120254,frame_002760.jpg,002760
0,Left,10,0.7066464424133301,0.23376014828681946,0.024999497458338737,1356,252,artificial_jewellery,video_20260404_120254,frame_002760.jpg,002760
0,Left,11,0.6850521564483643,0.24283015727996826,0.04051483795046806,1315,262,artificial_jewellery,video_20260404_120254,frame_002760.jpg,002760
0,Left,12,0.6760919094085693,0.2574182152748108,0.051413800567388535,1298,278,artificial_jewellery,video_20260404_120254,frame_002760.jpg,002760
0,Left,13,0.7492374181747437,0.29733026027679443,0.024943333119153976,1438,321,artificial_jewellery,video_20260404_120254,frame_002760.jpg,002760
0,Left,14,0.7305547595024109,0.2486109435558319,0.03984864801168442,1402,268,artificial_jewellery,video_20260404_120254,frame_002760.jpg,002760
0,Left,15,0.7104644775390625,0.2472158521413803,0.050675973296165466,1364,266,artificial_jewellery,video_20260404_120254,frame_002760.jpg,002760
0,Left,16,0.7004362344741821,0.2596285045146942,0.05773245543241501,1344,280,artificial_jewellery,video_20260404_120254,frame_002760.jpg,002760
0,Left,17,0.757860004901886,0.32003432512283325,0.04119492322206497,1455,345,artificial_jewellery,video_20260404_120254,frame_002760.jpg,002760
0,Left,18,0.7435959577560425,0.2784249782562256,0.05273161455988884,1427,300,artificial_jewellery,video_20260404_120254,frame_002760.jpg,002760
0,Left,19,0.7263971567153931,0.2733404338359833,0.060287099331617355,1394,295,artificial_jewellery,video_20260404_120254,frame_002760.jpg,002760
0,Left,20,0.7159879803657532,0.28150856494903564,0.06631411612033844,1374,304,artificial_jewellery,video_20260404_120254,frame_002760.jpg,002760
1,Right,0,0.37904199957847595,0.5263382792472839,3.7235520267131506e-07,727,568,artificial_jewellery,video_20260404_120254,frame_002760.jpg,002760
1,Right,1,0.40375423431396484,0.47091227769851685,-0.038834068924188614,775,508,artificial_jewellery,video_20260404_120254,frame_002760.jpg,002760
1,Right,2,0.42803680896759033,0.40039974451065063,-0.040571700781583786,821,432,artificial_jewellery,video_20260404_120254,frame_002760.jpg,002760
1,Right,3,0.45774590969085693,0.35084253549575806,-0.03222542628645897,878,378,artificial_jewellery,video_20260404_120254,frame_002760.jpg,002760
1,Right,4,0.4838011860847473,0.32086339592933655,-0.01977747678756714,928,346,artificial_jewellery,video_20260404_120254,frame_002760.jpg,002760
1,Right,5,0.37527406215667725,0.3207359313964844,-0.007254555355757475,720,346,artificial_jewellery,video_20260404_120254,frame_002760.jpg,002760
1,Right,6,0.40412792563438416,0.24886935949325562,-0.004829260986298323,775,268,artificial_jewellery,video_20260404_120254,frame_002760.jpg,002760
1,Right,7,0.4359012246131897,0.23533962666988373,-0.00861411727964878,836,254,artificial_jewellery,video_20260404_120254,frame_002760.jpg,002760
1,Right,8,0.4627823829650879,0.2383487969636917,-0.011633229441940784,888,257,artificial_jewellery,video_20260404_120254,frame_002760.jpg,002760
1,Right,9,0.38414525985717773,0.3335549831390381,0.017543595284223557,737,360,artificial_jewellery,video_20260404_120254,frame_002760.jpg,002760
1,Right,10,0.4145275354385376,0.2692809998989105,0.0218227356672287,795,290,artificial_jewellery,video_20260404_120254,frame_002760.jpg,002760
1,Right,11,0.4461113214492798,0.2552679181098938,0.014238106086850166,856,275,artificial_jewellery,video_20260404_120254,frame_002760.jpg,002760
1,Right,12,0.47366464138031006,0.25521019101142883,0.007344875484704971,909,275,artificial_jewellery,video_20260404_120254,frame_002760.jpg,002760
1,Right,13,0.3951699137687683,0.3553265631198883,0.038042519241571426,758,383,artificial_jewellery,video_20260404_120254,frame_002760.jpg,002760
1,Right,14,0.4260556697845459,0.3072377145290375,0.036720160394907,818,331,artificial_jewellery,video_20260404_120254,frame_002760.jpg,002760
1,Right,15,0.45382001996040344,0.2967534363269806,0.020044326782226562,871,320,artificial_jewellery,video_20260404_120254,frame_002760.jpg,002760
1,Right,16,0.4778478741645813,0.3034024238586426,0.00839499942958355,917,327,artificial_jewellery,video_20260404_120254,frame_002760.jpg,002760
1,Right,17,0.40875330567359924,0.3787764012813568,0.05578498914837837,784,409,artificial_jewellery,video_20260404_120254,frame_002760.jpg,002760
1,Right,18,0.43677181005477905,0.3443264365196228,0.04870341345667839,838,371,artificial_jewellery,video_20260404_120254,frame_002760.jpg,002760
1,Right,19,0.4571467638015747,0.33364570140838623,0.034263283014297485,877,360,artificial_jewellery,video_20260404_120254,frame_002760.jpg,002760
1,Right,20,0.4750489890575409,0.33493489027023315,0.024749474599957466,912,361,artificial_jewellery,video_20260404_120254,frame_002760.jpg,002760
0,Left,0,0.6658836603164673,0.58173006772995,-5.44948548508728e-08,1278,628,artificial_jewellery,video_20260404_120254,frame_002790.jpg,002790
0,Left,1,0.6399860382080078,0.5642703771591187,-0.0529819093644619,1228,609,artificial_jewellery,video_20260404_120254,frame_002790.jpg,002790
0,Left,2,0.618118405342102,0.5058965086936951,-0.07017337530851364,1186,546,artificial_jewellery,video_20260404_120254,frame_002790.jpg,002790
0,Left,3,0.5959204435348511,0.44907376170158386,-0.07552441209554672,1144,484,artificial_jewellery,video_20260404_120254,frame_002790.jpg,002790
0,Left,4,0.5731714963912964,0.39848119020462036,-0.07798595726490021,1100,430,artificial_jewellery,video_20260404_120254,frame_002790.jpg,002790
0,Left,5,0.6714603304862976,0.4146858751773834,-0.0394127257168293,1289,447,artificial_jewellery,video_20260404_120254,frame_002790.jpg,002790
0,Left,6,0.6366966366767883,0.3600286841392517,-0.04786301404237747,1222,388,artificial_jewellery,video_20260404_120254,frame_002790.jpg,002790
0,Left,7,0.6023417711257935,0.3592434525489807,-0.055543962866067886,1156,387,artificial_jewellery,video_20260404_120254,frame_002790.jpg,002790
0,Left,8,0.5778616666793823,0.3764309883117676,-0.059561505913734436,1109,406,artificial_jewellery,video_20260404_120254,frame_002790.jpg,002790
0,Left,9,0.6711355447769165,0.41341185569763184,-0.01152186281979084,1288,446,artificial_jewellery,video_20260404_120254,frame_002790.jpg,002790
0,Left,10,0.6309651732444763,0.3674048185348511,-0.01896725408732891,1211,396,artificial_jewellery,video_20260404_120254,frame_002790.jpg,002790
0,Left,11,0.5946444869041443,0.37378042936325073,-0.028348060324788094,1141,403,artificial_jewellery,video_20260404_120254,frame_002790.jpg,002790
0,Left,12,0.5714161396026611,0.40021902322769165,-0.034054603427648544,1097,432,artificial_jewellery,video_20260404_120254,frame_002790.jpg,002790
0,Left,13,0.6643593907356262,0.4248156249523163,0.01272263377904892,1275,458,artificial_jewellery,video_20260404_120254,frame_002790.jpg,002790
0,Left,14,0.625403881072998,0.38579845428466797,0.0030924591701477766,1200,416,artificial_jewellery,video_20260404_120254,frame_002790.jpg,002790
0,Left,15,0.5936436057090759,0.3905668258666992,-0.007024350110441446,1139,421,artificial_jewellery,video_20260404_120254,frame_002790.jpg,002790
0,Left,16,0.5756082534790039,0.4086487591266632,-0.012335891835391521,1105,441,artificial_jewellery,video_20260404_120254,frame_002790.jpg,002790
0,Left,17,0.6576417088508606,0.4390430450439453,0.03371046483516693,1262,474,artificial_jewellery,video_20260404_120254,frame_002790.jpg,002790
0,Left,18,0.6222017407417297,0.4099518358707428,0.021170636638998985,1194,442,artificial_jewellery,video_20260404_120254,frame_002790.jpg,002790
0,Left,19,0.596676230430603,0.4125514328479767,0.012445352040231228,1145,445,artificial_jewellery,video_20260404_120254,frame_002790.jpg,002790
0,Left,20,0.5831758975982666,0.4249531030654907,0.008664804510772228,1119,458,artificial_jewellery,video_20260404_120254,frame_002790.jpg,002790
0,Left,0,0.7004119157791138,0.5419455766677856,-1.4947835325074266e-07,1344,585,artificial_jewellery,video_20260404_120254,frame_002880.jpg,002880
0,Left,1,0.6707066297531128,0.5108925700187683,-0.03642045333981514,1287,551,artificial_jewellery,video_20260404_120254,frame_002880.jpg,002880
0,Left,2,0.6451976299285889,0.45748305320739746,-0.045144010335206985,1238,494,artificial_jewellery,video_20260404_120254,frame_002880.jpg,002880
0,Left,3,0.6195975542068481,0.4203796982765198,-0.04452957585453987,1189,454,artificial_jewellery,video_20260404_120254,frame_002880.jpg,002880
0,Left,4,0.6055378317832947,0.3882180452346802,-0.04024938866496086,1162,419,artificial_jewellery,video_20260404_120254,frame_002880.jpg,002880
0,Left,5,0.6988170742988586,0.37934648990631104,-0.02700382098555565,1341,409,artificial_jewellery,video_20260404_120254,frame_002880.jpg,002880
0,Left,6,0.6599658727645874,0.3283401131629944,-0.022340327501296997,1267,354,artificial_jewellery,video_20260404_120254,frame_002880.jpg,002880
0,Left,7,0.6321485638618469,0.3416655659675598,-0.01910858042538166,1213,368,artificial_jewellery,video_20260404_120254,frame_002880.jpg,002880
0,Left,8,0.6204766631126404,0.3648549020290375,-0.01731335185468197,1191,394,artificial_jewellery,video_20260404_120254,frame_002880.jpg,002880
0,Left,9,0.7077903151512146,0.38540661334991455,-0.00444263918325305,1358,416,artificial_jewellery,video_20260404_120254,frame_002880.jpg,002880
0,Left,10,0.6693491339683533,0.337246298789978,0.001637064851820469,1285,364,artificial_jewellery,video_20260404_120254,frame_002880.jpg,002880
0,Left,11,0.6402336359024048,0.3456803262233734,0.0002767840924207121,1229,373,artificial_jewellery,video_20260404_120254,frame_002880.jpg,002880
0,Left,12,0.6242799162864685,0.37110525369644165,-0.002915578428655863,1198,400,artificial_jewellery,video_20260404_120254,frame_002880.jpg,002880
0,Left,13,0.7096394300460815,0.3992660641670227,0.016454258933663368,1362,431,artificial_jewellery,video_20260404_120254,frame_002880.jpg,002880
0,Left,14,0.6766372323036194,0.35245928168296814,0.020543962717056274,1299,380,artificial_jewellery,video_20260404_120254,frame_002880.jpg,002880
0,Left,15,0.6505059599876404,0.36057472229003906,0.014846418984234333,1248,389,artificial_jewellery,video_20260404_120254,frame_002880.jpg,002880
0,Left,16,0.6347341537475586,0.3817886710166931,0.009058251045644283,1218,412,artificial_jewellery,video_20260404_120254,frame_002880.jpg,002880
0,Left,17,0.7088530659675598,0.41171520948410034,0.03511301800608635,1360,444,artificial_jewellery,video_20260404_120254,frame_002880.jpg,002880
0,Left,18,0.6848184466362,0.3775988221168518,0.03351056948304176,1314,407,artificial_jewellery,video_20260404_120254,frame_002880.jpg,002880
0,Left,19,0.665211021900177,0.3789905905723572,0.027934560552239418,1277,409,artificial_jewellery,video_20260404_120254,frame_002880.jpg,002880
0,Left,20,0.651665449142456,0.3912890553474426,0.024006593972444534,1251,422,artificial_jewellery,video_20260404_120254,frame_002880.jpg,002880
1,Right,0,0.42815250158309937,0.5623255968093872,2.97810913707508e-07,822,607,artificial_jewellery,video_20260404_120254,frame_002880.jpg,002880
1,Right,1,0.46983855962753296,0.5201386213302612,-0.037510696798563004,902,561,artificial_jewellery,video_20260404_120254,frame_002880.jpg,002880
1,Right,2,0.49649012088775635,0.44600337743759155,-0.047608882188797,953,481,artificial_jewellery,video_20260404_120254,frame_002880.jpg,002880
1,Right,3,0.5229437947273254,0.3864790201187134,-0.04943666234612465,1004,417,artificial_jewellery,video_20260404_120254,frame_002880.jpg,002880
1,Right,4,0.5411084294319153,0.3322548568248749,-0.04674670845270157,1038,358,artificial_jewellery,video_20260404_120254,frame_002880.jpg,002880
1,Right,5,0.42737990617752075,0.35037297010421753,-0.02466512843966484,820,378,artificial_jewellery,video_20260404_120254,frame_002880.jpg,002880
1,Right,6,0.45392313599586487,0.245960995554924,-0.030974872410297394,871,265,artificial_jewellery,video_20260404_120254,frame_002880.jpg,002880
1,Right,7,0.48876476287841797,0.23873919248580933,-0.035977769643068314,938,257,artificial_jewellery,video_20260404_120254,frame_002880.jpg,002880
1,Right,8,0.5141764283180237,0.2591869831085205,-0.03655843064188957,987,279,artificial_jewellery,video_20260404_120254,frame_002880.jpg,002880
1,Right,9,0.4185789227485657,0.3502536416053772,-0.003236399730667472,803,378,artificial_jewellery,video_20260404_120254,frame_002880.jpg,002880
1,Right,10,0.4551440477371216,0.26128247380256653,-0.006875950377434492,873,282,artificial_jewellery,video_20260404_120254,frame_002880.jpg,002880
1,Right,11,0.4952563941478729,0.25969403982162476,-0.013247142545878887,950,280,artificial_jewellery,video_20260404_120254,frame_002880.jpg,002880
1,Right,12,0.5247030854225159,0.2848736047744751,-0.016571052372455597,1007,307,artificial_jewellery,video_20260404_120254,frame_002880.jpg,002880
1,Right,13,0.4197293519973755,0.36075112223625183,0.01530416402965784,805,389,artificial_jewellery,video_20260404_120254,frame_002880.jpg,002880
1,Right,14,0.45508167147636414,0.28687232732772827,0.01194013562053442,873,309,artificial_jewellery,video_20260404_120254,frame_002880.jpg,002880
1,Right,15,0.4910273551940918,0.286083459854126,0.0025641589891165495,942,308,artificial_jewellery,video_20260404_120254,frame_002880.jpg,002880
1,Right,16,0.5176168084144592,0.30741938948631287,-0.0029781500343233347,993,332,artificial_jewellery,video_20260404_120254,frame_002880.jpg,002880
1,Right,17,0.4262837767601013,0.37550461292266846,0.03101726807653904,818,405,artificial_jewellery,video_20260404_120254,frame_002880.jpg,002880
1,Right,18,0.4566984176635742,0.32217034697532654,0.02605888992547989,876,347,artificial_jewellery,video_20260404_120254,frame_002880.jpg,002880
1,Right,19,0.4845762848854065,0.31763365864753723,0.018844880163669586,930,343,artificial_jewellery,video_20260404_120254,frame_002880.jpg,002880
1,Right,20,0.5066277384757996,0.331882506608963,0.015531421639025211,972,358,artificial_jewellery,video_20260404_120254,frame_002880.jpg,002880
0,Right,0,0.4709341526031494,0.557339072227478,4.613935118413792e-07,904,601,artificial_jewellery,video_20260404_120254,frame_002970.jpg,002970
0,Right,1,0.5030562877655029,0.5395140051841736,-0.05113593861460686,965,582,artificial_jewellery,video_20260404_120254,frame_002970.jpg,002970
0,Right,2,0.5380846858024597,0.48283651471138,-0.06217528507113457,1033,521,artificial_jewellery,video_20260404_120254,frame_002970.jpg,002970
0,Right,3,0.5766778588294983,0.44124770164489746,-0.059107329696416855,1107,476,artificial_jewellery,video_20260404_120254,frame_002970.jpg,002970
0,Right,4,0.6090935468673706,0.40783679485321045,-0.05208945646882057,1169,440,artificial_jewellery,video_20260404_120254,frame_002970.jpg,002970
0,Right,5,0.49948662519454956,0.36678221821784973,-0.04206770658493042,959,396,artificial_jewellery,video_20260404_120254,frame_002970.jpg,002970
0,Right,6,0.5565826892852783,0.32042375206947327,-0.04740751534700394,1068,346,artificial_jewellery,video_20260404_120254,frame_002970.jpg,002970
0,Right,7,0.5945059657096863,0.3339516818523407,-0.0525183379650116,1141,360,artificial_jewellery,video_20260404_120254,frame_002970.jpg,002970
0,Right,8,0.6212405562400818,0.3538348376750946,-0.054852068424224854,1192,382,artificial_jewellery,video_20260404_120254,frame_002970.jpg,002970
0,Right,9,0.4974299669265747,0.36742261052131653,-0.010776476003229618,955,396,artificial_jewellery,video_20260404_120254,frame_002970.jpg,002970
0,Right,10,0.554031252861023,0.31636902689933777,-0.012796447612345219,1063,341,artificial_jewellery,video_20260404_120254,frame_002970.jpg,002970
0,Right,11,0.5894274115562439,0.33850058913230896,-0.01652289181947708,1131,365,artificial_jewellery,video_20260404_120254,frame_002970.jpg,002970
0,Right,12,0.611653745174408,0.37069380283355713,-0.018842505291104317,1174,400,artificial_jewellery,video_20260404_120254,frame_002970.jpg,002970
0,Right,13,0.5008590817451477,0.3847767114639282,0.017420897260308266,961,415,artificial_jewellery,video_20260404_120254,frame_002970.jpg,002970
0,Right,14,0.5526200532913208,0.35684287548065186,0.01323804259300232,1061,385,artificial_jewellery,video_20260404_120254,frame_002970.jpg,002970
0,Right,15,0.5837048888206482,0.37811657786369324,0.002203945070505142,1120,408,artificial_jewellery,video_20260404_120254,frame_002970.jpg,002970
0,Right,16,0.6024192571640015,0.4104846715927124,-0.004839583765715361,1156,443,artificial_jewellery,video_20260404_120254,frame_002970.jpg,002970
0,Right,17,0.5074180960655212,0.40746545791625977,0.042248230427503586,974,440,artificial_jewellery,video_20260404_120254,frame_002970.jpg,002970
0,Right,18,0.5464524030685425,0.40018656849861145,0.03222107142210007,1049,432,artificial_jewellery,video_20260404_120254,frame_002970.jpg,002970
0,Right,19,0.5713410377502441,0.4175797402858734,0.019520631060004234,1096,450,artificial_jewellery,video_20260404_120254,frame_002970.jpg,002970
0,Right,20,0.5887683629989624,0.4413268566131592,0.01252725813537836,1130,476,artificial_jewellery,video_20260404_120254,frame_002970.jpg,002970
0,Right,0,0.48280808329582214,0.5572715997695923,5.874047133147542e-07,926,601,artificial_jewellery,video_20260404_120254,frame_003000.jpg,003000
0,Right,1,0.5140515565872192,0.5475552678108215,-0.050042711198329926,986,591,artificial_jewellery,video_20260404_120254,frame_003000.jpg,003000
0,Right,2,0.5506601333618164,0.4984654486179352,-0.06081760302186012,1057,538,artificial_jewellery,video_20260404_120254,frame_003000.jpg,003000
0,Right,3,0.5865841507911682,0.4706059992313385,-0.05775432661175728,1126,508,artificial_jewellery,video_20260404_120254,frame_003000.jpg,003000
0,Right,4,0.6134341955184937,0.4480791687965393,-0.050470057874917984,1177,483,artificial_jewellery,video_20260404_120254,frame_003000.jpg,003000
0,Right,5,0.5050339698791504,0.3765845000743866,-0.051204532384872437,969,406,artificial_jewellery,video_20260404_120254,frame_003000.jpg,003000
0,Right,6,0.560599684715271,0.330462783575058,-0.06374480575323105,1076,356,artificial_jewellery,video_20260404_120254,frame_003000.jpg,003000
0,Right,7,0.5982899069786072,0.34221091866493225,-0.07124782353639603,1148,369,artificial_jewellery,video_20260404_120254,frame_003000.jpg,003000
0,Right,8,0.6255908608436584,0.36792340874671936,-0.07344180345535278,1201,397,artificial_jewellery,video_20260404_120254,frame_003000.jpg,003000
0,Right,9,0.49983447790145874,0.37820401787757874,-0.022085154429078102,959,408,artificial_jewellery,video_20260404_120254,frame_003000.jpg,003000
0,Right,10,0.5603424310684204,0.3406175374984741,-0.03442973271012306,1075,367,artificial_jewellery,video_20260404_120254,frame_003000.jpg,003000
0,Right,11,0.6000368595123291,0.36901575326919556,-0.041840117424726486,1152,398,artificial_jewellery,video_20260404_120254,frame_003000.jpg,003000
0,Right,12,0.6245906949043274,0.4126551151275635,-0.044234391301870346,1199,445,artificial_jewellery,video_20260404_120254,frame_003000.jpg,003000
0,Right,13,0.5028349757194519,0.3926036059856415,0.004499815404415131,965,424,artificial_jewellery,video_20260404_120254,frame_003000.jpg,003000
0,Right,14,0.5620138049125671,0.38151922821998596,-0.009682906791567802,1079,412,artificial_jewellery,video_20260404_120254,frame_003000.jpg,003000
0,Right,15,0.5927432775497437,0.41732558608055115,-0.02280397154390812,1138,450,artificial_jewellery,video_20260404_120254,frame_003000.jpg,003000
0,Right,16,0.6087084412574768,0.4577028155326843,-0.027942806482315063,1168,494,artificial_jewellery,video_20260404_120254,frame_003000.jpg,003000
0,Right,17,0.5083714723587036,0.4108714759349823,0.028364552184939384,976,443,artificial_jewellery,video_20260404_120254,frame_003000.jpg,003000
0,Right,18,0.5548383593559265,0.4109037518501282,0.011034286580979824,1065,443,artificial_jewellery,video_20260404_120254,frame_003000.jpg,003000
0,Right,19,0.5801473259925842,0.43779486417770386,-0.0031892764382064342,1113,472,artificial_jewellery,video_20260404_120254,frame_003000.jpg,003000
0,Right,20,0.5940525531768799,0.4693852961063385,-0.008992757648229599,1140,506,artificial_jewellery,video_20260404_120254,frame_003000.jpg,003000
1,Left,0,0.7141321301460266,0.6235679388046265,-9.697340885850281e-08,1371,673,artificial_jewellery,video_20260404_120254,frame_003000.jpg,003000
1,Left,1,0.6836633682250977,0.626642644405365,-0.04444766044616699,1312,676,artificial_jewellery,video_20260404_120254,frame_003000.jpg,003000
1,Left,2,0.6634724736213684,0.5611375570297241,-0.05740765854716301,1273,606,artificial_jewellery,video_20260404_120254,frame_003000.jpg,003000
1,Left,3,0.6504405736923218,0.48807865381240845,-0.05872974172234535,1248,527,artificial_jewellery,video_20260404_120254,frame_003000.jpg,003000
1,Left,4,0.6408661007881165,0.4318237006664276,-0.05656566098332405,1230,466,artificial_jewellery,video_20260404_120254,frame_003000.jpg,003000
1,Left,5,0.6925690174102783,0.47781333327293396,-0.048917025327682495,1329,516,artificial_jewellery,video_20260404_120254,frame_003000.jpg,003000
1,Left,6,0.6553575992584229,0.4357277750968933,-0.05855949595570564,1258,470,artificial_jewellery,video_20260404_120254,frame_003000.jpg,003000
1,Left,7,0.6392219662666321,0.4510716199874878,-0.05952100828289986,1227,487,artificial_jewellery,video_20260404_120254,frame_003000.jpg,003000
1,Left,8,0.6355745196342468,0.4672071933746338,-0.05823853984475136,1220,504,artificial_jewellery,video_20260404_120254,frame_003000.jpg,003000
1,Left,9,0.7036018967628479,0.4660063683986664,-0.025097394362092018,1350,503,artificial_jewellery,video_20260404_120254,frame_003000.jpg,003000
1,Left,10,0.6641477942466736,0.4370357394218445,-0.035944633185863495,1275,471,artificial_jewellery,video_20260404_120254,frame_003000.jpg,003000
1,Left,11,0.6481763124465942,0.4625099003314972,-0.03676509112119675,1244,499,artificial_jewellery,video_20260404_120254,frame_003000.jpg,003000
1,Left,12,0.6462355256080627,0.48260027170181274,-0.03559993579983711,1240,521,artificial_jewellery,video_20260404_120254,frame_003000.jpg,003000
1,Left,13,0.7062509059906006,0.4674410820007324,-0.0034612759482115507,1356,504,artificial_jewellery,video_20260404_120254,frame_003000.jpg,003000
1,Left,14,0.6692770719528198,0.4465356767177582,-0.01677889935672283,1285,482,artificial_jewellery,video_20260404_120254,frame_003000.jpg,003000
1,Left,15,0.6581220626831055,0.48109784722328186,-0.01679818332195282,1263,519,artificial_jewellery,video_20260404_120254,frame_003000.jpg,003000
1,Left,16,0.6605708599090576,0.5052676200866699,-0.013887178152799606,1268,545,artificial_jewellery,video_20260404_120254,frame_003000.jpg,003000
1,Left,17,0.7032846212387085,0.4721193313598633,0.01569075509905815,1350,509,artificial_jewellery,video_20260404_120254,frame_003000.jpg,003000
1,Left,18,0.6729111075401306,0.45947274565696716,0.002174129243940115,1291,496,artificial_jewellery,video_20260404_120254,frame_003000.jpg,003000
1,Left,19,0.6637950539588928,0.4871853291988373,-0.000888325332198292,1274,526,artificial_jewellery,video_20260404_120254,frame_003000.jpg,003000
1,Left,20,0.6666185855865479,0.5061951279640198,0.0002695919247344136,1279,546,artificial_jewellery,video_20260404_120254,frame_003000.jpg,003000
0,Right,0,0.4829518795013428,0.5525140166282654,5.989147098262038e-07,927,596,artificial_jewellery,video_20260404_120254,frame_003030.jpg,003030
0,Right,1,0.5179752111434937,0.5481975078582764,-0.050329629331827164,994,592,artificial_jewellery,video_20260404_120254,frame_003030.jpg,003030
0,Right,2,0.5554057359695435,0.4963134229183197,-0.06437081098556519,1066,536,artificial_jewellery,video_20260404_120254,frame_003030.jpg,003030
0,Right,3,0.588767945766449,0.45488595962524414,-0.0652744248509407,1130,491,artificial_jewellery,video_20260404_120254,frame_003030.jpg,003030
0,Right,4,0.6098906993865967,0.41472262144088745,-0.062021445482969284,1170,447,artificial_jewellery,video_20260404_120254,frame_003030.jpg,003030
0,Right,5,0.5017343759536743,0.3815177381038666,-0.050832442939281464,963,412,artificial_jewellery,video_20260404_120254,frame_003030.jpg,003030
0,Right,6,0.553645133972168,0.3253360390663147,-0.06167495995759964,1062,351,artificial_jewellery,video_20260404_120254,frame_003030.jpg,003030
0,Right,7,0.5915731191635132,0.3327087461948395,-0.06764523684978485,1135,359,artificial_jewellery,video_20260404_120254,frame_003030.jpg,003030
0,Right,8,0.6187721490859985,0.35274738073349,-0.06900721788406372,1188,380,artificial_jewellery,video_20260404_120254,frame_003030.jpg,003030
0,Right,9,0.4943707585334778,0.3751158118247986,-0.022985978052020073,949,405,artificial_jewellery,video_20260404_120254,frame_003030.jpg,003030
0,Right,10,0.5530341863632202,0.32395172119140625,-0.036286018788814545,1061,349,artificial_jewellery,video_20260404_120254,frame_003030.jpg,003030
0,Right,11,0.5934882164001465,0.3427615165710449,-0.04351317137479782,1139,370,artificial_jewellery,video_20260404_120254,frame_003030.jpg,003030
0,Right,12,0.6182782649993896,0.377803772687912,-0.04524064064025879,1187,408,artificial_jewellery,video_20260404_120254,frame_003030.jpg,003030
0,Right,13,0.4946632981300354,0.3805553913116455,0.002516980515792966,949,410,artificial_jewellery,video_20260404_120254,frame_003030.jpg,003030
0,Right,14,0.5547048449516296,0.35287338495254517,-0.012298762798309326,1065,381,artificial_jewellery,video_20260404_120254,frame_003030.jpg,003030
0,Right,15,0.5865132808685303,0.38510698080062866,-0.02313956990838051,1126,415,artificial_jewellery,video_20260404_120254,frame_003030.jpg,003030
0,Right,16,0.6024436950683594,0.42513948678970337,-0.02623477391898632,1156,459,artificial_jewellery,video_20260404_120254,frame_003030.jpg,003030
0,Right,17,0.4975035786628723,0.391014963388443,0.025198962539434433,955,422,artificial_jewellery,video_20260404_120254,frame_003030.jpg,003030
0,Right,18,0.5467047095298767,0.3799287974834442,0.008160186931490898,1049,410,artificial_jewellery,video_20260404_120254,frame_003030.jpg,003030
0,Right,19,0.5742128491401672,0.4043702185153961,-0.0036473616492003202,1102,436,artificial_jewellery,video_20260404_120254,frame_003030.jpg,003030
0,Right,20,0.5903039574623108,0.43447986245155334,-0.007471407763659954,1133,469,artificial_jewellery,video_20260404_120254,frame_003030.jpg,003030
1,Left,0,0.7010725140571594,0.6157001852989197,-1.1680600664476515e-07,1346,664,artificial_jewellery,video_20260404_120254,frame_003030.jpg,003030
1,Left,1,0.6721979379653931,0.6173924207687378,-0.04767969995737076,1290,666,artificial_jewellery,video_20260404_120254,frame_003030.jpg,003030
1,Left,2,0.6510608196258545,0.5556128025054932,-0.0624689981341362,1250,600,artificial_jewellery,video_20260404_120254,frame_003030.jpg,003030
1,Left,3,0.6376622915267944,0.48476171493530273,-0.06667238473892212,1224,523,artificial_jewellery,video_20260404_120254,frame_003030.jpg,003030
1,Left,4,0.6313896775245667,0.4252770245075226,-0.0666598454117775,1212,459,artificial_jewellery,video_20260404_120254,frame_003030.jpg,003030
1,Left,5,0.675529956817627,0.4652388393878937,-0.03253669664263725,1297,502,artificial_jewellery,video_20260404_120254,frame_003030.jpg,003030
1,Left,6,0.6330055594444275,0.4274889826774597,-0.040958136320114136,1215,461,artificial_jewellery,video_20260404_120254,frame_003030.jpg,003030
1,Left,7,0.6204347014427185,0.4546253979206085,-0.04317915812134743,1191,490,artificial_jewellery,video_20260404_120254,frame_003030.jpg,003030
1,Left,8,0.6234520077705383,0.47935548424720764,-0.04181020334362984,1197,517,artificial_jewellery,video_20260404_120254,frame_003030.jpg,003030
1,Left,9,0.6844677329063416,0.45640692114830017,-0.005890862084925175,1314,492,artificial_jewellery,video_20260404_120254,frame_003030.jpg,003030
1,Left,10,0.6406189203262329,0.43179449439048767,-0.015121323056519032,1229,466,artificial_jewellery,video_20260404_120254,frame_003030.jpg,003030
1,Left,11,0.6264097690582275,0.46190041303634644,-0.01891559548676014,1202,498,artificial_jewellery,video_20260404_120254,frame_003030.jpg,003030
1,Left,12,0.6272640824317932,0.48391193151474,-0.018706100061535835,1204,522,artificial_jewellery,video_20260404_120254,frame_003030.jpg,003030
1,Left,13,0.6853892803192139,0.45903992652893066,0.017031924799084663,1315,495,artificial_jewellery,video_20260404_120254,frame_003030.jpg,003030
1,Left,14,0.6479327082633972,0.4422256052494049,0.005370338913053274,1244,477,artificial_jewellery,video_20260404_120254,frame_003030.jpg,003030
1,Left,15,0.6355447173118591,0.4726966321468353,0.000995861948467791,1220,510,artificial_jewellery,video_20260404_120254,frame_003030.jpg,003030
1,Left,16,0.6382588148117065,0.4918166995048523,0.0013940270291641355,1225,531,artificial_jewellery,video_20260404_120254,frame_003030.jpg,003030
1,Left,17,0.6813652515411377,0.4595807194709778,0.03713465481996536,1308,496,artificial_jewellery,video_20260404_120254,frame_003030.jpg,003030
1,Left,18,0.6487399935722351,0.44754356145858765,0.026663778349757195,1245,483,artificial_jewellery,video_20260404_120254,frame_003030.jpg,003030
1,Left,19,0.6387039422988892,0.46937286853790283,0.02198740281164646,1226,506,artificial_jewellery,video_20260404_120254,frame_003030.jpg,003030
1,Left,20,0.6416855454444885,0.48217126727104187,0.022103017196059227,1232,520,artificial_jewellery,video_20260404_120254,frame_003030.jpg,003030
0,Right,0,0.45563262701034546,0.5648820996284485,4.012279077869607e-07,874,610,artificial_jewellery,video_20260404_120254,frame_003090.jpg,003090
0,Right,1,0.4811999201774597,0.525875449180603,-0.04206115007400513,923,567,artificial_jewellery,video_20260404_120254,frame_003090.jpg,003090
0,Right,2,0.5126022696495056,0.4685899019241333,-0.0491434745490551,984,506,artificial_jewellery,video_20260404_120254,frame_003090.jpg,003090
0,Right,3,0.5515148639678955,0.42470622062683105,-0.047117121517658234,1058,458,artificial_jewellery,video_20260404_120254,frame_003090.jpg,003090
0,Right,4,0.5803962349891663,0.3918062150478363,-0.04141811281442642,1114,423,artificial_jewellery,video_20260404_120254,frame_003090.jpg,003090
0,Right,5,0.4688709080219269,0.35436728596687317,-0.010401261039078236,900,382,artificial_jewellery,video_20260404_120254,frame_003090.jpg,003090
0,Right,6,0.5064710378646851,0.28738316893577576,-0.012582806870341301,972,310,artificial_jewellery,video_20260404_120254,frame_003090.jpg,003090
0,Right,7,0.5407581329345703,0.285740464925766,-0.02038351073861122,1038,308,artificial_jewellery,video_20260404_120254,frame_003090.jpg,003090
0,Right,8,0.5662015080451965,0.3010043501853943,-0.02591669000685215,1087,325,artificial_jewellery,video_20260404_120254,frame_003090.jpg,003090
0,Right,9,0.4812617599964142,0.36828234791755676,0.012815982103347778,924,397,artificial_jewellery,video_20260404_120254,frame_003090.jpg,003090
0,Right,10,0.5216127038002014,0.31379860639572144,0.012315458618104458,1001,338,artificial_jewellery,video_20260404_120254,frame_003090.jpg,003090
0,Right,11,0.5550246834754944,0.31148669123649597,0.001232759328559041,1065,336,artificial_jewellery,video_20260404_120254,frame_003090.jpg,003090
0,Right,12,0.5820833444595337,0.32581156492233276,-0.007679433561861515,1117,351,artificial_jewellery,video_20260404_120254,frame_003090.jpg,003090
0,Right,13,0.4944325387477875,0.39306876063346863,0.03146269544959068,949,424,artificial_jewellery,video_20260404_120254,frame_003090.jpg,003090
0,Right,14,0.5313481092453003,0.35377398133277893,0.0277952179312706,1020,382,artificial_jewellery,video_20260404_120254,frame_003090.jpg,003090
0,Right,15,0.5601621866226196,0.35174560546875,0.012476803734898567,1075,379,artificial_jewellery,video_20260404_120254,frame_003090.jpg,003090
0,Right,16,0.5844887495040894,0.36668860912323,0.0017138991970568895,1122,396,artificial_jewellery,video_20260404_120254,frame_003090.jpg,003090
0,Right,17,0.5066916942596436,0.42236727476119995,0.04676525294780731,972,456,artificial_jewellery,video_20260404_120254,frame_003090.jpg,003090
0,Right,18,0.5376375317573547,0.39588043093681335,0.039145492017269135,1032,427,artificial_jewellery,video_20260404_120254,frame_003090.jpg,003090
0,Right,19,0.5581870079040527,0.3928925395011902,0.027829546481370926,1071,424,artificial_jewellery,video_20260404_120254,frame_003090.jpg,003090
0,Right,20,0.5769582390785217,0.4021007716655731,0.020960435271263123,1107,434,artificial_jewellery,video_20260404_120254,frame_003090.jpg,003090
1,Left,0,0.7064943313598633,0.6352800130844116,1.2836032681207143e-07,1356,686,artificial_jewellery,video_20260404_120254,frame_003090.jpg,003090
1,Left,1,0.681767463684082,0.6265963315963745,-0.035200078040361404,1308,676,artificial_jewellery,video_20260404_120254,frame_003090.jpg,003090
1,Left,2,0.6589520573616028,0.5660843253135681,-0.043532710522413254,1265,611,artificial_jewellery,video_20260404_120254,frame_003090.jpg,003090
1,Left,3,0.6403244733810425,0.500271737575531,-0.04502717778086662,1229,540,artificial_jewellery,video_20260404_120254,frame_003090.jpg,003090
1,Left,4,0.6265994906425476,0.44621431827545166,-0.04482054337859154,1203,481,artificial_jewellery,video_20260404_120254,frame_003090.jpg,003090
1,Left,5,0.6752024292945862,0.5159677863121033,-0.003829965367913246,1296,557,artificial_jewellery,video_20260404_120254,frame_003090.jpg,003090
1,Left,6,0.6463000178337097,0.4652654528617859,0.000662300328258425,1240,502,artificial_jewellery,video_20260404_120254,frame_003090.jpg,003090
1,Left,7,0.6231129169464111,0.45699939131736755,0.0016098045744001865,1196,493,artificial_jewellery,video_20260404_120254,frame_003090.jpg,003090
1,Left,8,0.6098482608795166,0.4653652310371399,0.003097292734310031,1170,502,artificial_jewellery,video_20260404_120254,frame_003090.jpg,003090
1,Left,9,0.6759536862373352,0.5163731575012207,0.017770996317267418,1297,557,artificial_jewellery,video_20260404_120254,frame_003090.jpg,003090
1,Left,10,0.645400881767273,0.4771847128868103,0.02827824093401432,1239,515,artificial_jewellery,video_20260404_120254,frame_003090.jpg,003090
1,Left,11,0.6170446872711182,0.4769800305366516,0.028133438900113106,1184,515,artificial_jewellery,video_20260404_120254,frame_003090.jpg,003090
1,Left,12,0.5987613797187805,0.4879012405872345,0.02768949419260025,1149,526,artificial_jewellery,video_20260404_120254,frame_003090.jpg,003090
1,Left,13,0.6721999645233154,0.5211193561553955,0.035488881170749664,1290,562,artificial_jewellery,video_20260404_120254,frame_003090.jpg,003090
1,Left,14,0.6432197690010071,0.49204909801483154,0.04375796392560005,1234,531,artificial_jewellery,video_20260404_120254,frame_003090.jpg,003090
1,Left,15,0.6199811697006226,0.49769341945648193,0.04051944240927696,1190,537,artificial_jewellery,video_20260404_120254,frame_003090.jpg,003090
1,Left,16,0.6048917770385742,0.507864236831665,0.03719596192240715,1161,548,artificial_jewellery,video_20260404_120254,frame_003090.jpg,003090
1,Left,17,0.6682961583137512,0.5283476710319519,0.050095416605472565,1283,570,artificial_jewellery,video_20260404_120254,frame_003090.jpg,003090
1,Left,18,0.6421061158180237,0.5134943723678589,0.05533821880817413,1232,554,artificial_jewellery,video_20260404_120254,frame_003090.jpg,003090
1,Left,19,0.6250777244567871,0.5179992914199829,0.05417890101671219,1200,559,artificial_jewellery,video_20260404_120254,frame_003090.jpg,003090
1,Left,20,0.614057183265686,0.5253556966781616,0.053131189197301865,1178,567,artificial_jewellery,video_20260404_120254,frame_003090.jpg,003090
0,Right,0,0.44688940048217773,0.37813127040863037,5.475529860632378e-07,858,408,artificial_jewellery,video_20260404_120254,frame_003180.jpg,003180
0,Right,1,0.5138285160064697,0.31676948070526123,-0.04904774948954582,986,342,artificial_jewellery,video_20260404_120254,frame_003180.jpg,003180
0,Right,2,0.5748059749603271,0.2497996985912323,-0.04110882431268692,1103,269,artificial_jewellery,video_20260404_120254,frame_003180.jpg,003180
0,Right,3,0.6267598271369934,0.2234002947807312,-0.019412584602832794,1203,241,artificial_jewellery,video_20260404_120254,frame_003180.jpg,003180
0,Right,4,0.6698106527328491,0.18620869517326355,0.007542503532022238,1286,201,artificial_jewellery,video_20260404_120254,frame_003180.jpg,003180
0,Right,5,0.5190243124961853,0.08154506981372833,0.020878788083791733,996,88,artificial_jewellery,video_20260404_120254,frame_003180.jpg,003180
0,Right,6,0.5872623324394226,0.048525743186473846,0.03737393766641617,1127,52,artificial_jewellery,video_20260404_120254,frame_003180.jpg,003180
0,Right,7,0.6393130421638489,0.0708903968334198,0.031064163893461227,1227,76,artificial_jewellery,video_20260404_120254,frame_003180.jpg,003180
0,Right,8,0.6715025901794434,0.10834329575300217,0.025152280926704407,1289,117,artificial_jewellery,video_20260404_120254,frame_003180.jpg,003180
0,Right,9,0.5140119791030884,0.1278100311756134,0.059169527143239975,986,138,artificial_jewellery,video_20260404_120254,frame_003180.jpg,003180
0,Right,10,0.5886626243591309,0.09782814234495163,0.07581795752048492,1130,105,artificial_jewellery,video_20260404_120254,frame_003180.jpg,003180
0,Right,11,0.6440427899360657,0.13299715518951416,0.05141241103410721,1236,143,artificial_jewellery,video_20260404_120254,frame_003180.jpg,003180
0,Right,12,0.6772069931030273,0.18632835149765015,0.030956938862800598,1300,201,artificial_jewellery,video_20260404_120254,frame_003180.jpg,003180
0,Right,13,0.513166606426239,0.17546790838241577,0.09243809431791306,985,189,artificial_jewellery,video_20260404_120254,frame_003180.jpg,003180
0,Right,14,0.5798848867416382,0.1603267341852188,0.10194151103496552,1113,173,artificial_jewellery,video_20260404_120254,frame_003180.jpg,003180
0,Right,15,0.6277527809143066,0.1895052194595337,0.06378787010908127,1205,204,artificial_jewellery,video_20260404_120254,frame_003180.jpg,003180
0,Right,16,0.6574084162712097,0.23389117419719696,0.03615522384643555,1262,252,artificial_jewellery,video_20260404_120254,frame_003180.jpg,003180
0,Right,17,0.5167977213859558,0.21652159094810486,0.12283438444137573,992,233,artificial_jewellery,video_20260404_120254,frame_003180.jpg,003180
0,Right,18,0.5690611600875854,0.22015675902366638,0.1218106597661972,1092,237,artificial_jewellery,video_20260404_120254,frame_003180.jpg,003180
0,Right,19,0.5998821258544922,0.23978754878044128,0.0950002446770668,1151,258,artificial_jewellery,video_20260404_120254,frame_003180.jpg,003180
0,Right,20,0.6225742101669312,0.2672138214111328,0.07553257793188095,1195,288,artificial_jewellery,video_20260404_120254,frame_003180.jpg,003180
1,Left,0,0.7665726542472839,0.5219230651855469,6.11358217383895e-08,1471,563,artificial_jewellery,video_20260404_120254,frame_003180.jpg,003180
1,Left,1,0.7721847295761108,0.477567195892334,-0.0696110725402832,1482,515,artificial_jewellery,video_20260404_120254,frame_003180.jpg,003180
1,Left,2,0.7680633664131165,0.38529151678085327,-0.08911637216806412,1474,416,artificial_jewellery,video_20260404_120254,frame_003180.jpg,003180
1,Left,3,0.7431548237800598,0.2999648153781891,-0.09589860588312149,1426,323,artificial_jewellery,video_20260404_120254,frame_003180.jpg,003180
1,Left,4,0.7204083800315857,0.21737140417099,-0.09970925748348236,1383,234,artificial_jewellery,video_20260404_120254,frame_003180.jpg,003180
1,Left,5,0.8072792291641235,0.2792394459247589,-0.03069460578262806,1549,301,artificial_jewellery,video_20260404_120254,frame_003180.jpg,003180
1,Left,6,0.7796601057052612,0.20217162370681763,-0.04353049024939537,1496,218,artificial_jewellery,video_20260404_120254,frame_003180.jpg,003180
1,Left,7,0.750956118106842,0.17781555652618408,-0.05533890053629875,1441,192,artificial_jewellery,video_20260404_120254,frame_003180.jpg,003180
1,Left,8,0.7268694043159485,0.18120747804641724,-0.06191837787628174,1395,195,artificial_jewellery,video_20260404_120254,frame_003180.jpg,003180
1,Left,9,0.7791375517845154,0.29172322154045105,4.022687426186167e-05,1495,315,artificial_jewellery,video_20260404_120254,frame_003180.jpg,003180
1,Left,10,0.7424517869949341,0.23151493072509766,-0.018939875066280365,1425,250,artificial_jewellery,video_20260404_120254,frame_003180.jpg,003180
1,Left,11,0.7063683271408081,0.23420967161655426,-0.04358827322721481,1356,252,artificial_jewellery,video_20260404_120254,frame_003180.jpg,003180
1,Left,12,0.677346408367157,0.2512089014053345,-0.05632513388991356,1300,271,artificial_jewellery,video_20260404_120254,frame_003180.jpg,003180
1,Left,13,0.7522032856941223,0.31608080863952637,0.02402690052986145,1444,341,artificial_jewellery,video_20260404_120254,frame_003180.jpg,003180
1,Left,14,0.7189523577690125,0.26325398683547974,-0.0020406742114573717,1380,284,artificial_jewellery,video_20260404_120254,frame_003180.jpg,003180
1,Left,15,0.6875640153884888,0.26794859766960144,-0.029597418382763863,1320,289,artificial_jewellery,video_20260404_120254,frame_003180.jpg,003180
1,Left,16,0.6653027534484863,0.27940553426742554,-0.04184072092175484,1277,301,artificial_jewellery,video_20260404_120254,frame_003180.jpg,003180
1,Left,17,0.7302735447883606,0.3450317084789276,0.043753933161497116,1402,372,artificial_jewellery,video_20260404_120254,frame_003180.jpg,003180
1,Left,18,0.7029240131378174,0.29931554198265076,0.014712171629071236,1349,323,artificial_jewellery,video_20260404_120254,frame_003180.jpg,003180
1,Left,19,0.6799947619438171,0.293829083442688,-0.007212731521576643,1305,317,artificial_jewellery,video_20260404_120254,frame_003180.jpg,003180
1,Left,20,0.6651150584220886,0.2938344180583954,-0.01706530526280403,1277,317,artificial_jewellery,video_20260404_120254,frame_003180.jpg,003180
0,Right,0,0.4725470244884491,0.5463423728942871,5.75369369926193e-07,907,590,artificial_jewellery,video_20260404_120254,frame_003210.jpg,003210
0,Right,1,0.5189366340637207,0.48631221055984497,-0.06682030111551285,996,525,artificial_jewellery,video_20260404_120254,frame_003210.jpg,003210
0,Right,2,0.5738871693611145,0.4202519655227661,-0.07552514970302582,1101,453,artificial_jewellery,video_20260404_120254,frame_003210.jpg,003210
0,Right,3,0.6390340328216553,0.36979520320892334,-0.06950205564498901,1226,399,artificial_jewellery,video_20260404_120254,frame_003210.jpg,003210
0,Right,4,0.6866815090179443,0.32578176259994507,-0.0567290335893631,1318,351,artificial_jewellery,video_20260404_120254,frame_003210.jpg,003210
0,Right,5,0.5119865536689758,0.22458210587501526,-0.023279601708054543,983,242,artificial_jewellery,video_20260404_120254,frame_003210.jpg,003210
0,Right,6,0.5609617829322815,0.11665032804012299,-0.02885626070201397,1077,125,artificial_jewellery,video_20260404_120254,frame_003210.jpg,003210
0,Right,7,0.6135370135307312,0.11036589741706848,-0.03713681921362877,1177,119,artificial_jewellery,video_20260404_120254,frame_003210.jpg,003210
0,Right,8,0.6553319096565247,0.13593336939811707,-0.0414956696331501,1258,146,artificial_jewellery,video_20260404_120254,frame_003210.jpg,003210
0,Right,9,0.5290427207946777,0.2676958739757538,0.014859812334179878,1015,289,artificial_jewellery,video_20260404_120254,frame_003210.jpg,003210
0,Right,10,0.5948293805122375,0.21299658715724945,0.006472357083112001,1142,230,artificial_jewellery,video_20260404_120254,frame_003210.jpg,003210
0,Right,11,0.6489689350128174,0.243984654545784,-0.01275391411036253,1246,263,artificial_jewellery,video_20260404_120254,frame_003210.jpg,003210
0,Right,12,0.6884596347808838,0.28698351979255676,-0.02515590190887451,1321,309,artificial_jewellery,video_20260404_120254,frame_003210.jpg,003210
0,Right,13,0.5463623404502869,0.3222450017929077,0.046287648379802704,1049,348,artificial_jewellery,video_20260404_120254,frame_003210.jpg,003210
0,Right,14,0.6025093197822571,0.31405794620513916,0.02828187309205532,1156,339,artificial_jewellery,video_20260404_120254,frame_003210.jpg,003210
0,Right,15,0.6487518548965454,0.3473954200744629,-0.005420047324150801,1245,375,artificial_jewellery,video_20260404_120254,frame_003210.jpg,003210
0,Right,16,0.6774321794509888,0.3921170234680176,-0.02450842224061489,1300,423,artificial_jewellery,video_20260404_120254,frame_003210.jpg,003210
0,Right,17,0.5586817264556885,0.3763158321380615,0.07374724745750427,1072,406,artificial_jewellery,video_20260404_120254,frame_003210.jpg,003210
0,Right,18,0.6055585145950317,0.37843823432922363,0.05096165090799332,1162,408,artificial_jewellery,video_20260404_120254,frame_003210.jpg,003210
0,Right,19,0.6353151202201843,0.4056607484817505,0.024258797988295555,1219,438,artificial_jewellery,video_20260404_120254,frame_003210.jpg,003210
0,Right,20,0.6531081199645996,0.44635656476020813,0.009927386417984962,1253,482,artificial_jewellery,video_20260404_120254,frame_003210.jpg,003210
0,Right,0,0.4546409249305725,0.585547685623169,6.327667847472185e-07,872,632,artificial_jewellery,video_20260404_120254,frame_003240.jpg,003240
0,Right,1,0.4984475374221802,0.5705643892288208,-0.10403754562139511,957,616,artificial_jewellery,video_20260404_120254,frame_003240.jpg,003240
0,Right,2,0.5655732154846191,0.511458158493042,-0.12344852089881897,1085,552,artificial_jewellery,video_20260404_120254,frame_003240.jpg,003240
0,Right,3,0.6382049918174744,0.48854318261146545,-0.11506005376577377,1225,527,artificial_jewellery,video_20260404_120254,frame_003240.jpg,003240
0,Right,4,0.7012758851051331,0.4633697271347046,-0.0963030606508255,1346,500,artificial_jewellery,video_20260404_120254,frame_003240.jpg,003240
0,Right,5,0.5176869034767151,0.25000542402267456,-0.08976109325885773,993,270,artificial_jewellery,video_20260404_120254,frame_003240.jpg,003240
0,Right,6,0.5682814121246338,0.10607969760894775,-0.11499570310115814,1091,114,artificial_jewellery,video_20260404_120254,frame_003240.jpg,003240
0,Right,7,0.6287924647331238,0.07958416640758514,-0.13346286118030548,1207,85,artificial_jewellery,video_20260404_120254,frame_003240.jpg,003240
0,Right,8,0.6796330213546753,0.10774748027324677,-0.14299122989177704,1304,116,artificial_jewellery,video_20260404_120254,frame_003240.jpg,003240
0,Right,9,0.5426076650619507,0.288248747587204,-0.03399227559566498,1041,311,artificial_jewellery,video_20260404_120254,frame_003240.jpg,003240
0,Right,10,0.6104852557182312,0.20798587799072266,-0.057589296251535416,1172,224,artificial_jewellery,video_20260404_120254,frame_003240.jpg,003240
0,Right,11,0.6722051501274109,0.2376343011856079,-0.08050282299518585,1290,256,artificial_jewellery,video_20260404_120254,frame_003240.jpg,003240
0,Right,12,0.7148735523223877,0.2939685583114624,-0.09413471072912216,1372,317,artificial_jewellery,video_20260404_120254,frame_003240.jpg,003240
0,Right,13,0.567532479763031,0.3374099135398865,0.013365145772695541,1089,364,artificial_jewellery,video_20260404_120254,frame_003240.jpg,003240
0,Right,14,0.6328886151313782,0.2844659686088562,-0.01772983744740486,1215,307,artificial_jewellery,video_20260404_120254,frame_003240.jpg,003240
0,Right,15,0.6805582642555237,0.3215542137622833,-0.05758463963866234,1306,347,artificial_jewellery,video_20260404_120254,frame_003240.jpg,003240
0,Right,16,0.7085443735122681,0.364903062582016,-0.08036895096302032,1360,394,artificial_jewellery,video_20260404_120254,frame_003240.jpg,003240
0,Right,17,0.5895479321479797,0.38823795318603516,0.05429728329181671,1131,419,artificial_jewellery,video_20260404_120254,frame_003240.jpg,003240
0,Right,18,0.6354606747627258,0.3766418993473053,0.0146271837875247,1220,406,artificial_jewellery,video_20260404_120254,frame_003240.jpg,003240
0,Right,19,0.663489043712616,0.41044360399246216,-0.024072006344795227,1273,443,artificial_jewellery,video_20260404_120254,frame_003240.jpg,003240
0,Right,20,0.6761685013771057,0.4511827230453491,-0.0457504540681839,1298,487,artificial_jewellery,video_20260404_120254,frame_003240.jpg,003240
0,Right,0,0.4385893642902374,0.632115364074707,2.610859439755586e-07,842,682,artificial_jewellery,video_20260404_120254,frame_003300.jpg,003300
0,Right,1,0.4945816695690155,0.6139935255050659,-0.02128201723098755,949,663,artificial_jewellery,video_20260404_120254,frame_003300.jpg,003300
0,Right,2,0.5490866899490356,0.5649154186248779,-0.025204913690686226,1054,610,artificial_jewellery,video_20260404_120254,frame_003300.jpg,003300
0,Right,3,0.5947332382202148,0.5305352210998535,-0.028312085196375847,1141,572,artificial_jewellery,video_20260404_120254,frame_003300.jpg,003300
0,Right,4,0.6256420612335205,0.4860600233078003,-0.027591990306973457,1201,524,artificial_jewellery,video_20260404_120254,frame_003300.jpg,003300
0,Right,5,0.49190980195999146,0.399217426776886,0.018475446850061417,944,431,artificial_jewellery,video_20260404_120254,frame_003300.jpg,003300
0,Right,6,0.5276293754577637,0.30889564752578735,0.011292676441371441,1013,333,artificial_jewellery,video_20260404_120254,frame_003300.jpg,003300
0,Right,7,0.5667107105255127,0.32082727551460266,-0.0013177342480048537,1088,346,artificial_jewellery,video_20260404_120254,frame_003300.jpg,003300
0,Right,8,0.5876109600067139,0.3619654178619385,-0.0071725682355463505,1128,390,artificial_jewellery,video_20260404_120254,frame_003300.jpg,003300
0,Right,9,0.4830107092857361,0.37731224298477173,0.026922324672341347,927,407,artificial_jewellery,video_20260404_120254,frame_003300.jpg,003300
0,Right,10,0.5226298570632935,0.28027305006980896,0.01842421479523182,1003,302,artificial_jewellery,video_20260404_120254,frame_003300.jpg,003300
0,Right,11,0.5650858879089355,0.3035370707511902,-0.0001558287040097639,1084,327,artificial_jewellery,video_20260404_120254,frame_003300.jpg,003300
0,Right,12,0.5830548405647278,0.3627980351448059,-0.010003802366554737,1119,391,artificial_jewellery,video_20260404_120254,frame_003300.jpg,003300
0,Right,13,0.4813069999217987,0.36072292923927307,0.031026413664221764,924,389,artificial_jewellery,video_20260404_120254,frame_003300.jpg,003300
0,Right,14,0.5200275182723999,0.2721388339996338,0.023489627987146378,998,293,artificial_jewellery,video_20260404_120254,frame_003300.jpg,003300
0,Right,15,0.5586584806442261,0.3012864589691162,0.006774819456040859,1072,325,artificial_jewellery,video_20260404_120254,frame_003300.jpg,003300
0,Right,16,0.5734347701072693,0.3580600619316101,-0.0009280772064812481,1100,386,artificial_jewellery,video_20260404_120254,frame_003300.jpg,003300
0,Right,17,0.48442527651786804,0.3496355414390564,0.032888755202293396,930,377,artificial_jewellery,video_20260404_120254,frame_003300.jpg,003300
0,Right,18,0.5173608660697937,0.2709423303604126,0.02593950927257538,993,292,artificial_jewellery,video_20260404_120254,frame_003300.jpg,003300
0,Right,19,0.5472415089607239,0.28160664439201355,0.016605546697974205,1050,304,artificial_jewellery,video_20260404_120254,frame_003300.jpg,003300
0,Right,20,0.5632075071334839,0.3237018287181854,0.012771455571055412,1081,349,artificial_jewellery,video_20260404_120254,frame_003300.jpg,003300
1,Left,0,0.7579618096351624,0.701371967792511,4.593863707214041e-07,1455,757,artificial_jewellery,video_20260404_120254,frame_003300.jpg,003300
1,Left,1,0.7407390475273132,0.6492166519165039,-0.05148742347955704,1422,701,artificial_jewellery,video_20260404_120254,frame_003300.jpg,003300
1,Left,2,0.7230581045150757,0.5745491981506348,-0.06700602173805237,1388,620,artificial_jewellery,video_20260404_120254,frame_003300.jpg,003300
1,Left,3,0.698966920375824,0.5060516595840454,-0.07391158491373062,1342,546,artificial_jewellery,video_20260404_120254,frame_003300.jpg,003300
1,Left,4,0.6665785312652588,0.4482390284538269,-0.0786491259932518,1279,484,artificial_jewellery,video_20260404_120254,frame_003300.jpg,003300
1,Left,5,0.7570492625236511,0.4813239574432373,-0.006087211426347494,1453,519,artificial_jewellery,video_20260404_120254,frame_003300.jpg,003300
1,Left,6,0.7420626878738403,0.39561623334884644,-0.004472916945815086,1424,427,artificial_jewellery,video_20260404_120254,frame_003300.jpg,003300
1,Left,7,0.7183405756950378,0.3519436717033386,-0.012114220298826694,1379,380,artificial_jewellery,video_20260404_120254,frame_003300.jpg,003300
1,Left,8,0.6926639080047607,0.33871057629585266,-0.017570950090885162,1329,365,artificial_jewellery,video_20260404_120254,frame_003300.jpg,003300
1,Left,9,0.7399371266365051,0.4990147054195404,0.020137153565883636,1420,538,artificial_jewellery,video_20260404_120254,frame_003300.jpg,003300
1,Left,10,0.7261599898338318,0.4152313470840454,0.029883455485105515,1394,448,artificial_jewellery,video_20260404_120254,frame_003300.jpg,003300
1,Left,11,0.7005752325057983,0.3702421188354492,0.02113025262951851,1345,399,artificial_jewellery,video_20260404_120254,frame_003300.jpg,003300
1,Left,12,0.6749350428581238,0.35108277201652527,0.013105463236570358,1295,379,artificial_jewellery,video_20260404_120254,frame_003300.jpg,003300
1,Left,13,0.7215049266815186,0.5216379761695862,0.04058090224862099,1385,563,artificial_jewellery,video_20260404_120254,frame_003300.jpg,003300
1,Left,14,0.7026753425598145,0.4579639434814453,0.050219811499118805,1349,494,artificial_jewellery,video_20260404_120254,frame_003300.jpg,003300
1,Left,15,0.6811343431472778,0.4217284917831421,0.0438176728785038,1307,455,artificial_jewellery,video_20260404_120254,frame_003300.jpg,003300
1,Left,16,0.6590878963470459,0.40692123770713806,0.037310145795345306,1265,439,artificial_jewellery,video_20260404_120254,frame_003300.jpg,003300
1,Left,17,0.7019269466400146,0.5533742904663086,0.055745165795087814,1347,597,artificial_jewellery,video_20260404_120254,frame_003300.jpg,003300
1,Left,18,0.6818071007728577,0.5017961859703064,0.06280306726694107,1309,541,artificial_jewellery,video_20260404_120254,frame_003300.jpg,003300
1,Left,19,0.6673586368560791,0.4746988117694855,0.0626099705696106,1281,512,artificial_jewellery,video_20260404_120254,frame_003300.jpg,003300
1,Left,20,0.6558282971382141,0.4622781276702881,0.061285629868507385,1259,499,artificial_jewellery,video_20260404_120254,frame_003300.jpg,003300
0,Left,0,0.8062231540679932,0.6491454839706421,-1.9989890631677554e-07,1547,701,artificial_jewellery,video_20260404_120254,frame_003330.jpg,003330
0,Left,1,0.7487349510192871,0.6320069432258606,-0.08457406610250473,1437,682,artificial_jewellery,video_20260404_120254,frame_003330.jpg,003330
0,Left,2,0.7011194229125977,0.5691264271736145,-0.13779260218143463,1346,614,artificial_jewellery,video_20260404_120254,frame_003330.jpg,003330
0,Left,3,0.6811619400978088,0.4914773106575012,-0.16850672662258148,1307,530,artificial_jewellery,video_20260404_120254,frame_003330.jpg,003330
0,Left,4,0.680266261100769,0.41609495878219604,-0.19469478726387024,1306,449,artificial_jewellery,video_20260404_120254,frame_003330.jpg,003330
0,Left,5,0.8190178871154785,0.5692185759544373,-0.18933658301830292,1572,614,artificial_jewellery,video_20260404_120254,frame_003330.jpg,003330
0,Left,6,0.804579496383667,0.4146663248538971,-0.23512335121631622,1544,447,artificial_jewellery,video_20260404_120254,frame_003330.jpg,003330
0,Left,7,0.7618761658668518,0.3571952283382416,-0.24424666166305542,1462,385,artificial_jewellery,video_20260404_120254,frame_003330.jpg,003330
0,Left,8,0.7178061008453369,0.33302968740463257,-0.24509796500205994,1378,359,artificial_jewellery,video_20260404_120254,frame_003330.jpg,003330
0,Left,9,0.8531683683395386,0.5208452939987183,-0.15510869026184082,1638,562,artificial_jewellery,video_20260404_120254,frame_003330.jpg,003330
0,Left,10,0.802722692489624,0.34247294068336487,-0.20235617458820343,1541,369,artificial_jewellery,video_20260404_120254,frame_003330.jpg,003330
0,Left,11,0.7427878975868225,0.2851923704147339,-0.20471955835819244,1426,308,artificial_jewellery,video_20260404_120254,frame_003330.jpg,003330
0,Left,12,0.693511962890625,0.2709048390388489,-0.20428955554962158,1331,292,artificial_jewellery,video_20260404_120254,frame_003330.jpg,003330
0,Left,13,0.8636453151702881,0.4762703776359558,-0.11898564547300339,1658,514,artificial_jewellery,video_20260404_120254,frame_003330.jpg,003330
0,Left,14,0.8031166791915894,0.3202734887599945,-0.15741898119449615,1541,345,artificial_jewellery,video_20260404_120254,frame_003330.jpg,003330
0,Left,15,0.7469850778579712,0.28087618947029114,-0.15806585550308228,1434,303,artificial_jewellery,video_20260404_120254,frame_003330.jpg,003330
0,Left,16,0.7033892869949341,0.2732860743999481,-0.15628810226917267,1350,295,artificial_jewellery,video_20260404_120254,frame_003330.jpg,003330
0,Left,17,0.8587074279785156,0.43958014249801636,-0.08638505637645721,1648,474,artificial_jewellery,video_20260404_120254,frame_003330.jpg,003330
0,Left,18,0.8058145046234131,0.331624299287796,-0.11817046999931335,1547,358,artificial_jewellery,video_20260404_120254,frame_003330.jpg,003330
0,Left,19,0.7602047324180603,0.3026823103427887,-0.12553027272224426,1459,326,artificial_jewellery,video_20260404_120254,frame_003330.jpg,003330
0,Left,20,0.7275391817092896,0.29486292600631714,-0.12788927555084229,1396,318,artificial_jewellery,video_20260404_120254,frame_003330.jpg,003330
1,Right,0,0.4519217014312744,0.5973824262619019,3.3183800951519515e-07,867,645,artificial_jewellery,video_20260404_120254,frame_003330.jpg,003330
1,Right,1,0.5302278995513916,0.5879993438720703,-0.06443797796964645,1018,635,artificial_jewellery,video_20260404_120254,frame_003330.jpg,003330
1,Right,2,0.5923898816108704,0.5109320878982544,-0.07328467816114426,1137,551,artificial_jewellery,video_20260404_120254,frame_003330.jpg,003330
1,Right,3,0.6398204565048218,0.46164989471435547,-0.05961807817220688,1228,498,artificial_jewellery,video_20260404_120254,frame_003330.jpg,003330
1,Right,4,0.6707124710083008,0.40602800250053406,-0.03483783081173897,1287,438,artificial_jewellery,video_20260404_120254,frame_003330.jpg,003330
1,Right,5,0.5245673656463623,0.3193551003932953,-0.06941498816013336,1007,344,artificial_jewellery,video_20260404_120254,frame_003330.jpg,003330
1,Right,6,0.561581015586853,0.1853526532649994,-0.07271768152713776,1078,200,artificial_jewellery,video_20260404_120254,frame_003330.jpg,003330
1,Right,7,0.6084625124931335,0.19972971081733704,-0.06403592228889465,1168,215,artificial_jewellery,video_20260404_120254,frame_003330.jpg,003330
1,Right,8,0.6250343322753906,0.2588331699371338,-0.04959869384765625,1200,279,artificial_jewellery,video_20260404_120254,frame_003330.jpg,003330
1,Right,9,0.5075818300247192,0.31377217173576355,-0.018889613449573517,974,338,artificial_jewellery,video_20260404_120254,frame_003330.jpg,003330
1,Right,10,0.577650785446167,0.20248132944107056,-0.018779218196868896,1109,218,artificial_jewellery,video_20260404_120254,frame_003330.jpg,003330
1,Right,11,0.6209745407104492,0.255286306142807,-0.015529139898717403,1192,275,artificial_jewellery,video_20260404_120254,frame_003330.jpg,003330
1,Right,12,0.6297171115875244,0.3158406913280487,-0.008734695613384247,1209,341,artificial_jewellery,video_20260404_120254,frame_003330.jpg,003330
1,Right,13,0.4997246265411377,0.3114508092403412,0.030206458643078804,959,336,artificial_jewellery,video_20260404_120254,frame_003330.jpg,003330
1,Right,14,0.5646402835845947,0.22893738746643066,0.025774549692869186,1084,247,artificial_jewellery,video_20260404_120254,frame_003330.jpg,003330
1,Right,15,0.60122150182724,0.2748134732246399,0.015284777618944645,1154,296,artificial_jewellery,video_20260404_120254,frame_003330.jpg,003330
1,Right,16,0.6115534901618958,0.32738831639289856,0.013280496001243591,1174,353,artificial_jewellery,video_20260404_120254,frame_003330.jpg,003330
1,Right,17,0.5014954805374146,0.31185391545295715,0.07724607735872269,962,336,artificial_jewellery,video_20260404_120254,frame_003330.jpg,003330
1,Right,18,0.5504847764968872,0.25262126326560974,0.06923076510429382,1056,272,artificial_jewellery,video_20260404_120254,frame_003330.jpg,003330
1,Right,19,0.5856578350067139,0.28234127163887024,0.057217102497816086,1124,304,artificial_jewellery,video_20260404_120254,frame_003330.jpg,003330
1,Right,20,0.5996394157409668,0.3252539336681366,0.053324904292821884,1151,351,artificial_jewellery,video_20260404_120254,frame_003330.jpg,003330
0,Left,0,0.7632765769958496,0.5806938409805298,3.152885028612218e-07,1465,627,artificial_jewellery,video_20260404_120254,frame_003360.jpg,003360
0,Left,1,0.7808894515037537,0.5354425311088562,-0.05697084218263626,1499,578,artificial_jewellery,video_20260404_120254,frame_003360.jpg,003360
0,Left,2,0.7734683752059937,0.46864578127861023,-0.08377836644649506,1485,506,artificial_jewellery,video_20260404_120254,frame_003360.jpg,003360
0,Left,3,0.7434237599372864,0.4235127866268158,-0.10358057916164398,1427,457,artificial_jewellery,video_20260404_120254,frame_003360.jpg,003360
0,Left,4,0.7067041993141174,0.3774798810482025,-0.12192782759666443,1356,407,artificial_jewellery,video_20260404_120254,frame_003360.jpg,003360
0,Left,5,0.7449599504470825,0.30773401260375977,-0.03724922239780426,1430,332,artificial_jewellery,video_20260404_120254,frame_003360.jpg,003360
0,Left,6,0.7212589979171753,0.22098174691200256,-0.05944610759615898,1384,238,artificial_jewellery,video_20260404_120254,frame_003360.jpg,003360
0,Left,7,0.6946160793304443,0.17240861058235168,-0.07874176651239395,1333,186,artificial_jewellery,video_20260404_120254,frame_003360.jpg,003360
0,Left,8,0.6690893173217773,0.1398525983095169,-0.09265557676553726,1284,151,artificial_jewellery,video_20260404_120254,frame_003360.jpg,003360
0,Left,9,0.7146719694137573,0.3377472162246704,-0.02271059714257717,1372,364,artificial_jewellery,video_20260404_120254,frame_003360.jpg,003360
0,Left,10,0.6797538995742798,0.27401110529899597,-0.04995805025100708,1305,295,artificial_jewellery,video_20260404_120254,frame_003360.jpg,003360
0,Left,11,0.6481541991233826,0.26752349734306335,-0.07319159060716629,1244,288,artificial_jewellery,video_20260404_120254,frame_003360.jpg,003360
0,Left,12,0.6233742237091064,0.2698133885860443,-0.08548718690872192,1196,291,artificial_jewellery,video_20260404_120254,frame_003360.jpg,003360
0,Left,13,0.6926566362380981,0.38220834732055664,-0.014257525093853474,1329,412,artificial_jewellery,video_20260404_120254,frame_003360.jpg,003360
0,Left,14,0.6591243743896484,0.33893704414367676,-0.04286869615316391,1265,366,artificial_jewellery,video_20260404_120254,frame_003360.jpg,003360
0,Left,15,0.6339752078056335,0.3480303883552551,-0.060364894568920135,1217,375,artificial_jewellery,video_20260404_120254,frame_003360.jpg,003360
0,Left,16,0.6154401302337646,0.35811129212379456,-0.06741639226675034,1181,386,artificial_jewellery,video_20260404_120254,frame_003360.jpg,003360
0,Left,17,0.678223729133606,0.43535250425338745,-0.010567874647676945,1302,470,artificial_jewellery,video_20260404_120254,frame_003360.jpg,003360
0,Left,18,0.6526594161987305,0.40807852149009705,-0.035878583788871765,1253,440,artificial_jewellery,video_20260404_120254,frame_003360.jpg,003360
0,Left,19,0.6411605477333069,0.4183913767337799,-0.047049473971128464,1231,451,artificial_jewellery,video_20260404_120254,frame_003360.jpg,003360
0,Left,20,0.6347552537918091,0.4297952950000763,-0.051047973334789276,1218,464,artificial_jewellery,video_20260404_120254,frame_003360.jpg,003360
1,Right,0,0.43965089321136475,0.5152223706245422,6.994955583650153e-07,844,556,artificial_jewellery,video_20260404_120254,frame_003360.jpg,003360
1,Right,1,0.4555721580982208,0.46350499987602234,-0.06567946821451187,874,500,artificial_jewellery,video_20260404_120254,frame_003360.jpg,003360
1,Right,2,0.5070250034332275,0.4099992513656616,-0.08926337212324142,973,442,artificial_jewellery,video_20260404_120254,frame_003360.jpg,003360
1,Right,3,0.5754178166389465,0.3963642120361328,-0.1005135253071785,1104,428,artificial_jewellery,video_20260404_120254,frame_003360.jpg,003360
1,Right,4,0.6232253909111023,0.40375280380249023,-0.10618675500154495,1196,436,artificial_jewellery,video_20260404_120254,frame_003360.jpg,003360
1,Right,5,0.47354793548583984,0.24680620431900024,-0.039906010031700134,909,266,artificial_jewellery,video_20260404_120254,frame_003360.jpg,003360
1,Right,6,0.5079942345619202,0.15756970643997192,-0.06257986277341843,975,170,artificial_jewellery,video_20260404_120254,frame_003360.jpg,003360
1,Right,7,0.5441047549247742,0.15104173123836517,-0.08295925706624985,1044,163,artificial_jewellery,video_20260404_120254,frame_003360.jpg,003360
1,Right,8,0.5698742866516113,0.18199293315410614,-0.09438714385032654,1094,196,artificial_jewellery,video_20260404_120254,frame_003360.jpg,003360
1,Right,9,0.505642831325531,0.27679872512817383,-0.012750922702252865,970,298,artificial_jewellery,video_20260404_120254,frame_003360.jpg,003360
1,Right,10,0.570618748664856,0.23444053530693054,-0.03720629960298538,1095,253,artificial_jewellery,video_20260404_120254,frame_003360.jpg,003360
1,Right,11,0.6197157502174377,0.24471774697303772,-0.06386671215295792,1189,264,artificial_jewellery,video_20260404_120254,frame_003360.jpg,003360
1,Right,12,0.6531186699867249,0.2688552439212799,-0.07964295893907547,1253,290,artificial_jewellery,video_20260404_120254,frame_003360.jpg,003360
1,Right,13,0.5334372520446777,0.3162522315979004,0.007702198810875416,1024,341,artificial_jewellery,video_20260404_120254,frame_003360.jpg,003360
1,Right,14,0.5870111584663391,0.27464255690574646,-0.021042225882411003,1127,296,artificial_jewellery,video_20260404_120254,frame_003360.jpg,003360
1,Right,15,0.6277198791503906,0.2858333885669708,-0.04741790518164635,1205,308,artificial_jewellery,video_20260404_120254,frame_003360.jpg,003360
1,Right,16,0.6540599465370178,0.3116457760334015,-0.05997772887349129,1255,336,artificial_jewellery,video_20260404_120254,frame_003360.jpg,003360
1,Right,17,0.5586267709732056,0.35523080825805664,0.023976806551218033,1072,383,artificial_jewellery,video_20260404_120254,frame_003360.jpg,003360
1,Right,18,0.5942246317863464,0.31599709391593933,0.0006759977550245821,1140,341,artificial_jewellery,video_20260404_120254,frame_003360.jpg,003360
1,Right,19,0.615079939365387,0.3223559558391571,-0.014971130527555943,1180,348,artificial_jewellery,video_20260404_120254,frame_003360.jpg,003360
1,Right,20,0.6298040151596069,0.3437380790710449,-0.02211722917854786,1209,371,artificial_jewellery,video_20260404_120254,frame_003360.jpg,003360
0,Right,0,0.44375720620155334,0.6675043702125549,3.7810048070241464e-07,852,720,artificial_jewellery,video_20260404_120254,frame_003420.jpg,003420
0,Right,1,0.4954851269721985,0.6185501217842102,-0.07123582065105438,951,668,artificial_jewellery,video_20260404_120254,frame_003420.jpg,003420
0,Right,2,0.5527088642120361,0.5461039543151855,-0.07925690710544586,1061,589,artificial_jewellery,video_20260404_120254,frame_003420.jpg,003420
0,Right,3,0.6056923270225525,0.5069980621337891,-0.06697271764278412,1162,547,artificial_jewellery,video_20260404_120254,frame_003420.jpg,003420
0,Right,4,0.638782262802124,0.4544820785522461,-0.04443610459566116,1226,490,artificial_jewellery,video_20260404_120254,frame_003420.jpg,003420
0,Right,5,0.47111478447914124,0.3608974814414978,-0.03888316825032234,904,389,artificial_jewellery,video_20260404_120254,frame_003420.jpg,003420
0,Right,6,0.49180835485458374,0.2317848652601242,-0.0398990772664547,944,250,artificial_jewellery,video_20260404_120254,frame_003420.jpg,003420
0,Right,7,0.5385779738426208,0.21758858859539032,-0.0422026664018631,1034,234,artificial_jewellery,video_20260404_120254,frame_003420.jpg,003420
0,Right,8,0.5729706287384033,0.25820475816726685,-0.041080690920352936,1100,278,artificial_jewellery,video_20260404_120254,frame_003420.jpg,003420
0,Right,9,0.48418793082237244,0.3849816620349884,0.008526750840246677,929,415,artificial_jewellery,video_20260404_120254,frame_003420.jpg,003420
0,Right,10,0.5398066639900208,0.29813623428344727,0.007982850074768066,1036,321,artificial_jewellery,video_20260404_120254,frame_003420.jpg,003420
0,Right,11,0.5936295390129089,0.32769665122032166,-0.007492683362215757,1139,353,artificial_jewellery,video_20260404_120254,frame_003420.jpg,003420
0,Right,12,0.6225961446762085,0.37707486748695374,-0.018260981887578964,1195,407,artificial_jewellery,video_20260404_120254,frame_003420.jpg,003420
0,Right,13,0.49821171164512634,0.4105229377746582,0.050864215940237045,956,443,artificial_jewellery,video_20260404_120254,frame_003420.jpg,003420
0,Right,14,0.5522075295448303,0.3553510904312134,0.04808652028441429,1060,383,artificial_jewellery,video_20260404_120254,frame_003420.jpg,003420
0,Right,15,0.5962550044059753,0.3774573802947998,0.022052185609936714,1144,407,artificial_jewellery,video_20260404_120254,frame_003420.jpg,003420
0,Right,16,0.6211544275283813,0.41556793451309204,0.004281966015696526,1192,448,artificial_jewellery,video_20260404_120254,frame_003420.jpg,003420
0,Right,17,0.5164030194282532,0.4426747262477875,0.08862408250570297,991,478,artificial_jewellery,video_20260404_120254,frame_003420.jpg,003420
0,Right,18,0.5625618100166321,0.4075855314731598,0.07900436222553253,1080,440,artificial_jewellery,video_20260404_120254,frame_003420.jpg,003420
0,Right,19,0.5945967435836792,0.42394065856933594,0.056211523711681366,1141,457,artificial_jewellery,video_20260404_120254,frame_003420.jpg,003420
0,Right,20,0.6118045449256897,0.4552527368068695,0.041450515389442444,1174,491,artificial_jewellery,video_20260404_120254,frame_003420.jpg,003420
0,Left,0,0.6830844283103943,0.6590085029602051,-3.1426955615643237e-07,1311,711,artificial_jewellery,video_20260404_120254,frame_003510.jpg,003510
0,Left,1,0.6443415284156799,0.6534361243247986,-0.04490754008293152,1237,705,artificial_jewellery,video_20260404_120254,frame_003510.jpg,003510
0,Left,2,0.621870756149292,0.5881054401397705,-0.05864586681127548,1193,635,artificial_jewellery,video_20260404_120254,frame_003510.jpg,003510
0,Left,3,0.604877233505249,0.516609251499176,-0.05998707935214043,1161,557,artificial_jewellery,video_20260404_120254,frame_003510.jpg,003510
0,Left,4,0.5925594568252563,0.4686462879180908,-0.05703264847397804,1137,506,artificial_jewellery,video_20260404_120254,frame_003510.jpg,003510
0,Left,5,0.6577630043029785,0.4921938478946686,-0.057207368314266205,1262,531,artificial_jewellery,video_20260404_120254,frame_003510.jpg,003510
0,Left,6,0.5991021394729614,0.4349372386932373,-0.062478143721818924,1150,469,artificial_jewellery,video_20260404_120254,frame_003510.jpg,003510
0,Left,7,0.5795166492462158,0.477260559797287,-0.057901185005903244,1112,515,artificial_jewellery,video_20260404_120254,frame_003510.jpg,003510
0,Left,8,0.5805502533912659,0.5157951712608337,-0.0532396137714386,1114,557,artificial_jewellery,video_20260404_120254,frame_003510.jpg,003510
0,Left,9,0.6690369844436646,0.47882527112960815,-0.030249154195189476,1284,517,artificial_jewellery,video_20260404_120254,frame_003510.jpg,003510
0,Left,10,0.6114267706871033,0.44009047746658325,-0.03730423375964165,1173,475,artificial_jewellery,video_20260404_120254,frame_003510.jpg,003510
0,Left,11,0.5905812382698059,0.48282137513160706,-0.03581784665584564,1133,521,artificial_jewellery,video_20260404_120254,frame_003510.jpg,003510
0,Left,12,0.5880565643310547,0.5143916010856628,-0.03457185626029968,1129,555,artificial_jewellery,video_20260404_120254,frame_003510.jpg,003510
0,Left,13,0.6715598106384277,0.4813941717147827,-0.0037669381126761436,1289,519,artificial_jewellery,video_20260404_120254,frame_003510.jpg,003510
0,Left,14,0.6185281276702881,0.45365044474601746,-0.012921820394694805,1187,489,artificial_jewellery,video_20260404_120254,frame_003510.jpg,003510
0,Left,15,0.6029148101806641,0.49342823028564453,-0.01282271184027195,1157,532,artificial_jewellery,video_20260404_120254,frame_003510.jpg,003510
0,Left,16,0.6052852272987366,0.5258927941322327,-0.011796053498983383,1162,567,artificial_jewellery,video_20260404_120254,frame_003510.jpg,003510
0,Left,17,0.6673199534416199,0.48714321851730347,0.020583970472216606,1281,526,artificial_jewellery,video_20260404_120254,frame_003510.jpg,003510
0,Left,18,0.6263691782951355,0.46973201632499695,0.008510958403348923,1202,507,artificial_jewellery,video_20260404_120254,frame_003510.jpg,003510
0,Left,19,0.6144937872886658,0.4993458390235901,0.004651717841625214,1179,539,artificial_jewellery,video_20260404_120254,frame_003510.jpg,003510
0,Left,20,0.6177353858947754,0.5241633653640747,0.004528225865215063,1186,566,artificial_jewellery,video_20260404_120254,frame_003510.jpg,003510
0,Right,0,0.4500555098056793,0.6148592829704285,5.277627792565909e-07,864,664,artificial_jewellery,video_20260404_120254,frame_003540.jpg,003540
0,Right,1,0.4884142577648163,0.5919240713119507,-0.04833531752228737,937,639,artificial_jewellery,video_20260404_120254,frame_003540.jpg,003540
0,Right,2,0.5264769792556763,0.5365024209022522,-0.06314945966005325,1010,579,artificial_jewellery,video_20260404_120254,frame_003540.jpg,003540
0,Right,3,0.5559145212173462,0.4885968267917633,-0.06666956841945648,1067,527,artificial_jewellery,video_20260404_120254,frame_003540.jpg,003540
0,Right,4,0.5765628814697266,0.4444250464439392,-0.06495742499828339,1107,479,artificial_jewellery,video_20260404_120254,frame_003540.jpg,003540
0,Right,5,0.4591033458709717,0.4061359465122223,-0.04214625433087349,881,438,artificial_jewellery,video_20260404_120254,frame_003540.jpg,003540
0,Right,6,0.4533194303512573,0.29806432127952576,-0.054368361830711365,870,321,artificial_jewellery,video_20260404_120254,frame_003540.jpg,003540
0,Right,7,0.4860222041606903,0.28810256719589233,-0.062045928090810776,933,311,artificial_jewellery,video_20260404_120254,frame_003540.jpg,003540
0,Right,8,0.5110784769058228,0.3196057379245758,-0.06319718062877655,981,345,artificial_jewellery,video_20260404_120254,frame_003540.jpg,003540
0,Right,9,0.45998600125312805,0.4084482789039612,-0.0154573330655694,883,441,artificial_jewellery,video_20260404_120254,frame_003540.jpg,003540
0,Right,10,0.4938282370567322,0.34065863490104675,-0.03205449879169464,948,367,artificial_jewellery,video_20260404_120254,frame_003540.jpg,003540
0,Right,11,0.5382162928581238,0.3550878167152405,-0.04733913764357567,1033,383,artificial_jewellery,video_20260404_120254,frame_003540.jpg,003540
0,Right,12,0.5660072565078735,0.3928230106830597,-0.053541991859674454,1086,424,artificial_jewellery,video_20260404_120254,frame_003540.jpg,003540
0,Right,13,0.465253621339798,0.41934093832969666,0.009034255519509315,893,452,artificial_jewellery,video_20260404_120254,frame_003540.jpg,003540
0,Right,14,0.4974736273288727,0.37443092465400696,-0.005669461563229561,955,404,artificial_jewellery,video_20260404_120254,frame_003540.jpg,003540
0,Right,15,0.533531904220581,0.38879120349884033,-0.021588480100035667,1024,419,artificial_jewellery,video_20260404_120254,frame_003540.jpg,003540
0,Right,16,0.5563269257545471,0.4178897440433502,-0.028024092316627502,1068,451,artificial_jewellery,video_20260404_120254,frame_003540.jpg,003540
0,Right,17,0.47004055976867676,0.4320939779281616,0.03101544827222824,902,466,artificial_jewellery,video_20260404_120254,frame_003540.jpg,003540
0,Right,18,0.49588948488235474,0.40220311284065247,0.017939012497663498,952,434,artificial_jewellery,video_20260404_120254,frame_003540.jpg,003540
0,Right,19,0.5218190550804138,0.41308438777923584,0.008253213949501514,1001,446,artificial_jewellery,video_20260404_120254,frame_003540.jpg,003540
0,Right,20,0.5384143590927124,0.43865135312080383,0.006142596714198589,1033,473,artificial_jewellery,video_20260404_120254,frame_003540.jpg,003540
1,Left,0,0.7256211638450623,0.592593789100647,-1.7486604519945104e-07,1393,640,artificial_jewellery,video_20260404_120254,frame_003540.jpg,003540
1,Left,1,0.7004549503326416,0.6013467907905579,-0.05405968427658081,1344,649,artificial_jewellery,video_20260404_120254,frame_003540.jpg,003540
1,Left,2,0.6688879728317261,0.5552240014076233,-0.06867451965808868,1284,599,artificial_jewellery,video_20260404_120254,frame_003540.jpg,003540
1,Left,3,0.6396159529685974,0.5058294534683228,-0.0715441033244133,1228,546,artificial_jewellery,video_20260404_120254,frame_003540.jpg,003540
1,Left,4,0.6168500185012817,0.4599694609642029,-0.06996890157461166,1184,496,artificial_jewellery,video_20260404_120254,frame_003540.jpg,003540
1,Left,5,0.6701266169548035,0.4514980912208557,-0.037447214126586914,1286,487,artificial_jewellery,video_20260404_120254,frame_003540.jpg,003540
1,Left,6,0.61517733335495,0.4533899426460266,-0.055214524269104004,1181,489,artificial_jewellery,video_20260404_120254,frame_003540.jpg,003540
1,Left,7,0.612975537776947,0.49513810873031616,-0.062171339988708496,1176,534,artificial_jewellery,video_20260404_120254,frame_003540.jpg,003540
1,Left,8,0.6263631582260132,0.5218285322189331,-0.06142669916152954,1202,563,artificial_jewellery,video_20260404_120254,frame_003540.jpg,003540
1,Left,9,0.6697472929954529,0.4500584304332733,-0.008785614743828773,1285,486,artificial_jewellery,video_20260404_120254,frame_003540.jpg,003540
1,Left,10,0.6218054890632629,0.4659113883972168,-0.031188001856207848,1193,503,artificial_jewellery,video_20260404_120254,frame_003540.jpg,003540
1,Left,11,0.6272962689399719,0.5179056525230408,-0.0381305068731308,1204,559,artificial_jewellery,video_20260404_120254,frame_003540.jpg,003540
1,Left,12,0.6416229605674744,0.544395387172699,-0.03490188345313072,1231,587,artificial_jewellery,video_20260404_120254,frame_003540.jpg,003540
1,Left,13,0.6678847074508667,0.4592611491680145,0.014880223199725151,1282,496,artificial_jewellery,video_20260404_120254,frame_003540.jpg,003540
1,Left,14,0.630574643611908,0.4825246334075928,-0.010383183136582375,1210,521,artificial_jewellery,video_20260404_120254,frame_003540.jpg,003540
1,Left,15,0.6384373307228088,0.5318801403045654,-0.016272973269224167,1225,574,artificial_jewellery,video_20260404_120254,frame_003540.jpg,003540
1,Left,16,0.6530287861824036,0.550662636756897,-0.011075927875936031,1253,594,artificial_jewellery,video_20260404_120254,frame_003540.jpg,003540
1,Left,17,0.6651466488838196,0.4672885835170746,0.03544594347476959,1277,504,artificial_jewellery,video_20260404_120254,frame_003540.jpg,003540
1,Left,18,0.6369102001190186,0.48958268761634827,0.014101778157055378,1222,528,artificial_jewellery,video_20260404_120254,frame_003540.jpg,003540
1,Left,19,0.6442673206329346,0.5261503458023071,0.0070410300977528095,1236,568,artificial_jewellery,video_20260404_120254,frame_003540.jpg,003540
1,Left,20,0.6584269404411316,0.5395131707191467,0.009791575372219086,1264,582,artificial_jewellery,video_20260404_120254,frame_003540.jpg,003540
0,Right,0,0.44795989990234375,0.6027369499206543,5.091656589684135e-07,860,650,artificial_jewellery,video_20260404_120254,frame_003630.jpg,003630
0,Right,1,0.4798799157142639,0.601531982421875,-0.03415277972817421,921,649,artificial_jewellery,video_20260404_120254,frame_003630.jpg,003630
0,Right,2,0.5100393295288086,0.5509775876998901,-0.04262002930045128,979,595,artificial_jewellery,video_20260404_120254,frame_003630.jpg,003630
0,Right,3,0.5379229187965393,0.5069242715835571,-0.043297551572322845,1032,547,artificial_jewellery,video_20260404_120254,frame_003630.jpg,003630
0,Right,4,0.5644571781158447,0.47785067558288574,-0.04166215658187866,1083,516,artificial_jewellery,video_20260404_120254,frame_003630.jpg,003630
0,Right,5,0.4798310399055481,0.4374425411224365,-0.020658858120441437,921,472,artificial_jewellery,video_20260404_120254,frame_003630.jpg,003630
0,Right,6,0.49600470066070557,0.36885786056518555,-0.02773953229188919,952,398,artificial_jewellery,video_20260404_120254,frame_003630.jpg,003630
0,Right,7,0.5224859118461609,0.3344343900680542,-0.03504045307636261,1003,361,artificial_jewellery,video_20260404_120254,frame_003630.jpg,003630
0,Right,8,0.5450335741043091,0.3182401657104492,-0.038736917078495026,1046,343,artificial_jewellery,video_20260404_120254,frame_003630.jpg,003630
0,Right,9,0.4759155511856079,0.4292663335800171,-0.0035847830586135387,913,463,artificial_jewellery,video_20260404_120254,frame_003630.jpg,003630
0,Right,10,0.5001875758171082,0.36118704080581665,-0.010264487937092781,960,390,artificial_jewellery,video_20260404_120254,frame_003630.jpg,003630
0,Right,11,0.5298286080360413,0.3292010724544525,-0.019142255187034607,1017,355,artificial_jewellery,video_20260404_120254,frame_003630.jpg,003630
0,Right,12,0.5550386905670166,0.3125672936439514,-0.02406701259315014,1065,337,artificial_jewellery,video_20260404_120254,frame_003630.jpg,003630
0,Right,13,0.47309479117393494,0.43011969327926636,0.010326942428946495,908,464,artificial_jewellery,video_20260404_120254,frame_003630.jpg,003630
0,Right,14,0.4963594377040863,0.36359548568725586,0.0022669562604278326,953,392,artificial_jewellery,video_20260404_120254,frame_003630.jpg,003630
0,Right,15,0.5243020057678223,0.33305734395980835,-0.00912107340991497,1006,359,artificial_jewellery,video_20260404_120254,frame_003630.jpg,003630
0,Right,16,0.549562394618988,0.3149043321609497,-0.015333954244852066,1055,340,artificial_jewellery,video_20260404_120254,frame_003630.jpg,003630
0,Right,17,0.4685128927230835,0.43418553471565247,0.021927308291196823,899,468,artificial_jewellery,video_20260404_120254,frame_003630.jpg,003630
0,Right,18,0.4875347316265106,0.373795747756958,0.013442381285130978,936,403,artificial_jewellery,video_20260404_120254,frame_003630.jpg,003630
0,Right,19,0.5084280371665955,0.34558165073394775,0.0051869298331439495,976,373,artificial_jewellery,video_20260404_120254,frame_003630.jpg,003630
0,Right,20,0.5289399027824402,0.33006396889686584,0.0008523512515239418,1015,356,artificial_jewellery,video_20260404_120254,frame_003630.jpg,003630
1,Left,0,0.6822364330291748,0.6365717649459839,8.834332376750353e-09,1309,687,artificial_jewellery,video_20260404_120254,frame_003630.jpg,003630
1,Left,1,0.6690441370010376,0.581587016582489,-0.033553361892700195,1284,628,artificial_jewellery,video_20260404_120254,frame_003630.jpg,003630
1,Left,2,0.6528749465942383,0.5170202255249023,-0.040014177560806274,1253,558,artificial_jewellery,video_20260404_120254,frame_003630.jpg,003630
1,Left,3,0.6270201206207275,0.4699710011482239,-0.04035079851746559,1203,507,artificial_jewellery,video_20260404_120254,frame_003630.jpg,003630
1,Left,4,0.601779580116272,0.4363679885864258,-0.03884105384349823,1155,471,artificial_jewellery,video_20260404_120254,frame_003630.jpg,003630
1,Left,5,0.6819146871566772,0.4631268084049225,0.0014065408613532782,1309,500,artificial_jewellery,video_20260404_120254,frame_003630.jpg,003630
1,Left,6,0.6451134085655212,0.4208730459213257,0.004170076455920935,1238,454,artificial_jewellery,video_20260404_120254,frame_003630.jpg,003630
1,Left,7,0.6222953200340271,0.42271095514297485,0.0011436560889706016,1194,456,artificial_jewellery,video_20260404_120254,frame_003630.jpg,003630
1,Left,8,0.6119915843009949,0.4374443590641022,-0.0007185738068073988,1175,472,artificial_jewellery,video_20260404_120254,frame_003630.jpg,003630
1,Left,9,0.669161856174469,0.48829445242881775,0.020206362009048462,1284,527,artificial_jewellery,video_20260404_120254,frame_003630.jpg,003630
1,Left,10,0.6383286118507385,0.4510248899459839,0.023695722222328186,1225,487,artificial_jewellery,video_20260404_120254,frame_003630.jpg,003630
1,Left,11,0.6162478923797607,0.4595407545566559,0.01369364745914936,1183,496,artificial_jewellery,video_20260404_120254,frame_003630.jpg,003630
1,Left,12,0.6030591726303101,0.4767932891845703,0.0069987284950912,1157,514,artificial_jewellery,video_20260404_120254,frame_003630.jpg,003630
1,Left,13,0.6570395827293396,0.5150125026702881,0.03534490615129471,1261,556,artificial_jewellery,video_20260404_120254,frame_003630.jpg,003630
1,Left,14,0.6322306990623474,0.48094433546066284,0.035645052790641785,1213,519,artificial_jewellery,video_20260404_120254,frame_003630.jpg,003630
1,Left,15,0.6123247742652893,0.4825119078159332,0.023190055042505264,1175,521,artificial_jewellery,video_20260404_120254,frame_003630.jpg,003630
1,Left,16,0.6002193093299866,0.4893749952316284,0.015445053577423096,1152,528,artificial_jewellery,video_20260404_120254,frame_003630.jpg,003630
1,Left,17,0.6467106342315674,0.5399030447006226,0.04804690554738045,1241,583,artificial_jewellery,video_20260404_120254,frame_003630.jpg,003630
1,Left,18,0.6257100701332092,0.5130301713943481,0.045233797281980515,1201,554,artificial_jewellery,video_20260404_120254,frame_003630.jpg,003630
1,Left,19,0.6128167510032654,0.5118016004562378,0.037867698818445206,1176,552,artificial_jewellery,video_20260404_120254,frame_003630.jpg,003630
1,Left,20,0.6069716811180115,0.5152808427810669,0.033797625452280045,1165,556,artificial_jewellery,video_20260404_120254,frame_003630.jpg,003630
0,Left,0,0.8717007637023926,0.6344211101531982,1.4846472140561673e-07,1673,685,artificial_jewellery,video_20260404_120254,frame_003690.jpg,003690
0,Left,1,0.8929889798164368,0.5599637031555176,-0.01399015448987484,1714,604,artificial_jewellery,video_20260404_120254,frame_003690.jpg,003690
0,Left,2,0.8904997706413269,0.4762805700302124,-0.012384811416268349,1709,514,artificial_jewellery,video_20260404_120254,frame_003690.jpg,003690
0,Left,3,0.872704029083252,0.4130806624889374,-0.011486301198601723,1675,446,artificial_jewellery,video_20260404_120254,frame_003690.jpg,003690
0,Left,4,0.8533270359039307,0.36962395906448364,-0.010230758227407932,1638,399,artificial_jewellery,video_20260404_120254,frame_003690.jpg,003690
0,Left,5,0.8623149991035461,0.4395366311073303,0.025099720805883408,1655,474,artificial_jewellery,video_20260404_120254,frame_003690.jpg,003690
0,Left,6,0.8489332795143127,0.38473957777023315,0.0213699359446764,1629,415,artificial_jewellery,video_20260404_120254,frame_003690.jpg,003690
0,Left,7,0.8389367461204529,0.36167943477630615,0.009693494997918606,1610,390,artificial_jewellery,video_20260404_120254,frame_003690.jpg,003690
0,Left,8,0.8313379883766174,0.35691356658935547,0.0012772117042914033,1596,385,artificial_jewellery,video_20260404_120254,frame_003690.jpg,003690
0,Left,9,0.8398789167404175,0.4554063677787781,0.02777937240898609,1612,491,artificial_jewellery,video_20260404_120254,frame_003690.jpg,003690
0,Left,10,0.8253388404846191,0.3974565267562866,0.022934870794415474,1584,429,artificial_jewellery,video_20260404_120254,frame_003690.jpg,003690
0,Left,11,0.815954864025116,0.3792775869369507,0.003918895032256842,1566,409,artificial_jewellery,video_20260404_120254,frame_003690.jpg,003690
0,Left,12,0.8092669248580933,0.38887596130371094,-0.009947022423148155,1553,419,artificial_jewellery,video_20260404_120254,frame_003690.jpg,003690
0,Left,13,0.8219782710075378,0.4793655574321747,0.026414452120661736,1578,517,artificial_jewellery,video_20260404_120254,frame_003690.jpg,003690
0,Left,14,0.8040646314620972,0.4279698133468628,0.02051473781466484,1543,462,artificial_jewellery,video_20260404_120254,frame_003690.jpg,003690
0,Left,15,0.7947336435317993,0.4083351194858551,0.0023299555759876966,1525,441,artificial_jewellery,video_20260404_120254,frame_003690.jpg,003690
0,Left,16,0.7898299694061279,0.4201619625091553,-0.010138127021491528,1516,453,artificial_jewellery,video_20260404_120254,frame_003690.jpg,003690
0,Left,17,0.8064044117927551,0.512403130531311,0.023307885974645615,1548,553,artificial_jewellery,video_20260404_120254,frame_003690.jpg,003690
0,Left,18,0.7860687375068665,0.4710147976875305,0.017277030274271965,1509,508,artificial_jewellery,video_20260404_120254,frame_003690.jpg,003690
0,Left,19,0.7727559208869934,0.44846010208129883,0.006124483421444893,1483,484,artificial_jewellery,video_20260404_120254,frame_003690.jpg,003690
0,Left,20,0.764812707901001,0.4448346793651581,-0.0023563478607684374,1468,480,artificial_jewellery,video_20260404_120254,frame_003690.jpg,003690
0,Left,0,0.7816384434700012,0.5650607347488403,-1.0415705986588364e-07,1500,610,artificial_jewellery,video_20260404_120254,frame_003720.jpg,003720
0,Left,1,0.7471979260444641,0.5224226713180542,-0.04003457352519035,1434,564,artificial_jewellery,video_20260404_120254,frame_003720.jpg,003720
0,Left,2,0.7297430038452148,0.44846463203430176,-0.04651252552866936,1401,484,artificial_jewellery,video_20260404_120254,frame_003720.jpg,003720
0,Left,3,0.7121275067329407,0.3866829574108124,-0.04304170235991478,1367,417,artificial_jewellery,video_20260404_120254,frame_003720.jpg,003720
0,Left,4,0.6903887987136841,0.3410792052745819,-0.03749792277812958,1325,368,artificial_jewellery,video_20260404_120254,frame_003720.jpg,003720
0,Left,5,0.776706337928772,0.3777197301387787,-0.012354749254882336,1491,407,artificial_jewellery,video_20260404_120254,frame_003720.jpg,003720
0,Left,6,0.7379517555236816,0.3231993317604065,-0.003111585509032011,1416,349,artificial_jewellery,video_20260404_120254,frame_003720.jpg,003720
0,Left,7,0.7057386636734009,0.32488518953323364,-0.0023199196439236403,1355,350,artificial_jewellery,video_20260404_120254,frame_003720.jpg,003720
0,Left,8,0.6856173276901245,0.33819523453712463,-0.0022724817972630262,1316,365,artificial_jewellery,video_20260404_120254,frame_003720.jpg,003720
0,Left,9,0.7828633785247803,0.39262354373931885,0.015328189358115196,1503,424,artificial_jewellery,video_20260404_120254,frame_003720.jpg,003720
0,Left,10,0.7447785139083862,0.3428856432437897,0.028229709714651108,1429,370,artificial_jewellery,video_20260404_120254,frame_003720.jpg,003720
0,Left,11,0.7127377390861511,0.3391052782535553,0.023200413212180138,1368,366,artificial_jewellery,video_20260404_120254,frame_003720.jpg,003720
0,Left,12,0.6885202527046204,0.3527791500091553,0.0167671050876379,1321,381,artificial_jewellery,video_20260404_120254,frame_003720.jpg,003720
0,Left,13,0.7804404497146606,0.41463661193847656,0.04062184691429138,1498,447,artificial_jewellery,video_20260404_120254,frame_003720.jpg,003720
0,Left,14,0.7481873631477356,0.3726416826248169,0.050862111151218414,1436,402,artificial_jewellery,video_20260404_120254,frame_003720.jpg,003720
0,Left,15,0.7197940349578857,0.36747145652770996,0.04191676899790764,1382,396,artificial_jewellery,video_20260404_120254,frame_003720.jpg,003720
0,Left,16,0.6985284686088562,0.3768896460533142,0.033149342983961105,1341,407,artificial_jewellery,video_20260404_120254,frame_003720.jpg,003720
0,Left,17,0.7759233713150024,0.43256500363349915,0.06310293078422546,1489,467,artificial_jewellery,video_20260404_120254,frame_003720.jpg,003720
0,Left,18,0.7472788691520691,0.4066431224346161,0.0671318843960762,1434,439,artificial_jewellery,video_20260404_120254,frame_003720.jpg,003720
0,Left,19,0.7261196970939636,0.40266573429107666,0.06158987060189247,1394,434,artificial_jewellery,video_20260404_120254,frame_003720.jpg,003720
0,Left,20,0.7101772427558899,0.4081058204174042,0.0569404661655426,1363,440,artificial_jewellery,video_20260404_120254,frame_003720.jpg,003720
1,Right,0,0.37456560134887695,0.4713125228881836,1.7630577531235758e-07,719,509,artificial_jewellery,video_20260404_120254,frame_003720.jpg,003720
1,Right,1,0.4116877019405365,0.4240391254425049,-0.031202280893921852,790,457,artificial_jewellery,video_20260404_120254,frame_003720.jpg,003720
1,Right,2,0.4406691789627075,0.3545468747615814,-0.029261961579322815,846,382,artificial_jewellery,video_20260404_120254,frame_003720.jpg,003720
1,Right,3,0.46986955404281616,0.31269559264183044,-0.019626550376415253,902,337,artificial_jewellery,video_20260404_120254,frame_003720.jpg,003720
1,Right,4,0.49574780464172363,0.29212626814842224,-0.0063607837073504925,951,315,artificial_jewellery,video_20260404_120254,frame_003720.jpg,003720
1,Right,5,0.3960988521575928,0.26976290345191956,0.002904697321355343,760,291,artificial_jewellery,video_20260404_120254,frame_003720.jpg,003720
1,Right,6,0.4308338165283203,0.21765953302383423,0.006998558063060045,827,235,artificial_jewellery,video_20260404_120254,frame_003720.jpg,003720
1,Right,7,0.4608725309371948,0.23666638135910034,0.004874741192907095,884,255,artificial_jewellery,video_20260404_120254,frame_003720.jpg,003720
1,Right,8,0.47980332374572754,0.2664155662059784,0.0034781601279973984,921,287,artificial_jewellery,video_20260404_120254,frame_003720.jpg,003720
1,Right,9,0.3968956768512726,0.2880170941352844,0.024791419506072998,762,311,artificial_jewellery,video_20260404_120254,frame_003720.jpg,003720
1,Right,10,0.4376993179321289,0.24830174446105957,0.028476551175117493,840,268,artificial_jewellery,video_20260404_120254,frame_003720.jpg,003720
1,Right,11,0.47147509455680847,0.2701377272605896,0.020020442083477974,905,291,artificial_jewellery,video_20260404_120254,frame_003720.jpg,003720
1,Right,12,0.4957944452762604,0.2972303628921509,0.013644881546497345,951,321,artificial_jewellery,video_20260404_120254,frame_003720.jpg,003720
1,Right,13,0.3997168242931366,0.3148355185985565,0.0430019237101078,767,340,artificial_jewellery,video_20260404_120254,frame_003720.jpg,003720
1,Right,14,0.44056442379951477,0.29166683554649353,0.041858185082674026,845,315,artificial_jewellery,video_20260404_120254,frame_003720.jpg,003720
1,Right,15,0.4691329598426819,0.30024734139442444,0.02413720265030861,900,324,artificial_jewellery,video_20260404_120254,frame_003720.jpg,003720
1,Right,16,0.4909346401691437,0.3236646354198456,0.012352445162832737,942,349,artificial_jewellery,video_20260404_120254,frame_003720.jpg,003720
1,Right,17,0.40631431341171265,0.3431788682937622,0.059281621128320694,780,370,artificial_jewellery,video_20260404_120254,frame_003720.jpg,003720
1,Right,18,0.43772950768470764,0.3273625671863556,0.05322776734828949,840,353,artificial_jewellery,video_20260404_120254,frame_003720.jpg,003720
1,Right,19,0.45780646800994873,0.3351077437400818,0.03893345594406128,878,361,artificial_jewellery,video_20260404_120254,frame_003720.jpg,003720
1,Right,20,0.47494661808013916,0.3541899621486664,0.02962622605264187,911,382,artificial_jewellery,video_20260404_120254,frame_003720.jpg,003720
0,Right,0,0.36405396461486816,0.5211232304573059,2.0534785960535373e-07,698,562,artificial_jewellery,video_20260404_120254,frame_003750.jpg,003750
0,Right,1,0.406802773475647,0.454612672328949,-0.03080049343407154,781,490,artificial_jewellery,video_20260404_120254,frame_003750.jpg,003750
0,Right,2,0.42067423462867737,0.36424702405929565,-0.0300127025693655,807,393,artificial_jewellery,video_20260404_120254,frame_003750.jpg,003750
0,Right,3,0.43682631850242615,0.30113252997398376,-0.01972862519323826,838,325,artificial_jewellery,video_20260404_120254,frame_003750.jpg,003750
0,Right,4,0.46025925874710083,0.26888033747673035,-0.004921069368720055,883,290,artificial_jewellery,video_20260404_120254,frame_003750.jpg,003750
0,Right,5,0.3502102792263031,0.2931806743144989,-0.012213665060698986,672,316,artificial_jewellery,video_20260404_120254,frame_003750.jpg,003750
0,Right,6,0.3881051242351532,0.21619552373886108,-0.010145415551960468,745,233,artificial_jewellery,video_20260404_120254,frame_003750.jpg,003750
0,Right,7,0.42511942982673645,0.2221621572971344,-0.011031720787286758,816,239,artificial_jewellery,video_20260404_120254,frame_003750.jpg,003750
0,Right,8,0.44904303550720215,0.23807591199874878,-0.01013101078569889,862,257,artificial_jewellery,video_20260404_120254,frame_003750.jpg,003750
0,Right,9,0.3339592516422272,0.3058498501777649,0.011209373362362385,641,330,artificial_jewellery,video_20260404_120254,frame_003750.jpg,003750
0,Right,10,0.3792216181755066,0.22963093221187592,0.016376236453652382,728,248,artificial_jewellery,video_20260404_120254,frame_003750.jpg,003750
0,Right,11,0.41942161321640015,0.23129744827747345,0.016129570081830025,805,249,artificial_jewellery,video_20260404_120254,frame_003750.jpg,003750
0,Right,12,0.44846364855766296,0.24838382005691528,0.016095668077468872,861,268,artificial_jewellery,video_20260404_120254,frame_003750.jpg,003750
0,Right,13,0.32991260290145874,0.3271973431110382,0.03197547048330307,633,353,artificial_jewellery,video_20260404_120254,frame_003750.jpg,003750
0,Right,14,0.3745879530906677,0.26270633935928345,0.03428120166063309,719,283,artificial_jewellery,video_20260404_120254,frame_003750.jpg,003750
0,Right,15,0.4108881652355194,0.2617887854576111,0.025677897036075592,788,282,artificial_jewellery,video_20260404_120254,frame_003750.jpg,003750
0,Right,16,0.4394211173057556,0.2802877724170685,0.020736955106258392,843,302,artificial_jewellery,video_20260404_120254,frame_003750.jpg,003750
0,Right,17,0.33539479970932007,0.3468295931816101,0.0506741888821125,643,374,artificial_jewellery,video_20260404_120254,frame_003750.jpg,003750
0,Right,18,0.36800113320350647,0.29750722646713257,0.04912795126438141,706,321,artificial_jewellery,video_20260404_120254,frame_003750.jpg,003750
0,Right,19,0.3966837525367737,0.288705974817276,0.04079999774694443,761,311,artificial_jewellery,video_20260404_120254,frame_003750.jpg,003750
0,Right,20,0.42124199867248535,0.29821333289146423,0.036413468420505524,808,322,artificial_jewellery,video_20260404_120254,frame_003750.jpg,003750
0,Left,0,0.6376816630363464,0.28618502616882324,-7.296198845097024e-08,1224,309,artificial_jewellery,video_20260404_120254,frame_003840.jpg,003840
0,Left,1,0.5910661220550537,0.27930915355682373,-0.02123519964516163,1134,301,artificial_jewellery,video_20260404_120254,frame_003840.jpg,003840
0,Left,2,0.5602555871009827,0.2221510261297226,-0.025920329615473747,1075,239,artificial_jewellery,video_20260404_120254,frame_003840.jpg,003840
0,Left,3,0.5374345183372498,0.1700042188167572,-0.023820921778678894,1031,183,artificial_jewellery,video_20260404_120254,frame_003840.jpg,003840
0,Left,4,0.5175682306289673,0.14137111604213715,-0.018116269260644913,993,152,artificial_jewellery,video_20260404_120254,frame_003840.jpg,003840
0,Left,5,0.596591055393219,0.12324255704879761,-0.02434234879910946,1145,133,artificial_jewellery,video_20260404_120254,frame_003840.jpg,003840
0,Left,6,0.5663598775863647,0.05106291174888611,-0.0158098004758358,1087,55,artificial_jewellery,video_20260404_120254,frame_003840.jpg,003840
0,Left,7,0.5479748845100403,0.044622182846069336,-0.0024371386971324682,1052,48,artificial_jewellery,video_20260404_120254,frame_003840.jpg,003840
0,Left,8,0.5399401783943176,0.051601842045784,0.007992623373866081,1036,55,artificial_jewellery,video_20260404_120254,frame_003840.jpg,003840
0,Left,9,0.6233192682266235,0.11400604248046875,-0.008289850316941738,1196,123,artificial_jewellery,video_20260404_120254,frame_003840.jpg,003840
0,Left,10,0.5901384353637695,0.04585779458284378,-0.0015131006948649883,1133,49,artificial_jewellery,video_20260404_120254,frame_003840.jpg,003840
0,Left,11,0.5680454969406128,0.055872052907943726,0.011611194349825382,1090,60,artificial_jewellery,video_20260404_120254,frame_003840.jpg,003840
0,Left,12,0.560706615447998,0.0699450746178627,0.022453581914305687,1076,75,artificial_jewellery,video_20260404_120254,frame_003840.jpg,003840
0,Left,13,0.6403872966766357,0.12158072739839554,0.007976570166647434,1229,131,artificial_jewellery,video_20260404_120254,frame_003840.jpg,003840
0,Left,14,0.6153081059455872,0.049741730093955994,0.011660920456051826,1181,53,artificial_jewellery,video_20260404_120254,frame_003840.jpg,003840
0,Left,15,0.5923845767974854,0.0530509427189827,0.022471977397799492,1137,57,artificial_jewellery,video_20260404_120254,frame_003840.jpg,003840
0,Left,16,0.5830318927764893,0.06737954169511795,0.03206349536776543,1119,72,artificial_jewellery,video_20260404_120254,frame_003840.jpg,003840
0,Left,17,0.6498523354530334,0.13442444801330566,0.02333938516676426,1247,145,artificial_jewellery,video_20260404_120254,frame_003840.jpg,003840
0,Left,18,0.6308462619781494,0.07059655338525772,0.025644563138484955,1211,76,artificial_jewellery,video_20260404_120254,frame_003840.jpg,003840
0,Left,19,0.6113367676734924,0.06030513346195221,0.03191695734858513,1173,65,artificial_jewellery,video_20260404_120254,frame_003840.jpg,003840
0,Left,20,0.60204017162323,0.06776914745569229,0.038855310529470444,1155,73,artificial_jewellery,video_20260404_120254,frame_003840.jpg,003840
1,Right,0,0.35368815064430237,0.44543391466140747,4.1824580421234714e-07,679,481,artificial_jewellery,video_20260404_120254,frame_003840.jpg,003840
1,Right,1,0.36113235354423523,0.3862289488315582,-0.0666239783167839,693,417,artificial_jewellery,video_20260404_120254,frame_003840.jpg,003840
1,Right,2,0.3576168119907379,0.2887704372406006,-0.07889746129512787,686,311,artificial_jewellery,video_20260404_120254,frame_003840.jpg,003840
1,Right,3,0.3647470474243164,0.19208818674087524,-0.07622504234313965,700,207,artificial_jewellery,video_20260404_120254,frame_003840.jpg,003840
1,Right,4,0.36703988909721375,0.12024290859699249,-0.0677775889635086,704,129,artificial_jewellery,video_20260404_120254,frame_003840.jpg,003840
1,Right,5,0.2720227837562561,0.2673676908016205,-0.032513462007045746,522,288,artificial_jewellery,video_20260404_120254,frame_003840.jpg,003840
1,Right,6,0.2984490692615509,0.14278122782707214,-0.05488055944442749,573,154,artificial_jewellery,video_20260404_120254,frame_003840.jpg,003840
1,Right,7,0.3393251597881317,0.11080045998096466,-0.07308299839496613,651,119,artificial_jewellery,video_20260404_120254,frame_003840.jpg,003840
1,Right,8,0.3697473406791687,0.11246894299983978,-0.07990127056837082,709,121,artificial_jewellery,video_20260404_120254,frame_003840.jpg,003840
1,Right,9,0.285867303609848,0.262911319732666,0.0013410565443336964,548,283,artificial_jewellery,video_20260404_120254,frame_003840.jpg,003840
1,Right,10,0.31361454725265503,0.14211350679397583,-0.024740885943174362,602,153,artificial_jewellery,video_20260404_120254,frame_003840.jpg,003840
1,Right,11,0.35654526948928833,0.13476616144180298,-0.04572565481066704,684,145,artificial_jewellery,video_20260404_120254,frame_003840.jpg,003840
1,Right,12,0.3867514431476593,0.1517210453748703,-0.05195346847176552,742,163,artificial_jewellery,video_20260404_120254,frame_003840.jpg,003840
1,Right,13,0.3036499321460724,0.2598443627357483,0.028113774955272675,583,280,artificial_jewellery,video_20260404_120254,frame_003840.jpg,003840
1,Right,14,0.33460158109664917,0.1629657745361328,-0.003777834353968501,642,176,artificial_jewellery,video_20260404_120254,frame_003840.jpg,003840
1,Right,15,0.36845409870147705,0.17277792096138,-0.025180205702781677,707,186,artificial_jewellery,video_20260404_120254,frame_003840.jpg,003840
1,Right,16,0.389385849237442,0.19446077942848206,-0.02853158675134182,747,210,artificial_jewellery,video_20260404_120254,frame_003840.jpg,003840
1,Right,17,0.3194393515586853,0.2621456980705261,0.05118012800812721,613,283,artificial_jewellery,video_20260404_120254,frame_003840.jpg,003840
1,Right,18,0.34774094820022583,0.19243299961090088,0.02403288148343563,667,207,artificial_jewellery,video_20260404_120254,frame_003840.jpg,003840
1,Right,19,0.37324607372283936,0.1999424397945404,0.009307906031608582,716,215,artificial_jewellery,video_20260404_120254,frame_003840.jpg,003840
1,Right,20,0.38943082094192505,0.22382494807243347,0.007182231638580561,747,241,artificial_jewellery,video_20260404_120254,frame_003840.jpg,003840
0,Left,0,0.7465823888778687,0.540446937084198,5.550709403223664e-08,1433,583,artificial_jewellery,video_20260404_120254,frame_003900.jpg,003900
0,Left,1,0.7051793932914734,0.5335243344306946,-0.040973961353302,1353,576,artificial_jewellery,video_20260404_120254,frame_003900.jpg,003900
0,Left,2,0.6789442896842957,0.4683486819267273,-0.061721790581941605,1303,505,artificial_jewellery,video_20260404_120254,frame_003900.jpg,003900
0,Left,3,0.6632319092750549,0.39246317744255066,-0.07163277268409729,1273,423,artificial_jewellery,video_20260404_120254,frame_003900.jpg,003900
0,Left,4,0.6469002366065979,0.3392833471298218,-0.07859588414430618,1242,366,artificial_jewellery,video_20260404_120254,frame_003900.jpg,003900
0,Left,5,0.7479079365730286,0.4269682765007019,-0.07733909785747528,1435,461,artificial_jewellery,video_20260404_120254,frame_003900.jpg,003900
0,Left,6,0.7061405777931213,0.32995015382766724,-0.09252563863992691,1355,356,artificial_jewellery,video_20260404_120254,frame_003900.jpg,003900
0,Left,7,0.6714670658111572,0.2985859513282776,-0.0943203791975975,1289,322,artificial_jewellery,video_20260404_120254,frame_003900.jpg,003900
0,Left,8,0.6443696022033691,0.2830674648284912,-0.09449812769889832,1237,305,artificial_jewellery,video_20260404_120254,frame_003900.jpg,003900
0,Left,9,0.7672941088676453,0.3948420584201813,-0.061577290296554565,1473,426,artificial_jewellery,video_20260404_120254,frame_003900.jpg,003900
0,Left,10,0.7599379420280457,0.2666626572608948,-0.08726874738931656,1459,287,artificial_jewellery,video_20260404_120254,frame_003900.jpg,003900
0,Left,11,0.7303293943405151,0.20982259511947632,-0.09441747516393661,1402,226,artificial_jewellery,video_20260404_120254,frame_003900.jpg,003900
0,Left,12,0.7006850242614746,0.18235071003437042,-0.09614193439483643,1345,196,artificial_jewellery,video_20260404_120254,frame_003900.jpg,003900
0,Left,13,0.768272340297699,0.3745036721229553,-0.04444924741983414,1475,404,artificial_jewellery,video_20260404_120254,frame_003900.jpg,003900
0,Left,14,0.7467154264450073,0.2610408067703247,-0.06850619614124298,1433,281,artificial_jewellery,video_20260404_120254,frame_003900.jpg,003900
0,Left,15,0.7152484655380249,0.23231925070285797,-0.07546808570623398,1373,250,artificial_jewellery,video_20260404_120254,frame_003900.jpg,003900
0,Left,16,0.6904357075691223,0.22543565928936005,-0.07617729902267456,1325,243,artificial_jewellery,video_20260404_120254,frame_003900.jpg,003900
0,Left,17,0.7580769658088684,0.3642454147338867,-0.028471089899539948,1455,393,artificial_jewellery,video_20260404_120254,frame_003900.jpg,003900
0,Left,18,0.7328602075576782,0.2931854724884033,-0.050523821264505386,1407,316,artificial_jewellery,video_20260404_120254,frame_003900.jpg,003900
0,Left,19,0.7073345184326172,0.2851511240005493,-0.05820803716778755,1358,307,artificial_jewellery,video_20260404_120254,frame_003900.jpg,003900
0,Left,20,0.6872856616973877,0.2882411479949951,-0.06036071479320526,1319,311,artificial_jewellery,video_20260404_120254,frame_003900.jpg,003900
1,Right,0,0.47838452458381653,0.5254326462745667,2.9667143053302425e-07,918,567,artificial_jewellery,video_20260404_120254,frame_003900.jpg,003900
1,Right,1,0.5105233788490295,0.49272119998931885,-0.03655523806810379,980,532,artificial_jewellery,video_20260404_120254,frame_003900.jpg,003900
1,Right,2,0.5445426106452942,0.4345387816429138,-0.04112255945801735,1045,469,artificial_jewellery,video_20260404_120254,frame_003900.jpg,003900
1,Right,3,0.5778377056121826,0.39124614000320435,-0.03548770770430565,1109,422,artificial_jewellery,video_20260404_120254,frame_003900.jpg,003900
1,Right,4,0.6024043560028076,0.3585961163043976,-0.026334092020988464,1156,387,artificial_jewellery,video_20260404_120254,frame_003900.jpg,003900
1,Right,5,0.4968016445636749,0.326590359210968,-0.01975846104323864,953,352,artificial_jewellery,video_20260404_120254,frame_003900.jpg,003900
1,Right,6,0.5468736886978149,0.28597721457481384,-0.016991302371025085,1049,308,artificial_jewellery,video_20260404_120254,frame_003900.jpg,003900
1,Right,7,0.5801758170127869,0.3016410768032074,-0.017319494858384132,1113,325,artificial_jewellery,video_20260404_120254,frame_003900.jpg,003900
1,Right,8,0.6014460921287537,0.3249785900115967,-0.01735198311507702,1154,350,artificial_jewellery,video_20260404_120254,frame_003900.jpg,003900
1,Right,9,0.49194228649139404,0.33583539724349976,0.004480605944991112,944,362,artificial_jewellery,video_20260404_120254,frame_003900.jpg,003900
1,Right,10,0.5433539152145386,0.31129351258277893,0.009972449392080307,1043,336,artificial_jewellery,video_20260404_120254,frame_003900.jpg,003900
1,Right,11,0.576963484287262,0.32609546184539795,0.007640879135578871,1107,352,artificial_jewellery,video_20260404_120254,frame_003900.jpg,003900
1,Right,12,0.6007555723190308,0.35010042786598206,0.0041686599142849445,1153,378,artificial_jewellery,video_20260404_120254,frame_003900.jpg,003900
1,Right,13,0.4926323890686035,0.3578028082847595,0.02618429623544216,945,386,artificial_jewellery,video_20260404_120254,frame_003900.jpg,003900
1,Right,14,0.5395380258560181,0.339994341135025,0.027894631028175354,1035,367,artificial_jewellery,video_20260404_120254,frame_003900.jpg,003900
1,Right,15,0.5686395764350891,0.3486849367618561,0.0181024931371212,1091,376,artificial_jewellery,video_20260404_120254,frame_003900.jpg,003900
1,Right,16,0.5905882716178894,0.37086835503578186,0.01045166701078415,1133,400,artificial_jewellery,video_20260404_120254,frame_003900.jpg,003900
1,Right,17,0.497788667678833,0.38120898604393005,0.04545688256621361,955,411,artificial_jewellery,video_20260404_120254,frame_003900.jpg,003900
1,Right,18,0.5351672768592834,0.36675912141799927,0.0409085787832737,1027,396,artificial_jewellery,video_20260404_120254,frame_003900.jpg,003900
1,Right,19,0.5592454075813293,0.3695303201675415,0.031243018805980682,1073,399,artificial_jewellery,video_20260404_120254,frame_003900.jpg,003900
1,Right,20,0.5792558789253235,0.38354456424713135,0.02552083693444729,1112,414,artificial_jewellery,video_20260404_120254,frame_003900.jpg,003900
0,Left,0,0.7162579298019409,0.5745548605918884,-1.9348620128312177e-07,1375,620,artificial_jewellery,video_20260404_120254,frame_003960.jpg,003960
0,Left,1,0.674950361251831,0.5853933691978455,-0.03641362860798836,1295,632,artificial_jewellery,video_20260404_120254,frame_003960.jpg,003960
0,Left,2,0.6519229412078857,0.528907299041748,-0.049548909068107605,1251,571,artificial_jewellery,video_20260404_120254,frame_003960.jpg,003960
0,Left,3,0.6402710676193237,0.4550408720970154,-0.05183056741952896,1229,491,artificial_jewellery,video_20260404_120254,frame_003960.jpg,003960
0,Left,4,0.6299424171447754,0.40112149715423584,-0.05068955570459366,1209,433,artificial_jewellery,video_20260404_120254,frame_003960.jpg,003960
0,Left,5,0.6912363767623901,0.43788692355155945,-0.05688011646270752,1327,472,artificial_jewellery,video_20260404_120254,frame_003960.jpg,003960
0,Left,6,0.6411251425743103,0.375205934047699,-0.059880390763282776,1230,405,artificial_jewellery,video_20260404_120254,frame_003960.jpg,003960
0,Left,7,0.6255331039428711,0.3914854824542999,-0.05247262865304947,1201,422,artificial_jewellery,video_20260404_120254,frame_003960.jpg,003960
0,Left,8,0.6263707280158997,0.41495180130004883,-0.04655255377292633,1202,448,artificial_jewellery,video_20260404_120254,frame_003960.jpg,003960
0,Left,9,0.7095670104026794,0.4143134355545044,-0.036321789026260376,1362,447,artificial_jewellery,video_20260404_120254,frame_003960.jpg,003960
0,Left,10,0.6559479832649231,0.3592292070388794,-0.040422674268484116,1259,387,artificial_jewellery,video_20260404_120254,frame_003960.jpg,003960
0,Left,11,0.6415520310401917,0.3912442922592163,-0.034265026450157166,1231,422,artificial_jewellery,video_20260404_120254,frame_003960.jpg,003960
0,Left,12,0.6445118188858032,0.4201326370239258,-0.030331676825881004,1237,453,artificial_jewellery,video_20260404_120254,frame_003960.jpg,003960
0,Left,13,0.7174651026725769,0.40895238518714905,-0.015482693910598755,1377,441,artificial_jewellery,video_20260404_120254,frame_003960.jpg,003960
0,Left,14,0.6674118041992188,0.3666844069957733,-0.020389622077345848,1281,396,artificial_jewellery,video_20260404_120254,frame_003960.jpg,003960
0,Left,15,0.6558440923690796,0.4016749858856201,-0.015729881823062897,1259,433,artificial_jewellery,video_20260404_120254,frame_003960.jpg,003960
0,Left,16,0.6610215306282043,0.42933332920074463,-0.013149349950253963,1269,463,artificial_jewellery,video_20260404_120254,frame_003960.jpg,003960
0,Left,17,0.717953622341156,0.4103933572769165,0.0034803051967173815,1378,443,artificial_jewellery,video_20260404_120254,frame_003960.jpg,003960
0,Left,18,0.6799129247665405,0.38584333658218384,-0.006501443218439817,1305,416,artificial_jewellery,video_20260404_120254,frame_003960.jpg,003960
0,Left,19,0.6701844334602356,0.4110402464866638,-0.008498690091073513,1286,443,artificial_jewellery,video_20260404_120254,frame_003960.jpg,003960
0,Left,20,0.6745755076408386,0.43137702345848083,-0.008438420481979847,1295,465,artificial_jewellery,video_20260404_120254,frame_003960.jpg,003960
1,Right,0,0.4781343340873718,0.5579457879066467,5.577448405347241e-07,918,602,artificial_jewellery,video_20260404_120254,frame_003960.jpg,003960
1,Right,1,0.5080809593200684,0.5234580039978027,-0.04548740014433861,975,565,artificial_jewellery,video_20260404_120254,frame_003960.jpg,003960
1,Right,2,0.5423671007156372,0.4648319184780121,-0.05555342137813568,1041,502,artificial_jewellery,video_20260404_120254,frame_003960.jpg,003960
1,Right,3,0.5789860486984253,0.42805013060569763,-0.054548874497413635,1111,462,artificial_jewellery,video_20260404_120254,frame_003960.jpg,003960
1,Right,4,0.6020562052726746,0.3936200439929962,-0.04922971501946449,1155,425,artificial_jewellery,video_20260404_120254,frame_003960.jpg,003960
1,Right,5,0.47848811745643616,0.3572063446044922,-0.0326567105948925,918,385,artificial_jewellery,video_20260404_120254,frame_003960.jpg,003960
1,Right,6,0.5327305793762207,0.3109871745109558,-0.04043959453701973,1022,335,artificial_jewellery,video_20260404_120254,frame_003960.jpg,003960
1,Right,7,0.5737369060516357,0.31836381554603577,-0.04750433191657066,1101,343,artificial_jewellery,video_20260404_120254,frame_003960.jpg,003960
1,Right,8,0.6024285554885864,0.3374834358692169,-0.051145393401384354,1156,364,artificial_jewellery,video_20260404_120254,frame_003960.jpg,003960
1,Right,9,0.4828951954841614,0.3711487650871277,-0.006789203733205795,927,400,artificial_jewellery,video_20260404_120254,frame_003960.jpg,003960
1,Right,10,0.5380600690841675,0.3370216488838196,-0.014119241386651993,1033,363,artificial_jewellery,video_20260404_120254,frame_003960.jpg,003960
1,Right,11,0.5744730234146118,0.34793660044670105,-0.022283339872956276,1102,375,artificial_jewellery,video_20260404_120254,frame_003960.jpg,003960
1,Right,12,0.60098797082901,0.36819395422935486,-0.027932582423090935,1153,397,artificial_jewellery,video_20260404_120254,frame_003960.jpg,003960
1,Right,13,0.4954773187637329,0.39607885479927063,0.01572953723371029,951,427,artificial_jewellery,video_20260404_120254,frame_003960.jpg,003960
1,Right,14,0.545081377029419,0.37568098306655884,0.0063768173567950726,1046,405,artificial_jewellery,video_20260404_120254,frame_003960.jpg,003960
1,Right,15,0.5733818411827087,0.3868273198604584,-0.005159192718565464,1100,417,artificial_jewellery,video_20260404_120254,frame_003960.jpg,003960
1,Right,16,0.5938202142715454,0.40711215138435364,-0.011814470402896404,1140,439,artificial_jewellery,video_20260404_120254,frame_003960.jpg,003960
1,Right,17,0.5095487833023071,0.41990602016448975,0.03515154868364334,978,453,artificial_jewellery,video_20260404_120254,frame_003960.jpg,003960
1,Right,18,0.5498365163803101,0.40933024883270264,0.023375539109110832,1055,442,artificial_jewellery,video_20260404_120254,frame_003960.jpg,003960
1,Right,19,0.5728003978729248,0.4193408489227295,0.012427165172994137,1099,452,artificial_jewellery,video_20260404_120254,frame_003960.jpg,003960
1,Right,20,0.5909662842750549,0.43809548020362854,0.0071663279086351395,1134,473,artificial_jewellery,video_20260404_120254,frame_003960.jpg,003960
0,Left,0,0.6984914541244507,0.587807834148407,-2.6745289005702944e-07,1341,634,artificial_jewellery,video_20260404_120254,frame_003990.jpg,003990
0,Left,1,0.6595700979232788,0.5918402671813965,-0.03351794555783272,1266,639,artificial_jewellery,video_20260404_120254,frame_003990.jpg,003990
0,Left,2,0.6390825510025024,0.5339431166648865,-0.045060716569423676,1227,576,artificial_jewellery,video_20260404_120254,frame_003990.jpg,003990
0,Left,3,0.6270055174827576,0.46244731545448303,-0.04830418899655342,1203,499,artificial_jewellery,video_20260404_120254,frame_003990.jpg,003990
0,Left,4,0.6191495656967163,0.4162200093269348,-0.04669732227921486,1188,449,artificial_jewellery,video_20260404_120254,frame_003990.jpg,003990
0,Left,5,0.6746072769165039,0.44631677865982056,-0.04450575262308121,1295,482,artificial_jewellery,video_20260404_120254,frame_003990.jpg,003990
0,Left,6,0.631464958190918,0.3591747283935547,-0.05173420533537865,1212,387,artificial_jewellery,video_20260404_120254,frame_003990.jpg,003990
0,Left,7,0.6224439740180969,0.39942067861557007,-0.04756768047809601,1195,431,artificial_jewellery,video_20260404_120254,frame_003990.jpg,003990
0,Left,8,0.6307858824729919,0.43194079399108887,-0.042840566486120224,1211,466,artificial_jewellery,video_20260404_120254,frame_003990.jpg,003990
0,Left,9,0.6903961300849915,0.42460817098617554,-0.027277307584881783,1325,458,artificial_jewellery,video_20260404_120254,frame_003990.jpg,003990
0,Left,10,0.6455454230308533,0.34033435583114624,-0.04059949517250061,1239,367,artificial_jewellery,video_20260404_120254,frame_003990.jpg,003990
0,Left,11,0.6332689523696899,0.3840096890926361,-0.03810208663344383,1215,414,artificial_jewellery,video_20260404_120254,frame_003990.jpg,003990
0,Left,12,0.6395620107650757,0.4158618748188019,-0.03260966017842293,1227,449,artificial_jewellery,video_20260404_120254,frame_003990.jpg,003990
0,Left,13,0.6963923573493958,0.4173896610736847,-0.01063042413443327,1337,450,artificial_jewellery,video_20260404_120254,frame_003990.jpg,003990
0,Left,14,0.6569076776504517,0.3408091366291046,-0.02375541254878044,1261,368,artificial_jewellery,video_20260404_120254,frame_003990.jpg,003990
0,Left,15,0.644439697265625,0.37779730558395386,-0.020214546471834183,1237,408,artificial_jewellery,video_20260404_120254,frame_003990.jpg,003990
0,Left,16,0.650823712348938,0.40929242968559265,-0.013796151615679264,1249,442,artificial_jewellery,video_20260404_120254,frame_003990.jpg,003990
0,Left,17,0.6952089667320251,0.41613149642944336,0.004415416624397039,1334,449,artificial_jewellery,video_20260404_120254,frame_003990.jpg,003990
0,Left,18,0.6649120450019836,0.3557438552379608,-0.0074972668662667274,1276,384,artificial_jewellery,video_20260404_120254,frame_003990.jpg,003990
0,Left,19,0.6544926762580872,0.3766319453716278,-0.008296318352222443,1256,406,artificial_jewellery,video_20260404_120254,frame_003990.jpg,003990
0,Left,20,0.6606802344322205,0.4041932225227356,-0.005100112408399582,1268,436,artificial_jewellery,video_20260404_120254,frame_003990.jpg,003990
1,Right,0,0.45806819200515747,0.5907293558120728,4.2864229499173234e-07,879,637,artificial_jewellery,video_20260404_120254,frame_003990.jpg,003990
1,Right,1,0.48766130208969116,0.5589941740036011,-0.0500875748693943,936,603,artificial_jewellery,video_20260404_120254,frame_003990.jpg,003990
1,Right,2,0.517185628414154,0.4959271550178528,-0.060790643095970154,992,535,artificial_jewellery,video_20260404_120254,frame_003990.jpg,003990
1,Right,3,0.549813985824585,0.4495117664337158,-0.05768304318189621,1055,485,artificial_jewellery,video_20260404_120254,frame_003990.jpg,003990
1,Right,4,0.5747236013412476,0.4107833206653595,-0.051211483776569366,1103,443,artificial_jewellery,video_20260404_120254,frame_003990.jpg,003990
1,Right,5,0.4593890905380249,0.38513004779815674,-0.03948749974370003,882,415,artificial_jewellery,video_20260404_120254,frame_003990.jpg,003990
1,Right,6,0.5142855048179626,0.3373945951461792,-0.040974631905555725,987,364,artificial_jewellery,video_20260404_120254,frame_003990.jpg,003990
1,Right,7,0.5524806976318359,0.3440590500831604,-0.04386065527796745,1060,371,artificial_jewellery,video_20260404_120254,frame_003990.jpg,003990
1,Right,8,0.5772910118103027,0.3599264621734619,-0.04547230154275894,1108,388,artificial_jewellery,video_20260404_120254,frame_003990.jpg,003990
1,Right,9,0.45836326479911804,0.39370468258857727,-0.008509458042681217,880,425,artificial_jewellery,video_20260404_120254,frame_003990.jpg,003990
1,Right,10,0.5118171572685242,0.35541173815727234,-0.00923406146466732,982,383,artificial_jewellery,video_20260404_120254,frame_003990.jpg,003990
1,Right,11,0.5481017827987671,0.3678370714187622,-0.01363746915012598,1052,397,artificial_jewellery,video_20260404_120254,frame_003990.jpg,003990
1,Right,12,0.5712641477584839,0.3934870958328247,-0.01686343550682068,1096,424,artificial_jewellery,video_20260404_120254,frame_003990.jpg,003990
1,Right,13,0.46530044078826904,0.4150931239128113,0.01969710737466812,893,448,artificial_jewellery,video_20260404_120254,frame_003990.jpg,003990
1,Right,14,0.5115950107574463,0.381632000207901,0.015573866665363312,982,412,artificial_jewellery,video_20260404_120254,frame_003990.jpg,003990
1,Right,15,0.541969358921051,0.39111804962158203,0.004331087693572044,1040,422,artificial_jewellery,video_20260404_120254,frame_003990.jpg,003990
1,Right,16,0.562696099281311,0.410758912563324,-0.0027424071449786425,1080,443,artificial_jewellery,video_20260404_120254,frame_003990.jpg,003990
1,Right,17,0.4748339354991913,0.43380534648895264,0.04493774473667145,911,468,artificial_jewellery,video_20260404_120254,frame_003990.jpg,003990
1,Right,18,0.5103824734687805,0.41372111439704895,0.03368902951478958,979,446,artificial_jewellery,video_20260404_120254,frame_003990.jpg,003990
1,Right,19,0.5331979990005493,0.4198077619075775,0.02113872580230236,1023,453,artificial_jewellery,video_20260404_120254,frame_003990.jpg,003990
1,Right,20,0.5509262681007385,0.4323515295982361,0.014779072254896164,1057,466,artificial_jewellery,video_20260404_120254,frame_003990.jpg,003990
0,Left,0,0.7460111379623413,0.5848516225814819,1.0259466165507547e-07,1432,631,artificial_jewellery,video_20260404_120254,frame_004080.jpg,004080
0,Left,1,0.7452448606491089,0.5598711371421814,-0.04513774439692497,1430,604,artificial_jewellery,video_20260404_120254,frame_004080.jpg,004080
0,Left,2,0.7323800325393677,0.5065304636955261,-0.06128948926925659,1406,547,artificial_jewellery,video_20260404_120254,frame_004080.jpg,004080
0,Left,3,0.7062432169914246,0.4655437469482422,-0.06803447753190994,1355,502,artificial_jewellery,video_20260404_120254,frame_004080.jpg,004080
0,Left,4,0.6772344708442688,0.4392663240432739,-0.0736207515001297,1300,474,artificial_jewellery,video_20260404_120254,frame_004080.jpg,004080
0,Left,5,0.7191452383995056,0.4222751259803772,-0.03556292504072189,1380,456,artificial_jewellery,video_20260404_120254,frame_004080.jpg,004080
0,Left,6,0.6839005947113037,0.3748939335346222,-0.04854481294751167,1313,404,artificial_jewellery,video_20260404_120254,frame_004080.jpg,004080
0,Left,7,0.6553128361701965,0.3557659387588501,-0.061783719807863235,1258,384,artificial_jewellery,video_20260404_120254,frame_004080.jpg,004080
0,Left,8,0.6309494376182556,0.34398841857910156,-0.0708954930305481,1211,371,artificial_jewellery,video_20260404_120254,frame_004080.jpg,004080
0,Left,9,0.708658754825592,0.4231666326522827,-0.01579662784934044,1360,457,artificial_jewellery,video_20260404_120254,frame_004080.jpg,004080
0,Left,10,0.6735761165618896,0.37687888741493225,-0.02692263387143612,1293,407,artificial_jewellery,video_20260404_120254,frame_004080.jpg,004080
0,Left,11,0.6443166732788086,0.35731589794158936,-0.0398733913898468,1237,385,artificial_jewellery,video_20260404_120254,frame_004080.jpg,004080
0,Left,12,0.6189819574356079,0.34999990463256836,-0.048932962119579315,1188,377,artificial_jewellery,video_20260404_120254,frame_004080.jpg,004080
0,Left,13,0.7011726498603821,0.4399096667766571,0.0005975037347525358,1346,475,artificial_jewellery,video_20260404_120254,frame_004080.jpg,004080
0,Left,14,0.6734543442726135,0.39458906650543213,-0.010738951154053211,1293,426,artificial_jewellery,video_20260404_120254,frame_004080.jpg,004080
0,Left,15,0.6497753262519836,0.37800925970077515,-0.021991388872265816,1247,408,artificial_jewellery,video_20260404_120254,frame_004080.jpg,004080
0,Left,16,0.6290481686592102,0.3659268617630005,-0.029166510328650475,1207,395,artificial_jewellery,video_20260404_120254,frame_004080.jpg,004080
0,Left,17,0.6946916580200195,0.46321621537208557,0.01370991487056017,1333,500,artificial_jewellery,video_20260404_120254,frame_004080.jpg,004080
0,Left,18,0.6751194596290588,0.43706461787223816,0.0019453681306913495,1296,472,artificial_jewellery,video_20260404_120254,frame_004080.jpg,004080
0,Left,19,0.6627811193466187,0.4259834289550781,-0.005649952683597803,1272,460,artificial_jewellery,video_20260404_120254,frame_004080.jpg,004080
0,Left,20,0.6517992615699768,0.4163733124732971,-0.00991611648350954,1251,449,artificial_jewellery,video_20260404_120254,frame_004080.jpg,004080
1,Right,0,0.49333396553993225,0.5697678327560425,4.823537551601476e-07,947,615,artificial_jewellery,video_20260404_120254,frame_004080.jpg,004080
1,Right,1,0.5260377526283264,0.5538786053657532,-0.03864521160721779,1009,598,artificial_jewellery,video_20260404_120254,frame_004080.jpg,004080
1,Right,2,0.5633256435394287,0.5198806524276733,-0.040323905646800995,1081,561,artificial_jewellery,video_20260404_120254,frame_004080.jpg,004080
1,Right,3,0.5932590365409851,0.4984813928604126,-0.03174780681729317,1139,538,artificial_jewellery,video_20260404_120254,frame_004080.jpg,004080
1,Right,4,0.6190484762191772,0.4827703535556793,-0.01946396194398403,1188,521,artificial_jewellery,video_20260404_120254,frame_004080.jpg,004080
1,Right,5,0.5496490597724915,0.4085227847099304,-0.010178160853683949,1055,441,artificial_jewellery,video_20260404_120254,frame_004080.jpg,004080
1,Right,6,0.5606086254119873,0.3383425176143646,-0.005053345113992691,1076,365,artificial_jewellery,video_20260404_120254,frame_004080.jpg,004080
1,Right,7,0.583192765712738,0.30458012223243713,-0.004436391871422529,1119,328,artificial_jewellery,video_20260404_120254,frame_004080.jpg,004080
1,Right,8,0.6040055751800537,0.29524117708206177,-0.003065836848691106,1159,318,artificial_jewellery,video_20260404_120254,frame_004080.jpg,004080
1,Right,9,0.5508459210395813,0.4256657361984253,0.016936028376221657,1057,459,artificial_jewellery,video_20260404_120254,frame_004080.jpg,004080
1,Right,10,0.5678034424781799,0.36102980375289917,0.029102487489581108,1090,389,artificial_jewellery,video_20260404_120254,frame_004080.jpg,004080
1,Right,11,0.5960770845413208,0.3323759436607361,0.03012230433523655,1144,358,artificial_jewellery,video_20260404_120254,frame_004080.jpg,004080
1,Right,12,0.6249929666519165,0.31933125853538513,0.029837993904948235,1199,344,artificial_jewellery,video_20260404_120254,frame_004080.jpg,004080
1,Right,13,0.5543443560600281,0.45663952827453613,0.03993823006749153,1064,493,artificial_jewellery,video_20260404_120254,frame_004080.jpg,004080
1,Right,14,0.5809149146080017,0.4406226873397827,0.047224316745996475,1115,475,artificial_jewellery,video_20260404_120254,frame_004080.jpg,004080
1,Right,15,0.6084073781967163,0.44652682542800903,0.03839825093746185,1168,482,artificial_jewellery,video_20260404_120254,frame_004080.jpg,004080
1,Right,16,0.633603572845459,0.45793062448501587,0.031632523983716965,1216,494,artificial_jewellery,video_20260404_120254,frame_004080.jpg,004080
1,Right,17,0.5569477677345276,0.4896356761455536,0.059727661311626434,1069,528,artificial_jewellery,video_20260404_120254,frame_004080.jpg,004080
1,Right,18,0.5807395577430725,0.4925394356250763,0.05942631512880325,1115,531,artificial_jewellery,video_20260404_120254,frame_004080.jpg,004080
1,Right,19,0.5964212417602539,0.5043620467185974,0.05096859484910965,1145,544,artificial_jewellery,video_20260404_120254,frame_004080.jpg,004080
1,Right,20,0.6115565896034241,0.5159410834312439,0.04569410905241966,1174,557,artificial_jewellery,video_20260404_120254,frame_004080.jpg,004080
0,Right,0,0.436100572347641,0.4908541738986969,3.6012454529554816e-07,837,530,artificial_jewellery,video_20260404_120254,frame_004290.jpg,004290
0,Right,1,0.4587399661540985,0.4481933116912842,-0.030833469703793526,880,484,artificial_jewellery,video_20260404_120254,frame_004290.jpg,004290
0,Right,2,0.48394516110420227,0.3979690670967102,-0.035777803510427475,929,429,artificial_jewellery,video_20260404_120254,frame_004290.jpg,004290
0,Right,3,0.5200023651123047,0.377142071723938,-0.035101454704999924,998,407,artificial_jewellery,video_20260404_120254,frame_004290.jpg,004290
0,Right,4,0.5502349734306335,0.366868793964386,-0.03180404379963875,1056,396,artificial_jewellery,video_20260404_120254,frame_004290.jpg,004290
0,Right,5,0.45075666904449463,0.31005117297172546,-0.0035908676218241453,865,334,artificial_jewellery,video_20260404_120254,frame_004290.jpg,004290
0,Right,6,0.460097998380661,0.24204814434051514,-0.005454906262457371,883,261,artificial_jewellery,video_20260404_120254,frame_004290.jpg,004290
0,Right,7,0.48352736234664917,0.2179020494222641,-0.009859281592071056,928,235,artificial_jewellery,video_20260404_120254,frame_004290.jpg,004290
0,Right,8,0.5055770874023438,0.2201300859451294,-0.01173052191734314,970,237,artificial_jewellery,video_20260404_120254,frame_004290.jpg,004290
0,Right,9,0.4650873839855194,0.3278713524341583,0.012476515024900436,892,354,artificial_jewellery,video_20260404_120254,frame_004290.jpg,004290
0,Right,10,0.48266148567199707,0.271833598613739,0.01250229962170124,926,293,artificial_jewellery,video_20260404_120254,frame_004290.jpg,004290
0,Right,11,0.5079465508460999,0.25813964009284973,0.0047119250521063805,975,278,artificial_jewellery,video_20260404_120254,frame_004290.jpg,004290
0,Right,12,0.528390645980835,0.26873183250427246,0.0001930851285578683,1014,290,artificial_jewellery,video_20260404_120254,frame_004290.jpg,004290
0,Right,13,0.4803069233894348,0.3575931489467621,0.024541418999433517,922,386,artificial_jewellery,video_20260404_120254,frame_004290.jpg,004290
0,Right,14,0.5095030665397644,0.32548096776008606,0.018421320244669914,978,351,artificial_jewellery,video_20260404_120254,frame_004290.jpg,004290
0,Right,15,0.5325881838798523,0.32784172892570496,0.0035790076944977045,1022,354,artificial_jewellery,video_20260404_120254,frame_004290.jpg,004290
0,Right,16,0.5457101464271545,0.3495754599571228,-0.0036883854772895575,1047,377,artificial_jewellery,video_20260404_120254,frame_004290.jpg,004290
0,Right,17,0.49541759490966797,0.39334186911582947,0.03466465696692467,951,424,artificial_jewellery,video_20260404_120254,frame_004290.jpg,004290
0,Right,18,0.5236897468566895,0.36907655000686646,0.02603389136493206,1005,398,artificial_jewellery,video_20260404_120254,frame_004290.jpg,004290
0,Right,19,0.5383859872817993,0.3686206340789795,0.01533517986536026,1033,398,artificial_jewellery,video_20260404_120254,frame_004290.jpg,004290
0,Right,20,0.545142650604248,0.38443446159362793,0.01032369863241911,1046,415,artificial_jewellery,video_20260404_120254,frame_004290.jpg,004290
1,Left,0,0.6898672580718994,0.5513116121292114,-2.0313470372457232e-07,1324,595,artificial_jewellery,video_20260404_120254,frame_004290.jpg,004290
1,Left,1,0.6514039635658264,0.5509570240974426,-0.0421065129339695,1250,595,artificial_jewellery,video_20260404_120254,frame_004290.jpg,004290
1,Left,2,0.6155897974967957,0.49926093220710754,-0.061418499797582626,1181,539,artificial_jewellery,video_20260404_120254,frame_004290.jpg,004290
1,Left,3,0.5893990993499756,0.43125438690185547,-0.06839735805988312,1131,465,artificial_jewellery,video_20260404_120254,frame_004290.jpg,004290
1,Left,4,0.5791685581207275,0.379203200340271,-0.07070982456207275,1112,409,artificial_jewellery,video_20260404_120254,frame_004290.jpg,004290
1,Left,5,0.6859015226364136,0.4419873356819153,-0.08205438405275345,1316,477,artificial_jewellery,video_20260404_120254,frame_004290.jpg,004290
1,Left,6,0.6441476345062256,0.3653466999530792,-0.09344127774238586,1236,394,artificial_jewellery,video_20260404_120254,frame_004290.jpg,004290
1,Left,7,0.6187107563018799,0.3796793222427368,-0.08678463846445084,1187,410,artificial_jewellery,video_20260404_120254,frame_004290.jpg,004290
1,Left,8,0.6046238541603088,0.410185307264328,-0.0802169069647789,1160,443,artificial_jewellery,video_20260404_120254,frame_004290.jpg,004290
1,Left,9,0.6982113122940063,0.4098895788192749,-0.0616740919649601,1340,442,artificial_jewellery,video_20260404_120254,frame_004290.jpg,004290
1,Left,10,0.6432507634162903,0.33101987838745117,-0.07896246016025543,1235,357,artificial_jewellery,video_20260404_120254,frame_004290.jpg,004290
1,Left,11,0.6019893288612366,0.33287230134010315,-0.07640422880649567,1155,359,artificial_jewellery,video_20260404_120254,frame_004290.jpg,004290
1,Left,12,0.5764750838279724,0.3518264889717102,-0.07354050874710083,1106,379,artificial_jewellery,video_20260404_120254,frame_004290.jpg,004290
1,Left,13,0.698724091053009,0.394445538520813,-0.04005720838904381,1341,426,artificial_jewellery,video_20260404_120254,frame_004290.jpg,004290
1,Left,14,0.6432093381881714,0.3291718065738678,-0.05735907703638077,1234,355,artificial_jewellery,video_20260404_120254,frame_004290.jpg,004290
1,Left,15,0.6104492545127869,0.34485694766044617,-0.055380791425704956,1172,372,artificial_jewellery,video_20260404_120254,frame_004290.jpg,004290
1,Left,16,0.5950937271118164,0.3752095699310303,-0.05143351852893829,1142,405,artificial_jewellery,video_20260404_120254,frame_004290.jpg,004290
1,Left,17,0.6916689872741699,0.3905499279499054,-0.019894175231456757,1328,421,artificial_jewellery,video_20260404_120254,frame_004290.jpg,004290
1,Left,18,0.6510491967201233,0.3492353856563568,-0.03659048303961754,1250,377,artificial_jewellery,video_20260404_120254,frame_004290.jpg,004290
1,Left,19,0.6254766583442688,0.3620695173740387,-0.03979506716132164,1200,391,artificial_jewellery,video_20260404_120254,frame_004290.jpg,004290
1,Left,20,0.6119236946105957,0.38582244515419006,-0.039337407797575,1174,416,artificial_jewellery,video_20260404_120254,frame_004290.jpg,004290
0,Right,0,0.6734004616737366,0.677178144454956,4.6526940877811285e-07,1292,731,artificial_jewellery,video_20260404_120254,frame_004440.jpg,004440
0,Right,1,0.7448379397392273,0.7236694693565369,-0.019774192944169044,1430,781,artificial_jewellery,video_20260404_120254,frame_004440.jpg,004440
0,Right,2,0.8076513409614563,0.6669331789016724,-0.022205550223588943,1550,720,artificial_jewellery,video_20260404_120254,frame_004440.jpg,004440
0,Right,3,0.8354783058166504,0.5901769995689392,-0.017866577953100204,1604,637,artificial_jewellery,video_20260404_120254,frame_004440.jpg,004440
0,Right,4,0.8305889964103699,0.5480265617370605,-0.013069435954093933,1594,591,artificial_jewellery,video_20260404_120254,frame_004440.jpg,004440
0,Right,5,0.7837579846382141,0.5258285403251648,-0.032402630895376205,1504,567,artificial_jewellery,video_20260404_120254,frame_004440.jpg,004440
0,Right,6,0.8297995924949646,0.4416622817516327,-0.0338989794254303,1593,476,artificial_jewellery,video_20260404_120254,frame_004440.jpg,004440
0,Right,7,0.8621135950088501,0.4171881079673767,-0.03393760323524475,1655,450,artificial_jewellery,video_20260404_120254,frame_004440.jpg,004440
0,Right,8,0.886144757270813,0.4091258943080902,-0.033669374883174896,1701,441,artificial_jewellery,video_20260404_120254,frame_004440.jpg,004440
0,Right,9,0.7477512359619141,0.4837072491645813,-0.02057756669819355,1435,522,artificial_jewellery,video_20260404_120254,frame_004440.jpg,004440
0,Right,10,0.7984228730201721,0.4108904004096985,-0.01651112176477909,1532,443,artificial_jewellery,video_20260404_120254,frame_004440.jpg,004440
0,Right,11,0.8316748738288879,0.40077048540115356,-0.011449153535068035,1596,432,artificial_jewellery,video_20260404_120254,frame_004440.jpg,004440
0,Right,12,0.8521605730056763,0.4089444577693939,-0.0091154295951128,1636,441,artificial_jewellery,video_20260404_120254,frame_004440.jpg,004440
0,Right,13,0.7176531553268433,0.47381168603897095,-0.008313666097819805,1377,511,artificial_jewellery,video_20260404_120254,frame_004440.jpg,004440
0,Right,14,0.7650529742240906,0.4253866970539093,-0.0031257006339728832,1468,459,artificial_jewellery,video_20260404_120254,frame_004440.jpg,004440
0,Right,15,0.7931139469146729,0.42538711428642273,-0.0013320803409442306,1522,459,artificial_jewellery,video_20260404_120254,frame_004440.jpg,004440
0,Right,16,0.8084273934364319,0.4417397379875183,-0.002399938413873315,1552,477,artificial_jewellery,video_20260404_120254,frame_004440.jpg,004440
0,Right,17,0.695358157157898,0.48530101776123047,0.0023552412167191505,1335,524,artificial_jewellery,video_20260404_120254,frame_004440.jpg,004440
0,Right,18,0.7344242930412292,0.46341052651405334,0.004597343038767576,1410,500,artificial_jewellery,video_20260404_120254,frame_004440.jpg,004440
0,Right,19,0.7556507587432861,0.4741515517234802,0.006303288973867893,1450,512,artificial_jewellery,video_20260404_120254,frame_004440.jpg,004440
0,Right,20,0.7666151523590088,0.4947115182876587,0.0070173670537769794,1471,534,artificial_jewellery,video_20260404_120254,frame_004440.jpg,004440
0,Right,0,0.7077376246452332,0.613323986530304,-1.581038020503911e-07,1358,662,artificial_jewellery,video_20260404_120254,frame_004470.jpg,004470
0,Right,1,0.6889901161193848,0.5645323395729065,0.013327705673873425,1322,609,artificial_jewellery,video_20260404_120254,frame_004470.jpg,004470
0,Right,2,0.6762593388557434,0.5152924656867981,0.017193453386425972,1298,556,artificial_jewellery,video_20260404_120254,frame_004470.jpg,004470
0,Right,3,0.6665332913398743,0.4873700439929962,0.017098138108849525,1279,526,artificial_jewellery,video_20260404_120254,frame_004470.jpg,004470
0,Right,4,0.6580053567886353,0.46488744020462036,0.016205955296754837,1263,502,artificial_jewellery,video_20260404_120254,frame_004470.jpg,004470
0,Right,5,0.6935417056083679,0.4804568886756897,0.013063155114650726,1331,518,artificial_jewellery,video_20260404_120254,frame_004470.jpg,004470
0,Right,6,0.6640831232070923,0.43413612246513367,0.008446574211120605,1275,468,artificial_jewellery,video_20260404_120254,frame_004470.jpg,004470
0,Right,7,0.6402419209480286,0.409734308719635,0.003813205985352397,1229,442,artificial_jewellery,video_20260404_120254,frame_004470.jpg,004470
0,Right,8,0.6210065484046936,0.39292553067207336,0.0004092280869372189,1192,424,artificial_jewellery,video_20260404_120254,frame_004470.jpg,004470
0,Right,9,0.695294976234436,0.4752548635005951,0.0015993425622582436,1334,513,artificial_jewellery,video_20260404_120254,frame_004470.jpg,004470
0,Right,10,0.6584961414337158,0.4243522584438324,-0.002597340615466237,1264,458,artificial_jewellery,video_20260404_120254,frame_004470.jpg,004470
0,Right,11,0.6322597861289978,0.39908018708229065,-0.0072929151356220245,1213,431,artificial_jewellery,video_20260404_120254,frame_004470.jpg,004470
0,Right,12,0.6110498905181885,0.3812899589538574,-0.010940689593553543,1173,411,artificial_jewellery,video_20260404_120254,frame_004470.jpg,004470
0,Right,13,0.6913375854492188,0.47968778014183044,-0.009619614109396935,1327,518,artificial_jewellery,video_20260404_120254,frame_004470.jpg,004470
0,Right,14,0.6557291150093079,0.4275909960269928,-0.012853411026299,1258,461,artificial_jewellery,video_20260404_120254,frame_004470.jpg,004470
0,Right,15,0.6316639184951782,0.4040672481060028,-0.014891562052071095,1212,436,artificial_jewellery,video_20260404_120254,frame_004470.jpg,004470
0,Right,16,0.6124323010444641,0.38588082790374756,-0.01673229970037937,1175,416,artificial_jewellery,video_20260404_120254,frame_004470.jpg,004470
0,Right,17,0.6819321513175964,0.49347880482673645,-0.020023316144943237,1309,532,artificial_jewellery,video_20260404_120254,frame_004470.jpg,004470
0,Right,18,0.6565537452697754,0.4507768154144287,-0.02251751720905304,1260,486,artificial_jewellery,video_20260404_120254,frame_004470.jpg,004470
0,Right,19,0.6390291452407837,0.42899566888809204,-0.021862279623746872,1226,463,artificial_jewellery,video_20260404_120254,frame_004470.jpg,004470
0,Right,20,0.6239477396011353,0.41237229108810425,-0.021394047886133194,1197,445,artificial_jewellery,video_20260404_120254,frame_004470.jpg,004470
1,Left,0,0.4800237715244293,0.49624156951904297,2.3069844701240072e-07,921,535,artificial_jewellery,video_20260404_120254,frame_004470.jpg,004470
1,Left,1,0.5091702342033386,0.5232607126235962,-0.031141355633735657,977,565,artificial_jewellery,video_20260404_120254,frame_004470.jpg,004470
1,Left,2,0.554161548614502,0.5217902660369873,-0.038766007870435715,1063,563,artificial_jewellery,video_20260404_120254,frame_004470.jpg,004470
1,Left,3,0.5848177075386047,0.5235297083854675,-0.03934318944811821,1122,565,artificial_jewellery,video_20260404_120254,frame_004470.jpg,004470
1,Left,4,0.6089061498641968,0.5102730393409729,-0.03635525703430176,1169,551,artificial_jewellery,video_20260404_120254,frame_004470.jpg,004470
1,Left,5,0.563548743724823,0.3846625089645386,-0.015395810827612877,1082,415,artificial_jewellery,video_20260404_120254,frame_004470.jpg,004470
1,Left,6,0.5928521752357483,0.33305174112319946,-0.019565364345908165,1138,359,artificial_jewellery,video_20260404_120254,frame_004470.jpg,004470
1,Left,7,0.6189985275268555,0.3444928526878357,-0.02544248476624489,1188,372,artificial_jewellery,video_20260404_120254,frame_004470.jpg,004470
1,Left,8,0.63587886095047,0.36482536792755127,-0.028187444433569908,1220,394,artificial_jewellery,video_20260404_120254,frame_004470.jpg,004470
1,Left,9,0.5626472234725952,0.3905448019504547,-0.00028960054623894393,1080,421,artificial_jewellery,video_20260404_120254,frame_004470.jpg,004470
1,Left,10,0.5992001295089722,0.40251076221466064,-0.014720523729920387,1150,434,artificial_jewellery,video_20260404_120254,frame_004470.jpg,004470
1,Left,11,0.6068920493125916,0.4548124372959137,-0.02596774697303772,1165,491,artificial_jewellery,video_20260404_120254,frame_004470.jpg,004470
1,Left,12,0.6034432649612427,0.4973476827144623,-0.026733694598078728,1158,537,artificial_jewellery,video_20260404_120254,frame_004470.jpg,004470
1,Left,13,0.562046229839325,0.40095409750938416,0.012674751691520214,1079,433,artificial_jewellery,video_20260404_120254,frame_004470.jpg,004470
1,Left,14,0.59697026014328,0.38165828585624695,0.005316227208822966,1146,412,artificial_jewellery,video_20260404_120254,frame_004470.jpg,004470
1,Left,15,0.6203529238700867,0.3948187530040741,-0.0010386914946138859,1191,426,artificial_jewellery,video_20260404_120254,frame_004470.jpg,004470
1,Left,16,0.6367336511611938,0.40721312165260315,-0.0012199776247143745,1222,439,artificial_jewellery,video_20260404_120254,frame_004470.jpg,004470
1,Left,17,0.5585870742797852,0.41055527329444885,0.023346904665231705,1072,443,artificial_jewellery,video_20260404_120254,frame_004470.jpg,004470
1,Left,18,0.588183581829071,0.3933904767036438,0.020815277472138405,1129,424,artificial_jewellery,video_20260404_120254,frame_004470.jpg,004470
1,Left,19,0.609470546245575,0.3998437523841858,0.021079212427139282,1170,431,artificial_jewellery,video_20260404_120254,frame_004470.jpg,004470
1,Left,20,0.6249799132347107,0.4094794988632202,0.02465634047985077,1199,442,artificial_jewellery,video_20260404_120254,frame_004470.jpg,004470
0,Right,0,0.41718780994415283,0.5480570793151855,4.831639444091707e-07,801,591,artificial_jewellery,video_20260404_120254,frame_004500.jpg,004500
0,Right,1,0.4595842957496643,0.5782135725021362,-0.03562569245696068,882,624,artificial_jewellery,video_20260404_120254,frame_004500.jpg,004500
0,Right,2,0.5003476738929749,0.5459442734718323,-0.0510694719851017,960,589,artificial_jewellery,video_20260404_120254,frame_004500.jpg,004500
0,Right,3,0.5326931476593018,0.49747616052627563,-0.056818921118974686,1022,537,artificial_jewellery,video_20260404_120254,frame_004500.jpg,004500
0,Right,4,0.5564782619476318,0.4551311433315277,-0.060809727758169174,1068,491,artificial_jewellery,video_20260404_120254,frame_004500.jpg,004500
0,Right,5,0.47596532106399536,0.4354987144470215,-0.056563109159469604,913,470,artificial_jewellery,video_20260404_120254,frame_004500.jpg,004500
0,Right,6,0.5220880508422852,0.3602641820907593,-0.06847018748521805,1002,389,artificial_jewellery,video_20260404_120254,frame_004500.jpg,004500
0,Right,7,0.5544101595878601,0.34193456172943115,-0.07128985971212387,1064,369,artificial_jewellery,video_20260404_120254,frame_004500.jpg,004500
0,Right,8,0.5797789692878723,0.339901864528656,-0.0704725980758667,1113,367,artificial_jewellery,video_20260404_120254,frame_004500.jpg,004500
0,Right,9,0.45818382501602173,0.40559735894203186,-0.03685782477259636,879,438,artificial_jewellery,video_20260404_120254,frame_004500.jpg,004500
0,Right,10,0.5212098956108093,0.369974821805954,-0.04994463920593262,1000,399,artificial_jewellery,video_20260404_120254,frame_004500.jpg,004500
0,Right,11,0.5543292760848999,0.39711621403694153,-0.050631552934646606,1064,428,artificial_jewellery,video_20260404_120254,frame_004500.jpg,004500
0,Right,12,0.5718445181846619,0.43097996711730957,-0.04792052134871483,1097,465,artificial_jewellery,video_20260404_120254,frame_004500.jpg,004500
0,Right,13,0.4480973482131958,0.39432239532470703,-0.017126193270087242,860,425,artificial_jewellery,video_20260404_120254,frame_004500.jpg,004500
0,Right,14,0.5035905838012695,0.3642530143260956,-0.027541551738977432,966,393,artificial_jewellery,video_20260404_120254,frame_004500.jpg,004500
0,Right,15,0.5333114862442017,0.3918149471282959,-0.02904062531888485,1023,423,artificial_jewellery,video_20260404_120254,frame_004500.jpg,004500
0,Right,16,0.5500829815864563,0.4255518615245819,-0.02734662964940071,1056,459,artificial_jewellery,video_20260404_120254,frame_004500.jpg,004500
0,Right,17,0.4436633586883545,0.39299362897872925,0.0009772985940799117,851,424,artificial_jewellery,video_20260404_120254,frame_004500.jpg,004500
0,Right,18,0.4850917458534241,0.3650566339492798,-0.006656671408563852,931,394,artificial_jewellery,video_20260404_120254,frame_004500.jpg,004500
0,Right,19,0.5115300416946411,0.37775707244873047,-0.008130781352519989,982,407,artificial_jewellery,video_20260404_120254,frame_004500.jpg,004500
0,Right,20,0.5283361077308655,0.39707380533218384,-0.0066847228445112705,1014,428,artificial_jewellery,video_20260404_120254,frame_004500.jpg,004500
1,Left,0,0.6914948225021362,0.6078608632087708,6.786170736461372e-09,1327,656,artificial_jewellery,video_20260404_120254,frame_004500.jpg,004500
1,Left,1,0.677187979221344,0.5476986765861511,-0.040642090141773224,1300,591,artificial_jewellery,video_20260404_120254,frame_004500.jpg,004500
1,Left,2,0.6606972217559814,0.4749189615249634,-0.04869724065065384,1268,512,artificial_jewellery,video_20260404_120254,frame_004500.jpg,004500
1,Left,3,0.6333440542221069,0.4237791895866394,-0.04915647953748703,1216,457,artificial_jewellery,video_20260404_120254,frame_004500.jpg,004500
1,Left,4,0.6082776784896851,0.3825701177120209,-0.0477149561047554,1167,413,artificial_jewellery,video_20260404_120254,frame_004500.jpg,004500
1,Left,5,0.7088260650634766,0.41201117634773254,-0.001543432823382318,1360,444,artificial_jewellery,video_20260404_120254,frame_004500.jpg,004500
1,Left,6,0.6760290861129761,0.3543715476989746,-0.00016338657587766647,1297,382,artificial_jewellery,video_20260404_120254,frame_004500.jpg,004500
1,Left,7,0.6485087275505066,0.3380415141582489,-0.009216178208589554,1245,365,artificial_jewellery,video_20260404_120254,frame_004500.jpg,004500
1,Left,8,0.6242920756340027,0.33722060918807983,-0.01622534543275833,1198,364,artificial_jewellery,video_20260404_120254,frame_004500.jpg,004500
1,Left,9,0.6991292238235474,0.4247722029685974,0.021118586882948875,1342,458,artificial_jewellery,video_20260404_120254,frame_004500.jpg,004500
1,Left,10,0.669767439365387,0.37363553047180176,0.023881888017058372,1285,403,artificial_jewellery,video_20260404_120254,frame_004500.jpg,004500
1,Left,11,0.6430007219314575,0.3551739752292633,0.007477723993360996,1234,383,artificial_jewellery,video_20260404_120254,frame_004500.jpg,004500
1,Left,12,0.6175144910812378,0.36224672198295593,-0.005570178851485252,1185,391,artificial_jewellery,video_20260404_120254,frame_004500.jpg,004500
1,Left,13,0.6867256760597229,0.4447903633117676,0.03975268453359604,1318,480,artificial_jewellery,video_20260404_120254,frame_004500.jpg,004500
1,Left,14,0.6617531180381775,0.40151169896125793,0.04166601225733757,1270,433,artificial_jewellery,video_20260404_120254,frame_004500.jpg,004500
1,Left,15,0.6380971074104309,0.3857237696647644,0.025261174887418747,1225,416,artificial_jewellery,video_20260404_120254,frame_004500.jpg,004500
1,Left,16,0.6165024042129517,0.3866562247276306,0.013378385454416275,1183,417,artificial_jewellery,video_20260404_120254,frame_004500.jpg,004500
1,Left,17,0.6753763556480408,0.4667566120624542,0.05513320490717888,1296,504,artificial_jewellery,video_20260404_120254,frame_004500.jpg,004500
1,Left,18,0.6560843586921692,0.4299079179763794,0.05498902499675751,1259,464,artificial_jewellery,video_20260404_120254,frame_004500.jpg,004500
1,Left,19,0.6373143792152405,0.41478684544563293,0.046336594969034195,1223,447,artificial_jewellery,video_20260404_120254,frame_004500.jpg,004500
1,Left,20,0.6209796071052551,0.4129737615585327,0.03980790451169014,1192,446,artificial_jewellery,video_20260404_120254,frame_004500.jpg,004500
0,Right,0,0.4219980537891388,0.5487805008888245,4.3447192865642137e-07,810,592,artificial_jewellery,video_20260404_120254,frame_004530.jpg,004530
0,Right,1,0.4594251811504364,0.5398375391960144,-0.04594441130757332,882,583,artificial_jewellery,video_20260404_120254,frame_004530.jpg,004530
0,Right,2,0.49588099122047424,0.4899303913116455,-0.056987542659044266,952,529,artificial_jewellery,video_20260404_120254,frame_004530.jpg,004530
0,Right,3,0.5301727652549744,0.4528990089893341,-0.05692199245095253,1017,489,artificial_jewellery,video_20260404_120254,frame_004530.jpg,004530
0,Right,4,0.5617310404777527,0.43204551935195923,-0.05369328334927559,1078,466,artificial_jewellery,video_20260404_120254,frame_004530.jpg,004530
0,Right,5,0.4613100290298462,0.3640410006046295,-0.03196987882256508,885,393,artificial_jewellery,video_20260404_120254,frame_004530.jpg,004530
0,Right,6,0.47753840684890747,0.2805892527103424,-0.03768417239189148,916,303,artificial_jewellery,video_20260404_120254,frame_004530.jpg,004530
0,Right,7,0.5040330290794373,0.24513626098632812,-0.04285907745361328,967,264,artificial_jewellery,video_20260404_120254,frame_004530.jpg,004530
0,Right,8,0.5276859998703003,0.2354450672864914,-0.04548152536153793,1013,254,artificial_jewellery,video_20260404_120254,frame_004530.jpg,004530
0,Right,9,0.46310484409332275,0.3730725049972534,-0.005350608378648758,889,402,artificial_jewellery,video_20260404_120254,frame_004530.jpg,004530
0,Right,10,0.50126051902771,0.32638806104660034,-0.013662708923220634,962,352,artificial_jewellery,video_20260404_120254,frame_004530.jpg,004530
0,Right,11,0.5336220264434814,0.34333503246307373,-0.021639710292220116,1024,370,artificial_jewellery,video_20260404_120254,frame_004530.jpg,004530
0,Right,12,0.5562351942062378,0.3785712718963623,-0.024127481505274773,1067,408,artificial_jewellery,video_20260404_120254,frame_004530.jpg,004530
0,Right,13,0.4668120741844177,0.3943304717540741,0.018160050734877586,896,425,artificial_jewellery,video_20260404_120254,frame_004530.jpg,004530
0,Right,14,0.5017685890197754,0.36146819591522217,0.010267259553074837,963,390,artificial_jewellery,video_20260404_120254,frame_004530.jpg,004530
0,Right,15,0.5284687280654907,0.37318655848503113,-0.0015365416184067726,1014,403,artificial_jewellery,video_20260404_120254,frame_004530.jpg,004530
0,Right,16,0.5467606782913208,0.39668798446655273,-0.007069703657180071,1049,428,artificial_jewellery,video_20260404_120254,frame_004530.jpg,004530
0,Right,17,0.46965858340263367,0.4183940291404724,0.038653988391160965,901,451,artificial_jewellery,video_20260404_120254,frame_004530.jpg,004530
0,Right,18,0.4984322786331177,0.40384453535079956,0.02786983549594879,956,436,artificial_jewellery,video_20260404_120254,frame_004530.jpg,004530
0,Right,19,0.5189234018325806,0.4125725030899048,0.016486303880810738,996,445,artificial_jewellery,video_20260404_120254,frame_004530.jpg,004530
0,Right,20,0.5322891473770142,0.42969921231269836,0.01166650839149952,1021,464,artificial_jewellery,video_20260404_120254,frame_004530.jpg,004530
1,Left,0,0.6953251361846924,0.5681599974632263,-1.2430953688635782e-07,1335,613,artificial_jewellery,video_20260404_120254,frame_004530.jpg,004530
1,Left,1,0.6643891930580139,0.5717931389808655,-0.05176712945103645,1275,617,artificial_jewellery,video_20260404_120254,frame_004530.jpg,004530
1,Left,2,0.6344431042671204,0.5292196869850159,-0.0749402791261673,1218,571,artificial_jewellery,video_20260404_120254,frame_004530.jpg,004530
1,Left,3,0.6077656745910645,0.47233647108078003,-0.08418446779251099,1166,510,artificial_jewellery,video_20260404_120254,frame_004530.jpg,004530
1,Left,4,0.5864818692207336,0.42522144317626953,-0.08942492306232452,1126,459,artificial_jewellery,video_20260404_120254,frame_004530.jpg,004530
1,Left,5,0.6886446475982666,0.4468590021133423,-0.08301718533039093,1322,482,artificial_jewellery,video_20260404_120254,frame_004530.jpg,004530
1,Left,6,0.6360430717468262,0.3753492534160614,-0.09725803881883621,1221,405,artificial_jewellery,video_20260404_120254,frame_004530.jpg,004530
1,Left,7,0.6022402048110962,0.3798116147518158,-0.0972263514995575,1156,410,artificial_jewellery,video_20260404_120254,frame_004530.jpg,004530
1,Left,8,0.5805977582931519,0.39867913722991943,-0.09470333158969879,1114,430,artificial_jewellery,video_20260404_120254,frame_004530.jpg,004530
1,Left,9,0.6994069218635559,0.41695860028266907,-0.057297661900520325,1342,450,artificial_jewellery,video_20260404_120254,frame_004530.jpg,004530
1,Left,10,0.6553276777267456,0.32870131731033325,-0.07649406045675278,1258,354,artificial_jewellery,video_20260404_120254,frame_004530.jpg,004530
1,Left,11,0.6166771650314331,0.3358924984931946,-0.07758095115423203,1184,362,artificial_jewellery,video_20260404_120254,frame_004530.jpg,004530
1,Left,12,0.5916206240653992,0.36634019017219543,-0.07543551921844482,1135,395,artificial_jewellery,video_20260404_120254,frame_004530.jpg,004530
1,Left,13,0.6974621415138245,0.40606409311294556,-0.03166790306568146,1339,438,artificial_jewellery,video_20260404_120254,frame_004530.jpg,004530
1,Left,14,0.6599422693252563,0.33274614810943604,-0.04880204424262047,1267,359,artificial_jewellery,video_20260404_120254,frame_004530.jpg,004530
1,Left,15,0.6264432072639465,0.3430980443954468,-0.052828121930360794,1202,370,artificial_jewellery,video_20260404_120254,frame_004530.jpg,004530
1,Left,16,0.6054584383964539,0.3666168451309204,-0.05275797098875046,1162,395,artificial_jewellery,video_20260404_120254,frame_004530.jpg,004530
1,Left,17,0.6905071139335632,0.4069002866744995,-0.008374414406716824,1325,439,artificial_jewellery,video_20260404_120254,frame_004530.jpg,004530
1,Left,18,0.6625052094459534,0.36125507950782776,-0.0253448523581028,1272,390,artificial_jewellery,video_20260404_120254,frame_004530.jpg,004530
1,Left,19,0.6362938284873962,0.3673178255558014,-0.03271361440420151,1221,396,artificial_jewellery,video_20260404_120254,frame_004530.jpg,004530
1,Left,20,0.6174734234809875,0.38348692655563354,-0.03514808043837547,1185,414,artificial_jewellery,video_20260404_120254,frame_004530.jpg,004530
0,Right,0,0.4415738582611084,0.5220942497253418,3.3239993513234367e-07,847,563,artificial_jewellery,video_20260404_120254,frame_004590.jpg,004590
0,Right,1,0.4682161509990692,0.499334454536438,-0.037361666560173035,898,539,artificial_jewellery,video_20260404_120254,frame_004590.jpg,004590
0,Right,2,0.5014349222183228,0.4522966742515564,-0.043808966875076294,962,488,artificial_jewellery,video_20260404_120254,frame_004590.jpg,004590
0,Right,3,0.533915102481842,0.42257341742515564,-0.04050830379128456,1025,456,artificial_jewellery,video_20260404_120254,frame_004590.jpg,004590
0,Right,4,0.5544734597206116,0.39300626516342163,-0.03369011729955673,1064,424,artificial_jewellery,video_20260404_120254,frame_004590.jpg,004590
0,Right,5,0.4583037495613098,0.35792261362075806,-0.023609085008502007,879,386,artificial_jewellery,video_20260404_120254,frame_004590.jpg,004590
0,Right,6,0.4730514585971832,0.27860745787620544,-0.02659015916287899,908,300,artificial_jewellery,video_20260404_120254,frame_004590.jpg,004590
0,Right,7,0.49834194779396057,0.24031829833984375,-0.030306437984108925,956,259,artificial_jewellery,video_20260404_120254,frame_004590.jpg,004590
0,Right,8,0.5210839509963989,0.22554001212120056,-0.032104309648275375,1000,243,artificial_jewellery,video_20260404_120254,frame_004590.jpg,004590
0,Right,9,0.4640423655509949,0.3680887818336487,-0.001525954226963222,890,397,artificial_jewellery,video_20260404_120254,frame_004590.jpg,004590
0,Right,10,0.5023981332778931,0.3305778503417969,-0.008049648255109787,964,357,artificial_jewellery,video_20260404_120254,frame_004590.jpg,004590
0,Right,11,0.5285490155220032,0.34384846687316895,-0.015550310723483562,1014,371,artificial_jewellery,video_20260404_120254,frame_004590.jpg,004590
0,Right,12,0.544503927230835,0.36448490619659424,-0.0180734321475029,1045,393,artificial_jewellery,video_20260404_120254,frame_004590.jpg,004590
0,Right,13,0.4725777506828308,0.38772284984588623,0.01798568293452263,907,418,artificial_jewellery,video_20260404_120254,frame_004590.jpg,004590
0,Right,14,0.5026374459266663,0.35801538825035095,0.011301535181701183,965,386,artificial_jewellery,video_20260404_120254,frame_004590.jpg,004590
0,Right,15,0.5261834263801575,0.36339643597602844,-0.0006682612001895905,1010,392,artificial_jewellery,video_20260404_120254,frame_004590.jpg,004590
0,Right,16,0.5420302152633667,0.3733292818069458,-0.0066582756116986275,1040,403,artificial_jewellery,video_20260404_120254,frame_004590.jpg,004590
0,Right,17,0.4815117418766022,0.40921539068222046,0.0352645181119442,924,441,artificial_jewellery,video_20260404_120254,frame_004590.jpg,004590
0,Right,18,0.5073087215423584,0.3944825828075409,0.026120653375983238,974,426,artificial_jewellery,video_20260404_120254,frame_004590.jpg,004590
0,Right,19,0.5260710120201111,0.39690130949020386,0.01609461009502411,1010,428,artificial_jewellery,video_20260404_120254,frame_004590.jpg,004590
0,Right,20,0.5387385487556458,0.40590715408325195,0.01188359409570694,1034,438,artificial_jewellery,video_20260404_120254,frame_004590.jpg,004590
1,Left,0,0.7029540538787842,0.5536288022994995,-4.118259955276926e-09,1349,597,artificial_jewellery,video_20260404_120254,frame_004590.jpg,004590
1,Left,1,0.6720402240753174,0.5335366725921631,-0.056399911642074585,1290,576,artificial_jewellery,video_20260404_120254,frame_004590.jpg,004590
1,Left,2,0.6510133147239685,0.47476062178611755,-0.07344303280115128,1249,512,artificial_jewellery,video_20260404_120254,frame_004590.jpg,004590
1,Left,3,0.6282241940498352,0.41931772232055664,-0.077370285987854,1206,452,artificial_jewellery,video_20260404_120254,frame_004590.jpg,004590
1,Left,4,0.6060426235198975,0.37806254625320435,-0.07863203436136246,1163,408,artificial_jewellery,video_20260404_120254,frame_004590.jpg,004590
1,Left,5,0.7013760805130005,0.38131988048553467,-0.043883953243494034,1346,411,artificial_jewellery,video_20260404_120254,frame_004590.jpg,004590
1,Left,6,0.6549966931343079,0.32719331979751587,-0.052735403180122375,1257,353,artificial_jewellery,video_20260404_120254,frame_004590.jpg,004590
1,Left,7,0.6206237077713013,0.30518466234207153,-0.06230401620268822,1191,329,artificial_jewellery,video_20260404_120254,frame_004590.jpg,004590
1,Left,8,0.5937098860740662,0.29577165842056274,-0.06878066807985306,1139,319,artificial_jewellery,video_20260404_120254,frame_004590.jpg,004590
1,Left,9,0.7017048001289368,0.37719252705574036,-0.013760196976363659,1347,407,artificial_jewellery,video_20260404_120254,frame_004590.jpg,004590
1,Left,10,0.6619493365287781,0.32288551330566406,-0.026929283514618874,1270,348,artificial_jewellery,video_20260404_120254,frame_004590.jpg,004590
1,Left,11,0.6261798143386841,0.3120763897895813,-0.0422644205391407,1202,337,artificial_jewellery,video_20260404_120254,frame_004590.jpg,004590
1,Left,12,0.5954569578170776,0.3264245092868805,-0.05163132771849632,1143,352,artificial_jewellery,video_20260404_120254,frame_004590.jpg,004590
1,Left,13,0.69586580991745,0.3881187438964844,0.013091412372887135,1336,419,artificial_jewellery,video_20260404_120254,frame_004590.jpg,004590
1,Left,14,0.6542032361030579,0.3542690873146057,-0.0019731358624994755,1256,382,artificial_jewellery,video_20260404_120254,frame_004590.jpg,004590
1,Left,15,0.6205176115036011,0.3676023483276367,-0.019575810059905052,1191,397,artificial_jewellery,video_20260404_120254,frame_004590.jpg,004590
1,Left,16,0.5969319939613342,0.39364758133888245,-0.02832106500864029,1146,425,artificial_jewellery,video_20260404_120254,frame_004590.jpg,004590
1,Left,17,0.6872462630271912,0.40158697962760925,0.03662605956196785,1319,433,artificial_jewellery,video_20260404_120254,frame_004590.jpg,004590
1,Left,18,0.6542963981628418,0.3866764008998871,0.02093622460961342,1256,417,artificial_jewellery,video_20260404_120254,frame_004590.jpg,004590
1,Left,19,0.6297354102134705,0.39626750349998474,0.005853061098605394,1209,427,artificial_jewellery,video_20260404_120254,frame_004590.jpg,004590
1,Left,20,0.6125620603561401,0.415208101272583,-0.0024125606287270784,1176,448,artificial_jewellery,video_20260404_120254,frame_004590.jpg,004590
0,Right,0,0.44636815786361694,0.524857223033905,3.4074827226504567e-07,857,566,artificial_jewellery,video_20260404_120254,frame_004620.jpg,004620
0,Right,1,0.46874892711639404,0.48528218269348145,-0.034963492304086685,899,524,artificial_jewellery,video_20260404_120254,frame_004620.jpg,004620
0,Right,2,0.4971499443054199,0.43896394968032837,-0.03881591558456421,954,474,artificial_jewellery,video_20260404_120254,frame_004620.jpg,004620
0,Right,3,0.5327290892601013,0.4120990037918091,-0.035156045109033585,1022,445,artificial_jewellery,video_20260404_120254,frame_004620.jpg,004620
0,Right,4,0.5588282346725464,0.38951385021209717,-0.028862887993454933,1072,420,artificial_jewellery,video_20260404_120254,frame_004620.jpg,004620
0,Right,5,0.4665481448173523,0.3458421230316162,-0.0077109504491090775,895,373,artificial_jewellery,video_20260404_120254,frame_004620.jpg,004620
0,Right,6,0.4822096824645996,0.27354294061660767,-0.00775442598387599,925,295,artificial_jewellery,video_20260404_120254,frame_004620.jpg,004620
0,Right,7,0.506917417049408,0.2467232346534729,-0.011656106449663639,973,266,artificial_jewellery,video_20260404_120254,frame_004620.jpg,004620
0,Right,8,0.5293397307395935,0.24011200666427612,-0.013901826925575733,1016,259,artificial_jewellery,video_20260404_120254,frame_004620.jpg,004620
0,Right,9,0.47711247205734253,0.36259597539901733,0.0127729382365942,916,391,artificial_jewellery,video_20260404_120254,frame_004620.jpg,004620
0,Right,10,0.49593719840049744,0.30654090642929077,0.01552675198763609,952,331,artificial_jewellery,video_20260404_120254,frame_004620.jpg,004620
0,Right,11,0.5205078721046448,0.2831609845161438,0.008559655398130417,999,305,artificial_jewellery,video_20260404_120254,frame_004620.jpg,004620
0,Right,12,0.5436005592346191,0.27658116817474365,0.003085135715082288,1043,298,artificial_jewellery,video_20260404_120254,frame_004620.jpg,004620
0,Right,13,0.48762214183807373,0.38945579528808594,0.029190577566623688,936,420,artificial_jewellery,video_20260404_120254,frame_004620.jpg,004620
0,Right,14,0.5140424966812134,0.364910364151001,0.02672145888209343,986,394,artificial_jewellery,video_20260404_120254,frame_004620.jpg,004620
0,Right,15,0.5360991358757019,0.36521926522254944,0.011708030477166176,1029,394,artificial_jewellery,video_20260404_120254,frame_004620.jpg,004620
0,Right,16,0.5534792542457581,0.3750227391719818,0.002385434228926897,1062,405,artificial_jewellery,video_20260404_120254,frame_004620.jpg,004620
0,Right,17,0.49724826216697693,0.419273316860199,0.043088171631097794,954,452,artificial_jewellery,video_20260404_120254,frame_004620.jpg,004620
0,Right,18,0.5217428207397461,0.40461522340774536,0.036712586879730225,1001,436,artificial_jewellery,video_20260404_120254,frame_004620.jpg,004620
0,Right,19,0.5350385904312134,0.4083181917667389,0.025319701060652733,1027,440,artificial_jewellery,video_20260404_120254,frame_004620.jpg,004620
0,Right,20,0.5440905094146729,0.41931256651878357,0.01870347000658512,1044,452,artificial_jewellery,video_20260404_120254,frame_004620.jpg,004620
1,Left,0,0.6915711760520935,0.5698014497756958,-3.241895853989263e-07,1327,615,artificial_jewellery,video_20260404_120254,frame_004620.jpg,004620
1,Left,1,0.6570343971252441,0.5647984147071838,-0.03860795497894287,1261,609,artificial_jewellery,video_20260404_120254,frame_004620.jpg,004620
1,Left,2,0.62961745262146,0.5106791257858276,-0.05616399273276329,1208,551,artificial_jewellery,video_20260404_120254,frame_004620.jpg,004620
1,Left,3,0.6085212826728821,0.4446202516555786,-0.06344669312238693,1168,480,artificial_jewellery,video_20260404_120254,frame_004620.jpg,004620
1,Left,4,0.5875971913337708,0.39883294701576233,-0.06732883304357529,1128,430,artificial_jewellery,video_20260404_120254,frame_004620.jpg,004620
1,Left,5,0.6883805990219116,0.4537445306777954,-0.06779072433710098,1321,490,artificial_jewellery,video_20260404_120254,frame_004620.jpg,004620
1,Left,6,0.6386805176734924,0.37196481227874756,-0.08197494596242905,1226,401,artificial_jewellery,video_20260404_120254,frame_004620.jpg,004620
1,Left,7,0.6049574017524719,0.3624621033668518,-0.08215191215276718,1161,391,artificial_jewellery,video_20260404_120254,frame_004620.jpg,004620
1,Left,8,0.5812065005302429,0.36631467938423157,-0.07931504398584366,1115,395,artificial_jewellery,video_20260404_120254,frame_004620.jpg,004620
1,Left,9,0.7019095420837402,0.42487674951553345,-0.04843937233090401,1347,458,artificial_jewellery,video_20260404_120254,frame_004620.jpg,004620
1,Left,10,0.6468825340270996,0.3420388102531433,-0.06269372999668121,1242,369,artificial_jewellery,video_20260404_120254,frame_004620.jpg,004620
1,Left,11,0.609065592288971,0.3485684394836426,-0.06008816510438919,1169,376,artificial_jewellery,video_20260404_120254,frame_004620.jpg,004620
1,Left,12,0.5884549021720886,0.367668092250824,-0.057368822395801544,1129,397,artificial_jewellery,video_20260404_120254,frame_004620.jpg,004620
1,Left,13,0.7032775282859802,0.40902090072631836,-0.029160842299461365,1350,441,artificial_jewellery,video_20260404_120254,frame_004620.jpg,004620
1,Left,14,0.6591126322746277,0.32857242226600647,-0.04515710100531578,1265,354,artificial_jewellery,video_20260404_120254,frame_004620.jpg,004620
1,Left,15,0.6276596784591675,0.3401040732860565,-0.04564381390810013,1205,367,artificial_jewellery,video_20260404_120254,frame_004620.jpg,004620
1,Left,16,0.6109338402748108,0.36291229724884033,-0.04347730055451393,1172,391,artificial_jewellery,video_20260404_120254,frame_004620.jpg,004620
1,Left,17,0.6980987787246704,0.40210479497909546,-0.011329594999551773,1340,434,artificial_jewellery,video_20260404_120254,frame_004620.jpg,004620
1,Left,18,0.6688677668571472,0.33951717615127563,-0.026028670370578766,1284,366,artificial_jewellery,video_20260404_120254,frame_004620.jpg,004620
1,Left,19,0.645514190196991,0.3393554091453552,-0.030327528715133667,1239,366,artificial_jewellery,video_20260404_120254,frame_004620.jpg,004620
1,Left,20,0.6322845816612244,0.35352134704589844,-0.03117254003882408,1213,381,artificial_jewellery,video_20260404_120254,frame_004620.jpg,004620
0,Left,0,0.6976962685585022,0.5645237565040588,-6.167999089257137e-08,1339,609,artificial_jewellery,video_20260404_120254,frame_004650.jpg,004650
0,Left,1,0.6995556950569153,0.5411233901977539,-0.049830276519060135,1343,584,artificial_jewellery,video_20260404_120254,frame_004650.jpg,004650
0,Left,2,0.6899133920669556,0.48033595085144043,-0.06666430830955505,1324,518,artificial_jewellery,video_20260404_120254,frame_004650.jpg,004650
0,Left,3,0.6684911251068115,0.42414626479148865,-0.07437320053577423,1283,458,artificial_jewellery,video_20260404_120254,frame_004650.jpg,004650
0,Left,4,0.6445719599723816,0.37761926651000977,-0.08137492090463638,1237,407,artificial_jewellery,video_20260404_120254,frame_004650.jpg,004650
0,Left,5,0.682492196559906,0.39789721369743347,-0.03719189390540123,1310,429,artificial_jewellery,video_20260404_120254,frame_004650.jpg,004650
0,Left,6,0.655593752861023,0.33813148736953735,-0.05725354701280594,1258,365,artificial_jewellery,video_20260404_120254,frame_004650.jpg,004650
0,Left,7,0.629826009273529,0.3389401435852051,-0.07179979234933853,1209,366,artificial_jewellery,video_20260404_120254,frame_004650.jpg,004650
0,Left,8,0.6133395433425903,0.3664933741092682,-0.07829886674880981,1177,395,artificial_jewellery,video_20260404_120254,frame_004650.jpg,004650
0,Left,9,0.6649291515350342,0.410213828086853,-0.014982315711677074,1276,443,artificial_jewellery,video_20260404_120254,frame_004650.jpg,004650
0,Left,10,0.6278223991394043,0.3884698748588562,-0.03844962269067764,1205,419,artificial_jewellery,video_20260404_120254,frame_004650.jpg,004650
0,Left,11,0.6111028790473938,0.4330156445503235,-0.05345546826720238,1173,467,artificial_jewellery,video_20260404_120254,frame_004650.jpg,004650
0,Left,12,0.605609118938446,0.48153766989707947,-0.05821695178747177,1162,520,artificial_jewellery,video_20260404_120254,frame_004650.jpg,004650
0,Left,13,0.6505453586578369,0.43179142475128174,0.0025701785925775766,1249,466,artificial_jewellery,video_20260404_120254,frame_004650.jpg,004650
0,Left,14,0.6169716715812683,0.4156602919101715,-0.022388579323887825,1184,448,artificial_jewellery,video_20260404_120254,frame_004650.jpg,004650
0,Left,15,0.6027580499649048,0.4541252851486206,-0.03436499834060669,1157,490,artificial_jewellery,video_20260404_120254,frame_004650.jpg,004650
0,Left,16,0.599163293838501,0.49371272325515747,-0.035579003393650055,1150,533,artificial_jewellery,video_20260404_120254,frame_004650.jpg,004650
0,Left,17,0.6385619640350342,0.45632174611091614,0.017130685970187187,1226,492,artificial_jewellery,video_20260404_120254,frame_004650.jpg,004650
0,Left,18,0.6110110282897949,0.4419873356819153,-0.00275724777020514,1173,477,artificial_jewellery,video_20260404_120254,frame_004650.jpg,004650
0,Left,19,0.6002476811408997,0.4645994007587433,-0.01030169241130352,1152,501,artificial_jewellery,video_20260404_120254,frame_004650.jpg,004650
0,Left,20,0.5963688492774963,0.4910937249660492,-0.010517320595681667,1145,530,artificial_jewellery,video_20260404_120254,frame_004650.jpg,004650
1,Right,0,0.46378499269485474,0.5004037618637085,3.495951830245758e-07,890,540,artificial_jewellery,video_20260404_120254,frame_004650.jpg,004650
1,Right,1,0.49703213572502136,0.44818443059921265,-0.008653122000396252,954,484,artificial_jewellery,video_20260404_120254,frame_004650.jpg,004650
1,Right,2,0.5254870057106018,0.39590513706207275,-0.000883307249750942,1008,427,artificial_jewellery,video_20260404_120254,frame_004650.jpg,004650
1,Right,3,0.5484351515769958,0.3665485978126526,0.007819917984306812,1052,395,artificial_jewellery,video_20260404_120254,frame_004650.jpg,004650
1,Right,4,0.5613676309585571,0.34866753220558167,0.019610101357102394,1077,376,artificial_jewellery,video_20260404_120254,frame_004650.jpg,004650
1,Right,5,0.47220587730407715,0.34127989411354065,0.0316961444914341,906,368,artificial_jewellery,video_20260404_120254,frame_004650.jpg,004650
1,Right,6,0.49560123682022095,0.2983052730560303,0.03284401074051857,951,322,artificial_jewellery,video_20260404_120254,frame_004650.jpg,004650
1,Right,7,0.5233098864555359,0.30157536268234253,0.025886518880724907,1004,325,artificial_jewellery,video_20260404_120254,frame_004650.jpg,004650
1,Right,8,0.5427735447883606,0.32178810238838196,0.022331224754452705,1042,347,artificial_jewellery,video_20260404_120254,frame_004650.jpg,004650
1,Right,9,0.4750535190105438,0.3515086770057678,0.038607142865657806,912,379,artificial_jewellery,video_20260404_120254,frame_004650.jpg,004650
1,Right,10,0.5061686038970947,0.3145182728767395,0.03811754658818245,971,339,artificial_jewellery,video_20260404_120254,frame_004650.jpg,004650
1,Right,11,0.5365186333656311,0.32360219955444336,0.02434920333325863,1030,349,artificial_jewellery,video_20260404_120254,frame_004650.jpg,004650
1,Right,12,0.5574653744697571,0.3457886874675751,0.016437958925962448,1070,373,artificial_jewellery,video_20260404_120254,frame_004650.jpg,004650
1,Right,13,0.4806581735610962,0.3661360740661621,0.04227695241570473,922,395,artificial_jewellery,video_20260404_120254,frame_004650.jpg,004650
1,Right,14,0.5138291120529175,0.3407825827598572,0.03976472467184067,986,368,artificial_jewellery,video_20260404_120254,frame_004650.jpg,004650
1,Right,15,0.5395841002464294,0.3520849049091339,0.025737186893820763,1036,380,artificial_jewellery,video_20260404_120254,frame_004650.jpg,004650
1,Right,16,0.556530237197876,0.3745286762714386,0.01847464218735695,1068,404,artificial_jewellery,video_20260404_120254,frame_004650.jpg,004650
1,Right,17,0.48615366220474243,0.38361531496047974,0.04518565535545349,933,414,artificial_jewellery,video_20260404_120254,frame_004650.jpg,004650
1,Right,18,0.5175268054008484,0.37100037932395935,0.04325954243540764,993,400,artificial_jewellery,video_20260404_120254,frame_004650.jpg,004650
1,Right,19,0.5365228056907654,0.3769835829734802,0.035880427807569504,1030,407,artificial_jewellery,video_20260404_120254,frame_004650.jpg,004650
1,Right,20,0.5502362847328186,0.3922428786754608,0.03247172385454178,1056,423,artificial_jewellery,video_20260404_120254,frame_004650.jpg,004650
0,Right,0,0.4657037556171417,0.5265355706214905,3.9464816836698446e-07,894,568,artificial_jewellery,video_20260404_120254,frame_004680.jpg,004680
0,Right,1,0.5118902921676636,0.5120368003845215,-0.00854870118200779,982,552,artificial_jewellery,video_20260404_120254,frame_004680.jpg,004680
0,Right,2,0.5434832572937012,0.46029549837112427,-0.0004569269949570298,1043,497,artificial_jewellery,video_20260404_120254,frame_004680.jpg,004680
0,Right,3,0.5675563812255859,0.41914835572242737,0.00815229956060648,1089,452,artificial_jewellery,video_20260404_120254,frame_004680.jpg,004680
0,Right,4,0.5826224684715271,0.3893813192844391,0.018398825079202652,1118,420,artificial_jewellery,video_20260404_120254,frame_004680.jpg,004680
0,Right,5,0.5044165849685669,0.386558473110199,0.03197947144508362,968,417,artificial_jewellery,video_20260404_120254,frame_004680.jpg,004680
0,Right,6,0.5293709635734558,0.3445528745651245,0.03727632015943527,1016,372,artificial_jewellery,video_20260404_120254,frame_004680.jpg,004680
0,Right,7,0.5560833215713501,0.3410274088382721,0.03375748544931412,1067,368,artificial_jewellery,video_20260404_120254,frame_004680.jpg,004680
0,Right,8,0.5727476477622986,0.3511594831943512,0.031904079020023346,1099,379,artificial_jewellery,video_20260404_120254,frame_004680.jpg,004680
0,Right,9,0.49083754420280457,0.37259963154792786,0.039363931864500046,942,402,artificial_jewellery,video_20260404_120254,frame_004680.jpg,004680
0,Right,10,0.5244677066802979,0.3337865471839905,0.040361449122428894,1006,360,artificial_jewellery,video_20260404_120254,frame_004680.jpg,004680
0,Right,11,0.5468108654022217,0.3437051773071289,0.028100091964006424,1049,371,artificial_jewellery,video_20260404_120254,frame_004680.jpg,004680
0,Right,12,0.5586956739425659,0.36242109537124634,0.021772881969809532,1072,391,artificial_jewellery,video_20260404_120254,frame_004680.jpg,004680
0,Right,13,0.47889238595962524,0.3628014028072357,0.04402334615588188,919,391,artificial_jewellery,video_20260404_120254,frame_004680.jpg,004680
0,Right,14,0.509073793888092,0.32909995317459106,0.038047756999731064,977,355,artificial_jewellery,video_20260404_120254,frame_004680.jpg,004680
0,Right,15,0.5218140482902527,0.36102381348609924,0.024781648069620132,1001,389,artificial_jewellery,video_20260404_120254,frame_004680.jpg,004680
0,Right,16,0.5237869024276733,0.39213037490844727,0.020077256485819817,1005,423,artificial_jewellery,video_20260404_120254,frame_004680.jpg,004680
0,Right,17,0.4659842848777771,0.3532271981239319,0.04870561137795448,894,381,artificial_jewellery,video_20260404_120254,frame_004680.jpg,004680
0,Right,18,0.48956453800201416,0.32229840755462646,0.041535671800374985,939,348,artificial_jewellery,video_20260404_120254,frame_004680.jpg,004680
0,Right,19,0.5015469789505005,0.33752813935279846,0.03429647907614708,962,364,artificial_jewellery,video_20260404_120254,frame_004680.jpg,004680
0,Right,20,0.5078995227813721,0.36108967661857605,0.032514750957489014,975,389,artificial_jewellery,video_20260404_120254,frame_004680.jpg,004680
0,Right,0,0.46918854117393494,0.5404437780380249,6.045218015060527e-07,900,583,artificial_jewellery,video_20260404_120254,frame_004740.jpg,004740
0,Right,1,0.5035114884376526,0.5357037782669067,-0.04074463993310928,966,578,artificial_jewellery,video_20260404_120254,frame_004740.jpg,004740
0,Right,2,0.5416756272315979,0.49403417110443115,-0.05447160452604294,1040,533,artificial_jewellery,video_20260404_120254,frame_004740.jpg,004740
0,Right,3,0.5725302696228027,0.4589628577232361,-0.05845389515161514,1099,495,artificial_jewellery,video_20260404_120254,frame_004740.jpg,004740
0,Right,4,0.5945335626602173,0.4302208721637726,-0.059379979968070984,1141,464,artificial_jewellery,video_20260404_120254,frame_004740.jpg,004740
0,Right,5,0.4871695041656494,0.36941811442375183,-0.03763760253787041,935,398,artificial_jewellery,video_20260404_120254,frame_004740.jpg,004740
0,Right,6,0.4982233941555023,0.2851356863975525,-0.051457684487104416,956,307,artificial_jewellery,video_20260404_120254,frame_004740.jpg,004740
0,Right,7,0.5300195217132568,0.2595704197883606,-0.061556220054626465,1017,280,artificial_jewellery,video_20260404_120254,frame_004740.jpg,004740
0,Right,8,0.5571011900901794,0.2654211223125458,-0.06591013818979263,1069,286,artificial_jewellery,video_20260404_120254,frame_004740.jpg,004740
0,Right,9,0.48702436685562134,0.3624665439128876,-0.017735974863171577,935,391,artificial_jewellery,video_20260404_120254,frame_004740.jpg,004740
0,Right,10,0.540166974067688,0.3325675427913666,-0.03902933746576309,1037,359,artificial_jewellery,video_20260404_120254,frame_004740.jpg,004740
0,Right,11,0.5775370597839355,0.35548144578933716,-0.053085897117853165,1108,383,artificial_jewellery,video_20260404_120254,frame_004740.jpg,004740
0,Right,12,0.6002635955810547,0.3864167332649231,-0.05758350342512131,1152,417,artificial_jewellery,video_20260404_120254,frame_004740.jpg,004740
0,Right,13,0.48886364698410034,0.36373212933540344,-0.0001587506412761286,938,392,artificial_jewellery,video_20260404_120254,frame_004740.jpg,004740
0,Right,14,0.5359960794448853,0.3367433249950409,-0.02322101965546608,1029,363,artificial_jewellery,video_20260404_120254,frame_004740.jpg,004740
0,Right,15,0.5696384310722351,0.3572840392589569,-0.03892955929040909,1093,385,artificial_jewellery,video_20260404_120254,frame_004740.jpg,004740
0,Right,16,0.591577410697937,0.380282461643219,-0.04372171312570572,1135,410,artificial_jewellery,video_20260404_120254,frame_004740.jpg,004740
0,Right,17,0.48759493231773376,0.3666996955871582,0.016069065779447556,936,396,artificial_jewellery,video_20260404_120254,frame_004740.jpg,004740
0,Right,18,0.5254422426223755,0.3469997048377991,-0.0039901407435536385,1008,374,artificial_jewellery,video_20260404_120254,frame_004740.jpg,004740
0,Right,19,0.5513894557952881,0.3630968928337097,-0.013877924531698227,1058,392,artificial_jewellery,video_20260404_120254,frame_004740.jpg,004740
0,Right,20,0.569517195224762,0.38366520404815674,-0.015686338767409325,1093,414,artificial_jewellery,video_20260404_120254,frame_004740.jpg,004740
0,Right,0,0.26655080914497375,0.6061893701553345,2.1829639251791377e-07,511,654,artificial_jewellery,video_20260404_120254,frame_004830.jpg,004830
0,Right,1,0.21365652978420258,0.5549766421318054,-0.027967114001512527,410,599,artificial_jewellery,video_20260404_120254,frame_004830.jpg,004830
0,Right,2,0.170204296708107,0.49819034337997437,-0.04612688720226288,326,538,artificial_jewellery,video_20260404_120254,frame_004830.jpg,004830
0,Right,3,0.15355290472507477,0.4221538007259369,-0.06238163262605667,294,455,artificial_jewellery,video_20260404_120254,frame_004830.jpg,004830
0,Right,4,0.1603054404258728,0.3502095937728882,-0.07670094817876816,307,378,artificial_jewellery,video_20260404_120254,frame_004830.jpg,004830
0,Right,5,0.18775084614753723,0.33394473791122437,-0.015324144624173641,360,360,artificial_jewellery,video_20260404_120254,frame_004830.jpg,004830
0,Right,6,0.17560720443725586,0.2357580065727234,-0.0351392924785614,337,254,artificial_jewellery,video_20260404_120254,frame_004830.jpg,004830
0,Right,7,0.16920480132102966,0.18413321673870087,-0.05445273220539093,324,198,artificial_jewellery,video_20260404_120254,frame_004830.jpg,004830
0,Right,8,0.16465236246585846,0.13373777270317078,-0.06998006254434586,316,144,artificial_jewellery,video_20260404_120254,frame_004830.jpg,004830
0,Right,9,0.2239992320537567,0.32572588324546814,-0.01710309274494648,430,351,artificial_jewellery,video_20260404_120254,frame_004830.jpg,004830
0,Right,10,0.2147533893585205,0.22385084629058838,-0.03446848690509796,412,241,artificial_jewellery,video_20260404_120254,frame_004830.jpg,004830
0,Right,11,0.20762641727924347,0.17182515561580658,-0.05163899436593056,398,185,artificial_jewellery,video_20260404_120254,frame_004830.jpg,004830
0,Right,12,0.19942758977413177,0.12163892388343811,-0.06531979888677597,382,131,artificial_jewellery,video_20260404_120254,frame_004830.jpg,004830
0,Right,13,0.2600463330745697,0.343309611082077,-0.023604290559887886,499,370,artificial_jewellery,video_20260404_120254,frame_004830.jpg,004830
0,Right,14,0.260821670293808,0.25611647963523865,-0.04234619066119194,500,276,artificial_jewellery,video_20260404_120254,frame_004830.jpg,004830
0,Right,15,0.25627192854881287,0.20698218047618866,-0.05312218517065048,492,223,artificial_jewellery,video_20260404_120254,frame_004830.jpg,004830
0,Right,16,0.24975740909576416,0.1649739295244217,-0.06120666489005089,479,178,artificial_jewellery,video_20260404_120254,frame_004830.jpg,004830
0,Right,17,0.29849493503570557,0.3818185329437256,-0.03314470872282982,573,412,artificial_jewellery,video_20260404_120254,frame_004830.jpg,004830
0,Right,18,0.3020648956298828,0.31582391262054443,-0.05001692846417427,579,341,artificial_jewellery,video_20260404_120254,frame_004830.jpg,004830
0,Right,19,0.2983338534832001,0.27653151750564575,-0.05648638680577278,572,298,artificial_jewellery,video_20260404_120254,frame_004830.jpg,004830
0,Right,20,0.2918325662612915,0.2378014177083969,-0.060866449028253555,560,256,artificial_jewellery,video_20260404_120254,frame_004830.jpg,004830
1,Left,0,0.7270171046257019,0.511841356754303,-1.3826341671574482e-07,1395,552,artificial_jewellery,video_20260404_120254,frame_004830.jpg,004830
1,Left,1,0.7244918942451477,0.4708211421966553,-0.044926974922418594,1391,508,artificial_jewellery,video_20260404_120254,frame_004830.jpg,004830
1,Left,2,0.7199937105178833,0.3969435393810272,-0.056346915662288666,1382,428,artificial_jewellery,video_20260404_120254,frame_004830.jpg,004830
1,Left,3,0.7019748687744141,0.33215317130088806,-0.059849947690963745,1347,358,artificial_jewellery,video_20260404_120254,frame_004830.jpg,004830
1,Left,4,0.6851595640182495,0.28368040919303894,-0.061034295707941055,1315,306,artificial_jewellery,video_20260404_120254,frame_004830.jpg,004830
1,Left,5,0.754165768623352,0.3343258202075958,-0.012871150858700275,1447,361,artificial_jewellery,video_20260404_120254,frame_004830.jpg,004830
1,Left,6,0.7232990860939026,0.2690831422805786,-0.02586091309785843,1388,290,artificial_jewellery,video_20260404_120254,frame_004830.jpg,004830
1,Left,7,0.6954123377799988,0.2591448128223419,-0.03858181834220886,1335,279,artificial_jewellery,video_20260404_120254,frame_004830.jpg,004830
1,Left,8,0.6766372919082642,0.27265623211860657,-0.045108478516340256,1299,294,artificial_jewellery,video_20260404_120254,frame_004830.jpg,004830
1,Left,9,0.734333872795105,0.34103110432624817,0.007534555159509182,1409,368,artificial_jewellery,video_20260404_120254,frame_004830.jpg,004830
1,Left,10,0.7041037082672119,0.2904662489891052,-0.009313216432929039,1351,313,artificial_jewellery,video_20260404_120254,frame_004830.jpg,004830
1,Left,11,0.6814314723014832,0.3112247884273529,-0.026747839525341988,1308,336,artificial_jewellery,video_20260404_120254,frame_004830.jpg,004830
1,Left,12,0.6698306798934937,0.3396552801132202,-0.03387976065278053,1286,366,artificial_jewellery,video_20260404_120254,frame_004830.jpg,004830
1,Left,13,0.7164786458015442,0.35399869084358215,0.022588388994336128,1375,382,artificial_jewellery,video_20260404_120254,frame_004830.jpg,004830
1,Left,14,0.6913573741912842,0.31175103783607483,0.0016268210019916296,1327,336,artificial_jewellery,video_20260404_120254,frame_004830.jpg,004830
1,Left,15,0.673930287361145,0.32930636405944824,-0.017222899943590164,1293,355,artificial_jewellery,video_20260404_120254,frame_004830.jpg,004830
1,Left,16,0.6660811901092529,0.3539046347141266,-0.02349764294922352,1278,382,artificial_jewellery,video_20260404_120254,frame_004830.jpg,004830
1,Left,17,0.7044890522956848,0.36927369236946106,0.03473920747637749,1352,398,artificial_jewellery,video_20260404_120254,frame_004830.jpg,004830
1,Left,18,0.6830392479896545,0.3367563784122467,0.013461059890687466,1311,363,artificial_jewellery,video_20260404_120254,frame_004830.jpg,004830
1,Left,19,0.6708396673202515,0.3474164605140686,-0.0014097944367676973,1288,375,artificial_jewellery,video_20260404_120254,frame_004830.jpg,004830
1,Left,20,0.6663497686386108,0.36569344997406006,-0.006550122983753681,1279,394,artificial_jewellery,video_20260404_120254,frame_004830.jpg,004830
0,Left,0,0.69587641954422,0.5305606126785278,-1.2192603549010528e-07,1336,573,artificial_jewellery,video_20260404_120254,frame_005100.jpg,005100
0,Left,1,0.6603256464004517,0.517200231552124,-0.05860865116119385,1267,558,artificial_jewellery,video_20260404_120254,frame_005100.jpg,005100
0,Left,2,0.6309776902198792,0.4595067799091339,-0.07862428575754166,1211,496,artificial_jewellery,video_20260404_120254,frame_005100.jpg,005100
0,Left,3,0.6065667867660522,0.3978673815727234,-0.0844128206372261,1164,429,artificial_jewellery,video_20260404_120254,frame_005100.jpg,005100
0,Left,4,0.5895885825157166,0.34214046597480774,-0.08604123443365097,1132,369,artificial_jewellery,video_20260404_120254,frame_005100.jpg,005100
0,Left,5,0.6963987946510315,0.366536945104599,-0.06147310137748718,1337,395,artificial_jewellery,video_20260404_120254,frame_005100.jpg,005100
0,Left,6,0.6593474745750427,0.29187440872192383,-0.07237797230482101,1265,315,artificial_jewellery,video_20260404_120254,frame_005100.jpg,005100
0,Left,7,0.6255934834480286,0.2929399013519287,-0.0776253342628479,1201,316,artificial_jewellery,video_20260404_120254,frame_005100.jpg,005100
0,Left,8,0.597771167755127,0.31637346744537354,-0.07940540462732315,1147,341,artificial_jewellery,video_20260404_120254,frame_005100.jpg,005100
0,Left,9,0.7039788365364075,0.3567165434360504,-0.030480647459626198,1351,385,artificial_jewellery,video_20260404_120254,frame_005100.jpg,005100
0,Left,10,0.6568372249603271,0.2935062050819397,-0.04325658455491066,1261,316,artificial_jewellery,video_20260404_120254,frame_005100.jpg,005100
0,Left,11,0.6176462173461914,0.30122023820877075,-0.053312577307224274,1185,325,artificial_jewellery,video_20260404_120254,frame_005100.jpg,005100
0,Left,12,0.5890629291534424,0.33559319376945496,-0.05922922492027283,1131,362,artificial_jewellery,video_20260404_120254,frame_005100.jpg,005100
0,Left,13,0.702737033367157,0.35997554659843445,-0.002085963264107704,1349,388,artificial_jewellery,video_20260404_120254,frame_005100.jpg,005100
0,Left,14,0.6579608917236328,0.30785083770751953,-0.015785302966833115,1263,332,artificial_jewellery,video_20260404_120254,frame_005100.jpg,005100
0,Left,15,0.6230762004852295,0.31964170932769775,-0.027302591130137444,1196,345,artificial_jewellery,video_20260404_120254,frame_005100.jpg,005100
0,Left,16,0.600654661655426,0.34803295135498047,-0.03305042162537575,1153,375,artificial_jewellery,video_20260404_120254,frame_005100.jpg,005100
0,Left,17,0.6993875503540039,0.3649241328239441,0.023257287219166756,1342,394,artificial_jewellery,video_20260404_120254,frame_005100.jpg,005100
0,Left,18,0.6632546782493591,0.32709380984306335,0.008166024461388588,1273,353,artificial_jewellery,video_20260404_120254,frame_005100.jpg,005100
0,Left,19,0.6377294063568115,0.33444055914878845,-0.0023162681609392166,1224,361,artificial_jewellery,video_20260404_120254,frame_005100.jpg,005100
0,Left,20,0.621736466884613,0.3532347083091736,-0.007249373476952314,1193,381,artificial_jewellery,video_20260404_120254,frame_005100.jpg,005100
1,Right,0,0.4568413496017456,0.5501428842544556,4.894649237030535e-07,877,594,artificial_jewellery,video_20260404_120254,frame_005100.jpg,005100
1,Right,1,0.4865487813949585,0.52557772397995,-0.04283297806978226,934,567,artificial_jewellery,video_20260404_120254,frame_005100.jpg,005100
1,Right,2,0.5140506625175476,0.46321529150009155,-0.052127350121736526,986,500,artificial_jewellery,video_20260404_120254,frame_005100.jpg,005100
1,Right,3,0.5429909825325012,0.4145362675189972,-0.04930855706334114,1042,447,artificial_jewellery,video_20260404_120254,frame_005100.jpg,005100
1,Right,4,0.564081609249115,0.37131407856941223,-0.042409736663103104,1083,401,artificial_jewellery,video_20260404_120254,frame_005100.jpg,005100
1,Right,5,0.4548071622848511,0.36954399943351746,-0.03585895895957947,873,399,artificial_jewellery,video_20260404_120254,frame_005100.jpg,005100
1,Right,6,0.5016375780105591,0.31173834204673767,-0.039027683436870575,963,336,artificial_jewellery,video_20260404_120254,frame_005100.jpg,005100
1,Right,7,0.5366917252540588,0.3167238235473633,-0.040523890405893326,1030,342,artificial_jewellery,video_20260404_120254,frame_005100.jpg,005100
1,Right,8,0.5607224702835083,0.3286976218223572,-0.04034055396914482,1076,354,artificial_jewellery,video_20260404_120254,frame_005100.jpg,005100
1,Right,9,0.44742581248283386,0.36742013692855835,-0.009280096739530563,859,396,artificial_jewellery,video_20260404_120254,frame_005100.jpg,005100
1,Right,10,0.49621933698654175,0.30689099431037903,-0.012831619940698147,952,331,artificial_jewellery,video_20260404_120254,frame_005100.jpg,005100
1,Right,11,0.5297257900238037,0.32806846499443054,-0.014548993669450283,1017,354,artificial_jewellery,video_20260404_120254,frame_005100.jpg,005100
1,Right,12,0.5499539971351624,0.3605082333087921,-0.013938205316662788,1055,389,artificial_jewellery,video_20260404_120254,frame_005100.jpg,005100
1,Right,13,0.44843176007270813,0.37865474820137024,0.015099524520337582,860,408,artificial_jewellery,video_20260404_120254,frame_005100.jpg,005100
1,Right,14,0.4953306317329407,0.33545568585395813,0.009944099932909012,951,362,artificial_jewellery,video_20260404_120254,frame_005100.jpg,005100
1,Right,15,0.5223262906074524,0.35771337151527405,0.0038445608224719763,1002,386,artificial_jewellery,video_20260404_120254,frame_005100.jpg,005100
1,Right,16,0.5365469455718994,0.38871654868125916,0.001888334285467863,1030,419,artificial_jewellery,video_20260404_120254,frame_005100.jpg,005100
1,Right,17,0.45326632261276245,0.3932410776615143,0.036850642412900925,870,424,artificial_jewellery,video_20260404_120254,frame_005100.jpg,005100
1,Right,18,0.4912053048610687,0.36792218685150146,0.02713857777416706,943,397,artificial_jewellery,video_20260404_120254,frame_005100.jpg,005100
1,Right,19,0.5142784714698792,0.380033016204834,0.018062002956867218,987,410,artificial_jewellery,video_20260404_120254,frame_005100.jpg,005100
1,Right,20,0.5280822515487671,0.3983846604824066,0.0147647550329566,1013,430,artificial_jewellery,video_20260404_120254,frame_005100.jpg,005100
0,Left,0,0.7105570435523987,0.5235465168952942,-2.008377038009712e-07,1364,565,artificial_jewellery,video_20260404_120254,frame_005130.jpg,005130
0,Left,1,0.676776111125946,0.5257421135902405,-0.05614195764064789,1299,567,artificial_jewellery,video_20260404_120254,frame_005130.jpg,005130
0,Left,2,0.6460289359092712,0.4772348999977112,-0.07719503343105316,1240,515,artificial_jewellery,video_20260404_120254,frame_005130.jpg,005130
0,Left,3,0.617997407913208,0.4160398840904236,-0.08467645198106766,1186,449,artificial_jewellery,video_20260404_120254,frame_005130.jpg,005130
0,Left,4,0.591093897819519,0.37324509024620056,-0.08779175579547882,1134,403,artificial_jewellery,video_20260404_120254,frame_005130.jpg,005130
0,Left,5,0.6967760920524597,0.36965325474739075,-0.06588956713676453,1337,399,artificial_jewellery,video_20260404_120254,frame_005130.jpg,005130
0,Left,6,0.644362211227417,0.30122610926628113,-0.0812099501490593,1237,325,artificial_jewellery,video_20260404_120254,frame_005130.jpg,005130
0,Left,7,0.6061424612998962,0.31292542815208435,-0.08698946237564087,1163,337,artificial_jewellery,video_20260404_120254,frame_005130.jpg,005130
0,Left,8,0.5801961421966553,0.3328888714313507,-0.0880882665514946,1113,359,artificial_jewellery,video_20260404_120254,frame_005130.jpg,005130
0,Left,9,0.7036592960357666,0.3436442017555237,-0.037365492433309555,1351,371,artificial_jewellery,video_20260404_120254,frame_005130.jpg,005130
0,Left,10,0.6568907499313354,0.25905776023864746,-0.054977867752313614,1261,279,artificial_jewellery,video_20260404_120254,frame_005130.jpg,005130
0,Left,11,0.6167374849319458,0.28216037154197693,-0.06020819768309593,1184,304,artificial_jewellery,video_20260404_120254,frame_005130.jpg,005130
0,Left,12,0.5918633937835693,0.3202257752418518,-0.06018811836838722,1136,345,artificial_jewellery,video_20260404_120254,frame_005130.jpg,005130
0,Left,13,0.6996399164199829,0.33861804008483887,-0.011180464178323746,1343,365,artificial_jewellery,video_20260404_120254,frame_005130.jpg,005130
0,Left,14,0.6618737578392029,0.27047818899154663,-0.027199771255254745,1270,292,artificial_jewellery,video_20260404_120254,frame_005130.jpg,005130
0,Left,15,0.6284569501876831,0.2932988703250885,-0.03558223694562912,1206,316,artificial_jewellery,video_20260404_120254,frame_005130.jpg,005130
0,Left,16,0.6073380708694458,0.3215077519416809,-0.03743908181786537,1166,347,artificial_jewellery,video_20260404_120254,frame_005130.jpg,005130
0,Left,17,0.6924726366996765,0.3416252136230469,0.011729740537703037,1329,368,artificial_jewellery,video_20260404_120254,frame_005130.jpg,005130
0,Left,18,0.6675155162811279,0.2932058870792389,-0.0024089482612907887,1281,316,artificial_jewellery,video_20260404_120254,frame_005130.jpg,005130
0,Left,19,0.6427434086799622,0.2996044456958771,-0.012203161604702473,1234,323,artificial_jewellery,video_20260404_120254,frame_005130.jpg,005130
0,Left,20,0.624582827091217,0.31353843212127686,-0.01652281917631626,1199,338,artificial_jewellery,video_20260404_120254,frame_005130.jpg,005130
1,Right,0,0.4480898082256317,0.5256297588348389,3.548986455825798e-07,860,567,artificial_jewellery,video_20260404_120254,frame_005130.jpg,005130
1,Right,1,0.4692055881023407,0.49775782227516174,-0.04191131517291069,900,537,artificial_jewellery,video_20260404_120254,frame_005130.jpg,005130
1,Right,2,0.49490514397621155,0.44757312536239624,-0.05390533059835434,950,483,artificial_jewellery,video_20260404_120254,frame_005130.jpg,005130
1,Right,3,0.5277850031852722,0.4012095630168915,-0.05674809217453003,1013,433,artificial_jewellery,video_20260404_120254,frame_005130.jpg,005130
1,Right,4,0.5590951442718506,0.36624282598495483,-0.05691530555486679,1073,395,artificial_jewellery,video_20260404_120254,frame_005130.jpg,005130
1,Right,5,0.471545547246933,0.35033974051475525,-0.024860363453626633,905,378,artificial_jewellery,video_20260404_120254,frame_005130.jpg,005130
1,Right,6,0.516185998916626,0.312202513217926,-0.03427540883421898,991,337,artificial_jewellery,video_20260404_120254,frame_005130.jpg,005130
1,Right,7,0.550240695476532,0.3124423325061798,-0.04566214978694916,1056,337,artificial_jewellery,video_20260404_120254,frame_005130.jpg,005130
1,Right,8,0.5761396288871765,0.32318738102912903,-0.053556837141513824,1106,349,artificial_jewellery,video_20260404_120254,frame_005130.jpg,005130
1,Right,9,0.48189836740493774,0.3539811670780182,-0.003242871956899762,925,382,artificial_jewellery,video_20260404_120254,frame_005130.jpg,005130
1,Right,10,0.5233063697814941,0.31591397523880005,-0.00987695436924696,1004,341,artificial_jewellery,video_20260404_120254,frame_005130.jpg,005130
1,Right,11,0.5546461939811707,0.3206745684146881,-0.020413372665643692,1064,346,artificial_jewellery,video_20260404_120254,frame_005130.jpg,005130
1,Right,12,0.5806982517242432,0.32803118228912354,-0.028797021135687828,1114,354,artificial_jewellery,video_20260404_120254,frame_005130.jpg,005130
1,Right,13,0.4939493238925934,0.3689687252044678,0.014665168710052967,948,398,artificial_jewellery,video_20260404_120254,frame_005130.jpg,005130
1,Right,14,0.5301556587219238,0.33576586842536926,0.006483867764472961,1017,362,artificial_jewellery,video_20260404_120254,frame_005130.jpg,005130
1,Right,15,0.5561516284942627,0.3378060758113861,-0.004910740070044994,1067,364,artificial_jewellery,video_20260404_120254,frame_005130.jpg,005130
1,Right,16,0.5783517956733704,0.34725189208984375,-0.012905467301607132,1110,375,artificial_jewellery,video_20260404_120254,frame_005130.jpg,005130
1,Right,17,0.5038657784461975,0.3872739374637604,0.029504986479878426,967,418,artificial_jewellery,video_20260404_120254,frame_005130.jpg,005130
1,Right,18,0.5329914093017578,0.3628818988800049,0.020344730466604233,1023,391,artificial_jewellery,video_20260404_120254,frame_005130.jpg,005130
1,Right,19,0.5525692105293274,0.364859402179718,0.01203042920678854,1060,394,artificial_jewellery,video_20260404_120254,frame_005130.jpg,005130
1,Right,20,0.5693889260292053,0.37303388118743896,0.007115349639207125,1093,402,artificial_jewellery,video_20260404_120254,frame_005130.jpg,005130
0,Right,0,0.44050025939941406,0.562710702419281,3.965539576711308e-07,845,607,artificial_jewellery,video_20260404_120254,frame_005160.jpg,005160
0,Right,1,0.4693848490715027,0.5259418487548828,-0.04446965083479881,901,568,artificial_jewellery,video_20260404_120254,frame_005160.jpg,005160
0,Right,2,0.49886229634284973,0.4635958969593048,-0.052583999931812286,957,500,artificial_jewellery,video_20260404_120254,frame_005160.jpg,005160
0,Right,3,0.5320262908935547,0.4146888852119446,-0.049738943576812744,1021,447,artificial_jewellery,video_20260404_120254,frame_005160.jpg,005160
0,Right,4,0.5561295747756958,0.3690224289894104,-0.04331493377685547,1067,398,artificial_jewellery,video_20260404_120254,frame_005160.jpg,005160
0,Right,5,0.45280686020851135,0.36256495118141174,-0.022386867552995682,869,391,artificial_jewellery,video_20260404_120254,frame_005160.jpg,005160
0,Right,6,0.49950313568115234,0.31000587344169617,-0.025544047355651855,959,334,artificial_jewellery,video_20260404_120254,frame_005160.jpg,005160
0,Right,7,0.5361818671226501,0.31131502985954285,-0.03242708742618561,1029,336,artificial_jewellery,video_20260404_120254,frame_005160.jpg,005160
0,Right,8,0.5624412894248962,0.3249339163303375,-0.03659866377711296,1079,350,artificial_jewellery,video_20260404_120254,frame_005160.jpg,005160
0,Right,9,0.45481884479522705,0.3733299672603607,0.0044049653224647045,873,403,artificial_jewellery,video_20260404_120254,frame_005160.jpg,005160
0,Right,10,0.5006703734397888,0.32852867245674133,0.003246283857151866,961,354,artificial_jewellery,video_20260404_120254,frame_005160.jpg,005160
0,Right,11,0.5352326035499573,0.33550888299942017,-0.004924520384520292,1027,362,artificial_jewellery,video_20260404_120254,frame_005160.jpg,005160
0,Right,12,0.5594766736030579,0.3558819591999054,-0.010909882374107838,1074,384,artificial_jewellery,video_20260404_120254,frame_005160.jpg,005160
0,Right,13,0.4607142210006714,0.3945809602737427,0.027463413774967194,884,426,artificial_jewellery,video_20260404_120254,frame_005160.jpg,005160
0,Right,14,0.5015066862106323,0.3602170944213867,0.02415904588997364,962,389,artificial_jewellery,video_20260404_120254,frame_005160.jpg,005160
0,Right,15,0.5306447744369507,0.36349719762802124,0.01109125092625618,1018,392,artificial_jewellery,video_20260404_120254,frame_005160.jpg,005160
0,Right,16,0.5519741177558899,0.3813992738723755,0.002500174567103386,1059,411,artificial_jewellery,video_20260404_120254,frame_005160.jpg,005160
0,Right,17,0.4689129590988159,0.41500237584114075,0.04734059423208237,900,448,artificial_jewellery,video_20260404_120254,frame_005160.jpg,005160
0,Right,18,0.5008236169815063,0.39201244711875916,0.03925177827477455,961,423,artificial_jewellery,video_20260404_120254,frame_005160.jpg,005160
0,Right,19,0.5224012732505798,0.39379650354385376,0.02758084237575531,1003,425,artificial_jewellery,video_20260404_120254,frame_005160.jpg,005160
0,Right,20,0.5400441288948059,0.4067671000957489,0.021013017743825912,1036,439,artificial_jewellery,video_20260404_120254,frame_005160.jpg,005160
1,Left,0,0.7160509824752808,0.5136101245880127,-3.1492791663367825e-07,1374,554,artificial_jewellery,video_20260404_120254,frame_005160.jpg,005160
1,Left,1,0.6824509501457214,0.5362046957015991,-0.049004409462213516,1310,579,artificial_jewellery,video_20260404_120254,frame_005160.jpg,005160
1,Left,2,0.6489788889884949,0.48958757519721985,-0.06257373094558716,1246,528,artificial_jewellery,video_20260404_120254,frame_005160.jpg,005160
1,Left,3,0.6197400093078613,0.4333435893058777,-0.06426478177309036,1189,468,artificial_jewellery,video_20260404_120254,frame_005160.jpg,005160
1,Left,4,0.5976133346557617,0.3869148790836334,-0.06186654046177864,1147,417,artificial_jewellery,video_20260404_120254,frame_005160.jpg,005160
1,Left,5,0.6461979150772095,0.3783308267593384,-0.045127857476472855,1240,408,artificial_jewellery,video_20260404_120254,frame_005160.jpg,005160
1,Left,6,0.5889321565628052,0.3784562647342682,-0.05226900056004524,1130,408,artificial_jewellery,video_20260404_120254,frame_005160.jpg,005160
1,Left,7,0.5826537013053894,0.42913421988487244,-0.050350625067949295,1118,463,artificial_jewellery,video_20260404_120254,frame_005160.jpg,005160
1,Left,8,0.5950075387954712,0.46440619230270386,-0.04604819789528847,1142,501,artificial_jewellery,video_20260404_120254,frame_005160.jpg,005160
1,Left,9,0.6580989360809326,0.35936439037323,-0.017392918467521667,1263,388,artificial_jewellery,video_20260404_120254,frame_005160.jpg,005160
1,Left,10,0.6037029027938843,0.3791605234146118,-0.026609718799591064,1159,409,artificial_jewellery,video_20260404_120254,frame_005160.jpg,005160
1,Left,11,0.5982984900474548,0.4337846040725708,-0.027724720537662506,1148,468,artificial_jewellery,video_20260404_120254,frame_005160.jpg,005160
1,Left,12,0.6066603064537048,0.4652613699436188,-0.025643737986683846,1164,502,artificial_jewellery,video_20260404_120254,frame_005160.jpg,005160
1,Left,13,0.664678156375885,0.35990992188453674,0.00788638461381197,1276,388,artificial_jewellery,video_20260404_120254,frame_005160.jpg,005160
1,Left,14,0.618755578994751,0.389818400144577,-0.005712832324206829,1188,421,artificial_jewellery,video_20260404_120254,frame_005160.jpg,005160
1,Left,15,0.6162556409835815,0.4395439624786377,-0.009204832836985588,1183,474,artificial_jewellery,video_20260404_120254,frame_005160.jpg,005160
1,Left,16,0.6269683837890625,0.4658810496330261,-0.007663761731237173,1203,503,artificial_jewellery,video_20260404_120254,frame_005160.jpg,005160
1,Left,17,0.6646621227264404,0.3664079010486603,0.030635178089141846,1276,395,artificial_jewellery,video_20260404_120254,frame_005160.jpg,005160
1,Left,18,0.6263570189476013,0.38973867893218994,0.015521270222961903,1202,420,artificial_jewellery,video_20260404_120254,frame_005160.jpg,005160
1,Left,19,0.6258788108825684,0.42731496691703796,0.010348544456064701,1201,461,artificial_jewellery,video_20260404_120254,frame_005160.jpg,005160
1,Left,20,0.6372030973434448,0.4473916292190552,0.011461414396762848,1223,483,artificial_jewellery,video_20260404_120254,frame_005160.jpg,005160
0,Left,0,0.7256675362586975,0.5498368740081787,-3.4728455489130283e-07,1393,593,artificial_jewellery,video_20260404_120254,frame_005220.jpg,005220
0,Left,1,0.6790938973426819,0.5590317249298096,-0.02144419401884079,1303,603,artificial_jewellery,video_20260404_120254,frame_005220.jpg,005220
0,Left,2,0.6462321877479553,0.5104234218597412,-0.032346729189157486,1240,551,artificial_jewellery,video_20260404_120254,frame_005220.jpg,005220
0,Left,3,0.6236709356307983,0.4413502812385559,-0.037969790399074554,1197,476,artificial_jewellery,video_20260404_120254,frame_005220.jpg,005220
0,Left,4,0.5990155935287476,0.419538289308548,-0.04014262184500694,1150,453,artificial_jewellery,video_20260404_120254,frame_005220.jpg,005220
0,Left,5,0.6837884783744812,0.4275190532207489,-0.044219937175512314,1312,461,artificial_jewellery,video_20260404_120254,frame_005220.jpg,005220
0,Left,6,0.6342614889144897,0.3383091688156128,-0.05301569774746895,1217,365,artificial_jewellery,video_20260404_120254,frame_005220.jpg,005220
0,Left,7,0.6135157346725464,0.3608894348144531,-0.048666778951883316,1177,389,artificial_jewellery,video_20260404_120254,frame_005220.jpg,005220
0,Left,8,0.6135748624801636,0.38803964853286743,-0.04307102784514427,1178,419,artificial_jewellery,video_20260404_120254,frame_005220.jpg,005220
0,Left,9,0.7026570439338684,0.3877597749233246,-0.03455594182014465,1349,418,artificial_jewellery,video_20260404_120254,frame_005220.jpg,005220
0,Left,10,0.6468181610107422,0.30368945002555847,-0.04582582786679268,1241,327,artificial_jewellery,video_20260404_120254,frame_005220.jpg,005220
0,Left,11,0.6267671585083008,0.34029850363731384,-0.03791598975658417,1203,367,artificial_jewellery,video_20260404_120254,frame_005220.jpg,005220
0,Left,12,0.6316211819648743,0.36764413118362427,-0.029911240562796593,1212,397,artificial_jewellery,video_20260404_120254,frame_005220.jpg,005220
0,Left,13,0.7141520977020264,0.3655715882778168,-0.024595405906438828,1371,394,artificial_jewellery,video_20260404_120254,frame_005220.jpg,005220
0,Left,14,0.666060745716095,0.2735264301300049,-0.03559231013059616,1278,295,artificial_jewellery,video_20260404_120254,frame_005220.jpg,005220
0,Left,15,0.6466863751411438,0.3063652515411377,-0.02739636041224003,1241,330,artificial_jewellery,video_20260404_120254,frame_005220.jpg,005220
0,Left,16,0.6493942737579346,0.33822113275527954,-0.01872694492340088,1246,365,artificial_jewellery,video_20260404_120254,frame_005220.jpg,005220
0,Left,17,0.720291256904602,0.35732904076576233,-0.015511884354054928,1382,385,artificial_jewellery,video_20260404_120254,frame_005220.jpg,005220
0,Left,18,0.6885724663734436,0.27739590406417847,-0.022240282967686653,1322,299,artificial_jewellery,video_20260404_120254,frame_005220.jpg,005220
0,Left,19,0.6714887619018555,0.29057076573371887,-0.01828181929886341,1289,313,artificial_jewellery,video_20260404_120254,frame_005220.jpg,005220
0,Left,20,0.6708739399909973,0.3170872926712036,-0.013257903046905994,1288,342,artificial_jewellery,video_20260404_120254,frame_005220.jpg,005220
0,Left,0,0.750246524810791,0.5413037538528442,-3.95764459426573e-07,1440,584,artificial_jewellery,video_20260404_120254,frame_005250.jpg,005250
0,Left,1,0.6985428333282471,0.5369888544082642,-0.01738792285323143,1341,579,artificial_jewellery,video_20260404_120254,frame_005250.jpg,005250
0,Left,2,0.660304069519043,0.4957989752292633,-0.030248915776610374,1267,535,artificial_jewellery,video_20260404_120254,frame_005250.jpg,005250
0,Left,3,0.6248940229415894,0.4494755268096924,-0.038283273577690125,1199,485,artificial_jewellery,video_20260404_120254,frame_005250.jpg,005250
0,Left,4,0.5902939438819885,0.4336225390434265,-0.04338980093598366,1133,468,artificial_jewellery,video_20260404_120254,frame_005250.jpg,005250
0,Left,5,0.6893177628517151,0.41829198598861694,-0.04607388377189636,1323,451,artificial_jewellery,video_20260404_120254,frame_005250.jpg,005250
0,Left,6,0.6271597146987915,0.35590553283691406,-0.05480850860476494,1204,384,artificial_jewellery,video_20260404_120254,frame_005250.jpg,005250
0,Left,7,0.6298314332962036,0.39939484000205994,-0.052202437072992325,1209,431,artificial_jewellery,video_20260404_120254,frame_005250.jpg,005250
0,Left,8,0.6476889252662659,0.4250728189945221,-0.04908815026283264,1243,459,artificial_jewellery,video_20260404_120254,frame_005250.jpg,005250
0,Left,9,0.7107528448104858,0.3771524727344513,-0.03769538179039955,1364,407,artificial_jewellery,video_20260404_120254,frame_005250.jpg,005250
0,Left,10,0.6437200903892517,0.31704649329185486,-0.04822111129760742,1235,342,artificial_jewellery,video_20260404_120254,frame_005250.jpg,005250
0,Left,11,0.6431503295898438,0.3634268343448639,-0.04292544350028038,1234,392,artificial_jewellery,video_20260404_120254,frame_005250.jpg,005250
0,Left,12,0.659112811088562,0.3872585892677307,-0.03886422514915466,1265,418,artificial_jewellery,video_20260404_120254,frame_005250.jpg,005250
0,Left,13,0.7260497808456421,0.35582053661346436,-0.027304133400321007,1394,384,artificial_jewellery,video_20260404_120254,frame_005250.jpg,005250
0,Left,14,0.6654781699180603,0.30205243825912476,-0.03477385267615318,1277,326,artificial_jewellery,video_20260404_120254,frame_005250.jpg,005250
0,Left,15,0.6626927852630615,0.3423076272010803,-0.024866262450814247,1272,369,artificial_jewellery,video_20260404_120254,frame_005250.jpg,005250
0,Left,16,0.6778512001037598,0.3660265803337097,-0.017887234687805176,1301,395,artificial_jewellery,video_20260404_120254,frame_005250.jpg,005250
0,Left,17,0.7340932488441467,0.34672456979751587,-0.017251258715987206,1409,374,artificial_jewellery,video_20260404_120254,frame_005250.jpg,005250
0,Left,18,0.6865837574005127,0.3064350485801697,-0.02239702083170414,1318,330,artificial_jewellery,video_20260404_120254,frame_005250.jpg,005250
0,Left,19,0.6814937591552734,0.3357585370540619,-0.016210967674851418,1308,362,artificial_jewellery,video_20260404_120254,frame_005250.jpg,005250
0,Left,20,0.694503903388977,0.3582283854484558,-0.010896405205130577,1333,386,artificial_jewellery,video_20260404_120254,frame_005250.jpg,005250
1,Right,0,0.44103312492370605,0.5769026279449463,1.5491460203520546e-07,846,623,artificial_jewellery,video_20260404_120254,frame_005250.jpg,005250
1,Right,1,0.4754377007484436,0.5386546850204468,-0.0436461977660656,912,581,artificial_jewellery,video_20260404_120254,frame_005250.jpg,005250
1,Right,2,0.5084413886070251,0.4861403703689575,-0.051264628767967224,976,525,artificial_jewellery,video_20260404_120254,frame_005250.jpg,005250
1,Right,3,0.544897198677063,0.443594366312027,-0.04896380752325058,1046,479,artificial_jewellery,video_20260404_120254,frame_005250.jpg,005250
1,Right,4,0.5719484090805054,0.41084516048431396,-0.04280151426792145,1098,443,artificial_jewellery,video_20260404_120254,frame_005250.jpg,005250
1,Right,5,0.47247886657714844,0.37168729305267334,-0.018778767436742783,907,401,artificial_jewellery,video_20260404_120254,frame_005250.jpg,005250
1,Right,6,0.5265636444091797,0.343231201171875,-0.025438740849494934,1011,370,artificial_jewellery,video_20260404_120254,frame_005250.jpg,005250
1,Right,7,0.5560893416404724,0.36708158254623413,-0.033025648444890976,1067,396,artificial_jewellery,video_20260404_120254,frame_005250.jpg,005250
1,Right,8,0.5710409283638,0.4020831882953644,-0.035754088312387466,1096,434,artificial_jewellery,video_20260404_120254,frame_005250.jpg,005250
1,Right,9,0.4756169021129608,0.38611048460006714,0.007173299789428711,913,416,artificial_jewellery,video_20260404_120254,frame_005250.jpg,005250
1,Right,10,0.5325245261192322,0.37621378898620605,-0.0018877317197620869,1022,406,artificial_jewellery,video_20260404_120254,frame_005250.jpg,005250
1,Right,11,0.5555143356323242,0.42009928822517395,-0.013985670171678066,1066,453,artificial_jewellery,video_20260404_120254,frame_005250.jpg,005250
1,Right,12,0.5625075697898865,0.4671485722064972,-0.018957039341330528,1080,504,artificial_jewellery,video_20260404_120254,frame_005250.jpg,005250
1,Right,13,0.48191332817077637,0.4115322530269623,0.02935662679374218,925,444,artificial_jewellery,video_20260404_120254,frame_005250.jpg,005250
1,Right,14,0.5335630774497986,0.4122389554977417,0.016761472448706627,1024,445,artificial_jewellery,video_20260404_120254,frame_005250.jpg,005250
1,Right,15,0.5514315962791443,0.44670045375823975,-0.0005140966968610883,1058,482,artificial_jewellery,video_20260404_120254,frame_005250.jpg,005250
1,Right,16,0.5561196804046631,0.4899400770664215,-0.007242133375257254,1067,529,artificial_jewellery,video_20260404_120254,frame_005250.jpg,005250
1,Right,17,0.48736903071403503,0.4364625811576843,0.04914040490984917,935,471,artificial_jewellery,video_20260404_120254,frame_005250.jpg,005250
1,Right,18,0.5249906778335571,0.44136321544647217,0.0355740487575531,1007,476,artificial_jewellery,video_20260404_120254,frame_005250.jpg,005250
1,Right,19,0.5396760702133179,0.4643138647079468,0.021718749776482582,1036,501,artificial_jewellery,video_20260404_120254,frame_005250.jpg,005250
1,Right,20,0.545286238193512,0.49804624915122986,0.016549739986658096,1046,537,artificial_jewellery,video_20260404_120254,frame_005250.jpg,005250
0,Left,0,0.7139769196510315,0.5491127371788025,-3.718808159192122e-07,1370,593,artificial_jewellery,video_20260404_120254,frame_005280.jpg,005280
0,Left,1,0.6691165566444397,0.5570594072341919,-0.022294949740171432,1284,601,artificial_jewellery,video_20260404_120254,frame_005280.jpg,005280
0,Left,2,0.6419525742530823,0.5093557834625244,-0.03290915489196777,1232,550,artificial_jewellery,video_20260404_120254,frame_005280.jpg,005280
0,Left,3,0.6259332895278931,0.44284290075302124,-0.03815628960728645,1201,478,artificial_jewellery,video_20260404_120254,frame_005280.jpg,005280
0,Left,4,0.6071586012840271,0.4114946126937866,-0.04005582258105278,1165,444,artificial_jewellery,video_20260404_120254,frame_005280.jpg,005280
0,Left,5,0.6839112639427185,0.4239925742149353,-0.04481213539838791,1313,457,artificial_jewellery,video_20260404_120254,frame_005280.jpg,005280
0,Left,6,0.6362472772598267,0.3322092294692993,-0.05321183800697327,1221,358,artificial_jewellery,video_20260404_120254,frame_005280.jpg,005280
0,Left,7,0.622339129447937,0.37255844473838806,-0.049241457134485245,1194,402,artificial_jewellery,video_20260404_120254,frame_005280.jpg,005280
0,Left,8,0.6308814287185669,0.40326327085494995,-0.04476911202073097,1211,435,artificial_jewellery,video_20260404_120254,frame_005280.jpg,005280
0,Left,9,0.7020233869552612,0.389688640832901,-0.03461170941591263,1347,420,artificial_jewellery,video_20260404_120254,frame_005280.jpg,005280
0,Left,10,0.6518861055374146,0.30058741569519043,-0.04824339598417282,1251,324,artificial_jewellery,video_20260404_120254,frame_005280.jpg,005280
0,Left,11,0.6355161070823669,0.3500001132488251,-0.04238929599523544,1220,378,artificial_jewellery,video_20260404_120254,frame_005280.jpg,005280
0,Left,12,0.644375741481781,0.3816215395927429,-0.03523021191358566,1237,412,artificial_jewellery,video_20260404_120254,frame_005280.jpg,005280
0,Left,13,0.7112444043159485,0.37155500054359436,-0.023824568837881088,1365,401,artificial_jewellery,video_20260404_120254,frame_005280.jpg,005280
0,Left,14,0.668170154094696,0.28377339243888855,-0.034155867993831635,1282,306,artificial_jewellery,video_20260404_120254,frame_005280.jpg,005280
0,Left,15,0.6533054709434509,0.32582423090934753,-0.025596879422664642,1254,351,artificial_jewellery,video_20260404_120254,frame_005280.jpg,005280
0,Left,16,0.6607971787452698,0.35676831007003784,-0.017066843807697296,1268,385,artificial_jewellery,video_20260404_120254,frame_005280.jpg,005280
0,Left,17,0.7137448191642761,0.3653661906719208,-0.014135967008769512,1370,394,artificial_jewellery,video_20260404_120254,frame_005280.jpg,005280
0,Left,18,0.6832667589187622,0.2941077649593353,-0.02037099562585354,1311,317,artificial_jewellery,video_20260404_120254,frame_005280.jpg,005280
0,Left,19,0.6712605357170105,0.3148120939731598,-0.016452988609671593,1288,339,artificial_jewellery,video_20260404_120254,frame_005280.jpg,005280
0,Left,20,0.6774718165397644,0.341101735830307,-0.011587684042751789,1300,368,artificial_jewellery,video_20260404_120254,frame_005280.jpg,005280
1,Right,0,0.44985437393188477,0.5783678889274597,4.0790263255985337e-07,863,624,artificial_jewellery,video_20260404_120254,frame_005280.jpg,005280
1,Right,1,0.48124101758003235,0.5471745729446411,-0.048396117985248566,923,590,artificial_jewellery,video_20260404_120254,frame_005280.jpg,005280
1,Right,2,0.5111165046691895,0.4860874116420746,-0.06024368479847908,981,524,artificial_jewellery,video_20260404_120254,frame_005280.jpg,005280
1,Right,3,0.5471267104148865,0.4387408494949341,-0.059944115579128265,1050,473,artificial_jewellery,video_20260404_120254,frame_005280.jpg,005280
1,Right,4,0.5759601593017578,0.40253081917762756,-0.05659622326493263,1105,434,artificial_jewellery,video_20260404_120254,frame_005280.jpg,005280
1,Right,5,0.45972204208374023,0.3843851089477539,-0.03577054664492607,882,415,artificial_jewellery,video_20260404_120254,frame_005280.jpg,005280
1,Right,6,0.5175942778587341,0.3491770327091217,-0.045180123299360275,993,377,artificial_jewellery,video_20260404_120254,frame_005280.jpg,005280
1,Right,7,0.558600664138794,0.3504972457885742,-0.0539839081466198,1072,378,artificial_jewellery,video_20260404_120254,frame_005280.jpg,005280
1,Right,8,0.5894532203674316,0.36007463932037354,-0.05869394168257713,1131,388,artificial_jewellery,video_20260404_120254,frame_005280.jpg,005280
1,Right,9,0.4597623944282532,0.3877538740634918,-0.008078784681856632,882,418,artificial_jewellery,video_20260404_120254,frame_005280.jpg,005280
1,Right,10,0.5160871744155884,0.3620207905769348,-0.017175043001770973,990,390,artificial_jewellery,video_20260404_120254,frame_005280.jpg,005280
1,Right,11,0.5465205907821655,0.38923168182373047,-0.0238882414996624,1049,420,artificial_jewellery,video_20260404_120254,frame_005280.jpg,005280
1,Right,12,0.5647671818733215,0.42083919048309326,-0.026207663118839264,1084,454,artificial_jewellery,video_20260404_120254,frame_005280.jpg,005280
1,Right,13,0.46471211314201355,0.40289661288261414,0.01618592068552971,892,435,artificial_jewellery,video_20260404_120254,frame_005280.jpg,005280
1,Right,14,0.5157566666603088,0.39106738567352295,0.003819627221673727,990,422,artificial_jewellery,video_20260404_120254,frame_005280.jpg,005280
1,Right,15,0.5372476577758789,0.4191427528858185,-0.005626709666103125,1031,452,artificial_jewellery,video_20260404_120254,frame_005280.jpg,005280
1,Right,16,0.5497273206710815,0.44875219464302063,-0.007776173297315836,1055,484,artificial_jewellery,video_20260404_120254,frame_005280.jpg,005280
1,Right,17,0.472234845161438,0.4192213714122772,0.03730020672082901,906,452,artificial_jewellery,video_20260404_120254,frame_005280.jpg,005280
1,Right,18,0.5110923647880554,0.41479042172431946,0.022715570405125618,981,447,artificial_jewellery,video_20260404_120254,frame_005280.jpg,005280
1,Right,19,0.5295822024345398,0.43335556983947754,0.01304777804762125,1016,468,artificial_jewellery,video_20260404_120254,frame_005280.jpg,005280
1,Right,20,0.5410318970680237,0.45391935110092163,0.010923536494374275,1038,490,artificial_jewellery,video_20260404_120254,frame_005280.jpg,005280
0,Right,0,0.4394873380661011,0.5704530477523804,2.0580331749897596e-07,843,616,artificial_jewellery,video_20260404_120254,frame_005340.jpg,005340
0,Right,1,0.4646056294441223,0.5412843227386475,-0.05480065941810608,892,584,artificial_jewellery,video_20260404_120254,frame_005340.jpg,005340
0,Right,2,0.4962525963783264,0.48689666390419006,-0.06828911602497101,952,525,artificial_jewellery,video_20260404_120254,frame_005340.jpg,005340
0,Right,3,0.5369771718978882,0.43949177861213684,-0.07022462785243988,1030,474,artificial_jewellery,video_20260404_120254,frame_005340.jpg,005340
0,Right,4,0.5746222138404846,0.41147443652153015,-0.06898602098226547,1103,444,artificial_jewellery,video_20260404_120254,frame_005340.jpg,005340
0,Right,5,0.47111383080482483,0.3704962432384491,-0.03428018465638161,904,400,artificial_jewellery,video_20260404_120254,frame_005340.jpg,005340
0,Right,6,0.5306431651115417,0.3428462743759155,-0.04765701666474342,1018,370,artificial_jewellery,video_20260404_120254,frame_005340.jpg,005340
0,Right,7,0.5646036863327026,0.3658994138240814,-0.05938652157783508,1084,395,artificial_jewellery,video_20260404_120254,frame_005340.jpg,005340
0,Right,8,0.5875605940818787,0.39923354983329773,-0.06528031826019287,1128,431,artificial_jewellery,video_20260404_120254,frame_005340.jpg,005340
0,Right,9,0.4836021065711975,0.38411813974380493,-0.005045633297413588,928,414,artificial_jewellery,video_20260404_120254,frame_005340.jpg,005340
0,Right,10,0.5402801632881165,0.3782860338687897,-0.022606058046221733,1037,408,artificial_jewellery,video_20260404_120254,frame_005340.jpg,005340
0,Right,11,0.5656834840774536,0.42340224981307983,-0.03951486200094223,1086,457,artificial_jewellery,video_20260404_120254,frame_005340.jpg,005340
0,Right,12,0.580705463886261,0.46834802627563477,-0.047408390790224075,1114,505,artificial_jewellery,video_20260404_120254,frame_005340.jpg,005340
0,Right,13,0.49600979685783386,0.4073733985424042,0.019873829558491707,952,439,artificial_jewellery,video_20260404_120254,frame_005340.jpg,005340
0,Right,14,0.5437090992927551,0.412444531917572,-0.0010160253150388598,1043,445,artificial_jewellery,video_20260404_120254,frame_005340.jpg,005340
0,Right,15,0.5594456195831299,0.446802020072937,-0.023053614422678947,1074,482,artificial_jewellery,video_20260404_120254,frame_005340.jpg,005340
0,Right,16,0.5662375688552856,0.48711279034614563,-0.032138243317604065,1087,526,artificial_jewellery,video_20260404_120254,frame_005340.jpg,005340
0,Right,17,0.5049999356269836,0.42947104573249817,0.04184763878583908,969,463,artificial_jewellery,video_20260404_120254,frame_005340.jpg,005340
0,Right,18,0.5384045839309692,0.4372625946998596,0.021725039929151535,1033,472,artificial_jewellery,video_20260404_120254,frame_005340.jpg,005340
0,Right,19,0.5533426403999329,0.4602797329425812,0.003874324494972825,1062,497,artificial_jewellery,video_20260404_120254,frame_005340.jpg,005340
0,Right,20,0.561536967754364,0.49181145429611206,-0.0036691136192530394,1078,531,artificial_jewellery,video_20260404_120254,frame_005340.jpg,005340
1,Left,0,0.723070502281189,0.5434010028839111,-3.556529577508627e-07,1388,586,artificial_jewellery,video_20260404_120254,frame_005340.jpg,005340
1,Left,1,0.6818444728851318,0.5459545850753784,-0.015143568627536297,1309,589,artificial_jewellery,video_20260404_120254,frame_005340.jpg,005340
1,Left,2,0.6527159810066223,0.5035817623138428,-0.023784544318914413,1253,543,artificial_jewellery,video_20260404_120254,frame_005340.jpg,005340
1,Left,3,0.6329629421234131,0.44774582982063293,-0.02720785140991211,1215,483,artificial_jewellery,video_20260404_120254,frame_005340.jpg,005340
1,Left,4,0.6106272339820862,0.4268496334552765,-0.0278762336820364,1172,460,artificial_jewellery,video_20260404_120254,frame_005340.jpg,005340
1,Left,5,0.686018168926239,0.4285968840122223,-0.049387093633413315,1317,462,artificial_jewellery,video_20260404_120254,frame_005340.jpg,005340
1,Left,6,0.6390548944473267,0.35005897283554077,-0.05641956254839897,1226,378,artificial_jewellery,video_20260404_120254,frame_005340.jpg,005340
1,Left,7,0.6181828379631042,0.3567512333393097,-0.04851411283016205,1186,385,artificial_jewellery,video_20260404_120254,frame_005340.jpg,005340
1,Left,8,0.6127859950065613,0.3712815046310425,-0.04035048931837082,1176,400,artificial_jewellery,video_20260404_120254,frame_005340.jpg,005340
1,Left,9,0.7068079710006714,0.3902038633823395,-0.04112286493182182,1357,421,artificial_jewellery,video_20260404_120254,frame_005340.jpg,005340
1,Left,10,0.6532475352287292,0.31000036001205444,-0.051615215837955475,1254,334,artificial_jewellery,video_20260404_120254,frame_005340.jpg,005340
1,Left,11,0.6330430507659912,0.3364504277706146,-0.04016798362135887,1215,363,artificial_jewellery,video_20260404_120254,frame_005340.jpg,005340
1,Left,12,0.634669303894043,0.3609136939048767,-0.029298126697540283,1218,389,artificial_jewellery,video_20260404_120254,frame_005340.jpg,005340
1,Left,13,0.7205005288124084,0.36855411529541016,-0.03097342886030674,1383,398,artificial_jewellery,video_20260404_120254,frame_005340.jpg,005340
1,Left,14,0.67447429895401,0.28132402896881104,-0.04064271226525307,1294,303,artificial_jewellery,video_20260404_120254,frame_005340.jpg,005340
1,Left,15,0.6551175713539124,0.30470016598701477,-0.029704757034778595,1257,329,artificial_jewellery,video_20260404_120254,frame_005340.jpg,005340
1,Left,16,0.654801607131958,0.33342695236206055,-0.01862788386642933,1257,360,artificial_jewellery,video_20260404_120254,frame_005340.jpg,005340
1,Left,17,0.7281827926635742,0.3614533245563507,-0.020895930007100105,1398,390,artificial_jewellery,video_20260404_120254,frame_005340.jpg,005340
1,Left,18,0.6984648108482361,0.28197842836380005,-0.02648507058620453,1341,304,artificial_jewellery,video_20260404_120254,frame_005340.jpg,005340
1,Left,19,0.678695023059845,0.28145596385002136,-0.02123338356614113,1303,303,artificial_jewellery,video_20260404_120254,frame_005340.jpg,005340
1,Left,20,0.6727977991104126,0.2982356548309326,-0.01476153451949358,1291,322,artificial_jewellery,video_20260404_120254,frame_005340.jpg,005340
0,Left,0,0.7916958928108215,0.4255176782608032,-2.15572399042685e-07,1520,459,artificial_jewellery,video_20260404_120254,frame_005400.jpg,005400
0,Left,1,0.7459588050842285,0.3995208740234375,-0.02841291017830372,1432,431,artificial_jewellery,video_20260404_120254,frame_005400.jpg,005400
0,Left,2,0.7261306047439575,0.32905203104019165,-0.03861949220299721,1394,355,artificial_jewellery,video_20260404_120254,frame_005400.jpg,005400
0,Left,3,0.7172139883041382,0.254520058631897,-0.04061352089047432,1377,274,artificial_jewellery,video_20260404_120254,frame_005400.jpg,005400
0,Left,4,0.7045791745185852,0.2050720602273941,-0.03871363028883934,1352,221,artificial_jewellery,video_20260404_120254,frame_005400.jpg,005400
0,Left,5,0.7782323360443115,0.2572973072528839,-0.04307807981967926,1494,277,artificial_jewellery,video_20260404_120254,frame_005400.jpg,005400
0,Left,6,0.7423115372657776,0.16357676684856415,-0.04442266747355461,1425,176,artificial_jewellery,video_20260404_120254,frame_005400.jpg,005400
0,Left,7,0.7166831493377686,0.15721353888511658,-0.03699728474020958,1376,169,artificial_jewellery,video_20260404_120254,frame_005400.jpg,005400
0,Left,8,0.701384425163269,0.16969744861125946,-0.030060630291700363,1346,183,artificial_jewellery,video_20260404_120254,frame_005400.jpg,005400
0,Left,9,0.8021306991577148,0.24904587864875793,-0.026510819792747498,1540,268,artificial_jewellery,video_20260404_120254,frame_005400.jpg,005400
0,Left,10,0.7670767903327942,0.14892011880874634,-0.03129210323095322,1472,160,artificial_jewellery,video_20260404_120254,frame_005400.jpg,005400
0,Left,11,0.7356106638908386,0.15209534764289856,-0.024816473945975304,1412,164,artificial_jewellery,video_20260404_120254,frame_005400.jpg,005400
0,Left,12,0.7176238894462585,0.17349690198898315,-0.01856708526611328,1377,187,artificial_jewellery,video_20260404_120254,frame_005400.jpg,005400
0,Left,13,0.8122929930686951,0.2547779679298401,-0.009632511995732784,1559,275,artificial_jewellery,video_20260404_120254,frame_005400.jpg,005400
0,Left,14,0.7839862704277039,0.16269034147262573,-0.014014958404004574,1505,175,artificial_jewellery,video_20260404_120254,frame_005400.jpg,005400
0,Left,15,0.7553834915161133,0.16256657242774963,-0.009289923124015331,1450,175,artificial_jewellery,video_20260404_120254,frame_005400.jpg,005400
0,Left,16,0.7390146851539612,0.17944873869419098,-0.004451742395758629,1418,193,artificial_jewellery,video_20260404_120254,frame_005400.jpg,005400
0,Left,17,0.8130390644073486,0.2659056782722473,0.005890750791877508,1561,287,artificial_jewellery,video_20260404_120254,frame_005400.jpg,005400
0,Left,18,0.7927396297454834,0.19507400691509247,0.0021785013377666473,1522,210,artificial_jewellery,video_20260404_120254,frame_005400.jpg,005400
0,Left,19,0.7692809700965881,0.18562793731689453,0.0033957837149500847,1477,200,artificial_jewellery,video_20260404_120254,frame_005400.jpg,005400
0,Left,20,0.7545457482337952,0.1952052116394043,0.00580429844558239,1448,210,artificial_jewellery,video_20260404_120254,frame_005400.jpg,005400
1,Right,0,0.4423362612724304,0.5620110034942627,4.890359832643298e-07,849,606,artificial_jewellery,video_20260404_120254,frame_005400.jpg,005400
1,Right,1,0.4704478979110718,0.5398333072662354,-0.05096018314361572,903,583,artificial_jewellery,video_20260404_120254,frame_005400.jpg,005400
1,Right,2,0.491585373878479,0.46789801120758057,-0.06602468341588974,943,505,artificial_jewellery,video_20260404_120254,frame_005400.jpg,005400
1,Right,3,0.5202035903930664,0.39848026633262634,-0.06868090480566025,998,430,artificial_jewellery,video_20260404_120254,frame_005400.jpg,005400
1,Right,4,0.5484243631362915,0.3508897125720978,-0.06821689009666443,1052,378,artificial_jewellery,video_20260404_120254,frame_005400.jpg,005400
1,Right,5,0.4411175847053528,0.37317708134651184,-0.04462830722332001,846,403,artificial_jewellery,video_20260404_120254,frame_005400.jpg,005400
1,Right,6,0.4950105547904968,0.3118653893470764,-0.05598576366901398,950,336,artificial_jewellery,video_20260404_120254,frame_005400.jpg,005400
1,Right,7,0.5348674654960632,0.3108987808227539,-0.06442242860794067,1026,335,artificial_jewellery,video_20260404_120254,frame_005400.jpg,005400
1,Right,8,0.5647192597389221,0.31655067205429077,-0.0695788636803627,1084,341,artificial_jewellery,video_20260404_120254,frame_005400.jpg,005400
1,Right,9,0.43810874223709106,0.35844913125038147,-0.01890668459236622,841,387,artificial_jewellery,video_20260404_120254,frame_005400.jpg,005400
1,Right,10,0.49156367778778076,0.28364044427871704,-0.03296999633312225,943,306,artificial_jewellery,video_20260404_120254,frame_005400.jpg,005400
1,Right,11,0.5325270891189575,0.292885959148407,-0.041589684784412384,1022,316,artificial_jewellery,video_20260404_120254,frame_005400.jpg,005400
1,Right,12,0.5627919435501099,0.31437480449676514,-0.04476945847272873,1080,339,artificial_jewellery,video_20260404_120254,frame_005400.jpg,005400
1,Right,13,0.4431121051311493,0.3605351448059082,0.003746070433408022,850,389,artificial_jewellery,video_20260404_120254,frame_005400.jpg,005400
1,Right,14,0.4949412941932678,0.3023456931114197,-0.011463656090199947,950,326,artificial_jewellery,video_20260404_120254,frame_005400.jpg,005400
1,Right,15,0.5316886901855469,0.3106483817100525,-0.02258906327188015,1020,335,artificial_jewellery,video_20260404_120254,frame_005400.jpg,005400
1,Right,16,0.5596720576286316,0.32790523767471313,-0.027147449553012848,1074,354,artificial_jewellery,video_20260404_120254,frame_005400.jpg,005400
1,Right,17,0.45227789878845215,0.3727264702320099,0.023081397637724876,868,402,artificial_jewellery,video_20260404_120254,frame_005400.jpg,005400
1,Right,18,0.4933719336986542,0.3414935767650604,0.005454288329929113,947,368,artificial_jewellery,video_20260404_120254,frame_005400.jpg,005400
1,Right,19,0.5232746601104736,0.34600895643234253,-0.006476182956248522,1004,373,artificial_jewellery,video_20260404_120254,frame_005400.jpg,005400
1,Right,20,0.5479145050048828,0.35404232144355774,-0.011376281268894672,1051,382,artificial_jewellery,video_20260404_120254,frame_005400.jpg,005400
0,Right,0,0.42591261863708496,0.5321492552757263,4.0815368151925213e-07,817,574,artificial_jewellery,video_20260404_120254,frame_005460.jpg,005460
0,Right,1,0.4459571838378906,0.46433740854263306,-0.03699435293674469,856,501,artificial_jewellery,video_20260404_120254,frame_005460.jpg,005460
0,Right,2,0.4551144242286682,0.38146254420280457,-0.037257734686136246,873,411,artificial_jewellery,video_20260404_120254,frame_005460.jpg,005460
0,Right,3,0.4691915810108185,0.3184325098991394,-0.027971072122454643,900,343,artificial_jewellery,video_20260404_120254,frame_005460.jpg,005460
0,Right,4,0.48556777834892273,0.2706259489059448,-0.015343932434916496,932,292,artificial_jewellery,video_20260404_120254,frame_005460.jpg,005460
0,Right,5,0.39671844244003296,0.33693671226501465,-0.0027744490653276443,761,363,artificial_jewellery,video_20260404_120254,frame_005460.jpg,005460
0,Right,6,0.4194316565990448,0.257480263710022,0.0008633850375190377,805,278,artificial_jewellery,video_20260404_120254,frame_005460.jpg,005460
0,Right,7,0.4475812613964081,0.22384214401245117,-0.0029741814360022545,859,241,artificial_jewellery,video_20260404_120254,frame_005460.jpg,005460
0,Right,8,0.47132861614227295,0.2067660689353943,-0.006146933417767286,904,223,artificial_jewellery,video_20260404_120254,frame_005460.jpg,005460
0,Right,9,0.40179991722106934,0.34694379568099976,0.021692879498004913,771,374,artificial_jewellery,video_20260404_120254,frame_005460.jpg,005460
0,Right,10,0.4257611334323883,0.26939207315444946,0.027922190725803375,817,290,artificial_jewellery,video_20260404_120254,frame_005460.jpg,005460
0,Right,11,0.4538772702217102,0.24050074815750122,0.02156776748597622,871,259,artificial_jewellery,video_20260404_120254,frame_005460.jpg,005460
0,Right,12,0.47939205169677734,0.2253447324037552,0.01522505097091198,920,243,artificial_jewellery,video_20260404_120254,frame_005460.jpg,005460
0,Right,13,0.410887211561203,0.36255669593811035,0.041888754814863205,788,391,artificial_jewellery,video_20260404_120254,frame_005460.jpg,005460
0,Right,14,0.43462157249450684,0.2967481017112732,0.04372783005237579,834,320,artificial_jewellery,video_20260404_120254,frame_005460.jpg,005460
0,Right,15,0.45816007256507874,0.26849353313446045,0.03078777715563774,879,289,artificial_jewellery,video_20260404_120254,frame_005460.jpg,005460
0,Right,16,0.4816875457763672,0.25525566935539246,0.02066551335155964,924,275,artificial_jewellery,video_20260404_120254,frame_005460.jpg,005460
0,Right,17,0.4229292869567871,0.3769725561141968,0.05914222449064255,812,407,artificial_jewellery,video_20260404_120254,frame_005460.jpg,005460
0,Right,18,0.4438416659832001,0.32893818616867065,0.05499139055609703,852,355,artificial_jewellery,video_20260404_120254,frame_005460.jpg,005460
0,Right,19,0.4619109630584717,0.3056609034538269,0.043630216270685196,886,330,artificial_jewellery,video_20260404_120254,frame_005460.jpg,005460
0,Right,20,0.48025497794151306,0.28944820165634155,0.03565630689263344,922,312,artificial_jewellery,video_20260404_120254,frame_005460.jpg,005460
1,Left,0,0.7279011011123657,0.419242262840271,-2.3342218469224463e-07,1397,452,artificial_jewellery,video_20260404_120254,frame_005460.jpg,005460
1,Left,1,0.6821151375770569,0.41517192125320435,-0.01306261494755745,1309,448,artificial_jewellery,video_20260404_120254,frame_005460.jpg,005460
1,Left,2,0.6475579738616943,0.3663357198238373,-0.015523004345595837,1243,395,artificial_jewellery,video_20260404_120254,frame_005460.jpg,005460
1,Left,3,0.625960111618042,0.3125130832195282,-0.01310581061989069,1201,337,artificial_jewellery,video_20260404_120254,frame_005460.jpg,005460
1,Left,4,0.6142804622650146,0.28475749492645264,-0.0072729880921542645,1179,307,artificial_jewellery,video_20260404_120254,frame_005460.jpg,005460
1,Left,5,0.6749393343925476,0.2659968137741089,-0.02058268152177334,1295,287,artificial_jewellery,video_20260404_120254,frame_005460.jpg,005460
1,Left,6,0.6341461539268494,0.21861383318901062,-0.012530871666967869,1217,236,artificial_jewellery,video_20260404_120254,frame_005460.jpg,005460
1,Left,7,0.6173302531242371,0.22771476209163666,0.0006635806057602167,1185,245,artificial_jewellery,video_20260404_120254,frame_005460.jpg,005460
1,Left,8,0.6120856404304504,0.24366247653961182,0.010462385602295399,1175,263,artificial_jewellery,video_20260404_120254,frame_005460.jpg,005460
1,Left,9,0.6981756091117859,0.24623943865299225,-0.009826192632317543,1340,265,artificial_jewellery,video_20260404_120254,frame_005460.jpg,005460
1,Left,10,0.6565592885017395,0.1940666139125824,-0.00473457807675004,1260,209,artificial_jewellery,video_20260404_120254,frame_005460.jpg,005460
1,Left,11,0.6383955478668213,0.21391814947128296,0.006559817586094141,1225,231,artificial_jewellery,video_20260404_120254,frame_005460.jpg,005460
1,Left,12,0.6333569288253784,0.23572368919849396,0.015570470131933689,1216,254,artificial_jewellery,video_20260404_120254,frame_005460.jpg,005460
1,Left,13,0.7152137160301208,0.24646176397800446,0.002108354587107897,1373,266,artificial_jewellery,video_20260404_120254,frame_005460.jpg,005460
1,Left,14,0.6822749376296997,0.1940307468175888,0.006424267310649157,1309,209,artificial_jewellery,video_20260404_120254,frame_005460.jpg,005460
1,Left,15,0.6630138754844666,0.20491501688957214,0.0159902423620224,1272,221,artificial_jewellery,video_20260404_120254,frame_005460.jpg,005460
1,Left,16,0.6554921269416809,0.22591151297092438,0.02337544597685337,1258,243,artificial_jewellery,video_20260404_120254,frame_005460.jpg,005460
1,Left,17,0.7268489003181458,0.2597067654132843,0.013398283161222935,1395,280,artificial_jewellery,video_20260404_120254,frame_005460.jpg,005460
1,Left,18,0.7069727778434753,0.21507909893989563,0.01751277595758438,1357,232,artificial_jewellery,video_20260404_120254,frame_005460.jpg,005460
1,Left,19,0.6899539828300476,0.21090088784694672,0.02304914966225624,1324,227,artificial_jewellery,video_20260404_120254,frame_005460.jpg,005460
1,Left,20,0.6809300184249878,0.22164607048034668,0.028349561616778374,1307,239,artificial_jewellery,video_20260404_120254,frame_005460.jpg,005460
0,Left,0,0.7476096153259277,0.3929828405380249,-1.8456714201420255e-07,1435,424,artificial_jewellery,video_20260404_120254,frame_005520.jpg,005520
0,Left,1,0.6986138224601746,0.37746667861938477,-0.004297622013837099,1341,407,artificial_jewellery,video_20260404_120254,frame_005520.jpg,005520
0,Left,2,0.666382908821106,0.32851627469062805,-0.0015779518289491534,1279,354,artificial_jewellery,video_20260404_120254,frame_005520.jpg,005520
0,Left,3,0.6441710591316223,0.28396669030189514,0.004718795884400606,1236,306,artificial_jewellery,video_20260404_120254,frame_005520.jpg,005520
0,Left,4,0.6363623738288879,0.2587365210056305,0.01519305445253849,1221,279,artificial_jewellery,video_20260404_120254,frame_005520.jpg,005520
0,Left,5,0.6961864829063416,0.22094815969467163,-0.0005864606937393546,1336,238,artificial_jewellery,video_20260404_120254,frame_005520.jpg,005520
0,Left,6,0.6714611053466797,0.18116754293441772,0.01976212114095688,1289,195,artificial_jewellery,video_20260404_120254,frame_005520.jpg,005520
0,Left,7,0.6621301174163818,0.1999514102935791,0.04217590019106865,1271,215,artificial_jewellery,video_20260404_120254,frame_005520.jpg,005520
0,Left,8,0.6620758175849915,0.2233421504497528,0.0579238198697567,1271,241,artificial_jewellery,video_20260404_120254,frame_005520.jpg,005520
0,Left,9,0.7243637442588806,0.21374689042568207,0.009871016256511211,1390,230,artificial_jewellery,video_20260404_120254,frame_005520.jpg,005520
0,Left,10,0.699241578578949,0.165304034948349,0.026690227910876274,1342,178,artificial_jewellery,video_20260404_120254,frame_005520.jpg,005520
0,Left,11,0.6854243278503418,0.18206430971622467,0.0461733341217041,1316,196,artificial_jewellery,video_20260404_120254,frame_005520.jpg,005520
0,Left,12,0.6815918684005737,0.2026478499174118,0.06119641661643982,1308,218,artificial_jewellery,video_20260404_120254,frame_005520.jpg,005520
0,Left,13,0.745884895324707,0.22331905364990234,0.02181437611579895,1432,241,artificial_jewellery,video_20260404_120254,frame_005520.jpg,005520
0,Left,14,0.7259982228279114,0.1805867999792099,0.03768373653292656,1393,195,artificial_jewellery,video_20260404_120254,frame_005520.jpg,005520
0,Left,15,0.7101432085037231,0.18403489887714386,0.054717496037483215,1363,198,artificial_jewellery,video_20260404_120254,frame_005520.jpg,005520
0,Left,16,0.7033353447914124,0.19938641786575317,0.06686129420995712,1350,215,artificial_jewellery,video_20260404_120254,frame_005520.jpg,005520
0,Left,17,0.7617520093917847,0.24389199912548065,0.033623069524765015,1462,263,artificial_jewellery,video_20260404_120254,frame_005520.jpg,005520
0,Left,18,0.7455466389656067,0.205638125538826,0.04948873445391655,1431,222,artificial_jewellery,video_20260404_120254,frame_005520.jpg,005520
0,Left,19,0.7307436466217041,0.2028731107711792,0.06340405344963074,1403,219,artificial_jewellery,video_20260404_120254,frame_005520.jpg,005520
0,Left,20,0.7234346270561218,0.21515971422195435,0.07445044070482254,1388,232,artificial_jewellery,video_20260404_120254,frame_005520.jpg,005520
1,Right,0,0.4244886338710785,0.5450648069381714,3.0668485351270647e-07,815,588,artificial_jewellery,video_20260404_120254,frame_005520.jpg,005520
1,Right,1,0.4493253827095032,0.48428642749786377,-0.030554577708244324,862,523,artificial_jewellery,video_20260404_120254,frame_005520.jpg,005520
1,Right,2,0.462484747171402,0.40581464767456055,-0.03178417682647705,887,438,artificial_jewellery,video_20260404_120254,frame_005520.jpg,005520
1,Right,3,0.479954332113266,0.34547173976898193,-0.025919388979673386,921,373,artificial_jewellery,video_20260404_120254,frame_005520.jpg,005520
1,Right,4,0.4969489276409149,0.3033956289291382,-0.016670895740389824,954,327,artificial_jewellery,video_20260404_120254,frame_005520.jpg,005520
1,Right,5,0.3985940217971802,0.35314106941223145,-0.0008001311216503382,765,381,artificial_jewellery,video_20260404_120254,frame_005520.jpg,005520
1,Right,6,0.4200619161128998,0.27474814653396606,-0.0020088735036551952,806,296,artificial_jewellery,video_20260404_120254,frame_005520.jpg,005520
1,Right,7,0.451203852891922,0.25431644916534424,-0.008705356158316135,866,274,artificial_jewellery,video_20260404_120254,frame_005520.jpg,005520
1,Right,8,0.47674480080604553,0.2534164786338806,-0.012884605675935745,915,273,artificial_jewellery,video_20260404_120254,frame_005520.jpg,005520
1,Right,9,0.40141138434410095,0.35916680097579956,0.018348099663853645,770,387,artificial_jewellery,video_20260404_120254,frame_005520.jpg,005520
1,Right,10,0.4241983890533447,0.2821774482727051,0.01895512081682682,814,304,artificial_jewellery,video_20260404_120254,frame_005520.jpg,005520
1,Right,11,0.4540332555770874,0.2653142213821411,0.010809854604303837,871,286,artificial_jewellery,video_20260404_120254,frame_005520.jpg,005520
1,Right,12,0.48081672191619873,0.26542916893959045,0.0048936656676232815,923,286,artificial_jewellery,video_20260404_120254,frame_005520.jpg,005520
1,Right,13,0.4085524380207062,0.3716576397418976,0.03365854173898697,784,401,artificial_jewellery,video_20260404_120254,frame_005520.jpg,005520
1,Right,14,0.4308434724807739,0.3055171072483063,0.031971950083971024,827,329,artificial_jewellery,video_20260404_120254,frame_005520.jpg,005520
1,Right,15,0.4568179249763489,0.2874859869480133,0.02040752023458481,877,310,artificial_jewellery,video_20260404_120254,frame_005520.jpg,005520
1,Right,16,0.48089849948883057,0.28844860196113586,0.012722129933536053,923,311,artificial_jewellery,video_20260404_120254,frame_005520.jpg,005520
1,Right,17,0.4176258146762848,0.38500815629959106,0.046454399824142456,801,415,artificial_jewellery,video_20260404_120254,frame_005520.jpg,005520
1,Right,18,0.437643438577652,0.3325968086719513,0.041181087493896484,840,359,artificial_jewellery,video_20260404_120254,frame_005520.jpg,005520
1,Right,19,0.4567977786064148,0.31482604146003723,0.03187195584177971,877,340,artificial_jewellery,video_20260404_120254,frame_005520.jpg,005520
1,Right,20,0.47507569193840027,0.30954182147979736,0.026324763894081116,912,334,artificial_jewellery,video_20260404_120254,frame_005520.jpg,005520
0,Right,0,0.45796218514442444,0.5369123816490173,3.3315382097498514e-07,879,579,artificial_jewellery,video_20260404_120254,frame_005670.jpg,005670
0,Right,1,0.4829101264476776,0.4868727922439575,-0.04037182778120041,927,525,artificial_jewellery,video_20260404_120254,frame_005670.jpg,005670
0,Right,2,0.5060409903526306,0.4156905710697174,-0.04624273255467415,971,448,artificial_jewellery,video_20260404_120254,frame_005670.jpg,005670
0,Right,3,0.5339967608451843,0.3616359829902649,-0.04281659051775932,1025,390,artificial_jewellery,video_20260404_120254,frame_005670.jpg,005670
0,Right,4,0.5600440502166748,0.3302660584449768,-0.03662290424108505,1075,356,artificial_jewellery,video_20260404_120254,frame_005670.jpg,005670
0,Right,5,0.4624166190624237,0.3372775912284851,-0.014684539288282394,887,364,artificial_jewellery,video_20260404_120254,frame_005670.jpg,005670
0,Right,6,0.5062695741653442,0.29466482996940613,-0.017092840746045113,972,318,artificial_jewellery,video_20260404_120254,frame_005670.jpg,005670
0,Right,7,0.5395472049713135,0.2904233932495117,-0.023266013711690903,1035,313,artificial_jewellery,video_20260404_120254,frame_005670.jpg,005670
0,Right,8,0.5659949779510498,0.29513150453567505,-0.027399878948926926,1086,318,artificial_jewellery,video_20260404_120254,frame_005670.jpg,005670
0,Right,9,0.46732398867607117,0.34997302293777466,0.00927042681723833,897,377,artificial_jewellery,video_20260404_120254,frame_005670.jpg,005670
0,Right,10,0.5103452205657959,0.3162214159965515,0.00800984725356102,979,341,artificial_jewellery,video_20260404_120254,frame_005670.jpg,005670
0,Right,11,0.5421148538589478,0.3178161084651947,0.000936002703383565,1040,343,artificial_jewellery,video_20260404_120254,frame_005670.jpg,005670
0,Right,12,0.567957878112793,0.3264068365097046,-0.0040674698539078236,1090,352,artificial_jewellery,video_20260404_120254,frame_005670.jpg,005670
0,Right,13,0.47491270303726196,0.3718556761741638,0.02929554134607315,911,401,artificial_jewellery,video_20260404_120254,frame_005670.jpg,005670
0,Right,14,0.5129903554916382,0.3466109335422516,0.02520734816789627,984,374,artificial_jewellery,video_20260404_120254,frame_005670.jpg,005670
0,Right,15,0.5382105708122253,0.3456950783729553,0.013714324682950974,1033,373,artificial_jewellery,video_20260404_120254,frame_005670.jpg,005670
0,Right,16,0.5601660013198853,0.35599908232688904,0.0068840025924146175,1075,384,artificial_jewellery,video_20260404_120254,frame_005670.jpg,005670
0,Right,17,0.4837147891521454,0.3941667973995209,0.04615122452378273,928,425,artificial_jewellery,video_20260404_120254,frame_005670.jpg,005670
0,Right,18,0.5122740864753723,0.3774588704109192,0.03941013664007187,983,407,artificial_jewellery,video_20260404_120254,frame_005670.jpg,005670
0,Right,19,0.5306952595710754,0.37755778431892395,0.030108552426099777,1018,407,artificial_jewellery,video_20260404_120254,frame_005670.jpg,005670
0,Right,20,0.548126220703125,0.3859119415283203,0.02540634572505951,1052,416,artificial_jewellery,video_20260404_120254,frame_005670.jpg,005670
1,Left,0,0.6966452598571777,0.47917652130126953,-1.2810895100301423e-07,1337,517,artificial_jewellery,video_20260404_120254,frame_005670.jpg,005670
1,Left,1,0.6612235307693481,0.46450114250183105,-0.05262191966176033,1269,501,artificial_jewellery,video_20260404_120254,frame_005670.jpg,005670
1,Left,2,0.6330385208129883,0.41163408756256104,-0.06782679259777069,1215,444,artificial_jewellery,video_20260404_120254,frame_005670.jpg,005670
1,Left,3,0.6083180904388428,0.35903868079185486,-0.06699363887310028,1167,387,artificial_jewellery,video_20260404_120254,frame_005670.jpg,005670
1,Left,4,0.5917748212814331,0.3096749782562256,-0.06089489534497261,1136,334,artificial_jewellery,video_20260404_120254,frame_005670.jpg,005670
1,Left,5,0.6930437088012695,0.31846076250076294,-0.06628084927797318,1330,343,artificial_jewellery,video_20260404_120254,frame_005670.jpg,005670
1,Left,6,0.6520139575004578,0.2467830777168274,-0.06606905907392502,1251,266,artificial_jewellery,video_20260404_120254,frame_005670.jpg,005670
1,Left,7,0.6204224824905396,0.24899780750274658,-0.05871425196528435,1191,268,artificial_jewellery,video_20260404_120254,frame_005670.jpg,005670
1,Left,8,0.5968371629714966,0.26753127574920654,-0.05245388299226761,1145,288,artificial_jewellery,video_20260404_120254,frame_005670.jpg,005670
1,Left,9,0.702840268611908,0.309847891330719,-0.032544102519750595,1349,334,artificial_jewellery,video_20260404_120254,frame_005670.jpg,005670
1,Left,10,0.6579757332801819,0.2557491362094879,-0.03265203908085823,1263,276,artificial_jewellery,video_20260404_120254,frame_005670.jpg,005670
1,Left,11,0.6230338215827942,0.2636282742023468,-0.031683944165706635,1196,284,artificial_jewellery,video_20260404_120254,frame_005670.jpg,005670
1,Left,12,0.5994238257408142,0.2899671494960785,-0.0326162613928318,1150,313,artificial_jewellery,video_20260404_120254,frame_005670.jpg,005670
1,Left,13,0.701881468296051,0.31072163581848145,0.00048279791371896863,1347,335,artificial_jewellery,video_20260404_120254,frame_005670.jpg,005670
1,Left,14,0.6602709889411926,0.26768985390663147,-0.0012892789673060179,1267,289,artificial_jewellery,video_20260404_120254,frame_005670.jpg,005670
1,Left,15,0.6303093433380127,0.27904292941093445,-0.008123936131596565,1210,301,artificial_jewellery,video_20260404_120254,frame_005670.jpg,005670
1,Left,16,0.6096605062484741,0.30299362540245056,-0.014163052663207054,1170,327,artificial_jewellery,video_20260404_120254,frame_005670.jpg,005670
1,Left,17,0.6968386769294739,0.31185030937194824,0.030946334823966026,1337,336,artificial_jewellery,video_20260404_120254,frame_005670.jpg,005670
1,Left,18,0.6684602499008179,0.28832945227622986,0.02346448041498661,1283,311,artificial_jewellery,video_20260404_120254,frame_005670.jpg,005670
1,Left,19,0.645439624786377,0.2958837151527405,0.013630597852170467,1239,319,artificial_jewellery,video_20260404_120254,frame_005670.jpg,005670
1,Left,20,0.628040075302124,0.31269922852516174,0.007094642613083124,1205,337,artificial_jewellery,video_20260404_120254,frame_005670.jpg,005670
0,Left,0,0.7270216941833496,0.5015614032745361,-1.5037052492061775e-07,1395,541,artificial_jewellery,video_20260404_120254,frame_005700.jpg,005700
0,Left,1,0.6966224312782288,0.5307279825210571,-0.045229919254779816,1337,573,artificial_jewellery,video_20260404_120254,frame_005700.jpg,005700
0,Left,2,0.6622827649116516,0.4963605999946594,-0.0643119364976883,1271,536,artificial_jewellery,video_20260404_120254,frame_005700.jpg,005700
0,Left,3,0.6347629427909851,0.43655097484588623,-0.07016407698392868,1218,471,artificial_jewellery,video_20260404_120254,frame_005700.jpg,005700
0,Left,4,0.617594301700592,0.39168351888656616,-0.07157338410615921,1185,423,artificial_jewellery,video_20260404_120254,frame_005700.jpg,005700
0,Left,5,0.6988359093666077,0.4004437327384949,-0.08254463225603104,1341,432,artificial_jewellery,video_20260404_120254,frame_005700.jpg,005700
0,Left,6,0.6486079692840576,0.32433998584747314,-0.09631945937871933,1245,350,artificial_jewellery,video_20260404_120254,frame_005700.jpg,005700
0,Left,7,0.620256781578064,0.3444994390010834,-0.09168253093957901,1190,372,artificial_jewellery,video_20260404_120254,frame_005700.jpg,005700
0,Left,8,0.6058468818664551,0.38060685992240906,-0.08539379388093948,1163,411,artificial_jewellery,video_20260404_120254,frame_005700.jpg,005700
0,Left,9,0.707612931728363,0.3652786910533905,-0.05965626612305641,1358,394,artificial_jewellery,video_20260404_120254,frame_005700.jpg,005700
0,Left,10,0.6466799378395081,0.2967261075973511,-0.07874637097120285,1241,320,artificial_jewellery,video_20260404_120254,frame_005700.jpg,005700
0,Left,11,0.61024010181427,0.3190096318721771,-0.0768560916185379,1171,344,artificial_jewellery,video_20260404_120254,frame_005700.jpg,005700
0,Left,12,0.5912879109382629,0.354472815990448,-0.07295093685388565,1135,382,artificial_jewellery,video_20260404_120254,frame_005700.jpg,005700
0,Left,13,0.7061495780944824,0.3505571186542511,-0.03636191412806511,1355,378,artificial_jewellery,video_20260404_120254,frame_005700.jpg,005700
0,Left,14,0.6505478620529175,0.3014030456542969,-0.053943879902362823,1249,325,artificial_jewellery,video_20260404_120254,frame_005700.jpg,005700
0,Left,15,0.6194150447845459,0.3282453715801239,-0.05482812598347664,1189,354,artificial_jewellery,video_20260404_120254,frame_005700.jpg,005700
0,Left,16,0.6036819219589233,0.365090936422348,-0.05260145664215088,1159,394,artificial_jewellery,video_20260404_120254,frame_005700.jpg,005700
0,Left,17,0.7000970244407654,0.3495674729347229,-0.014952940866351128,1344,377,artificial_jewellery,video_20260404_120254,frame_005700.jpg,005700
0,Left,18,0.6599937081336975,0.3247307538986206,-0.03187248110771179,1267,350,artificial_jewellery,video_20260404_120254,frame_005700.jpg,005700
0,Left,19,0.6368013620376587,0.3465682566165924,-0.037752650678157806,1222,374,artificial_jewellery,video_20260404_120254,frame_005700.jpg,005700
0,Left,20,0.623231053352356,0.37669074535369873,-0.03898685425519943,1196,406,artificial_jewellery,video_20260404_120254,frame_005700.jpg,005700
1,Right,0,0.4571641683578491,0.4998795986175537,2.101163403267492e-07,877,539,artificial_jewellery,video_20260404_120254,frame_005700.jpg,005700
1,Right,1,0.4903414249420166,0.4833108186721802,-0.028506623581051826,941,521,artificial_jewellery,video_20260404_120254,frame_005700.jpg,005700
1,Right,2,0.5214839577674866,0.4279695153236389,-0.03257664293050766,1001,462,artificial_jewellery,video_20260404_120254,frame_005700.jpg,005700
1,Right,3,0.5481271743774414,0.38821831345558167,-0.03000446781516075,1052,419,artificial_jewellery,video_20260404_120254,frame_005700.jpg,005700
1,Right,4,0.5695334672927856,0.36397069692611694,-0.02434348501265049,1093,393,artificial_jewellery,video_20260404_120254,frame_005700.jpg,005700
1,Right,5,0.4846750497817993,0.33581483364105225,-0.01170593872666359,930,362,artificial_jewellery,video_20260404_120254,frame_005700.jpg,005700
1,Right,6,0.5222290754318237,0.3014319837093353,-0.016787277534604073,1002,325,artificial_jewellery,video_20260404_120254,frame_005700.jpg,005700
1,Right,7,0.5491151213645935,0.3198716342449188,-0.023630183190107346,1054,345,artificial_jewellery,video_20260404_120254,frame_005700.jpg,005700
1,Right,8,0.5665111541748047,0.34613099694252014,-0.02638728730380535,1087,373,artificial_jewellery,video_20260404_120254,frame_005700.jpg,005700
1,Right,9,0.47401562333106995,0.3258257806301117,0.004434636794030666,910,351,artificial_jewellery,video_20260404_120254,frame_005700.jpg,005700
1,Right,10,0.49839872121810913,0.2616449296474457,0.001401584013365209,956,282,artificial_jewellery,video_20260404_120254,frame_005700.jpg,005700
1,Right,11,0.5248075127601624,0.2592598795890808,-0.003484533866867423,1007,280,artificial_jewellery,video_20260404_120254,frame_005700.jpg,005700
1,Right,12,0.547096312046051,0.27763134241104126,-0.005394205916672945,1050,299,artificial_jewellery,video_20260404_120254,frame_005700.jpg,005700
1,Right,13,0.46862444281578064,0.3290138244628906,0.01756572350859642,899,355,artificial_jewellery,video_20260404_120254,frame_005700.jpg,005700
1,Right,14,0.4858962297439575,0.2620225250720978,0.011496034450829029,932,282,artificial_jewellery,video_20260404_120254,frame_005700.jpg,005700
1,Right,15,0.5099639296531677,0.2557430863380432,0.001522150239907205,979,276,artificial_jewellery,video_20260404_120254,frame_005700.jpg,005700
1,Right,16,0.5310218930244446,0.27298441529273987,-0.003027325728908181,1019,294,artificial_jewellery,video_20260404_120254,frame_005700.jpg,005700
1,Right,17,0.4677695035934448,0.3362214267253876,0.028817668557167053,898,363,artificial_jewellery,video_20260404_120254,frame_005700.jpg,005700
1,Right,18,0.4839954078197479,0.27869120240211487,0.01970311813056469,929,300,artificial_jewellery,video_20260404_120254,frame_005700.jpg,005700
1,Right,19,0.5041711330413818,0.2673216462135315,0.011564313434064388,968,288,artificial_jewellery,video_20260404_120254,frame_005700.jpg,005700
1,Right,20,0.5228838324546814,0.2765361964702606,0.008212116546928883,1003,298,artificial_jewellery,video_20260404_120254,frame_005700.jpg,005700
0,Right,0,0.46171438694000244,0.530022144317627,5.719048772334645e-07,886,572,artificial_jewellery,video_20260404_120254,frame_005970.jpg,005970
0,Right,1,0.507970929145813,0.5258700847625732,-0.02891315333545208,975,567,artificial_jewellery,video_20260404_120254,frame_005970.jpg,005970
0,Right,2,0.5454233288764954,0.4702128469944,-0.04994547739624977,1047,507,artificial_jewellery,video_20260404_120254,frame_005970.jpg,005970
0,Right,3,0.5794461369514465,0.4094940423965454,-0.06215335801243782,1112,442,artificial_jewellery,video_20260404_120254,frame_005970.jpg,005970
0,Right,4,0.6037998199462891,0.36847424507141113,-0.07218940556049347,1159,397,artificial_jewellery,video_20260404_120254,frame_005970.jpg,005970
0,Right,5,0.4899890720844269,0.4192686676979065,-0.07814633846282959,940,452,artificial_jewellery,video_20260404_120254,frame_005970.jpg,005970
0,Right,6,0.5459810495376587,0.321307897567749,-0.09877172857522964,1048,347,artificial_jewellery,video_20260404_120254,frame_005970.jpg,005970
0,Right,7,0.5840099453926086,0.29145705699920654,-0.1018199697136879,1121,314,artificial_jewellery,video_20260404_120254,frame_005970.jpg,005970
0,Right,8,0.610238254070282,0.2888909876346588,-0.09996175020933151,1171,312,artificial_jewellery,video_20260404_120254,frame_005970.jpg,005970
0,Right,9,0.4628307819366455,0.38316965103149414,-0.06630260497331619,888,413,artificial_jewellery,video_20260404_120254,frame_005970.jpg,005970
0,Right,10,0.5264905691146851,0.2726013660430908,-0.08615954965353012,1010,294,artificial_jewellery,video_20260404_120254,frame_005970.jpg,005970
0,Right,11,0.5676394701004028,0.26543495059013367,-0.08354052901268005,1089,286,artificial_jewellery,video_20260404_120254,frame_005970.jpg,005970
0,Right,12,0.5916544795036316,0.2849542498588562,-0.07861725240945816,1135,307,artificial_jewellery,video_20260404_120254,frame_005970.jpg,005970
0,Right,13,0.4527387320995331,0.35880300402641296,-0.05230811610817909,869,387,artificial_jewellery,video_20260404_120254,frame_005970.jpg,005970
0,Right,14,0.5150932669639587,0.26456576585769653,-0.06493702530860901,988,285,artificial_jewellery,video_20260404_120254,frame_005970.jpg,005970
0,Right,15,0.5520742535591125,0.2676057517528534,-0.060159213840961456,1059,289,artificial_jewellery,video_20260404_120254,frame_005970.jpg,005970
0,Right,16,0.5730978846549988,0.2887561619281769,-0.05566076189279556,1100,311,artificial_jewellery,video_20260404_120254,frame_005970.jpg,005970
0,Right,17,0.4542323648929596,0.34805914759635925,-0.03951142728328705,872,375,artificial_jewellery,video_20260404_120254,frame_005970.jpg,005970
0,Right,18,0.5056349635124207,0.2861645817756653,-0.04888874292373657,970,309,artificial_jewellery,video_20260404_120254,frame_005970.jpg,005970
0,Right,19,0.5355811715126038,0.2882173955440521,-0.047477997839450836,1028,311,artificial_jewellery,video_20260404_120254,frame_005970.jpg,005970
0,Right,20,0.5536549687385559,0.3024870753288269,-0.04449465498328209,1063,326,artificial_jewellery,video_20260404_120254,frame_005970.jpg,005970
1,Left,0,0.7245588302612305,0.5018402338027954,-2.6611593284542323e-07,1391,541,artificial_jewellery,video_20260404_120254,frame_005970.jpg,005970
1,Left,1,0.6860706210136414,0.5191672444343567,-0.04291437566280365,1317,560,artificial_jewellery,video_20260404_120254,frame_005970.jpg,005970
1,Left,2,0.6606151461601257,0.4717760682106018,-0.059253741055727005,1268,509,artificial_jewellery,video_20260404_120254,frame_005970.jpg,005970
1,Left,3,0.6447920203208923,0.39946669340133667,-0.06377934664487839,1238,431,artificial_jewellery,video_20260404_120254,frame_005970.jpg,005970
1,Left,4,0.6343099474906921,0.34936848282814026,-0.06364712864160538,1217,377,artificial_jewellery,video_20260404_120254,frame_005970.jpg,005970
1,Left,5,0.6954198479652405,0.373277485370636,-0.06508926302194595,1335,403,artificial_jewellery,video_20260404_120254,frame_005970.jpg,005970
1,Left,6,0.6426625847816467,0.3038898706436157,-0.07278028130531311,1233,328,artificial_jewellery,video_20260404_120254,frame_005970.jpg,005970
1,Left,7,0.6267610788345337,0.33510181307792664,-0.06646320968866348,1203,361,artificial_jewellery,video_20260404_120254,frame_005970.jpg,005970
1,Left,8,0.6285371780395508,0.3636457324028015,-0.06088452786207199,1206,392,artificial_jewellery,video_20260404_120254,frame_005970.jpg,005970
1,Left,9,0.7089937925338745,0.34195032715797424,-0.042847052216529846,1361,369,artificial_jewellery,video_20260404_120254,frame_005970.jpg,005970
1,Left,10,0.6532614231109619,0.28187108039855957,-0.05436166748404503,1254,304,artificial_jewellery,video_20260404_120254,frame_005970.jpg,005970
1,Left,11,0.6362544894218445,0.3217955529689789,-0.04906410351395607,1221,347,artificial_jewellery,video_20260404_120254,frame_005970.jpg,005970
1,Left,12,0.6392093896865845,0.35121357440948486,-0.04401940107345581,1227,379,artificial_jewellery,video_20260404_120254,frame_005970.jpg,005970
1,Left,13,0.7123495936393738,0.33125802874565125,-0.020908379927277565,1367,357,artificial_jewellery,video_20260404_120254,frame_005970.jpg,005970
1,Left,14,0.66157066822052,0.282684862613678,-0.032289113849401474,1270,305,artificial_jewellery,video_20260404_120254,frame_005970.jpg,005970
1,Left,15,0.648125171661377,0.32187479734420776,-0.027480538934469223,1244,347,artificial_jewellery,video_20260404_120254,frame_005970.jpg,005970
1,Left,16,0.6525388956069946,0.35074400901794434,-0.02283264882862568,1252,378,artificial_jewellery,video_20260404_120254,frame_005970.jpg,005970
1,Left,17,0.7091565728187561,0.33111193776130676,-0.0014075085055083036,1361,357,artificial_jewellery,video_20260404_120254,frame_005970.jpg,005970
1,Left,18,0.6713798642158508,0.30072295665740967,-0.01412682980298996,1289,324,artificial_jewellery,video_20260404_120254,frame_005970.jpg,005970
1,Left,19,0.6606078147888184,0.32768502831459045,-0.01622873917222023,1268,353,artificial_jewellery,video_20260404_120254,frame_005970.jpg,005970
1,Left,20,0.6643189191818237,0.3515200614929199,-0.01533958688378334,1275,379,artificial_jewellery,video_20260404_120254,frame_005970.jpg,005970
0,Right,0,0.43141013383865356,0.4833107888698578,3.7702778854509233e-07,828,521,artificial_jewellery,video_20260404_120254,frame_006150.jpg,006150
0,Right,1,0.45173341035842896,0.4115115702152252,-0.03886769339442253,867,444,artificial_jewellery,video_20260404_120254,frame_006150.jpg,006150
0,Right,2,0.4560742974281311,0.3191193640232086,-0.04422216862440109,875,344,artificial_jewellery,video_20260404_120254,frame_006150.jpg,006150
0,Right,3,0.4713234305381775,0.2433616816997528,-0.04034002497792244,904,262,artificial_jewellery,video_20260404_120254,frame_006150.jpg,006150
0,Right,4,0.48821213841438293,0.1881425976753235,-0.03298157453536987,937,203,artificial_jewellery,video_20260404_120254,frame_006150.jpg,006150
0,Right,5,0.384181946516037,0.2816457748413086,-0.011916778050363064,737,304,artificial_jewellery,video_20260404_120254,frame_006150.jpg,006150
0,Right,6,0.42036375403404236,0.20010361075401306,-0.014635853469371796,807,216,artificial_jewellery,video_20260404_120254,frame_006150.jpg,006150
0,Right,7,0.4565542936325073,0.17112037539482117,-0.021415837109088898,876,184,artificial_jewellery,video_20260404_120254,frame_006150.jpg,006150
0,Right,8,0.48471754789352417,0.15680299699306488,-0.025684216991066933,930,169,artificial_jewellery,video_20260404_120254,frame_006150.jpg,006150
0,Right,9,0.3856283128261566,0.28422418236732483,0.011577668599784374,740,306,artificial_jewellery,video_20260404_120254,frame_006150.jpg,006150
0,Right,10,0.42327237129211426,0.21089577674865723,0.009080197662115097,812,227,artificial_jewellery,video_20260404_120254,frame_006150.jpg,006150
0,Right,11,0.46019816398620605,0.192466601729393,0.0011183639289811254,883,207,artificial_jewellery,video_20260404_120254,frame_006150.jpg,006150
0,Right,12,0.48944973945617676,0.18598568439483643,-0.003712607314810157,939,200,artificial_jewellery,video_20260404_120254,frame_006150.jpg,006150
0,Right,13,0.39383459091186523,0.29492220282554626,0.03124755062162876,756,318,artificial_jewellery,video_20260404_120254,frame_006150.jpg,006150
0,Right,14,0.4295109808444977,0.23053865134716034,0.026627909392118454,824,248,artificial_jewellery,video_20260404_120254,frame_006150.jpg,006150
0,Right,15,0.45914822816848755,0.2137177288532257,0.015315181575715542,881,230,artificial_jewellery,video_20260404_120254,frame_006150.jpg,006150
0,Right,16,0.4845240116119385,0.21094582974910736,0.009128186851739883,930,227,artificial_jewellery,video_20260404_120254,frame_006150.jpg,006150
0,Right,17,0.4042958915233612,0.30612584948539734,0.047905124723911285,776,330,artificial_jewellery,video_20260404_120254,frame_006150.jpg,006150
0,Right,18,0.43309006094932556,0.2589527666568756,0.041084617376327515,831,279,artificial_jewellery,video_20260404_120254,frame_006150.jpg,006150
0,Right,19,0.45531532168388367,0.24574077129364014,0.032312896102666855,874,265,artificial_jewellery,video_20260404_120254,frame_006150.jpg,006150
0,Right,20,0.47537174820899963,0.2421966791152954,0.02847963012754917,912,261,artificial_jewellery,video_20260404_120254,frame_006150.jpg,006150
1,Left,0,0.8727967143058777,0.35814523696899414,-2.978830764277518e-07,1675,386,artificial_jewellery,video_20260404_120254,frame_006150.jpg,006150
1,Left,1,0.8164870738983154,0.33834415674209595,-0.02074095420539379,1567,365,artificial_jewellery,video_20260404_120254,frame_006150.jpg,006150
1,Left,2,0.7863675355911255,0.2577410936355591,-0.02288168855011463,1509,278,artificial_jewellery,video_20260404_120254,frame_006150.jpg,006150
1,Left,3,0.7771804332733154,0.18647783994674683,-0.01749519817531109,1492,201,artificial_jewellery,video_20260404_120254,frame_006150.jpg,006150
1,Left,4,0.7758032083511353,0.15700405836105347,-0.008885875344276428,1489,169,artificial_jewellery,video_20260404_120254,frame_006150.jpg,006150
1,Left,5,0.8412591218948364,0.16455376148223877,-0.026594053953886032,1615,177,artificial_jewellery,video_20260404_120254,frame_006150.jpg,006150
1,Left,6,0.7963570356369019,0.11355531215667725,-0.017845407128334045,1529,122,artificial_jewellery,video_20260404_120254,frame_006150.jpg,006150
1,Left,7,0.774567723274231,0.13886301219463348,-0.007113417144864798,1487,149,artificial_jewellery,video_20260404_120254,frame_006150.jpg,006150
1,Left,8,0.7712867259979248,0.16023562848567963,-0.0005069468752481043,1480,173,artificial_jewellery,video_20260404_120254,frame_006150.jpg,006150
1,Left,9,0.8681055307388306,0.1578114628791809,-0.011166639626026154,1666,170,artificial_jewellery,video_20260404_120254,frame_006150.jpg,006150
1,Left,10,0.8255390524864197,0.09430602192878723,-0.0059961555525660515,1585,101,artificial_jewellery,video_20260404_120254,frame_006150.jpg,006150
1,Left,11,0.8017750978469849,0.12512432038784027,0.00241800001822412,1539,135,artificial_jewellery,video_20260404_120254,frame_006150.jpg,006150
1,Left,12,0.798122763633728,0.1538478583097458,0.008239141665399075,1532,166,artificial_jewellery,video_20260404_120254,frame_006150.jpg,006150
1,Left,13,0.8828276991844177,0.1702844351530075,0.005291538778692484,1695,183,artificial_jewellery,video_20260404_120254,frame_006150.jpg,006150
1,Left,14,0.8464531302452087,0.11054612696170807,0.007794888224452734,1625,119,artificial_jewellery,video_20260404_120254,frame_006150.jpg,006150
1,Left,15,0.8241695761680603,0.1323540061712265,0.011908008717000484,1582,142,artificial_jewellery,video_20260404_120254,frame_006150.jpg,006150
1,Left,16,0.8204838037490845,0.160832941532135,0.014642350375652313,1575,173,artificial_jewellery,video_20260404_120254,frame_006150.jpg,006150
1,Left,17,0.8890570998191833,0.19001591205596924,0.020996011793613434,1706,205,artificial_jewellery,video_20260404_120254,frame_006150.jpg,006150
1,Left,18,0.8593643307685852,0.14895136654376984,0.021252119913697243,1649,160,artificial_jewellery,video_20260404_120254,frame_006150.jpg,006150
1,Left,19,0.8416839838027954,0.1595587134361267,0.022902848199009895,1616,172,artificial_jewellery,video_20260404_120254,frame_006150.jpg,006150
1,Left,20,0.8376890420913696,0.18126223981380463,0.025007054209709167,1608,195,artificial_jewellery,video_20260404_120254,frame_006150.jpg,006150
0,Left,0,0.7120906710624695,0.4965856075286865,-1.9261671013737214e-07,1367,536,artificial_jewellery,video_20260404_120254,frame_006330.jpg,006330
0,Left,1,0.6876243948936462,0.5067448616027832,-0.055214349180459976,1320,547,artificial_jewellery,video_20260404_120254,frame_006330.jpg,006330
0,Left,2,0.6659467816352844,0.4537118077278137,-0.0730135589838028,1278,490,artificial_jewellery,video_20260404_120254,frame_006330.jpg,006330
0,Left,3,0.6440226435661316,0.3922658860683441,-0.07860320806503296,1236,423,artificial_jewellery,video_20260404_120254,frame_006330.jpg,006330
0,Left,4,0.625693142414093,0.3384959399700165,-0.08004563301801682,1201,365,artificial_jewellery,video_20260404_120254,frame_006330.jpg,006330
0,Left,5,0.7157113552093506,0.3442261815071106,-0.05721411481499672,1374,371,artificial_jewellery,video_20260404_120254,frame_006330.jpg,006330
0,Left,6,0.6778252124786377,0.29151487350463867,-0.0739690512418747,1301,314,artificial_jewellery,video_20260404_120254,frame_006330.jpg,006330
0,Left,7,0.6481074690818787,0.3166176676750183,-0.07982821017503738,1244,341,artificial_jewellery,video_20260404_120254,frame_006330.jpg,006330
0,Left,8,0.6289276480674744,0.3583294451236725,-0.08141394704580307,1207,386,artificial_jewellery,video_20260404_120254,frame_006330.jpg,006330
0,Left,9,0.7071560025215149,0.3164204955101013,-0.03308839350938797,1357,341,artificial_jewellery,video_20260404_120254,frame_006330.jpg,006330
0,Left,10,0.6640747785568237,0.2675022482872009,-0.05357452481985092,1275,288,artificial_jewellery,video_20260404_120254,frame_006330.jpg,006330
0,Left,11,0.6286574602127075,0.29306191205978394,-0.06323868781328201,1207,316,artificial_jewellery,video_20260404_120254,frame_006330.jpg,006330
0,Left,12,0.610137939453125,0.33060625195503235,-0.0662781149148941,1171,357,artificial_jewellery,video_20260404_120254,frame_006330.jpg,006330
0,Left,13,0.6951171159744263,0.31113582849502563,-0.012364480644464493,1334,336,artificial_jewellery,video_20260404_120254,frame_006330.jpg,006330
0,Left,14,0.6521943807601929,0.27531176805496216,-0.03501656651496887,1252,297,artificial_jewellery,video_20260404_120254,frame_006330.jpg,006330
0,Left,15,0.6258165836334229,0.3108302652835846,-0.04376377910375595,1201,335,artificial_jewellery,video_20260404_120254,frame_006330.jpg,006330
0,Left,16,0.6176661849021912,0.3482714891433716,-0.0450025238096714,1185,376,artificial_jewellery,video_20260404_120254,frame_006330.jpg,006330
0,Left,17,0.6833103895187378,0.3204289674758911,0.004917600657790899,1311,346,artificial_jewellery,video_20260404_120254,frame_006330.jpg,006330
0,Left,18,0.6525952816009521,0.30308493971824646,-0.019886313006281853,1252,327,artificial_jewellery,video_20260404_120254,frame_006330.jpg,006330
0,Left,19,0.6349496841430664,0.330411821603775,-0.030445968732237816,1219,356,artificial_jewellery,video_20260404_120254,frame_006330.jpg,006330
0,Left,20,0.630486786365509,0.36130088567733765,-0.03275131806731224,1210,390,artificial_jewellery,video_20260404_120254,frame_006330.jpg,006330
1,Right,0,0.4862665832042694,0.5049566626548767,4.394563291043596e-07,933,545,artificial_jewellery,video_20260404_120254,frame_006330.jpg,006330
1,Right,1,0.5060173869132996,0.45857691764831543,-0.03152213990688324,971,495,artificial_jewellery,video_20260404_120254,frame_006330.jpg,006330
1,Right,2,0.5289827585220337,0.3986864984035492,-0.038380663841962814,1015,430,artificial_jewellery,video_20260404_120254,frame_006330.jpg,006330
1,Right,3,0.5600066184997559,0.35150840878486633,-0.04016495496034622,1075,379,artificial_jewellery,video_20260404_120254,frame_006330.jpg,006330
1,Right,4,0.5873269438743591,0.3160327970981598,-0.039144355803728104,1127,341,artificial_jewellery,video_20260404_120254,frame_006330.jpg,006330
1,Right,5,0.48548880219459534,0.32992124557495117,-0.0013378397561609745,932,356,artificial_jewellery,video_20260404_120254,frame_006330.jpg,006330
1,Right,6,0.5180866718292236,0.27283111214637756,-0.008678952232003212,994,294,artificial_jewellery,video_20260404_120254,frame_006330.jpg,006330
1,Right,7,0.5506681799888611,0.2662253677845001,-0.020056739449501038,1057,287,artificial_jewellery,video_20260404_120254,frame_006330.jpg,006330
1,Right,8,0.5775789618492126,0.27330201864242554,-0.02736048214137554,1108,295,artificial_jewellery,video_20260404_120254,frame_006330.jpg,006330
1,Right,9,0.4930441677570343,0.34159231185913086,0.013695044443011284,946,368,artificial_jewellery,video_20260404_120254,frame_006330.jpg,006330
1,Right,10,0.529593825340271,0.2992064654827118,0.005531933158636093,1016,323,artificial_jewellery,video_20260404_120254,frame_006330.jpg,006330
1,Right,11,0.5628015995025635,0.29930830001831055,-0.009849943220615387,1080,323,artificial_jewellery,video_20260404_120254,frame_006330.jpg,006330
1,Right,12,0.590965747833252,0.31035199761390686,-0.020136235281825066,1134,335,artificial_jewellery,video_20260404_120254,frame_006330.jpg,006330
1,Right,13,0.5015509128570557,0.35994642972946167,0.02455580048263073,962,388,artificial_jewellery,video_20260404_120254,frame_006330.jpg,006330
1,Right,14,0.5368624925613403,0.32963642477989197,0.01501414179801941,1030,356,artificial_jewellery,video_20260404_120254,frame_006330.jpg,006330
1,Right,15,0.565226674079895,0.3265434801578522,-0.0018349029123783112,1085,352,artificial_jewellery,video_20260404_120254,frame_006330.jpg,006330
1,Right,16,0.5880852341651917,0.33987346291542053,-0.011658229865133762,1129,367,artificial_jewellery,video_20260404_120254,frame_006330.jpg,006330
1,Right,17,0.5076614618301392,0.3807225227355957,0.032880749553442,974,411,artificial_jewellery,video_20260404_120254,frame_006330.jpg,006330
1,Right,18,0.5402196049690247,0.3586258292198181,0.02424318715929985,1037,387,artificial_jewellery,video_20260404_120254,frame_006330.jpg,006330
1,Right,19,0.5625669956207275,0.3553858995437622,0.013455056585371494,1080,383,artificial_jewellery,video_20260404_120254,frame_006330.jpg,006330
1,Right,20,0.581460177898407,0.3651527166366577,0.007547892164438963,1116,394,artificial_jewellery,video_20260404_120254,frame_006330.jpg,006330
0,Right,0,0.4770384728908539,0.5314785242080688,6.434267447730235e-07,915,573,artificial_jewellery,video_20260404_120254,frame_006510.jpg,006510
0,Right,1,0.5099319815635681,0.5050662755966187,-0.04520607367157936,979,545,artificial_jewellery,video_20260404_120254,frame_006510.jpg,006510
0,Right,2,0.5471611022949219,0.4358268082141876,-0.054293252527713776,1050,470,artificial_jewellery,video_20260404_120254,frame_006510.jpg,006510
0,Right,3,0.5798944234848022,0.375858873128891,-0.05057908967137337,1113,405,artificial_jewellery,video_20260404_120254,frame_006510.jpg,006510
0,Right,4,0.6005046367645264,0.3257623016834259,-0.042845603078603745,1152,351,artificial_jewellery,video_20260404_120254,frame_006510.jpg,006510
0,Right,5,0.47655341029167175,0.3352886438369751,-0.04066503420472145,914,362,artificial_jewellery,video_20260404_120254,frame_006510.jpg,006510
0,Right,6,0.536702573299408,0.28661730885505676,-0.049766380339860916,1030,309,artificial_jewellery,video_20260404_120254,frame_006510.jpg,006510
0,Right,7,0.5791400671005249,0.28299129009246826,-0.05493715777993202,1111,305,artificial_jewellery,video_20260404_120254,frame_006510.jpg,006510
0,Right,8,0.6119876503944397,0.2907416820526123,-0.05655122920870781,1175,314,artificial_jewellery,video_20260404_120254,frame_006510.jpg,006510
0,Right,9,0.4712474048137665,0.3313891887664795,-0.01376102864742279,904,357,artificial_jewellery,video_20260404_120254,frame_006510.jpg,006510
0,Right,10,0.5425071716308594,0.2908708453178406,-0.028303954750299454,1041,314,artificial_jewellery,video_20260404_120254,frame_006510.jpg,006510
0,Right,11,0.5876338481903076,0.323545902967453,-0.03681774437427521,1128,349,artificial_jewellery,video_20260404_120254,frame_006510.jpg,006510
0,Right,12,0.6167394518852234,0.3674238622188568,-0.03889421373605728,1184,396,artificial_jewellery,video_20260404_120254,frame_006510.jpg,006510
0,Right,13,0.4757525622844696,0.34104251861572266,0.01116627361625433,913,368,artificial_jewellery,video_20260404_120254,frame_006510.jpg,006510
0,Right,14,0.5447093844413757,0.3209710717201233,-0.005536404903978109,1045,346,artificial_jewellery,video_20260404_120254,frame_006510.jpg,006510
0,Right,15,0.5817629098892212,0.3537864685058594,-0.01733872853219509,1116,382,artificial_jewellery,video_20260404_120254,frame_006510.jpg,006510
0,Right,16,0.6025530695915222,0.39513182640075684,-0.02046598680317402,1156,426,artificial_jewellery,video_20260404_120254,frame_006510.jpg,006510
0,Right,17,0.4817836284637451,0.3538731634616852,0.03393213823437691,925,382,artificial_jewellery,video_20260404_120254,frame_006510.jpg,006510
0,Right,18,0.536381721496582,0.350678950548172,0.016046812757849693,1029,378,artificial_jewellery,video_20260404_120254,frame_006510.jpg,006510
0,Right,19,0.5671590566635132,0.37067750096321106,0.002722700359299779,1088,400,artificial_jewellery,video_20260404_120254,frame_006510.jpg,006510
0,Right,20,0.5882342457771301,0.3950837254524231,-0.0019109869608655572,1129,426,artificial_jewellery,video_20260404_120254,frame_006510.jpg,006510
0,Right,0,0.48178160190582275,0.5422475934028625,4.955178383170278e-07,925,585,artificial_jewellery,video_20260404_120254,frame_006540.jpg,006540
0,Right,1,0.5154136419296265,0.5006945729255676,-0.04513316601514816,989,540,artificial_jewellery,video_20260404_120254,frame_006540.jpg,006540
0,Right,2,0.548283576965332,0.4283735454082489,-0.05200422555208206,1052,462,artificial_jewellery,video_20260404_120254,frame_006540.jpg,006540
0,Right,3,0.5808489322662354,0.37227529287338257,-0.04574448987841606,1115,402,artificial_jewellery,video_20260404_120254,frame_006540.jpg,006540
0,Right,4,0.6016336679458618,0.323430597782135,-0.035306163132190704,1155,349,artificial_jewellery,video_20260404_120254,frame_006540.jpg,006540
0,Right,5,0.47992533445358276,0.3393038809299469,-0.02997829020023346,921,366,artificial_jewellery,video_20260404_120254,frame_006540.jpg,006540
0,Right,6,0.5295888185501099,0.2747094929218292,-0.028707707300782204,1016,296,artificial_jewellery,video_20260404_120254,frame_006540.jpg,006540
0,Right,7,0.5693833231925964,0.27307477593421936,-0.029595771804451942,1093,294,artificial_jewellery,video_20260404_120254,frame_006540.jpg,006540
0,Right,8,0.597779393196106,0.2805284857749939,-0.029648873955011368,1147,302,artificial_jewellery,video_20260404_120254,frame_006540.jpg,006540
0,Right,9,0.4776504933834076,0.34755629301071167,0.0002664581697899848,917,375,artificial_jewellery,video_20260404_120254,frame_006540.jpg,006540
0,Right,10,0.5308500528335571,0.29394346475601196,0.004142035264521837,1019,317,artificial_jewellery,video_20260404_120254,frame_006540.jpg,006540
0,Right,11,0.5701571106910706,0.29419419169425964,0.0015325915301218629,1094,317,artificial_jewellery,video_20260404_120254,frame_006540.jpg,006540
0,Right,12,0.5987425446510315,0.3064437806606293,-0.0015342660481110215,1149,330,artificial_jewellery,video_20260404_120254,frame_006540.jpg,006540
0,Right,13,0.4821208715438843,0.3685859441757202,0.027732519432902336,925,398,artificial_jewellery,video_20260404_120254,frame_006540.jpg,006540
0,Right,14,0.531891942024231,0.33217841386795044,0.028303178027272224,1021,358,artificial_jewellery,video_20260404_120254,frame_006540.jpg,006540
0,Right,15,0.5644940733909607,0.3315197825431824,0.017682308331131935,1083,358,artificial_jewellery,video_20260404_120254,frame_006540.jpg,006540
0,Right,16,0.5891311168670654,0.3481118977069855,0.009858393110334873,1131,375,artificial_jewellery,video_20260404_120254,frame_006540.jpg,006540
0,Right,17,0.4903593361377716,0.3892468512058258,0.05225512385368347,941,420,artificial_jewellery,video_20260404_120254,frame_006540.jpg,006540
0,Right,18,0.5305156707763672,0.3675077259540558,0.0459161102771759,1018,396,artificial_jewellery,video_20260404_120254,frame_006540.jpg,006540
0,Right,19,0.5573430061340332,0.36588388681411743,0.03406939283013344,1070,395,artificial_jewellery,video_20260404_120254,frame_006540.jpg,006540
0,Right,20,0.5797895193099976,0.37494775652885437,0.027219753712415695,1113,404,artificial_jewellery,video_20260404_120254,frame_006540.jpg,006540
1,Left,0,0.7289355397224426,0.49723345041275024,-3.2037988262345607e-07,1399,537,artificial_jewellery,video_20260404_120254,frame_006540.jpg,006540
1,Left,1,0.6842290759086609,0.513529360294342,-0.02905331738293171,1313,554,artificial_jewellery,video_20260404_120254,frame_006540.jpg,006540
1,Left,2,0.6569616794586182,0.47062599658966064,-0.04161499813199043,1261,508,artificial_jewellery,video_20260404_120254,frame_006540.jpg,006540
1,Left,3,0.6456838846206665,0.3997670114040375,-0.045411594212055206,1239,431,artificial_jewellery,video_20260404_120254,frame_006540.jpg,006540
1,Left,4,0.6350656151771545,0.34992745518684387,-0.04482148960232735,1219,377,artificial_jewellery,video_20260404_120254,frame_006540.jpg,006540
1,Left,5,0.7020747661590576,0.3809191584587097,-0.05919906124472618,1347,411,artificial_jewellery,video_20260404_120254,frame_006540.jpg,006540
1,Left,6,0.6545242071151733,0.2909046411514282,-0.06323160976171494,1256,314,artificial_jewellery,video_20260404_120254,frame_006540.jpg,006540
1,Left,7,0.6354407072067261,0.31673553586006165,-0.05129469558596611,1220,342,artificial_jewellery,video_20260404_120254,frame_006540.jpg,006540
1,Left,8,0.6368005275726318,0.34851810336112976,-0.041228316724300385,1222,376,artificial_jewellery,video_20260404_120254,frame_006540.jpg,006540
1,Left,9,0.722394585609436,0.3503163754940033,-0.04329782724380493,1386,378,artificial_jewellery,video_20260404_120254,frame_006540.jpg,006540
1,Left,10,0.6672791242599487,0.2656618654727936,-0.05362963303923607,1281,286,artificial_jewellery,video_20260404_120254,frame_006540.jpg,006540
1,Left,11,0.6466533541679382,0.3072490096092224,-0.04172375798225403,1241,331,artificial_jewellery,video_20260404_120254,frame_006540.jpg,006540
1,Left,12,0.6531071066856384,0.3372291028499603,-0.03089657984673977,1253,364,artificial_jewellery,video_20260404_120254,frame_006540.jpg,006540
1,Left,13,0.7320374250411987,0.33582696318626404,-0.026219867169857025,1405,362,artificial_jewellery,video_20260404_120254,frame_006540.jpg,006540
1,Left,14,0.6835228204727173,0.2542167901992798,-0.03570573776960373,1312,274,artificial_jewellery,video_20260404_120254,frame_006540.jpg,006540
1,Left,15,0.6658512353897095,0.2912004590034485,-0.02408575266599655,1278,314,artificial_jewellery,video_20260404_120254,frame_006540.jpg,006540
1,Left,16,0.6726410388946533,0.32261204719543457,-0.013683981262147427,1291,348,artificial_jewellery,video_20260404_120254,frame_006540.jpg,006540
1,Left,17,0.735096275806427,0.3336663246154785,-0.010260856710374355,1411,360,artificial_jewellery,video_20260404_120254,frame_006540.jpg,006540
1,Left,18,0.7001163363456726,0.26471763849258423,-0.018057186156511307,1344,285,artificial_jewellery,video_20260404_120254,frame_006540.jpg,006540
1,Left,19,0.6846007704734802,0.2825918197631836,-0.013369010761380196,1314,305,artificial_jewellery,video_20260404_120254,frame_006540.jpg,006540
1,Left,20,0.6899973750114441,0.3092590570449829,-0.0073778568767011166,1324,333,artificial_jewellery,video_20260404_120254,frame_006540.jpg,006540
0,Left,0,0.7790998220443726,0.41653743386268616,-2.2491231277399493e-07,1495,449,artificial_jewellery,video_20260404_120254,frame_006570.jpg,006570
0,Left,1,0.7320865392684937,0.3925589323043823,-0.025085683912038803,1405,423,artificial_jewellery,video_20260404_120254,frame_006570.jpg,006570
0,Left,2,0.7069810032844543,0.32106730341911316,-0.03441470488905907,1357,346,artificial_jewellery,video_20260404_120254,frame_006570.jpg,006570
0,Left,3,0.6875348091125488,0.2446841150522232,-0.03710923716425896,1320,264,artificial_jewellery,video_20260404_120254,frame_006570.jpg,006570
0,Left,4,0.6628881692886353,0.20157061517238617,-0.03599429130554199,1272,217,artificial_jewellery,video_20260404_120254,frame_006570.jpg,006570
0,Left,5,0.763785183429718,0.24321141839027405,-0.030560936778783798,1466,262,artificial_jewellery,video_20260404_120254,frame_006570.jpg,006570
0,Left,6,0.7339717745780945,0.15413722395896912,-0.027644919231534004,1409,166,artificial_jewellery,video_20260404_120254,frame_006570.jpg,006570
0,Left,7,0.7104966044425964,0.16118037700653076,-0.018578683957457542,1364,174,artificial_jewellery,video_20260404_120254,frame_006570.jpg,006570
0,Left,8,0.6999064087867737,0.18199726939201355,-0.011486855335533619,1343,196,artificial_jewellery,video_20260404_120254,frame_006570.jpg,006570
0,Left,9,0.7894590497016907,0.2322133332490921,-0.015118619427084923,1515,250,artificial_jewellery,video_20260404_120254,frame_006570.jpg,006570
0,Left,10,0.7570233345031738,0.13968828320503235,-0.01586654968559742,1453,150,artificial_jewellery,video_20260404_120254,frame_006570.jpg,006570
0,Left,11,0.7283168435096741,0.15618467330932617,-0.009022208862006664,1398,168,artificial_jewellery,video_20260404_120254,frame_006570.jpg,006570
0,Left,12,0.716206431388855,0.1782754361629486,-0.003156224498525262,1375,192,artificial_jewellery,video_20260404_120254,frame_006570.jpg,006570
0,Left,13,0.8032647967338562,0.23700003325939178,0.0006057912250980735,1542,255,artificial_jewellery,video_20260404_120254,frame_006570.jpg,006570
0,Left,14,0.7769646048545837,0.1477520763874054,-0.0009602049831300974,1491,159,artificial_jewellery,video_20260404_120254,frame_006570.jpg,006570
0,Left,15,0.751410722732544,0.158553808927536,0.004669949412345886,1442,171,artificial_jewellery,video_20260404_120254,frame_006570.jpg,006570
0,Left,16,0.7401589155197144,0.18237264454364777,0.00956482719630003,1421,196,artificial_jewellery,video_20260404_120254,frame_006570.jpg,006570
0,Left,17,0.8087893128395081,0.24775606393814087,0.015239760279655457,1552,267,artificial_jewellery,video_20260404_120254,frame_006570.jpg,006570
0,Left,18,0.7914250493049622,0.17631325125694275,0.013425386510789394,1519,190,artificial_jewellery,video_20260404_120254,frame_006570.jpg,006570
0,Left,19,0.7716576457023621,0.17555385828018188,0.01604560948908329,1481,189,artificial_jewellery,video_20260404_120254,frame_006570.jpg,006570
0,Left,20,0.7627959251403809,0.19256094098091125,0.01930336095392704,1464,207,artificial_jewellery,video_20260404_120254,frame_006570.jpg,006570
1,Right,0,0.46854889392852783,0.5376556515693665,3.4905050938505156e-07,899,580,artificial_jewellery,video_20260404_120254,frame_006570.jpg,006570
1,Right,1,0.4986545741558075,0.47232508659362793,-0.03774883970618248,957,510,artificial_jewellery,video_20260404_120254,frame_006570.jpg,006570
1,Right,2,0.5187822580337524,0.392828106880188,-0.043695077300071716,996,424,artificial_jewellery,video_20260404_120254,frame_006570.jpg,006570
1,Right,3,0.5430797338485718,0.3276329040527344,-0.04111987724900246,1042,353,artificial_jewellery,video_20260404_120254,frame_006570.jpg,006570
1,Right,4,0.5605588555335999,0.2767396569252014,-0.035213954746723175,1076,298,artificial_jewellery,video_20260404_120254,frame_006570.jpg,006570
1,Right,5,0.4546937346458435,0.3314460217952728,-0.012545224279165268,873,357,artificial_jewellery,video_20260404_120254,frame_006570.jpg,006570
1,Right,6,0.4954149127006531,0.25917482376098633,-0.013806529343128204,951,279,artificial_jewellery,video_20260404_120254,frame_006570.jpg,006570
1,Right,7,0.5332248210906982,0.24987027049064636,-0.01901266910135746,1023,269,artificial_jewellery,video_20260404_120254,frame_006570.jpg,006570
1,Right,8,0.5616856813430786,0.25421640276908875,-0.021943213418126106,1078,274,artificial_jewellery,video_20260404_120254,frame_006570.jpg,006570
1,Right,9,0.4510786533355713,0.344060480594635,0.010879306122660637,866,371,artificial_jewellery,video_20260404_120254,frame_006570.jpg,006570
1,Right,10,0.49408212304115295,0.2854938209056854,0.012399859726428986,948,308,artificial_jewellery,video_20260404_120254,frame_006570.jpg,006570
1,Right,11,0.5307424068450928,0.2818969488143921,0.006225104443728924,1019,304,artificial_jewellery,video_20260404_120254,frame_006570.jpg,006570
1,Right,12,0.5584282875061035,0.29107925295829773,0.0010040447814390063,1072,314,artificial_jewellery,video_20260404_120254,frame_006570.jpg,006570
1,Right,13,0.45502734184265137,0.36440131068229675,0.030828921124339104,873,393,artificial_jewellery,video_20260404_120254,frame_006570.jpg,006570
1,Right,14,0.4956458806991577,0.3181276321411133,0.031003562733530998,951,343,artificial_jewellery,video_20260404_120254,frame_006570.jpg,006570
1,Right,15,0.5244410634040833,0.31393569707870483,0.021720070391893387,1006,339,artificial_jewellery,video_20260404_120254,frame_006570.jpg,006570
1,Right,16,0.5471011400222778,0.32653793692588806,0.015111192129552364,1050,352,artificial_jewellery,video_20260404_120254,frame_006570.jpg,006570
1,Right,17,0.4617306888103485,0.383731871843338,0.047655943781137466,886,414,artificial_jewellery,video_20260404_120254,frame_006570.jpg,006570
1,Right,18,0.4940178096294403,0.34951889514923096,0.04630151018500328,948,377,artificial_jewellery,video_20260404_120254,frame_006570.jpg,006570
1,Right,19,0.516115665435791,0.3446184992790222,0.04028473049402237,990,372,artificial_jewellery,video_20260404_120254,frame_006570.jpg,006570
1,Right,20,0.5345595479011536,0.35433536767959595,0.03708898648619652,1026,382,artificial_jewellery,video_20260404_120254,frame_006570.jpg,006570
0,Right,0,0.4488386809825897,0.5058403015136719,2.829118557201582e-07,861,546,artificial_jewellery,video_20260404_120254,frame_006720.jpg,006720
0,Right,1,0.47472482919692993,0.43599164485931396,-0.03243972361087799,911,470,artificial_jewellery,video_20260404_120254,frame_006720.jpg,006720
0,Right,2,0.494072824716568,0.3593742251396179,-0.031333595514297485,948,388,artificial_jewellery,video_20260404_120254,frame_006720.jpg,006720
0,Right,3,0.5167255997657776,0.30636265873908997,-0.022159961983561516,992,330,artificial_jewellery,video_20260404_120254,frame_006720.jpg,006720
0,Right,4,0.5358392000198364,0.2710193991661072,-0.00957693811506033,1028,292,artificial_jewellery,video_20260404_120254,frame_006720.jpg,006720
0,Right,5,0.43204572796821594,0.3048396706581116,0.0030151628889143467,829,329,artificial_jewellery,video_20260404_120254,frame_006720.jpg,006720
0,Right,6,0.45999011397361755,0.23356258869171143,0.007062805816531181,883,252,artificial_jewellery,video_20260404_120254,frame_006720.jpg,006720
0,Right,7,0.492674320936203,0.22418057918548584,0.003950953017920256,945,242,artificial_jewellery,video_20260404_120254,frame_006720.jpg,006720
0,Right,8,0.5173524022102356,0.23071853816509247,0.0018557622097432613,993,249,artificial_jewellery,video_20260404_120254,frame_006720.jpg,006720
0,Right,9,0.4344782531261444,0.31844574213027954,0.025372160598635674,834,343,artificial_jewellery,video_20260404_120254,frame_006720.jpg,006720
0,Right,10,0.4638915956020355,0.2551480531692505,0.03175432235002518,890,275,artificial_jewellery,video_20260404_120254,frame_006720.jpg,006720
0,Right,11,0.49622464179992676,0.24688193202018738,0.025366397574543953,952,266,artificial_jewellery,video_20260404_120254,frame_006720.jpg,006720
0,Right,12,0.5227410793304443,0.251106321811676,0.019619708880782127,1003,271,artificial_jewellery,video_20260404_120254,frame_006720.jpg,006720
0,Right,13,0.44080328941345215,0.3386181890964508,0.04364477097988129,846,365,artificial_jewellery,video_20260404_120254,frame_006720.jpg,006720
0,Right,14,0.4693666696548462,0.28799042105674744,0.046069614589214325,901,311,artificial_jewellery,video_20260404_120254,frame_006720.jpg,006720
0,Right,15,0.4968218207359314,0.27578362822532654,0.032425351440906525,953,297,artificial_jewellery,video_20260404_120254,frame_006720.jpg,006720
0,Right,16,0.5207698345184326,0.2803216576576233,0.022510653361678123,999,302,artificial_jewellery,video_20260404_120254,frame_006720.jpg,006720
0,Right,17,0.4485461711883545,0.35811781883239746,0.059327635914087296,861,386,artificial_jewellery,video_20260404_120254,frame_006720.jpg,006720
0,Right,18,0.472694456577301,0.3200797438621521,0.056773364543914795,907,345,artificial_jewellery,video_20260404_120254,frame_006720.jpg,006720
0,Right,19,0.4928283095359802,0.30877798795700073,0.045844461768865585,946,333,artificial_jewellery,video_20260404_120254,frame_006720.jpg,006720
0,Right,20,0.5112137794494629,0.30924102663993835,0.038602299988269806,981,333,artificial_jewellery,video_20260404_120254,frame_006720.jpg,006720
1,Left,0,0.7788223624229431,0.37109121680259705,-2.1040960973550682e-07,1495,400,artificial_jewellery,video_20260404_120254,frame_006720.jpg,006720
1,Left,1,0.7342898845672607,0.3360298275947571,-0.023727575317025185,1409,362,artificial_jewellery,video_20260404_120254,frame_006720.jpg,006720
1,Left,2,0.7087118029594421,0.2746525704860687,-0.032025374472141266,1360,296,artificial_jewellery,video_20260404_120254,frame_006720.jpg,006720
1,Left,3,0.687597393989563,0.21512645483016968,-0.03430451825261116,1320,232,artificial_jewellery,video_20260404_120254,frame_006720.jpg,006720
1,Left,4,0.6756179332733154,0.17583021521568298,-0.03301727771759033,1297,189,artificial_jewellery,video_20260404_120254,frame_006720.jpg,006720
1,Left,5,0.7593029141426086,0.1792362481355667,-0.019025305286049843,1457,193,artificial_jewellery,video_20260404_120254,frame_006720.jpg,006720
1,Left,6,0.7346652746200562,0.11255716532468796,-0.009151962585747242,1410,121,artificial_jewellery,video_20260404_120254,frame_006720.jpg,006720
1,Left,7,0.712632417678833,0.12976005673408508,0.0016047615790739655,1368,140,artificial_jewellery,video_20260404_120254,frame_006720.jpg,006720
1,Left,8,0.7026710510253906,0.16081586480140686,0.008830397389829159,1349,173,artificial_jewellery,video_20260404_120254,frame_006720.jpg,006720
1,Left,9,0.7835453748703003,0.18452084064483643,-0.003051102627068758,1504,199,artificial_jewellery,video_20260404_120254,frame_006720.jpg,006720
1,Left,10,0.7538352608680725,0.1401360034942627,0.01027210894972086,1447,151,artificial_jewellery,video_20260404_120254,frame_006720.jpg,006720
1,Left,11,0.730635941028595,0.15931621193885803,0.017463138327002525,1402,172,artificial_jewellery,video_20260404_120254,frame_006720.jpg,006720
1,Left,12,0.7201962471008301,0.1805776059627533,0.01989024505019188,1382,195,artificial_jewellery,video_20260404_120254,frame_006720.jpg,006720
1,Left,13,0.7978466749191284,0.20517893135547638,0.012986802496016026,1531,221,artificial_jewellery,video_20260404_120254,frame_006720.jpg,006720
1,Left,14,0.769148051738739,0.17125476896762848,0.024830199778079987,1476,184,artificial_jewellery,video_20260404_120254,frame_006720.jpg,006720
1,Left,15,0.75111323595047,0.181588813662529,0.029742104932665825,1442,196,artificial_jewellery,video_20260404_120254,frame_006720.jpg,006720
1,Left,16,0.7414905428886414,0.2027885764837265,0.029865611344575882,1423,219,artificial_jewellery,video_20260404_120254,frame_006720.jpg,006720
1,Left,17,0.8047329783439636,0.23006226122379303,0.027476472780108452,1545,248,artificial_jewellery,video_20260404_120254,frame_006720.jpg,006720
1,Left,18,0.7821797132492065,0.19878558814525604,0.03462791442871094,1501,214,artificial_jewellery,video_20260404_120254,frame_006720.jpg,006720
1,Left,19,0.7682621479034424,0.20281046628952026,0.03940735384821892,1475,219,artificial_jewellery,video_20260404_120254,frame_006720.jpg,006720
1,Left,20,0.7609509825706482,0.22110290825366974,0.042314980179071426,1461,238,artificial_jewellery,video_20260404_120254,frame_006720.jpg,006720
0,Right,0,0.464740127325058,0.49741417169570923,4.2715407744253753e-07,892,537,artificial_jewellery,video_20260404_120254,frame_006960.jpg,006960
0,Right,1,0.49840763211250305,0.47220152616500854,-0.04637717455625534,956,509,artificial_jewellery,video_20260404_120254,frame_006960.jpg,006960
0,Right,2,0.5331227779388428,0.41552942991256714,-0.05879920721054077,1023,448,artificial_jewellery,video_20260404_120254,frame_006960.jpg,006960
0,Right,3,0.5709993243217468,0.36328455805778503,-0.06128385663032532,1096,392,artificial_jewellery,video_20260404_120254,frame_006960.jpg,006960
0,Right,4,0.5995951294898987,0.3134988844394684,-0.060234133154153824,1151,338,artificial_jewellery,video_20260404_120254,frame_006960.jpg,006960
0,Right,5,0.48968222737312317,0.29674288630485535,-0.022326543927192688,940,320,artificial_jewellery,video_20260404_120254,frame_006960.jpg,006960
0,Right,6,0.5393565893173218,0.2309541404247284,-0.02716679498553276,1035,249,artificial_jewellery,video_20260404_120254,frame_006960.jpg,006960
0,Right,7,0.5747358202934265,0.23580019176006317,-0.035638656467199326,1103,254,artificial_jewellery,video_20260404_120254,frame_006960.jpg,006960
0,Right,8,0.5974142551422119,0.25525152683258057,-0.040782343596220016,1147,275,artificial_jewellery,video_20260404_120254,frame_006960.jpg,006960
0,Right,9,0.4931681454181671,0.30272746086120605,0.003348286496475339,946,326,artificial_jewellery,video_20260404_120254,frame_006960.jpg,006960
0,Right,10,0.5424708127975464,0.24732932448387146,0.0010447259992361069,1041,267,artificial_jewellery,video_20260404_120254,frame_006960.jpg,006960
0,Right,11,0.5778452157974243,0.2547313868999481,-0.009526563808321953,1109,275,artificial_jewellery,video_20260404_120254,frame_006960.jpg,006960
0,Right,12,0.6025152802467346,0.2788112759590149,-0.017504340037703514,1156,301,artificial_jewellery,video_20260404_120254,frame_006960.jpg,006960
0,Right,13,0.49937230348587036,0.3205958604812622,0.025069791823625565,958,346,artificial_jewellery,video_20260404_120254,frame_006960.jpg,006960
0,Right,14,0.543393075466156,0.27870768308639526,0.021706881001591682,1043,301,artificial_jewellery,video_20260404_120254,frame_006960.jpg,006960
0,Right,15,0.5743355751037598,0.2814100384712219,0.008816725574433804,1102,303,artificial_jewellery,video_20260404_120254,frame_006960.jpg,006960
0,Right,16,0.5972495675086975,0.30226579308509827,-0.00026855574105866253,1146,326,artificial_jewellery,video_20260404_120254,frame_006960.jpg,006960
0,Right,17,0.507026195526123,0.3423055410385132,0.0432516448199749,973,369,artificial_jewellery,video_20260404_120254,frame_006960.jpg,006960
0,Right,18,0.5426767468452454,0.3108983337879181,0.03683919459581375,1041,335,artificial_jewellery,video_20260404_120254,frame_006960.jpg,006960
0,Right,19,0.5675109624862671,0.3121725916862488,0.027263937518000603,1089,337,artificial_jewellery,video_20260404_120254,frame_006960.jpg,006960
0,Right,20,0.5875167846679688,0.32761144638061523,0.021650783717632294,1128,353,artificial_jewellery,video_20260404_120254,frame_006960.jpg,006960
0,Right,0,0.36029937863349915,0.5171816945075989,2.4762996986282815e-08,691,558,artificial_jewellery,video_20260404_120254,frame_009300.jpg,009300
0,Right,1,0.40965747833251953,0.4473724365234375,0.004538046661764383,786,483,artificial_jewellery,video_20260404_120254,frame_009300.jpg,009300
0,Right,2,0.4237602651119232,0.35890424251556396,0.011965486221015453,813,387,artificial_jewellery,video_20260404_120254,frame_009300.jpg,009300
0,Right,3,0.42305988073349,0.2849773168563843,0.021553700789809227,812,307,artificial_jewellery,video_20260404_120254,frame_009300.jpg,009300
0,Right,4,0.4275742471218109,0.23934721946716309,0.03350973129272461,820,258,artificial_jewellery,video_20260404_120254,frame_009300.jpg,009300
0,Right,5,0.3722693622112274,0.26676473021507263,-0.0010649559553712606,714,288,artificial_jewellery,video_20260404_120254,frame_009300.jpg,009300
0,Right,6,0.3891497552394867,0.19092366099357605,0.007878575474023819,747,206,artificial_jewellery,video_20260404_120254,frame_009300.jpg,009300
0,Right,7,0.4090558588504791,0.19145122170448303,0.01721225678920746,785,206,artificial_jewellery,video_20260404_120254,frame_009300.jpg,009300
0,Right,8,0.42031726241111755,0.20932084321975708,0.02412695437669754,807,226,artificial_jewellery,video_20260404_120254,frame_009300.jpg,009300
0,Right,9,0.33752039074897766,0.2796262204647064,0.0018234805902466178,648,301,artificial_jewellery,video_20260404_120254,frame_009300.jpg,009300
0,Right,10,0.3550541400909424,0.19146163761615753,0.01183764636516571,681,206,artificial_jewellery,video_20260404_120254,frame_009300.jpg,009300
0,Right,11,0.37833958864212036,0.198750838637352,0.020431727170944214,726,214,artificial_jewellery,video_20260404_120254,frame_009300.jpg,009300
0,Right,12,0.3902320861816406,0.22393587231636047,0.02607320062816143,749,241,artificial_jewellery,video_20260404_120254,frame_009300.jpg,009300
0,Right,13,0.31571534276008606,0.3089064359664917,0.006946627516299486,606,333,artificial_jewellery,video_20260404_120254,frame_009300.jpg,009300
0,Right,14,0.3317786157131195,0.2389393448829651,0.01742928847670555,637,258,artificial_jewellery,video_20260404_120254,frame_009300.jpg,009300
0,Right,15,0.35270464420318604,0.24264264106750488,0.023571684956550598,677,262,artificial_jewellery,video_20260404_120254,frame_009300.jpg,009300
0,Right,16,0.36420735716819763,0.2645915448665619,0.025822071358561516,699,285,artificial_jewellery,video_20260404_120254,frame_009300.jpg,009300
0,Right,17,0.3033270537853241,0.3445175588130951,0.012890582904219627,582,372,artificial_jewellery,video_20260404_120254,frame_009300.jpg,009300
0,Right,18,0.31737107038497925,0.29241082072257996,0.022241590544581413,609,315,artificial_jewellery,video_20260404_120254,frame_009300.jpg,009300
0,Right,19,0.33460792899131775,0.2919616997241974,0.029397109523415565,642,315,artificial_jewellery,video_20260404_120254,frame_009300.jpg,009300
0,Right,20,0.34589773416519165,0.30822670459747314,0.034533265978097916,664,332,artificial_jewellery,video_20260404_120254,frame_009300.jpg,009300
1,Left,0,0.7331005334854126,0.5023207664489746,-2.710200419642206e-07,1407,542,artificial_jewellery,video_20260404_120254,frame_009300.jpg,009300
1,Left,1,0.6882386207580566,0.516571044921875,-0.045910079032182693,1321,557,artificial_jewellery,video_20260404_120254,frame_009300.jpg,009300
1,Left,2,0.6487367153167725,0.4690944254398346,-0.06951335817575455,1245,506,artificial_jewellery,video_20260404_120254,frame_009300.jpg,009300
1,Left,3,0.6269538402557373,0.39632242918014526,-0.07863590121269226,1203,428,artificial_jewellery,video_20260404_120254,frame_009300.jpg,009300
1,Left,4,0.6088582277297974,0.3452065885066986,-0.08485385030508041,1169,372,artificial_jewellery,video_20260404_120254,frame_009300.jpg,009300
1,Left,5,0.7164873480796814,0.4138796627521515,-0.09939701110124588,1375,446,artificial_jewellery,video_20260404_120254,frame_009300.jpg,009300
1,Left,6,0.6560930609703064,0.33284884691238403,-0.11575799435377121,1259,359,artificial_jewellery,video_20260404_120254,frame_009300.jpg,009300
1,Left,7,0.6201973557472229,0.31734606623649597,-0.11334359645843506,1190,342,artificial_jewellery,video_20260404_120254,frame_009300.jpg,009300
1,Left,8,0.59483802318573,0.3168641924858093,-0.10933813452720642,1142,342,artificial_jewellery,video_20260404_120254,frame_009300.jpg,009300
1,Left,9,0.7358604669570923,0.37092024087905884,-0.07632411271333694,1412,400,artificial_jewellery,video_20260404_120254,frame_009300.jpg,009300
1,Left,10,0.6666473746299744,0.30508363246917725,-0.09138612449169159,1279,329,artificial_jewellery,video_20260404_120254,frame_009300.jpg,009300
1,Left,11,0.6380873322486877,0.32562389969825745,-0.08263394236564636,1225,351,artificial_jewellery,video_20260404_120254,frame_009300.jpg,009300
1,Left,12,0.6277567744255066,0.35339292883872986,-0.07664283365011215,1205,381,artificial_jewellery,video_20260404_120254,frame_009300.jpg,009300
1,Left,13,0.7406743168830872,0.3418595492839813,-0.0519411526620388,1422,369,artificial_jewellery,video_20260404_120254,frame_009300.jpg,009300
1,Left,14,0.674663782119751,0.29381322860717773,-0.06395304948091507,1295,317,artificial_jewellery,video_20260404_120254,frame_009300.jpg,009300
1,Left,15,0.6532915830612183,0.31732478737831116,-0.05554196611046791,1254,342,artificial_jewellery,video_20260404_120254,frame_009300.jpg,009300
1,Left,16,0.6487536430358887,0.34364834427833557,-0.050088103860616684,1245,371,artificial_jewellery,video_20260404_120254,frame_009300.jpg,009300
1,Left,17,0.7373991012573242,0.323777437210083,-0.029921503737568855,1415,349,artificial_jewellery,video_20260404_120254,frame_009300.jpg,009300
1,Left,18,0.6874840259552002,0.2987601161003113,-0.044322460889816284,1319,322,artificial_jewellery,video_20260404_120254,frame_009300.jpg,009300
1,Left,19,0.6695792078971863,0.3192537724971771,-0.04577437788248062,1285,344,artificial_jewellery,video_20260404_120254,frame_009300.jpg,009300
1,Left,20,0.6660512685775757,0.34023141860961914,-0.045405495911836624,1278,367,artificial_jewellery,video_20260404_120254,frame_009300.jpg,009300
0,Right,0,0.3551862835884094,0.4493219256401062,2.96279495159979e-07,681,485,artificial_jewellery,video_20260404_120254,frame_009330.jpg,009330
0,Right,1,0.39914724230766296,0.40211302042007446,-0.028252609074115753,766,434,artificial_jewellery,video_20260404_120254,frame_009330.jpg,009330
0,Right,2,0.4161263108253479,0.3184295892715454,-0.02423686906695366,798,343,artificial_jewellery,video_20260404_120254,frame_009330.jpg,009330
0,Right,3,0.4341990649700165,0.2651326358318329,-0.010264064185321331,833,286,artificial_jewellery,video_20260404_120254,frame_009330.jpg,009330
0,Right,4,0.45606863498687744,0.23673595488071442,0.008456801064312458,875,255,artificial_jewellery,video_20260404_120254,frame_009330.jpg,009330
0,Right,5,0.3565402328968048,0.24409997463226318,-0.005918802693486214,684,263,artificial_jewellery,video_20260404_120254,frame_009330.jpg,009330
0,Right,6,0.3925468921661377,0.17970052361488342,0.002777257701382041,753,194,artificial_jewellery,video_20260404_120254,frame_009330.jpg,009330
0,Right,7,0.4252849221229553,0.18256497383117676,0.0063538020476698875,816,197,artificial_jewellery,video_20260404_120254,frame_009330.jpg,009330
0,Right,8,0.4478647708892822,0.19576077163219452,0.009515909478068352,859,211,artificial_jewellery,video_20260404_120254,frame_009330.jpg,009330
0,Right,9,0.3369171619415283,0.2578510046005249,0.01828475296497345,646,278,artificial_jewellery,video_20260404_120254,frame_009330.jpg,009330
0,Right,10,0.3791217803955078,0.1891326606273651,0.02687058039009571,727,204,artificial_jewellery,video_20260404_120254,frame_009330.jpg,009330
0,Right,11,0.4149548411369324,0.18849584460258484,0.02858157642185688,796,203,artificial_jewellery,video_20260404_120254,frame_009330.jpg,009330
0,Right,12,0.442550390958786,0.2014559805393219,0.03014238364994526,849,217,artificial_jewellery,video_20260404_120254,frame_009330.jpg,009330
0,Right,13,0.32974815368652344,0.27901196479797363,0.04027301445603371,633,301,artificial_jewellery,video_20260404_120254,frame_009330.jpg,009330
0,Right,14,0.3697769343852997,0.2166210114955902,0.0463937446475029,709,233,artificial_jewellery,video_20260404_120254,frame_009330.jpg,009330
0,Right,15,0.40231144428253174,0.2084570676088333,0.04037150368094444,772,225,artificial_jewellery,video_20260404_120254,frame_009330.jpg,009330
0,Right,16,0.42909306287765503,0.21615619957447052,0.03686489537358284,823,233,artificial_jewellery,video_20260404_120254,frame_009330.jpg,009330
0,Right,17,0.3330424129962921,0.29891568422317505,0.06047247350215912,639,322,artificial_jewellery,video_20260404_120254,frame_009330.jpg,009330
0,Right,18,0.36114174127578735,0.24008187651634216,0.06382051855325699,693,259,artificial_jewellery,video_20260404_120254,frame_009330.jpg,009330
0,Right,19,0.3852602541446686,0.22916537523269653,0.05930599570274353,739,247,artificial_jewellery,video_20260404_120254,frame_009330.jpg,009330
0,Right,20,0.40738359093666077,0.23383554816246033,0.056969959288835526,782,252,artificial_jewellery,video_20260404_120254,frame_009330.jpg,009330
