hand_id,handedness,object_label,object_source,object_conf,x1,y1,x2,y2,fingertips_inside,min_tip_dist_px,domain,video_stem,frame_id
0,Left,person,yolo,0.6144738793373108,438.7935791015625,42.405303955078125,1875.5936279296875,1067.0654296875,5,0.0,artificial_jewellery,video_20260404_115542,90
0,Left,small_object_proposal,heuristic,1.0,1023.0,218.0,1080.0,262.0,3,0.0,artificial_jewellery,video_20260404_115542,90
1,Right,person,yolo,0.6144738793373108,438.7935791015625,42.405303955078125,1875.5936279296875,1067.0654296875,5,0.0,artificial_jewellery,video_20260404_115542,90
1,Right,small_object_proposal,heuristic,1.0,967.0,52.0,1031.0,130.0,0,13.0,artificial_jewellery,video_20260404_115542,90
1,Right,small_object_proposal,heuristic,1.0,1023.0,218.0,1080.0,262.0,0,7.0,artificial_jewellery,video_20260404_115542,90
0,Left,person,yolo,0.4690355956554413,197.811767578125,6.111968994140625,1756.479248046875,1068.0355224609375,5,0.0,artificial_jewellery,video_20260404_115542,150
0,Left,small_object_proposal,heuristic,1.0,1261.0,404.0,1313.0,448.0,1,0.0,artificial_jewellery,video_20260404_115542,150
0,Left,small_object_proposal,heuristic,1.0,1241.0,397.0,1274.0,464.0,0,4.0,artificial_jewellery,video_20260404_115542,150
1,Right,person,yolo,0.4690355956554413,197.811767578125,6.111968994140625,1756.479248046875,1068.0355224609375,5,0.0,artificial_jewellery,video_20260404_115542,150
1,Right,small_object_proposal,heuristic,1.0,1117.0,582.0,1137.0,616.0,0,6.0,artificial_jewellery,video_20260404_115542,150
0,Left,person,yolo,0.5234902501106262,486.5626831054687,234.49008178710935,1745.0203857421875,1068.6387939453125,5,0.0,artificial_jewellery,video_20260404_115542,180
0,Left,small_object_proposal,heuristic,1.0,1308.0,371.0,1336.0,416.0,0,11.0,artificial_jewellery,video_20260404_115542,180
1,Right,person,yolo,0.5234902501106262,486.5626831054687,234.49008178710935,1745.0203857421875,1068.6387939453125,5,0.0,artificial_jewellery,video_20260404_115542,180
0,Right,person,yolo,0.6389034390449524,146.63983154296875,30.895843505859375,1730.680419921875,1070.5263671875,5,0.0,artificial_jewellery,video_20260404_115542,210
0,Right,small_object_proposal,heuristic,1.0,1155.0,522.0,1178.0,577.0,0,11.0,artificial_jewellery,video_20260404_115542,210
0,Right,person,yolo,0.4610470831394195,195.7584228515625,250.12921142578125,1748.7322998046875,1070.5023193359375,5,0.0,artificial_jewellery,video_20260404_115542,240
0,Right,small_object_proposal,heuristic,1.0,1145.0,411.0,1178.0,490.0,0,9.0,artificial_jewellery,video_20260404_115542,240
1,Left,person,yolo,0.4610470831394195,195.7584228515625,250.12921142578125,1748.7322998046875,1070.5023193359375,5,0.0,artificial_jewellery,video_20260404_115542,240
1,Left,small_object_proposal,heuristic,1.0,1247.0,402.0,1295.0,455.0,1,0.0,artificial_jewellery,video_20260404_115542,240
0,Right,person,yolo,0.5477555394172668,200.78704833984375,219.8221435546875,1781.6473388671875,1070.2501220703125,5,0.0,artificial_jewellery,video_20260404_115542,270
1,Left,person,yolo,0.5477555394172668,200.78704833984375,219.8221435546875,1781.6473388671875,1070.2501220703125,5,0.0,artificial_jewellery,video_20260404_115542,270
1,Left,small_object_proposal,heuristic,1.0,1310.0,405.0,1329.0,562.0,0,18.0,artificial_jewellery,video_20260404_115542,270
1,Left,small_object_proposal,heuristic,1.0,1270.0,405.0,1309.0,464.0,2,0.0,artificial_jewellery,video_20260404_115542,270
1,Left,small_object_proposal,heuristic,1.0,1366.0,356.0,1413.0,392.0,1,0.0,artificial_jewellery,video_20260404_115542,270
1,Left,small_object_proposal,heuristic,1.0,1266.0,462.0,1296.0,517.0,1,0.0,artificial_jewellery,video_20260404_115542,270
0,Right,person,yolo,0.4689631164073944,241.480224609375,272.95513916015625,1755.2542724609375,1068.78369140625,5,0.0,artificial_jewellery,video_20260404_115542,300
0,Right,bed,yolo,0.3699823915958404,98.1925048828125,10.9244384765625,1769.578857421875,1075.408935546875,5,0.0,artificial_jewellery,video_20260404_115542,300
0,Right,small_object_proposal,heuristic,1.0,1252.0,478.0,1299.0,531.0,0,23.853720883753127,artificial_jewellery,video_20260404_115542,300
1,Left,person,yolo,0.4689631164073944,241.480224609375,272.95513916015625,1755.2542724609375,1068.78369140625,5,0.0,artificial_jewellery,video_20260404_115542,300
1,Left,bed,yolo,0.3699823915958404,98.1925048828125,10.9244384765625,1769.578857421875,1075.408935546875,5,0.0,artificial_jewellery,video_20260404_115542,300
0,Left,person,yolo,0.5885012745857239,243.9561767578125,3.889801025390625,1897.2528076171875,1064.3255615234375,5,0.0,artificial_jewellery,video_20260404_115542,330
0,Left,small_object_proposal,heuristic,1.0,1265.0,364.0,1297.0,429.0,0,13.0,artificial_jewellery,video_20260404_115542,330
1,Right,person,yolo,0.5885012745857239,243.9561767578125,3.889801025390625,1897.2528076171875,1064.3255615234375,5,0.0,artificial_jewellery,video_20260404_115542,330
1,Right,small_object_proposal,heuristic,1.0,1265.0,364.0,1297.0,429.0,0,16.0,artificial_jewellery,video_20260404_115542,330
0,Right,person,yolo,0.6478391885757446,233.0570068359375,25.4146728515625,1907.1075439453125,1067.1580810546875,5,0.0,artificial_jewellery,video_20260404_115542,360
0,Right,small_object_proposal,heuristic,1.0,1279.0,409.0,1324.0,446.0,0,12.206555615733702,artificial_jewellery,video_20260404_115542,360
1,Left,person,yolo,0.6478391885757446,233.0570068359375,25.4146728515625,1907.1075439453125,1067.1580810546875,5,0.0,artificial_jewellery,video_20260404_115542,360
1,Left,small_object_proposal,heuristic,1.0,1299.0,374.0,1401.0,412.0,0,7.0,artificial_jewellery,video_20260404_115542,360
1,Left,small_object_proposal,heuristic,1.0,1339.0,469.0,1389.0,510.0,1,0.0,artificial_jewellery,video_20260404_115542,360
1,Left,small_object_proposal,heuristic,1.0,1353.0,357.0,1399.0,380.0,1,0.0,artificial_jewellery,video_20260404_115542,360
1,Left,small_object_proposal,heuristic,1.0,1342.0,379.0,1392.0,397.0,0,12.0,artificial_jewellery,video_20260404_115542,360
0,Right,person,yolo,0.7127431631088257,230.7777099609375,42.896484375,1912.6790771484375,1071.519287109375,5,0.0,artificial_jewellery,video_20260404_115542,390
1,Left,person,yolo,0.7127431631088257,230.7777099609375,42.896484375,1912.6790771484375,1071.519287109375,5,0.0,artificial_jewellery,video_20260404_115542,390
0,Left,person,yolo,0.6979380249977112,259.290283203125,30.1160888671875,1732.2430419921875,1062.359375,5,0.0,artificial_jewellery,video_20260404_115542,420
0,Left,small_object_proposal,heuristic,1.0,1391.0,420.0,1426.0,495.0,1,0.0,artificial_jewellery,video_20260404_115542,420
1,Right,person,yolo,0.6979380249977112,259.290283203125,30.1160888671875,1732.2430419921875,1062.359375,5,0.0,artificial_jewellery,video_20260404_115542,420
0,Right,person,yolo,0.631456196308136,205.67138671875,1.773651123046875,1913.9410400390625,1058.7037353515625,5,0.0,artificial_jewellery,video_20260404_115542,480
0,Right,small_object_proposal,heuristic,1.0,1422.0,487.0,1448.0,541.0,0,18.0,artificial_jewellery,video_20260404_115542,480
0,Right,person,yolo,0.6442935466766357,234.65240478515625,1.10888671875,1896.4984130859375,1064.9521484375,5,0.0,artificial_jewellery,video_20260404_115542,510
0,Right,small_object_proposal,heuristic,1.0,1184.0,507.0,1230.0,534.0,1,0.0,artificial_jewellery,video_20260404_115542,510
0,Right,person,yolo,0.6693453192710876,58.6278076171875,10.8709716796875,1910.9107666015625,1066.3927001953125,5,0.0,artificial_jewellery,video_20260404_115542,540
0,Right,small_object_proposal,heuristic,1.0,1202.0,520.0,1287.0,568.0,1,0.0,artificial_jewellery,video_20260404_115542,540
0,Right,small_object_proposal,heuristic,1.0,1355.0,516.0,1404.0,581.0,2,0.0,artificial_jewellery,video_20260404_115542,540
0,Right,small_object_proposal,heuristic,1.0,1385.0,527.0,1419.0,588.0,1,0.0,artificial_jewellery,video_20260404_115542,540
0,Right,person,yolo,0.4391308724880218,63.262939453125,4.436187744140625,1914.029296875,1069.429931640625,5,0.0,artificial_jewellery,video_20260404_115542,570
0,Right,person,yolo,0.6755982041358948,204.963134765625,27.80877685546875,1910.404541015625,1067.5880126953125,5,0.0,artificial_jewellery,video_20260404_115542,630
0,Right,person,yolo,0.2841218113899231,205.8380126953125,192.6097412109375,1278.4013671875,991.5421142578124,5,0.0,artificial_jewellery,video_20260404_115542,630
0,Left,person,yolo,0.290741890668869,9.78167724609375,5.01104736328125,1908.281982421875,1067.718505859375,5,0.0,artificial_jewellery,video_20260404_115542,690
0,Left,person,yolo,0.7085174322128296,105.781494140625,54.3372802734375,1814.6865234375,1066.60107421875,5,0.0,artificial_jewellery,video_20260404_115542,750
0,Left,small_object_proposal,heuristic,1.0,1233.0,290.0,1293.0,356.0,0,2.0,artificial_jewellery,video_20260404_115542,750
1,Right,person,yolo,0.7085174322128296,105.781494140625,54.3372802734375,1814.6865234375,1066.60107421875,5,0.0,artificial_jewellery,video_20260404_115542,750
1,Right,small_object_proposal,heuristic,1.0,1031.0,277.0,1108.0,332.0,2,0.0,artificial_jewellery,video_20260404_115542,750
0,Right,person,yolo,0.6752294301986694,225.087158203125,0.0,1878.4171142578125,1069.55859375,4,0.0,artificial_jewellery,video_20260404_115542,810
1,Left,person,yolo,0.6752294301986694,225.087158203125,0.0,1878.4171142578125,1069.55859375,5,0.0,artificial_jewellery,video_20260404_115542,810
0,Right,person,yolo,0.6612676382064819,69.2596435546875,12.74560546875,1917.35888671875,1064.546875,5,0.0,artificial_jewellery,video_20260404_115542,3060
0,Right,pizza,yolo,0.2549282312393188,1011.71484375,456.1559143066406,1282.8768310546875,585.5962524414062,5,0.0,artificial_jewellery,video_20260404_115542,3060
0,Right,small_object_proposal,heuristic,1.0,1182.0,516.0,1230.0,603.0,2,0.0,artificial_jewellery,video_20260404_115542,3060
0,Right,small_object_proposal,heuristic,1.0,1207.0,539.0,1253.0,581.0,0,4.0,artificial_jewellery,video_20260404_115542,3060
1,Left,person,yolo,0.6612676382064819,69.2596435546875,12.74560546875,1917.35888671875,1064.546875,5,0.0,artificial_jewellery,video_20260404_115542,3060
1,Left,pizza,yolo,0.2549282312393188,1011.71484375,456.1559143066406,1282.8768310546875,585.5962524414062,0,10.1231689453125,artificial_jewellery,video_20260404_115542,3060
1,Left,small_object_proposal,heuristic,1.0,1266.0,660.0,1352.0,701.0,0,17.0,artificial_jewellery,video_20260404_115542,3060
1,Left,small_object_proposal,heuristic,1.0,1304.0,599.0,1387.0,619.0,0,24.020824298928627,artificial_jewellery,video_20260404_115542,3060
0,Right,person,yolo,0.7369299530982971,392.5810546875,45.807861328125,1914.2410888671875,1061.0174560546875,5,0.0,artificial_jewellery,video_20260404_115542,3090
0,Right,person,yolo,0.6079811453819275,291.1494140625,81.50408935546875,1913.4107666015625,1070.6956787109375,5,0.0,artificial_jewellery,video_20260404_115542,3120
0,Right,couch,yolo,0.5908398032188416,24.29241943359375,36.879638671875,1913.668212890625,1073.741455078125,5,0.0,artificial_jewellery,video_20260404_115542,3120
1,Left,person,yolo,0.6079811453819275,291.1494140625,81.50408935546875,1913.4107666015625,1070.6956787109375,5,0.0,artificial_jewellery,video_20260404_115542,3120
1,Left,couch,yolo,0.5908398032188416,24.29241943359375,36.879638671875,1913.668212890625,1073.741455078125,5,0.0,artificial_jewellery,video_20260404_115542,3120
0,Right,couch,yolo,0.6776561141014099,27.77947998046875,33.05035400390625,1912.9718017578125,1068.0904541015625,5,0.0,artificial_jewellery,video_20260404_115542,3150
0,Right,person,yolo,0.3845266103744507,323.2327880859375,100.04718017578124,1905.0439453125,1068.8162841796875,5,0.0,artificial_jewellery,video_20260404_115542,3150
0,Right,person,yolo,0.2674444317817688,13.777313232421877,5.16668701171875,1319.5491943359375,1064.7432861328125,5,0.0,artificial_jewellery,video_20260404_115542,3150
1,Left,couch,yolo,0.6776561141014099,27.77947998046875,33.05035400390625,1912.9718017578125,1068.0904541015625,5,0.0,artificial_jewellery,video_20260404_115542,3150
1,Left,person,yolo,0.3845266103744507,323.2327880859375,100.04718017578124,1905.0439453125,1068.8162841796875,5,0.0,artificial_jewellery,video_20260404_115542,3150
1,Left,person,yolo,0.2674444317817688,13.777313232421877,5.16668701171875,1319.5491943359375,1064.7432861328125,5,0.0,artificial_jewellery,video_20260404_115542,3150
1,Left,small_object_proposal,heuristic,1.0,1223.0,489.0,1263.0,550.0,0,19.026297590440446,artificial_jewellery,video_20260404_115542,3150
1,Left,small_object_proposal,heuristic,1.0,1178.0,527.0,1215.0,582.0,1,0.0,artificial_jewellery,video_20260404_115542,3150
1,Left,small_object_proposal,heuristic,1.0,1260.0,545.0,1307.0,585.0,1,0.0,artificial_jewellery,video_20260404_115542,3150
0,Left,person,yolo,0.7705221772193909,130.5369873046875,23.14105224609375,1917.876708984375,1066.8193359375,5,0.0,artificial_jewellery,video_20260404_115542,3180
1,Right,person,yolo,0.7705221772193909,130.5369873046875,23.14105224609375,1917.876708984375,1066.8193359375,5,0.0,artificial_jewellery,video_20260404_115542,3180
0,Right,person,yolo,0.4349590539932251,2.9600830078125,15.68060302734375,1917.8514404296875,1080.0,5,0.0,artificial_jewellery,video_20260404_115542,3330
0,Right,person,yolo,0.3967128098011017,504.8875122070313,69.15005493164062,1919.830078125,1064.1573486328125,5,0.0,artificial_jewellery,video_20260404_115542,3420
0,Right,person,yolo,0.4967548549175262,505.3757019042969,135.22174072265625,1917.0118408203125,1067.88720703125,5,0.0,artificial_jewellery,video_20260404_115542,3540
0,Right,sandwich,yolo,0.2791776955127716,1044.7581787109375,307.7595520019531,1442.3284912109375,713.5650024414062,5,0.0,artificial_jewellery,video_20260404_115542,3540
0,Right,small_object_proposal,heuristic,1.0,1161.0,390.0,1231.0,437.0,0,22.627416997969522,artificial_jewellery,video_20260404_115542,3540
1,Left,person,yolo,0.4967548549175262,505.3757019042969,135.22174072265625,1917.0118408203125,1067.88720703125,5,0.0,artificial_jewellery,video_20260404_115542,3540
1,Left,sandwich,yolo,0.2791776955127716,1044.7581787109375,307.7595520019531,1442.3284912109375,713.5650024414062,3,0.0,artificial_jewellery,video_20260404_115542,3540
0,Right,person,yolo,0.6029413938522339,266.545166015625,71.493896484375,1912.8963623046875,1063.145263671875,5,0.0,artificial_jewellery,video_20260404_115542,3600
0,Right,person,yolo,0.6877260804176331,191.85662841796875,132.64361572265625,1905.14501953125,1073.3857421875,5,0.0,artificial_jewellery,video_20260404_115542,3630
0,Right,small_object_proposal,heuristic,1.0,1094.0,289.0,1141.0,340.0,1,0.0,artificial_jewellery,video_20260404_115542,3630
0,Right,small_object_proposal,heuristic,1.0,1121.0,279.0,1150.0,313.0,1,0.0,artificial_jewellery,video_20260404_115542,3630
1,Left,person,yolo,0.6877260804176331,191.85662841796875,132.64361572265625,1905.14501953125,1073.3857421875,5,0.0,artificial_jewellery,video_20260404_115542,3630
1,Left,small_object_proposal,heuristic,1.0,1172.0,314.0,1254.0,371.0,3,0.0,artificial_jewellery,video_20260404_115542,3630
1,Left,small_object_proposal,heuristic,1.0,1316.0,327.0,1348.0,385.0,0,14.142135623730951,artificial_jewellery,video_20260404_115542,3630
1,Left,small_object_proposal,heuristic,1.0,1196.0,339.0,1218.0,393.0,1,0.0,artificial_jewellery,video_20260404_115542,3630
0,Left,person,yolo,0.6481813788414001,51.6888427734375,0.45904541015625,1915.79443359375,1066.94677734375,5,0.0,artificial_jewellery,video_20260404_115542,3660
0,Left,small_object_proposal,heuristic,1.0,1378.0,412.0,1409.0,448.0,1,0.0,artificial_jewellery,video_20260404_115542,3660
0,Left,person,yolo,0.7179499864578247,74.088134765625,14.748779296875,1917.9228515625,1077.554931640625,5,0.0,artificial_jewellery,video_20260404_115542,3690
0,Left,small_object_proposal,heuristic,1.0,1131.0,343.0,1170.0,442.0,1,0.0,artificial_jewellery,video_20260404_115542,3690
0,Left,small_object_proposal,heuristic,1.0,1311.0,511.0,1351.0,585.0,0,7.0,artificial_jewellery,video_20260404_115542,3690
0,Right,person,yolo,0.5566362738609314,297.8953857421875,111.51644897460938,1916.5089111328125,1069.0859375,5,0.0,artificial_jewellery,video_20260404_115542,3720
1,Left,person,yolo,0.5566362738609314,297.8953857421875,111.51644897460938,1916.5089111328125,1069.0859375,5,0.0,artificial_jewellery,video_20260404_115542,3720
0,Right,person,yolo,0.5524173378944397,373.7735595703125,17.766082763671875,1920.0,1065.90771484375,5,0.0,artificial_jewellery,video_20260404_115542,3750
0,Right,small_object_proposal,heuristic,1.0,1127.0,428.0,1190.0,483.0,1,0.0,artificial_jewellery,video_20260404_115542,3750
0,Right,person,yolo,0.4625261425971985,136.03765869140625,30.360076904296875,1913.0548095703125,1066.1026611328125,5,0.0,artificial_jewellery,video_20260404_115542,3780
0,Right,small_object_proposal,heuristic,1.0,1140.0,443.0,1238.0,488.0,0,5.0,artificial_jewellery,video_20260404_115542,3780
0,Right,small_object_proposal,heuristic,1.0,1204.0,498.0,1231.0,552.0,1,0.0,artificial_jewellery,video_20260404_115542,3780
0,Right,person,yolo,0.5347578525543213,345.5592041015625,51.4698486328125,1914.17578125,1069.16796875,5,0.0,artificial_jewellery,video_20260404_115542,3810
0,Right,small_object_proposal,heuristic,1.0,1138.0,535.0,1174.0,593.0,0,4.0,artificial_jewellery,video_20260404_115542,3810
0,Right,person,yolo,0.3279675245285034,340.0242919921875,35.677734375,1912.11328125,1075.5362548828125,5,0.0,artificial_jewellery,video_20260404_115542,3840
0,Right,small_object_proposal,heuristic,1.0,1271.0,480.0,1309.0,517.0,1,0.0,artificial_jewellery,video_20260404_115542,3840
0,Right,small_object_proposal,heuristic,1.0,1274.0,441.0,1301.0,483.0,1,0.0,artificial_jewellery,video_20260404_115542,3840
0,Right,small_object_proposal,heuristic,1.0,1251.0,445.0,1272.0,497.0,0,10.0,artificial_jewellery,video_20260404_115542,3840
0,Right,person,yolo,0.5216977596282959,529.579833984375,68.060302734375,1917.4892578125,1065.4127197265625,5,0.0,artificial_jewellery,video_20260404_115542,3870
0,Right,person,yolo,0.4787389636039734,272.19598388671875,93.838623046875,1915.9600830078125,1064.2327880859375,5,0.0,artificial_jewellery,video_20260404_115542,3900
0,Right,person,yolo,0.6360032558441162,234.6097412109375,17.7491455078125,1908.9056396484375,1065.5628662109375,5,0.0,artificial_jewellery,video_20260404_115542,3960
0,Right,person,yolo,0.3261536359786987,529.285888671875,0.8818817138671875,1182.0440673828125,490.5715026855469,5,0.0,artificial_jewellery,video_20260404_115542,3960
0,Right,small_object_proposal,heuristic,1.0,1128.0,217.0,1156.0,288.0,1,0.0,artificial_jewellery,video_20260404_115542,3960
0,Right,person,yolo,0.7360705733299255,152.420654296875,87.2589111328125,1903.904296875,1068.99462890625,5,0.0,artificial_jewellery,video_20260404_115542,3990
0,Right,bed,yolo,0.2924763560295105,169.49066162109375,58.746551513671875,1919.438720703125,1077.32861328125,5,0.0,artificial_jewellery,video_20260404_115542,3990
1,Left,person,yolo,0.7360705733299255,152.420654296875,87.2589111328125,1903.904296875,1068.99462890625,5,0.0,artificial_jewellery,video_20260404_115542,3990
1,Left,bed,yolo,0.2924763560295105,169.49066162109375,58.746551513671875,1919.438720703125,1077.32861328125,5,0.0,artificial_jewellery,video_20260404_115542,3990
1,Left,small_object_proposal,heuristic,1.0,1331.0,290.0,1371.0,352.0,1,0.0,artificial_jewellery,video_20260404_115542,3990
0,Right,person,yolo,0.4855495095252991,237.80035400390625,124.09588623046876,1915.2327880859375,1065.865478515625,5,0.0,artificial_jewellery,video_20260404_115542,4020
0,Right,person,yolo,0.6715492606163025,345.942626953125,35.4327392578125,1915.3212890625,1066.635986328125,5,0.0,artificial_jewellery,video_20260404_115542,4050
0,Right,small_object_proposal,heuristic,1.0,1099.0,412.0,1167.0,471.0,0,24.0,artificial_jewellery,video_20260404_115542,4050
1,Left,person,yolo,0.6715492606163025,345.942626953125,35.4327392578125,1915.3212890625,1066.635986328125,5,0.0,artificial_jewellery,video_20260404_115542,4050
0,Right,person,yolo,0.6059898138046265,354.8045959472656,0.0,1876.1246337890625,1066.2374267578125,5,0.0,artificial_jewellery,video_20260404_115542,4080
0,Right,small_object_proposal,heuristic,1.0,1214.0,312.0,1240.0,402.0,1,0.0,artificial_jewellery,video_20260404_115542,4080
0,Right,person,yolo,0.4960272908210754,13.790771484375,5.571075439453125,1909.8541259765625,1075.1036376953125,5,0.0,artificial_jewellery,video_20260404_115542,4140
0,Right,small_object_proposal,heuristic,1.0,1098.0,380.0,1132.0,424.0,0,19.0,artificial_jewellery,video_20260404_115542,4140
0,Right,person,yolo,0.4278287589550018,112.09002685546876,106.68777465820312,1895.079833984375,1070.2437744140625,5,0.0,artificial_jewellery,video_20260404_115542,4170
0,Right,small_object_proposal,heuristic,1.0,1103.0,391.0,1156.0,428.0,1,0.0,artificial_jewellery,video_20260404_115542,4170
0,Right,small_object_proposal,heuristic,1.0,1096.0,417.0,1126.0,455.0,0,23.0,artificial_jewellery,video_20260404_115542,4170
0,Right,person,yolo,0.6176350712776184,406.16705322265625,111.35165405273438,1918.499267578125,1068.2205810546875,5,0.0,artificial_jewellery,video_20260404_115542,4200
1,Left,person,yolo,0.6176350712776184,406.16705322265625,111.35165405273438,1918.499267578125,1068.2205810546875,5,0.0,artificial_jewellery,video_20260404_115542,4200
0,Right,person,yolo,0.5476980805397034,420.2065734863281,148.75296020507812,1915.1165771484375,1064.802734375,5,0.0,artificial_jewellery,video_20260404_115542,4230
0,Right,small_object_proposal,heuristic,1.0,1245.0,435.0,1302.0,511.0,0,15.0,artificial_jewellery,video_20260404_115542,4230
1,Left,person,yolo,0.5476980805397034,420.2065734863281,148.75296020507812,1915.1165771484375,1064.802734375,5,0.0,artificial_jewellery,video_20260404_115542,4230
1,Left,small_object_proposal,heuristic,1.0,1437.0,345.0,1558.0,386.0,0,4.0,artificial_jewellery,video_20260404_115542,4230
1,Left,small_object_proposal,heuristic,1.0,1377.0,375.0,1423.0,410.0,1,0.0,artificial_jewellery,video_20260404_115542,4230
0,Right,person,yolo,0.5914842486381531,444.046875,230.7425537109375,1918.459716796875,1064.3658447265625,5,0.0,artificial_jewellery,video_20260404_115542,4260
0,Right,donut,yolo,0.4745810925960541,1191.973388671875,381.479736328125,1489.59375,563.7127075195312,2,0.0,artificial_jewellery,video_20260404_115542,4260
0,Right,small_object_proposal,heuristic,1.0,1075.0,360.0,1108.0,405.0,1,0.0,artificial_jewellery,video_20260404_115542,4260
0,Right,small_object_proposal,heuristic,1.0,1218.0,330.0,1243.0,373.0,0,10.0,artificial_jewellery,video_20260404_115542,4260
1,Left,person,yolo,0.5914842486381531,444.046875,230.7425537109375,1918.459716796875,1064.3658447265625,5,0.0,artificial_jewellery,video_20260404_115542,4260
1,Left,donut,yolo,0.4745810925960541,1191.973388671875,381.479736328125,1489.59375,563.7127075195312,1,0.0,artificial_jewellery,video_20260404_115542,4260
0,Right,person,yolo,0.6714867353439331,486.56103515625,62.8758544921875,1915.289794921875,1065.243896484375,5,0.0,artificial_jewellery,video_20260404_115542,4290
0,Right,small_object_proposal,heuristic,1.0,753.0,240.0,826.0,295.0,0,5.0,artificial_jewellery,video_20260404_115542,4290
0,Right,small_object_proposal,heuristic,1.0,830.0,238.0,874.0,302.0,2,0.0,artificial_jewellery,video_20260404_115542,4290
0,Right,small_object_proposal,heuristic,1.0,915.0,163.0,949.0,201.0,1,0.0,artificial_jewellery,video_20260404_115542,4290
0,Left,person,yolo,0.688116192817688,111.919189453125,55.44305419921875,1908.9766845703125,1070.8685302734375,5,0.0,artificial_jewellery,video_20260404_115542,4320
0,Left,small_object_proposal,heuristic,1.0,1212.0,346.0,1261.0,393.0,1,0.0,artificial_jewellery,video_20260404_115542,4320
0,Left,person,yolo,0.7861021757125854,473.616943359375,0.0,1911.60986328125,1062.01318359375,5,0.0,artificial_jewellery,video_20260404_115542,4350
1,Right,person,yolo,0.7861021757125854,473.616943359375,0.0,1911.60986328125,1062.01318359375,5,0.0,artificial_jewellery,video_20260404_115542,4350
1,Right,small_object_proposal,heuristic,1.0,1016.0,406.0,1061.0,479.0,0,14.0,artificial_jewellery,video_20260404_115542,4350
0,Right,person,yolo,0.635996401309967,470.5359497070313,153.47103881835938,1915.871337890625,1066.3692626953125,5,0.0,artificial_jewellery,video_20260404_115542,4380
0,Right,small_object_proposal,heuristic,1.0,1080.0,377.0,1163.0,426.0,0,17.0,artificial_jewellery,video_20260404_115542,4380
1,Left,person,yolo,0.635996401309967,470.5359497070313,153.47103881835938,1915.871337890625,1066.3692626953125,5,0.0,artificial_jewellery,video_20260404_115542,4380
1,Left,small_object_proposal,heuristic,1.0,1309.0,413.0,1351.0,468.0,3,0.0,artificial_jewellery,video_20260404_115542,4380
1,Left,small_object_proposal,heuristic,1.0,1399.0,451.0,1424.0,504.0,0,7.0,artificial_jewellery,video_20260404_115542,4380
0,Right,person,yolo,0.5088015198707581,379.4036865234375,76.48040771484375,1918.1334228515625,1067.4603271484375,5,0.0,artificial_jewellery,video_20260404_115542,4410
0,Right,small_object_proposal,heuristic,1.0,1214.0,456.0,1251.0,503.0,2,0.0,artificial_jewellery,video_20260404_115542,4410
0,Right,small_object_proposal,heuristic,1.0,1114.0,409.0,1210.0,427.0,0,22.47220505424423,artificial_jewellery,video_20260404_115542,4410
0,Left,person,yolo,0.6948114633560181,155.1031494140625,54.5335693359375,1917.44091796875,1068.8880615234375,5,0.0,artificial_jewellery,video_20260404_115542,4440
0,Left,small_object_proposal,heuristic,1.0,1196.0,286.0,1314.0,324.0,0,21.587033144922902,artificial_jewellery,video_20260404_115542,4440
1,Right,person,yolo,0.6948114633560181,155.1031494140625,54.5335693359375,1917.44091796875,1068.8880615234375,5,0.0,artificial_jewellery,video_20260404_115542,4440
1,Right,small_object_proposal,heuristic,1.0,1252.0,386.0,1303.0,433.0,0,16.0312195418814,artificial_jewellery,video_20260404_115542,4440
0,Left,person,yolo,0.7809033989906311,153.3057861328125,188.91375732421875,1914.7283935546875,1069.406005859375,5,0.0,artificial_jewellery,video_20260404_115542,4470
0,Left,small_object_proposal,heuristic,1.0,1314.0,273.0,1389.0,333.0,2,0.0,artificial_jewellery,video_20260404_115542,4470
1,Right,person,yolo,0.7809033989906311,153.3057861328125,188.91375732421875,1914.7283935546875,1069.406005859375,5,0.0,artificial_jewellery,video_20260404_115542,4470
1,Right,small_object_proposal,heuristic,1.0,1256.0,397.0,1307.0,443.0,0,6.708203932499369,artificial_jewellery,video_20260404_115542,4470
1,Right,small_object_proposal,heuristic,1.0,1227.0,367.0,1248.0,416.0,0,2.0,artificial_jewellery,video_20260404_115542,4470
0,Right,person,yolo,0.5878207087516785,494.2939453125,85.08700561523438,1915.1031494140625,1062.8009033203125,5,0.0,artificial_jewellery,video_20260404_115542,4500
0,Right,person,yolo,0.8565676212310791,410.67041015625,0.0,1913.26611328125,1061.5411376953125,2,0.0,artificial_jewellery,video_20260404_115542,4560
1,Left,person,yolo,0.8565676212310791,410.67041015625,0.0,1913.26611328125,1061.5411376953125,5,0.0,artificial_jewellery,video_20260404_115542,4560
1,Left,small_object_proposal,heuristic,1.0,1227.0,276.0,1264.0,340.0,1,0.0,artificial_jewellery,video_20260404_115542,4560
1,Left,small_object_proposal,heuristic,1.0,1311.0,301.0,1330.0,358.0,1,0.0,artificial_jewellery,video_20260404_115542,4560
0,Left,person,yolo,0.7321109771728516,371.73577880859375,23.742828369140625,1914.595458984375,1066.3973388671875,5,0.0,artificial_jewellery,video_20260404_115542,4590
1,Right,person,yolo,0.7321109771728516,371.73577880859375,23.742828369140625,1914.595458984375,1066.3973388671875,5,0.0,artificial_jewellery,video_20260404_115542,4590
0,Right,person,yolo,0.678217887878418,436.2916259765625,154.420166015625,1920.0,1066.9566650390625,5,0.0,artificial_jewellery,video_20260404_115542,4620
0,Right,person,yolo,0.3637215197086334,148.89395141601562,5.05535888671875,1374.869873046875,1063.3828125,5,0.0,artificial_jewellery,video_20260404_115542,4620
1,Left,person,yolo,0.678217887878418,436.2916259765625,154.420166015625,1920.0,1066.9566650390625,5,0.0,artificial_jewellery,video_20260404_115542,4620
1,Left,person,yolo,0.3637215197086334,148.89395141601562,5.05535888671875,1374.869873046875,1063.3828125,3,0.0,artificial_jewellery,video_20260404_115542,4620
1,Left,small_object_proposal,heuristic,1.0,1434.0,368.0,1482.0,398.0,0,4.0,artificial_jewellery,video_20260404_115542,4620
0,Right,person,yolo,0.7948989868164062,483.79925537109375,0.0,1915.795654296875,1059.1224365234375,5,0.0,artificial_jewellery,video_20260404_115542,4650
0,Right,small_object_proposal,heuristic,1.0,1112.0,327.0,1136.0,386.0,2,0.0,artificial_jewellery,video_20260404_115542,4650
0,Right,person,yolo,0.599957287311554,211.2227783203125,95.95376586914062,1914.0594482421875,1068.0032958984375,5,0.0,artificial_jewellery,video_20260404_115542,4680
0,Right,small_object_proposal,heuristic,1.0,1195.0,386.0,1220.0,437.0,0,7.0710678118654755,artificial_jewellery,video_20260404_115542,4680
1,Left,person,yolo,0.599957287311554,211.2227783203125,95.95376586914062,1914.0594482421875,1068.0032958984375,5,0.0,artificial_jewellery,video_20260404_115542,4680
1,Left,small_object_proposal,heuristic,1.0,1340.0,371.0,1400.0,415.0,1,0.0,artificial_jewellery,video_20260404_115542,4680
0,Right,person,yolo,0.686802327632904,485.6207885742187,212.56027221679688,1883.194091796875,1064.7696533203125,5,0.0,artificial_jewellery,video_20260404_115542,4710
1,Left,person,yolo,0.686802327632904,485.6207885742187,212.56027221679688,1883.194091796875,1064.7696533203125,5,0.0,artificial_jewellery,video_20260404_115542,4710
0,Right,person,yolo,0.6631434559822083,95.65960693359376,0.0,1910.703125,1065.8306884765625,5,0.0,artificial_jewellery,video_20260404_115542,4740
0,Right,small_object_proposal,heuristic,1.0,1244.0,475.0,1289.0,509.0,0,14.866068747318506,artificial_jewellery,video_20260404_115542,4740
0,Right,small_object_proposal,heuristic,1.0,1224.0,417.0,1247.0,476.0,1,0.0,artificial_jewellery,video_20260404_115542,4740
1,Left,person,yolo,0.6631434559822083,95.65960693359376,0.0,1910.703125,1065.8306884765625,5,0.0,artificial_jewellery,video_20260404_115542,4740
0,Right,person,yolo,0.7687893509864807,489.0457153320313,73.99566650390625,1896.41162109375,1065.210693359375,5,0.0,artificial_jewellery,video_20260404_115542,4770
0,Right,small_object_proposal,heuristic,1.0,984.0,194.0,1032.0,249.0,1,0.0,artificial_jewellery,video_20260404_115542,4770
0,Right,small_object_proposal,heuristic,1.0,1089.0,156.0,1142.0,180.0,0,24.0,artificial_jewellery,video_20260404_115542,4770
1,Left,person,yolo,0.7687893509864807,489.0457153320313,73.99566650390625,1896.41162109375,1065.210693359375,5,0.0,artificial_jewellery,video_20260404_115542,4770
1,Left,small_object_proposal,heuristic,1.0,1385.0,412.0,1434.0,496.0,1,0.0,artificial_jewellery,video_20260404_115542,4770
1,Left,small_object_proposal,heuristic,1.0,1362.0,679.0,1411.0,734.0,0,10.0,artificial_jewellery,video_20260404_115542,4770
1,Left,small_object_proposal,heuristic,1.0,1318.0,573.0,1362.0,610.0,0,4.0,artificial_jewellery,video_20260404_115542,4770
0,Left,person,yolo,0.6253899335861206,375.116455078125,83.32525634765625,1904.7509765625,1067.5166015625,5,0.0,artificial_jewellery,video_20260404_115542,4800
0,Left,person,yolo,0.6810992956161499,397.6946411132813,130.64913940429688,1912.76513671875,1064.998046875,5,0.0,artificial_jewellery,video_20260404_115542,4830
0,Left,small_object_proposal,heuristic,1.0,1019.0,348.0,1063.0,398.0,1,0.0,artificial_jewellery,video_20260404_115542,4830
1,Right,person,yolo,0.6810992956161499,397.6946411132813,130.64913940429688,1912.76513671875,1064.998046875,5,0.0,artificial_jewellery,video_20260404_115542,4830
0,Right,person,yolo,0.5854829549789429,193.7288818359375,156.17578125,1911.6492919921875,1064.2911376953125,5,0.0,artificial_jewellery,video_20260404_115542,4860
0,Right,person,yolo,0.250257134437561,5.42376708984375,41.1295166015625,1209.97265625,1066.079345703125,5,0.0,artificial_jewellery,video_20260404_115542,4860
0,Right,small_object_proposal,heuristic,1.0,1005.0,319.0,1031.0,383.0,1,0.0,artificial_jewellery,video_20260404_115542,4860
0,Right,small_object_proposal,heuristic,1.0,919.0,351.0,951.0,397.0,0,20.0,artificial_jewellery,video_20260404_115542,4860
0,Right,person,yolo,0.6594915986061096,323.268310546875,169.54925537109375,1887.1343994140625,1067.608642578125,5,0.0,artificial_jewellery,video_20260404_115542,4890
1,Left,person,yolo,0.6594915986061096,323.268310546875,169.54925537109375,1887.1343994140625,1067.608642578125,5,0.0,artificial_jewellery,video_20260404_115542,4890
0,Right,person,yolo,0.7402476072311401,484.0090942382813,168.38250732421875,1919.29150390625,1064.5751953125,5,0.0,artificial_jewellery,video_20260404_115542,4920
0,Right,small_object_proposal,heuristic,1.0,1072.0,408.0,1106.0,459.0,1,0.0,artificial_jewellery,video_20260404_115542,4920
1,Left,person,yolo,0.7402476072311401,484.0090942382813,168.38250732421875,1919.29150390625,1064.5751953125,5,0.0,artificial_jewellery,video_20260404_115542,4920
0,Right,person,yolo,0.5128047466278076,342.79083251953125,102.81161499023438,1901.8472900390625,1063.8790283203125,5,0.0,artificial_jewellery,video_20260404_115542,4950
0,Right,backpack,yolo,0.3174037933349609,777.9523315429688,445.8760070800781,1885.2943115234375,1064.7938232421875,2,0.0,artificial_jewellery,video_20260404_115542,4950
0,Right,small_object_proposal,heuristic,1.0,876.0,374.0,900.0,419.0,0,10.0,artificial_jewellery,video_20260404_115542,4950
0,Right,person,yolo,0.5536530017852783,476.1780395507813,148.5179443359375,1916.51123046875,1066.705078125,5,0.0,artificial_jewellery,video_20260404_115542,4980
1,Left,person,yolo,0.5536530017852783,476.1780395507813,148.5179443359375,1916.51123046875,1066.705078125,5,0.0,artificial_jewellery,video_20260404_115542,4980
1,Left,small_object_proposal,heuristic,1.0,1269.0,305.0,1332.0,370.0,2,0.0,artificial_jewellery,video_20260404_115542,4980
1,Left,small_object_proposal,heuristic,1.0,1224.0,305.0,1267.0,394.0,0,14.0,artificial_jewellery,video_20260404_115542,4980
1,Left,small_object_proposal,heuristic,1.0,1325.0,267.0,1430.0,297.0,0,24.0,artificial_jewellery,video_20260404_115542,4980
1,Left,small_object_proposal,heuristic,1.0,1313.0,294.0,1361.0,324.0,1,0.0,artificial_jewellery,video_20260404_115542,4980
0,Right,person,yolo,0.6110883951187134,504.2351379394531,120.49603271484376,1914.955810546875,1068.572021484375,5,0.0,artificial_jewellery,video_20260404_115542,5010
0,Right,small_object_proposal,heuristic,1.0,1048.0,485.0,1082.0,526.0,1,0.0,artificial_jewellery,video_20260404_115542,5010
1,Left,person,yolo,0.6110883951187134,504.2351379394531,120.49603271484376,1914.955810546875,1068.572021484375,5,0.0,artificial_jewellery,video_20260404_115542,5010
1,Left,small_object_proposal,heuristic,1.0,1224.0,317.0,1256.0,379.0,1,0.0,artificial_jewellery,video_20260404_115542,5010
1,Left,small_object_proposal,heuristic,1.0,1241.0,274.0,1271.0,327.0,0,21.0,artificial_jewellery,video_20260404_115542,5010
0,Right,person,yolo,0.6037009954452515,111.41912841796876,118.58734130859376,1917.932373046875,1072.548828125,5,0.0,artificial_jewellery,video_20260404_115542,5040
1,Left,person,yolo,0.6037009954452515,111.41912841796876,118.58734130859376,1917.932373046875,1072.548828125,5,0.0,artificial_jewellery,video_20260404_115542,5040
0,Right,person,yolo,0.6203129291534424,490.40771484375,182.29733276367188,1915.5623779296875,1069.4759521484375,5,0.0,artificial_jewellery,video_20260404_115542,5070
0,Right,small_object_proposal,heuristic,1.0,1068.0,394.0,1133.0,432.0,0,22.0,artificial_jewellery,video_20260404_115542,5070
0,Right,small_object_proposal,heuristic,1.0,1129.0,443.0,1158.0,480.0,1,0.0,artificial_jewellery,video_20260404_115542,5070
1,Left,person,yolo,0.6203129291534424,490.40771484375,182.29733276367188,1915.5623779296875,1069.4759521484375,5,0.0,artificial_jewellery,video_20260404_115542,5070
0,Right,person,yolo,0.6339001059532166,517.3405151367188,152.68148803710938,1797.77099609375,1066.35498046875,5,0.0,artificial_jewellery,video_20260404_115542,5100
0,Right,small_object_proposal,heuristic,1.0,931.0,341.0,999.0,382.0,1,0.0,artificial_jewellery,video_20260404_115542,5100
1,Left,person,yolo,0.6339001059532166,517.3405151367188,152.68148803710938,1797.77099609375,1066.35498046875,5,0.0,artificial_jewellery,video_20260404_115542,5100
1,Left,small_object_proposal,heuristic,1.0,1175.0,455.0,1214.0,533.0,0,4.0,artificial_jewellery,video_20260404_115542,5100
0,Left,person,yolo,0.6620115637779236,477.0241088867187,84.87350463867188,1714.937255859375,1073.0269775390625,5,0.0,artificial_jewellery,video_20260404_115542,5130
0,Left,person,yolo,0.5181483030319214,413.6163940429687,115.21444702148438,1756.3492431640625,1067.3155517578125,5,0.0,artificial_jewellery,video_20260404_115542,5160
0,Left,small_object_proposal,heuristic,1.0,1180.0,695.0,1235.0,751.0,0,2.0,artificial_jewellery,video_20260404_115542,5160
0,Left,small_object_proposal,heuristic,1.0,1353.0,406.0,1428.0,440.0,1,0.0,artificial_jewellery,video_20260404_115542,5160
0,Left,small_object_proposal,heuristic,1.0,1215.0,717.0,1262.0,771.0,1,0.0,artificial_jewellery,video_20260404_115542,5160
0,Left,person,yolo,0.6496747136116028,485.7907104492187,157.85824584960938,1891.7113037109375,1066.3568115234375,5,0.0,artificial_jewellery,video_20260404_115542,5190
0,Left,small_object_proposal,heuristic,1.0,1114.0,333.0,1153.0,397.0,1,0.0,artificial_jewellery,video_20260404_115542,5190
1,Right,person,yolo,0.6496747136116028,485.7907104492187,157.85824584960938,1891.7113037109375,1066.3568115234375,5,0.0,artificial_jewellery,video_20260404_115542,5190
0,Left,person,yolo,0.734180212020874,441.3870849609375,47.8883056640625,1911.3465576171875,1061.3968505859375,5,0.0,artificial_jewellery,video_20260404_115542,5220
0,Left,small_object_proposal,heuristic,1.0,1356.0,211.0,1384.0,272.0,0,16.1245154965971,artificial_jewellery,video_20260404_115542,5220
1,Right,person,yolo,0.734180212020874,441.3870849609375,47.8883056640625,1911.3465576171875,1061.3968505859375,5,0.0,artificial_jewellery,video_20260404_115542,5220
0,Right,person,yolo,0.5913968682289124,371.5358276367187,15.11407470703125,1907.255859375,1063.196044921875,5,0.0,artificial_jewellery,video_20260404_115542,5250
0,Right,person,yolo,0.2572387754917145,5.93426513671875,4.709564208984375,1238.8765869140625,1057.1944580078125,5,0.0,artificial_jewellery,video_20260404_115542,5250
0,Right,small_object_proposal,heuristic,1.0,1122.0,427.0,1182.0,469.0,0,17.46424919657298,artificial_jewellery,video_20260404_115542,5250
0,Right,small_object_proposal,heuristic,1.0,1108.0,403.0,1136.0,463.0,1,0.0,artificial_jewellery,video_20260404_115542,5250
0,Right,person,yolo,0.6777017712593079,67.8775634765625,4.23907470703125,1904.3577880859375,1059.1087646484375,5,0.0,artificial_jewellery,video_20260404_115542,5280
0,Right,person,yolo,0.5369271636009216,430.015869140625,101.3697509765625,1910.914306640625,1067.5894775390625,5,0.0,artificial_jewellery,video_20260404_115542,5310
1,Left,person,yolo,0.5369271636009216,430.015869140625,101.3697509765625,1910.914306640625,1067.5894775390625,5,0.0,artificial_jewellery,video_20260404_115542,5310
1,Left,small_object_proposal,heuristic,1.0,1305.0,296.0,1393.0,346.0,0,6.0,artificial_jewellery,video_20260404_115542,5310
0,Right,person,yolo,0.5391000509262085,206.68414306640625,79.37786865234375,1916.703125,1067.693603515625,5,0.0,artificial_jewellery,video_20260404_115542,5340
0,Right,small_object_proposal,heuristic,1.0,1221.0,254.0,1267.0,336.0,0,1.0,artificial_jewellery,video_20260404_115542,5340
1,Left,person,yolo,0.5391000509262085,206.68414306640625,79.37786865234375,1916.703125,1067.693603515625,5,0.0,artificial_jewellery,video_20260404_115542,5340
0,Right,person,yolo,0.6139782667160034,114.796142578125,168.6134033203125,1913.0291748046875,1067.1851806640625,5,0.0,artificial_jewellery,video_20260404_115542,5400
0,Right,couch,yolo,0.3190334141254425,18.11004638671875,11.029541015625,1920.0,1065.55126953125,5,0.0,artificial_jewellery,video_20260404_115542,5400
1,Left,person,yolo,0.6139782667160034,114.796142578125,168.6134033203125,1913.0291748046875,1067.1851806640625,5,0.0,artificial_jewellery,video_20260404_115542,5400
1,Left,couch,yolo,0.3190334141254425,18.11004638671875,11.029541015625,1920.0,1065.55126953125,5,0.0,artificial_jewellery,video_20260404_115542,5400
1,Left,small_object_proposal,heuristic,1.0,1327.0,411.0,1410.0,438.0,0,17.0,artificial_jewellery,video_20260404_115542,5400
1,Left,small_object_proposal,heuristic,1.0,1370.0,473.0,1407.0,514.0,0,18.0,artificial_jewellery,video_20260404_115542,5400
0,Right,person,yolo,0.686872124671936,158.18426513671875,0.0,1918.69482421875,1070.0750732421875,5,0.0,artificial_jewellery,video_20260404_115542,5430
0,Right,small_object_proposal,heuristic,1.0,1003.0,66.0,1033.0,111.0,0,10.0,artificial_jewellery,video_20260404_115542,5430
0,Left,person,yolo,0.6593843102455139,368.43304443359375,112.49020385742188,1773.15380859375,1066.98046875,5,0.0,artificial_jewellery,video_20260404_115542,5460
0,Left,small_object_proposal,heuristic,1.0,1155.0,291.0,1184.0,351.0,2,0.0,artificial_jewellery,video_20260404_115542,5460
1,Right,person,yolo,0.6593843102455139,368.43304443359375,112.49020385742188,1773.15380859375,1066.98046875,5,0.0,artificial_jewellery,video_20260404_115542,5460
1,Right,small_object_proposal,heuristic,1.0,1069.0,216.0,1093.0,283.0,0,2.0,artificial_jewellery,video_20260404_115542,5460
0,Left,person,yolo,0.7895885705947876,78.21002197265625,137.5206298828125,1733.6751708984375,1067.952880859375,5,0.0,artificial_jewellery,video_20260404_115542,5490
1,Right,person,yolo,0.7895885705947876,78.21002197265625,137.5206298828125,1733.6751708984375,1067.952880859375,5,0.0,artificial_jewellery,video_20260404_115542,5490
0,Right,person,yolo,0.6821451187133789,85.8072509765625,175.16500854492188,1822.586181640625,1068.215087890625,5,0.0,artificial_jewellery,video_20260404_115542,5520
0,Right,small_object_proposal,heuristic,1.0,976.0,263.0,1054.0,301.0,1,0.0,artificial_jewellery,video_20260404_115542,5520
1,Left,person,yolo,0.6821451187133789,85.8072509765625,175.16500854492188,1822.586181640625,1068.215087890625,5,0.0,artificial_jewellery,video_20260404_115542,5520
0,Left,person,yolo,0.6748760342597961,104.7366943359375,185.28396606445312,1717.46337890625,1069.035888671875,5,0.0,artificial_jewellery,video_20260404_115542,5550
1,Right,person,yolo,0.6748760342597961,104.7366943359375,185.28396606445312,1717.46337890625,1069.035888671875,5,0.0,artificial_jewellery,video_20260404_115542,5550
1,Right,small_object_proposal,heuristic,1.0,1029.0,267.0,1099.0,294.0,1,0.0,artificial_jewellery,video_20260404_115542,5550
1,Right,small_object_proposal,heuristic,1.0,1091.0,241.0,1146.0,273.0,0,14.212670403551895,artificial_jewellery,video_20260404_115542,5550
0,Right,person,yolo,0.6940915584564209,125.228759765625,61.931488037109375,1855.431884765625,1068.32421875,5,0.0,artificial_jewellery,video_20260404_115542,5580
0,Right,small_object_proposal,heuristic,1.0,993.0,194.0,1050.0,256.0,1,0.0,artificial_jewellery,video_20260404_115542,5580
1,Left,person,yolo,0.6940915584564209,125.228759765625,61.931488037109375,1855.431884765625,1068.32421875,5,0.0,artificial_jewellery,video_20260404_115542,5580
1,Left,small_object_proposal,heuristic,1.0,1271.0,337.0,1303.0,384.0,0,23.0,artificial_jewellery,video_20260404_115542,5580
0,Right,person,yolo,0.6782060265541077,102.49420166015624,75.782958984375,1901.968505859375,1066.5140380859375,5,0.0,artificial_jewellery,video_20260404_115542,5610
0,Right,small_object_proposal,heuristic,1.0,1256.0,283.0,1305.0,345.0,0,24.758836806279895,artificial_jewellery,video_20260404_115542,5610
0,Right,person,yolo,0.6728342175483704,95.115966796875,43.713775634765625,1904.1339111328125,1066.5303955078125,5,0.0,artificial_jewellery,video_20260404_115542,5640
1,Left,person,yolo,0.6728342175483704,95.115966796875,43.713775634765625,1904.1339111328125,1066.5303955078125,5,0.0,artificial_jewellery,video_20260404_115542,5640
0,Right,person,yolo,0.6298715472221375,158.7513427734375,2.706298828125,1906.4794921875,1064.375732421875,5,0.0,artificial_jewellery,video_20260404_115542,5670
0,Right,person,yolo,0.6677181124687195,232.2864990234375,0.0,1912.2886962890625,1062.679443359375,5,0.0,artificial_jewellery,video_20260404_115542,5700
0,Right,small_object_proposal,heuristic,1.0,1115.0,409.0,1152.0,492.0,1,0.0,artificial_jewellery,video_20260404_115542,5700
0,Right,person,yolo,0.5891773104667664,440.7859497070313,247.6612243652344,1908.342041015625,1066.359619140625,5,0.0,artificial_jewellery,video_20260404_115542,5730
1,Left,person,yolo,0.5891773104667664,440.7859497070313,247.6612243652344,1908.342041015625,1066.359619140625,5,0.0,artificial_jewellery,video_20260404_115542,5730
0,Right,person,yolo,0.4772312641143799,68.8553466796875,141.77536010742188,1910.54296875,1070.0726318359375,5,0.0,artificial_jewellery,video_20260404_115542,5760
0,Right,small_object_proposal,heuristic,1.0,1125.0,440.0,1207.0,492.0,1,0.0,artificial_jewellery,video_20260404_115542,5760
0,Right,small_object_proposal,heuristic,1.0,1313.0,406.0,1369.0,446.0,0,12.0,artificial_jewellery,video_20260404_115542,5760
0,Right,person,yolo,0.4802683889865875,103.1466064453125,96.27676391601562,1912.3385009765625,1072.785400390625,5,0.0,artificial_jewellery,video_20260404_115542,5790
0,Right,small_object_proposal,heuristic,1.0,1157.0,451.0,1232.0,498.0,1,0.0,artificial_jewellery,video_20260404_115542,5790
0,Right,small_object_proposal,heuristic,1.0,1150.0,445.0,1181.0,478.0,0,6.0,artificial_jewellery,video_20260404_115542,5790
0,Right,person,yolo,0.5937029123306274,102.12872314453124,101.99441528320312,1914.0513916015625,1066.5272216796875,5,0.0,artificial_jewellery,video_20260404_115542,5820
0,Right,person,yolo,0.7584749460220337,122.7623291015625,0.0,1899.0096435546875,1073.9205322265625,5,0.0,artificial_jewellery,video_20260404_115542,6060
1,Left,person,yolo,0.7584749460220337,122.7623291015625,0.0,1899.0096435546875,1073.9205322265625,5,0.0,artificial_jewellery,video_20260404_115542,6060
0,Left,person,yolo,0.7542922496795654,261.07672119140625,10.02593994140625,1905.3212890625,1065.486572265625,5,0.0,artificial_jewellery,video_20260404_115542,6090
1,Right,person,yolo,0.7542922496795654,261.07672119140625,10.02593994140625,1905.3212890625,1065.486572265625,5,0.0,artificial_jewellery,video_20260404_115542,6090
0,Right,person,yolo,0.7017537951469421,168.31365966796875,76.89981079101562,1908.541015625,1069.1239013671875,5,0.0,artificial_jewellery,video_20260404_115542,6120
0,Right,small_object_proposal,heuristic,1.0,1078.0,222.0,1117.0,251.0,0,24.596747752497688,artificial_jewellery,video_20260404_115542,6120
1,Left,person,yolo,0.7017537951469421,168.31365966796875,76.89981079101562,1908.541015625,1069.1239013671875,5,0.0,artificial_jewellery,video_20260404_115542,6120
0,Right,person,yolo,0.7781473398208618,8.370849609375,62.89141845703125,1863.169189453125,1071.454345703125,5,0.0,artificial_jewellery,video_20260404_115542,6150
1,Left,person,yolo,0.7781473398208618,8.370849609375,62.89141845703125,1863.169189453125,1071.454345703125,5,0.0,artificial_jewellery,video_20260404_115542,6150
0,Right,person,yolo,0.8240699768066406,74.12493896484375,0.0,1910.5218505859375,1069.9173583984375,5,0.0,artificial_jewellery,video_20260404_115542,6180
0,Right,hot dog,yolo,0.3086670637130737,960.3323364257812,200.2235107421875,1290.5633544921875,496.5520935058594,4,0.0,artificial_jewellery,video_20260404_115542,6180
1,Left,person,yolo,0.8240699768066406,74.12493896484375,0.0,1910.5218505859375,1069.9173583984375,5,0.0,artificial_jewellery,video_20260404_115542,6180
1,Left,hot dog,yolo,0.3086670637130737,960.3323364257812,200.2235107421875,1290.5633544921875,496.5520935058594,5,0.0,artificial_jewellery,video_20260404_115542,6180
0,Right,person,yolo,0.7370336055755615,109.6856689453125,123.56085205078124,1903.1993408203125,1069.5556640625,5,0.0,artificial_jewellery,video_20260404_115542,6210
0,Right,small_object_proposal,heuristic,1.0,1234.0,248.0,1280.0,271.0,1,0.0,artificial_jewellery,video_20260404_115542,6210
1,Left,person,yolo,0.7370336055755615,109.6856689453125,123.56085205078124,1903.1993408203125,1069.5556640625,5,0.0,artificial_jewellery,video_20260404_115542,6210
1,Left,small_object_proposal,heuristic,1.0,1371.0,387.0,1426.0,421.0,0,14.0,artificial_jewellery,video_20260404_115542,6210
0,Right,person,yolo,0.7817675471305847,116.2489013671875,0.0,1911.05859375,1070.618408203125,5,0.0,artificial_jewellery,video_20260404_115542,6240
0,Left,person,yolo,0.7005061507225037,62.1591796875,0.0,1912.3751220703125,1067.1556396484375,5,0.0,artificial_jewellery,video_20260404_115542,6270
0,Left,small_object_proposal,heuristic,1.0,1401.0,391.0,1455.0,411.0,0,12.0,artificial_jewellery,video_20260404_115542,6270
1,Right,person,yolo,0.7005061507225037,62.1591796875,0.0,1912.3751220703125,1067.1556396484375,5,0.0,artificial_jewellery,video_20260404_115542,6270
1,Right,small_object_proposal,heuristic,1.0,1190.0,629.0,1241.0,722.0,1,0.0,artificial_jewellery,video_20260404_115542,6270
1,Right,small_object_proposal,heuristic,1.0,1153.0,585.0,1187.0,619.0,0,20.615528128088304,artificial_jewellery,video_20260404_115542,6270
0,Left,person,yolo,0.6715183258056641,221.5484619140625,7.60162353515625,1898.444091796875,1063.3568115234375,5,0.0,artificial_jewellery,video_20260404_115542,6300
0,Left,small_object_proposal,heuristic,1.0,1472.0,198.0,1523.0,239.0,0,10.0,artificial_jewellery,video_20260404_115542,6300
1,Right,person,yolo,0.6715183258056641,221.5484619140625,7.60162353515625,1898.444091796875,1063.3568115234375,5,0.0,artificial_jewellery,video_20260404_115542,6300
0,Right,person,yolo,0.7492586374282837,79.91656494140625,14.709228515625,1916.5850830078125,1069.6552734375,5,0.0,artificial_jewellery,video_20260404_115542,6330
0,Left,person,yolo,0.7359125018119812,475.2513732910156,16.17498779296875,1856.3785400390625,1070.209716796875,5,0.0,artificial_jewellery,video_20260404_115542,6450
0,Left,small_object_proposal,heuristic,1.0,1269.0,333.0,1301.0,401.0,0,18.0,artificial_jewellery,video_20260404_115542,6450
1,Right,person,yolo,0.7359125018119812,475.2513732910156,16.17498779296875,1856.3785400390625,1070.209716796875,5,0.0,artificial_jewellery,video_20260404_115542,6450
0,Left,person,yolo,0.6679903268814087,320.757568359375,93.40786743164062,1888.7340087890625,1070.9176025390625,5,0.0,artificial_jewellery,video_20260404_115542,6480
1,Right,person,yolo,0.6679903268814087,320.757568359375,93.40786743164062,1888.7340087890625,1070.9176025390625,5,0.0,artificial_jewellery,video_20260404_115542,6480
1,Right,small_object_proposal,heuristic,1.0,1194.0,249.0,1227.0,299.0,1,0.0,artificial_jewellery,video_20260404_115542,6480
0,Right,person,yolo,0.7410000562667847,119.66729736328124,13.801025390625,1790.735595703125,1075.3692626953125,5,0.0,artificial_jewellery,video_20260404_115542,6510
0,Right,couch,yolo,0.3065354824066162,176.95550537109375,1.072265625,1909.7662353515625,1063.2127685546875,5,0.0,artificial_jewellery,video_20260404_115542,6510
0,Right,small_object_proposal,heuristic,1.0,787.0,339.0,885.0,381.0,0,19.0,artificial_jewellery,video_20260404_115542,6510
1,Left,person,yolo,0.7410000562667847,119.66729736328124,13.801025390625,1790.735595703125,1075.3692626953125,5,0.0,artificial_jewellery,video_20260404_115542,6510
1,Left,couch,yolo,0.3065354824066162,176.95550537109375,1.072265625,1909.7662353515625,1063.2127685546875,5,0.0,artificial_jewellery,video_20260404_115542,6510
0,Right,person,yolo,0.757585346698761,79.43994140625,0.992431640625,1822.0697021484375,1067.01708984375,5,0.0,artificial_jewellery,video_20260404_115542,6540
0,Right,small_object_proposal,heuristic,1.0,1015.0,197.0,1101.0,246.0,1,0.0,artificial_jewellery,video_20260404_115542,6540
0,Right,small_object_proposal,heuristic,1.0,827.0,335.0,864.0,447.0,1,0.0,artificial_jewellery,video_20260404_115542,6540
0,Right,small_object_proposal,heuristic,1.0,969.0,167.0,1013.0,224.0,0,21.2602916254693,artificial_jewellery,video_20260404_115542,6540
0,Right,person,yolo,0.7796615362167358,66.01116943359375,0.0,1866.9869384765625,1066.9486083984375,4,0.0,artificial_jewellery,video_20260404_115542,6600
0,Left,person,yolo,0.8020944595336914,112.818603515625,0.97760009765625,1871.3035888671875,1074.7904052734375,5,0.0,artificial_jewellery,video_20260404_115542,6630
0,Left,person,yolo,0.4106709957122803,364.8446044921875,6.75823974609375,1916.6566162109375,1059.15673828125,5,0.0,artificial_jewellery,video_20260404_115542,6690
0,Left,person,yolo,0.3056917488574981,152.00006103515625,481.7606506347656,1851.9383544921875,1067.4820556640625,5,0.0,artificial_jewellery,video_20260404_115542,6690
0,Left,person,yolo,0.6665824055671692,307.21893310546875,0.399261474609375,1906.7183837890625,1064.170166015625,5,0.0,artificial_jewellery,video_20260404_115542,6720
0,Left,small_object_proposal,heuristic,1.0,1312.0,248.0,1345.0,296.0,0,16.15549442140351,artificial_jewellery,video_20260404_115542,6720
0,Left,person,yolo,0.725519597530365,399.3497314453125,0.0,1891.65576171875,1064.015625,5,0.0,artificial_jewellery,video_20260404_115542,6750
0,Left,person,yolo,0.7424985766410828,114.99591064453124,47.14599609375,1756.8134765625,1060.2513427734375,5,0.0,artificial_jewellery,video_20260404_115542,6810
1,Right,person,yolo,0.7424985766410828,114.99591064453124,47.14599609375,1756.8134765625,1060.2513427734375,5,0.0,artificial_jewellery,video_20260404_115542,6810
1,Right,small_object_proposal,heuristic,1.0,994.0,343.0,1067.0,372.0,0,25.0,artificial_jewellery,video_20260404_115542,6810
1,Right,small_object_proposal,heuristic,1.0,889.0,531.0,938.0,573.0,0,22.825424421026653,artificial_jewellery,video_20260404_115542,6810
0,Right,person,yolo,0.8159524202346802,6.5408935546875,64.1473388671875,1887.7529296875,1074.8316650390625,5,0.0,artificial_jewellery,video_20260404_115542,6840
0,Right,couch,yolo,0.516868531703949,45.917724609375,49.256103515625,1912.8076171875,1068.2392578125,5,0.0,artificial_jewellery,video_20260404_115542,6840
0,Right,small_object_proposal,heuristic,1.0,1039.0,236.0,1070.0,275.0,3,0.0,artificial_jewellery,video_20260404_115542,6840
1,Left,person,yolo,0.8159524202346802,6.5408935546875,64.1473388671875,1887.7529296875,1074.8316650390625,5,0.0,artificial_jewellery,video_20260404_115542,6840
1,Left,couch,yolo,0.516868531703949,45.917724609375,49.256103515625,1912.8076171875,1068.2392578125,5,0.0,artificial_jewellery,video_20260404_115542,6840
1,Left,small_object_proposal,heuristic,1.0,1125.0,139.0,1176.0,168.0,1,0.0,artificial_jewellery,video_20260404_115542,6840
1,Left,small_object_proposal,heuristic,1.0,1186.0,140.0,1223.0,169.0,0,17.0,artificial_jewellery,video_20260404_115542,6840
0,Right,person,yolo,0.771892786026001,7.05963134765625,55.576263427734375,1867.5238037109375,1073.2823486328125,5,0.0,artificial_jewellery,video_20260404_115542,6870
0,Right,couch,yolo,0.5902981162071228,47.10260009765625,41.8985595703125,1911.9185791015625,1067.1900634765625,5,0.0,artificial_jewellery,video_20260404_115542,6870
1,Left,person,yolo,0.771892786026001,7.05963134765625,55.576263427734375,1867.5238037109375,1073.2823486328125,5,0.0,artificial_jewellery,video_20260404_115542,6870
1,Left,couch,yolo,0.5902981162071228,47.10260009765625,41.8985595703125,1911.9185791015625,1067.1900634765625,5,0.0,artificial_jewellery,video_20260404_115542,6870
0,Right,person,yolo,0.7464054822921753,175.0096435546875,93.09466552734376,1887.59326171875,1070.5899658203125,5,0.0,artificial_jewellery,video_20260404_115542,6900
0,Right,couch,yolo,0.6033990979194641,73.49102783203125,40.25848388671875,1913.699462890625,1067.3265380859375,5,0.0,artificial_jewellery,video_20260404_115542,6900
1,Left,person,yolo,0.7464054822921753,175.0096435546875,93.09466552734376,1887.59326171875,1070.5899658203125,5,0.0,artificial_jewellery,video_20260404_115542,6900
1,Left,couch,yolo,0.6033990979194641,73.49102783203125,40.25848388671875,1913.699462890625,1067.3265380859375,5,0.0,artificial_jewellery,video_20260404_115542,6900
1,Left,small_object_proposal,heuristic,1.0,1117.0,333.0,1161.0,379.0,1,0.0,artificial_jewellery,video_20260404_115542,6900
1,Left,small_object_proposal,heuristic,1.0,1120.0,309.0,1150.0,356.0,1,0.0,artificial_jewellery,video_20260404_115542,6900
1,Left,small_object_proposal,heuristic,1.0,1134.0,277.0,1165.0,320.0,1,0.0,artificial_jewellery,video_20260404_115542,6900
0,Right,person,yolo,0.7749248743057251,88.3062744140625,33.301116943359375,1917.8482666015625,1067.7674560546875,5,0.0,artificial_jewellery,video_20260404_115542,6990
0,Right,couch,yolo,0.3265763223171234,0.0,2.97564697265625,1919.086669921875,1061.6119384765625,5,0.0,artificial_jewellery,video_20260404_115542,6990
1,Left,person,yolo,0.7749248743057251,88.3062744140625,33.301116943359375,1917.8482666015625,1067.7674560546875,5,0.0,artificial_jewellery,video_20260404_115542,6990
1,Left,couch,yolo,0.3265763223171234,0.0,2.97564697265625,1919.086669921875,1061.6119384765625,5,0.0,artificial_jewellery,video_20260404_115542,6990
0,Right,person,yolo,0.7042675614356995,20.1939697265625,7.514190673828125,1913.07861328125,1060.02734375,5,0.0,artificial_jewellery,video_20260404_115542,7140
0,Right,couch,yolo,0.3277010321617126,3.27593994140625,4.42657470703125,1850.67822265625,1067.822021484375,5,0.0,artificial_jewellery,video_20260404_115542,7140
0,Right,small_object_proposal,heuristic,1.0,1119.0,368.0,1194.0,392.0,1,0.0,artificial_jewellery,video_20260404_115542,7140
1,Left,person,yolo,0.7042675614356995,20.1939697265625,7.514190673828125,1913.07861328125,1060.02734375,5,0.0,artificial_jewellery,video_20260404_115542,7140
1,Left,couch,yolo,0.3277010321617126,3.27593994140625,4.42657470703125,1850.67822265625,1067.822021484375,5,0.0,artificial_jewellery,video_20260404_115542,7140
0,Left,small_object_proposal,heuristic,1.0,1327.0,531.0,1355.0,596.0,0,4.0,artificial_jewellery,video_20260404_115542,7320
0,Right,person,yolo,0.6757656931877136,458.6261291503906,385.6749572753906,1557.9884033203125,1068.7730712890625,5,0.0,artificial_jewellery,video_20260404_115542,7380
0,Right,small_object_proposal,heuristic,1.0,1426.0,459.0,1475.0,502.0,0,18.439088914585774,artificial_jewellery,video_20260404_115542,7380
1,Left,person,yolo,0.6757656931877136,458.6261291503906,385.6749572753906,1557.9884033203125,1068.7730712890625,5,0.0,artificial_jewellery,video_20260404_115542,7380
1,Left,small_object_proposal,heuristic,1.0,1299.0,618.0,1351.0,693.0,1,0.0,artificial_jewellery,video_20260404_115542,7380
0,Right,person,yolo,0.7016847133636475,481.4089965820313,5.448944091796875,1779.8089599609375,1056.1387939453125,5,0.0,artificial_jewellery,video_20260404_115542,7410
0,Right,small_object_proposal,heuristic,1.0,1077.0,274.0,1116.0,325.0,1,0.0,artificial_jewellery,video_20260404_115542,7410
0,Right,small_object_proposal,heuristic,1.0,1159.0,282.0,1194.0,312.0,0,18.0,artificial_jewellery,video_20260404_115542,7410
0,Right,small_object_proposal,heuristic,1.0,1130.0,304.0,1153.0,345.0,1,0.0,artificial_jewellery,video_20260404_115542,7410
1,Left,person,yolo,0.7016847133636475,481.4089965820313,5.448944091796875,1779.8089599609375,1056.1387939453125,5,0.0,artificial_jewellery,video_20260404_115542,7410
1,Left,small_object_proposal,heuristic,1.0,1370.0,260.0,1419.0,302.0,1,0.0,artificial_jewellery,video_20260404_115542,7410
1,Left,small_object_proposal,heuristic,1.0,1384.0,293.0,1438.0,323.0,1,0.0,artificial_jewellery,video_20260404_115542,7410
0,Left,person,yolo,0.6929531693458557,320.73321533203125,9.80511474609375,1596.8778076171875,1066.603759765625,5,0.0,artificial_jewellery,video_20260404_115542,7440
0,Left,small_object_proposal,heuristic,1.0,1082.0,403.0,1099.0,487.0,0,18.0,artificial_jewellery,video_20260404_115542,7440
1,Right,person,yolo,0.6929531693458557,320.73321533203125,9.80511474609375,1596.8778076171875,1066.603759765625,5,0.0,artificial_jewellery,video_20260404_115542,7440
0,Right,person,yolo,0.7365603446960449,316.41961669921875,95.24807739257812,1745.5810546875,1069.4908447265625,5,0.0,artificial_jewellery,video_20260404_115542,7590
0,Right,couch,yolo,0.4860610067844391,46.138916015625,55.361297607421875,1915.4794921875,1056.092041015625,5,0.0,artificial_jewellery,video_20260404_115542,7590
0,Right,small_object_proposal,heuristic,1.0,853.0,249.0,876.0,315.0,0,12.041594578792296,artificial_jewellery,video_20260404_115542,7590
1,Left,person,yolo,0.7365603446960449,316.41961669921875,95.24807739257812,1745.5810546875,1069.4908447265625,5,0.0,artificial_jewellery,video_20260404_115542,7590
1,Left,couch,yolo,0.4860610067844391,46.138916015625,55.361297607421875,1915.4794921875,1056.092041015625,5,0.0,artificial_jewellery,video_20260404_115542,7590
1,Left,small_object_proposal,heuristic,1.0,1254.0,253.0,1330.0,300.0,1,0.0,artificial_jewellery,video_20260404_115542,7590
1,Left,small_object_proposal,heuristic,1.0,1235.0,350.0,1274.0,397.0,1,0.0,artificial_jewellery,video_20260404_115542,7590
0,Right,person,yolo,0.7245418429374695,323.1156005859375,90.28115844726562,1865.0518798828125,1070.6497802734375,5,0.0,artificial_jewellery,video_20260404_115542,7620
0,Right,couch,yolo,0.6784483790397644,79.7625732421875,54.507568359375,1918.4150390625,1080.0,5,0.0,artificial_jewellery,video_20260404_115542,7620
0,Right,small_object_proposal,heuristic,1.0,1001.0,260.0,1024.0,311.0,1,0.0,artificial_jewellery,video_20260404_115542,7620
1,Left,person,yolo,0.7245418429374695,323.1156005859375,90.28115844726562,1865.0518798828125,1070.6497802734375,5,0.0,artificial_jewellery,video_20260404_115542,7620
1,Left,couch,yolo,0.6784483790397644,79.7625732421875,54.507568359375,1918.4150390625,1080.0,5,0.0,artificial_jewellery,video_20260404_115542,7620
1,Left,small_object_proposal,heuristic,1.0,1151.0,346.0,1185.0,398.0,1,0.0,artificial_jewellery,video_20260404_115542,7620
0,Left,person,yolo,0.788882315158844,293.62554931640625,40.87921142578125,1834.7625732421875,1069.705810546875,5,0.0,artificial_jewellery,video_20260404_115542,7830
0,Left,couch,yolo,0.6876795887947083,108.66741943359376,25.8369140625,1918.5462646484375,1072.889404296875,5,0.0,artificial_jewellery,video_20260404_115542,7830
1,Right,person,yolo,0.788882315158844,293.62554931640625,40.87921142578125,1834.7625732421875,1069.705810546875,5,0.0,artificial_jewellery,video_20260404_115542,7830
1,Right,couch,yolo,0.6876795887947083,108.66741943359376,25.8369140625,1918.5462646484375,1072.889404296875,5,0.0,artificial_jewellery,video_20260404_115542,7830
0,Left,person,yolo,0.7825973629951477,316.21600341796875,47.626007080078125,1801.125732421875,1072.0084228515625,5,0.0,artificial_jewellery,video_20260404_115542,7890
0,Left,couch,yolo,0.7082321643829346,58.540283203125,24.426177978515625,1913.5133056640625,1075.568603515625,5,0.0,artificial_jewellery,video_20260404_115542,7890
0,Left,donut,yolo,0.3086259961128235,973.834716796875,100.6671142578125,1208.72607421875,337.8450012207031,2,0.0,artificial_jewellery,video_20260404_115542,7890
1,Right,person,yolo,0.7825973629951477,316.21600341796875,47.626007080078125,1801.125732421875,1072.0084228515625,5,0.0,artificial_jewellery,video_20260404_115542,7890
1,Right,couch,yolo,0.7082321643829346,58.540283203125,24.426177978515625,1913.5133056640625,1075.568603515625,5,0.0,artificial_jewellery,video_20260404_115542,7890
1,Right,donut,yolo,0.3086259961128235,973.834716796875,100.6671142578125,1208.72607421875,337.8450012207031,5,0.0,artificial_jewellery,video_20260404_115542,7890
0,Right,person,yolo,0.7685059309005737,398.1302490234375,16.3623046875,1889.140869140625,1073.72216796875,5,0.0,artificial_jewellery,video_20260404_115542,8010
0,Right,couch,yolo,0.3508165776729584,112.49176025390624,14.1112060546875,1917.9193115234375,1070.8609619140625,5,0.0,artificial_jewellery,video_20260404_115542,8010
0,Right,small_object_proposal,heuristic,1.0,946.0,193.0,1002.0,264.0,0,25.0,artificial_jewellery,video_20260404_115542,8010
0,Right,small_object_proposal,heuristic,1.0,1044.0,327.0,1079.0,396.0,0,18.35755975068582,artificial_jewellery,video_20260404_115542,8010
0,Right,small_object_proposal,heuristic,1.0,1042.0,248.0,1078.0,290.0,1,0.0,artificial_jewellery,video_20260404_115542,8010
1,Left,person,yolo,0.7685059309005737,398.1302490234375,16.3623046875,1889.140869140625,1073.72216796875,5,0.0,artificial_jewellery,video_20260404_115542,8010
1,Left,couch,yolo,0.3508165776729584,112.49176025390624,14.1112060546875,1917.9193115234375,1070.8609619140625,5,0.0,artificial_jewellery,video_20260404_115542,8010
0,Right,person,yolo,0.7133315801620483,211.2337646484375,3.737823486328125,1917.0850830078125,1068.6185302734375,5,0.0,artificial_jewellery,video_20260404_115542,8070
0,Left,person,yolo,0.7527997493743896,357.9312744140625,0.0,1889.3236083984375,1066.2611083984375,5,0.0,artificial_jewellery,video_20260404_115542,8130
1,Right,person,yolo,0.7527997493743896,357.9312744140625,0.0,1889.3236083984375,1066.2611083984375,5,0.0,artificial_jewellery,video_20260404_115542,8130
1,Right,small_object_proposal,heuristic,1.0,974.0,133.0,1042.0,188.0,0,3.0,artificial_jewellery,video_20260404_115542,8130
1,Right,small_object_proposal,heuristic,1.0,993.0,188.0,1033.0,236.0,0,1.0,artificial_jewellery,video_20260404_115542,8130
1,Right,small_object_proposal,heuristic,1.0,1017.0,169.0,1051.0,206.0,1,0.0,artificial_jewellery,video_20260404_115542,8130
0,Left,person,yolo,0.7480429410934448,372.6075439453125,44.3126220703125,1780.9903564453125,1067.7476806640625,5,0.0,artificial_jewellery,video_20260404_115542,8160
0,Left,couch,yolo,0.5353411436080933,98.288818359375,17.648529052734375,1918.1656494140625,1076.6533203125,5,0.0,artificial_jewellery,video_20260404_115542,8160
1,Right,person,yolo,0.7480429410934448,372.6075439453125,44.3126220703125,1780.9903564453125,1067.7476806640625,5,0.0,artificial_jewellery,video_20260404_115542,8160
1,Right,couch,yolo,0.5353411436080933,98.288818359375,17.648529052734375,1918.1656494140625,1076.6533203125,5,0.0,artificial_jewellery,video_20260404_115542,8160
1,Right,small_object_proposal,heuristic,1.0,846.0,162.0,929.0,208.0,1,0.0,artificial_jewellery,video_20260404_115542,8160
1,Right,small_object_proposal,heuristic,1.0,784.0,193.0,833.0,256.0,0,24.596747752497688,artificial_jewellery,video_20260404_115542,8160
1,Right,small_object_proposal,heuristic,1.0,808.0,277.0,856.0,316.0,1,0.0,artificial_jewellery,video_20260404_115542,8160
0,Left,person,yolo,0.7442426681518555,419.4406127929687,59.34136962890625,1794.6181640625,1067.7938232421875,5,0.0,artificial_jewellery,video_20260404_115542,8190
0,Left,couch,yolo,0.6794328093528748,84.6064453125,22.194488525390625,1914.2431640625,1076.397216796875,5,0.0,artificial_jewellery,video_20260404_115542,8190
1,Right,person,yolo,0.7442426681518555,419.4406127929687,59.34136962890625,1794.6181640625,1067.7938232421875,5,0.0,artificial_jewellery,video_20260404_115542,8190
1,Right,couch,yolo,0.6794328093528748,84.6064453125,22.194488525390625,1914.2431640625,1076.397216796875,5,0.0,artificial_jewellery,video_20260404_115542,8190
1,Right,small_object_proposal,heuristic,1.0,774.0,203.0,812.0,262.0,0,8.246211251235321,artificial_jewellery,video_20260404_115542,8190
1,Right,small_object_proposal,heuristic,1.0,880.0,255.0,909.0,305.0,0,20.518284528683193,artificial_jewellery,video_20260404_115542,8190
0,Left,person,yolo,0.8032763600349426,410.367919921875,35.9765625,1772.2998046875,1070.5616455078125,5,0.0,artificial_jewellery,video_20260404_115542,8220
0,Left,couch,yolo,0.5085867643356323,79.7896728515625,23.774505615234375,1914.618896484375,1075.0155029296875,5,0.0,artificial_jewellery,video_20260404_115542,8220
1,Right,person,yolo,0.8032763600349426,410.367919921875,35.9765625,1772.2998046875,1070.5616455078125,5,0.0,artificial_jewellery,video_20260404_115542,8220
1,Right,couch,yolo,0.5085867643356323,79.7896728515625,23.774505615234375,1914.618896484375,1075.0155029296875,5,0.0,artificial_jewellery,video_20260404_115542,8220
0,Left,couch,yolo,0.6316573023796082,65.647705078125,17.81268310546875,1912.0694580078125,1077.5126953125,5,0.0,artificial_jewellery,video_20260404_115542,8250
0,Left,person,yolo,0.6068016290664673,399.76080322265625,72.54547119140625,1735.5059814453125,1073.1007080078125,5,0.0,artificial_jewellery,video_20260404_115542,8250
0,Left,sandwich,yolo,0.322998434305191,998.6486206054688,110.6322784423828,1209.9017333984375,360.7870788574219,2,0.0,artificial_jewellery,video_20260404_115542,8250
0,Left,small_object_proposal,heuristic,1.0,1157.0,268.0,1202.0,322.0,1,0.0,artificial_jewellery,video_20260404_115542,8250
0,Left,small_object_proposal,heuristic,1.0,1144.0,227.0,1181.0,283.0,1,0.0,artificial_jewellery,video_20260404_115542,8250
0,Left,small_object_proposal,heuristic,1.0,1168.0,308.0,1206.0,353.0,1,0.0,artificial_jewellery,video_20260404_115542,8250
1,Right,couch,yolo,0.6316573023796082,65.647705078125,17.81268310546875,1912.0694580078125,1077.5126953125,5,0.0,artificial_jewellery,video_20260404_115542,8250
1,Right,person,yolo,0.6068016290664673,399.76080322265625,72.54547119140625,1735.5059814453125,1073.1007080078125,5,0.0,artificial_jewellery,video_20260404_115542,8250
1,Right,sandwich,yolo,0.322998434305191,998.6486206054688,110.6322784423828,1209.9017333984375,360.7870788574219,5,0.0,artificial_jewellery,video_20260404_115542,8250
1,Right,small_object_proposal,heuristic,1.0,1144.0,227.0,1181.0,283.0,0,14.0,artificial_jewellery,video_20260404_115542,8250
0,Left,couch,yolo,0.6918013691902161,65.87237548828125,19.891571044921875,1913.1014404296875,1075.1326904296875,5,0.0,artificial_jewellery,video_20260404_115542,8280
0,Left,person,yolo,0.6917250752449036,329.61578369140625,56.4906005859375,1815.930908203125,1074.897216796875,5,0.0,artificial_jewellery,video_20260404_115542,8280
1,Right,couch,yolo,0.6918013691902161,65.87237548828125,19.891571044921875,1913.1014404296875,1075.1326904296875,5,0.0,artificial_jewellery,video_20260404_115542,8280
1,Right,person,yolo,0.6917250752449036,329.61578369140625,56.4906005859375,1815.930908203125,1074.897216796875,5,0.0,artificial_jewellery,video_20260404_115542,8280
1,Right,small_object_proposal,heuristic,1.0,1105.0,244.0,1131.0,290.0,0,14.0,artificial_jewellery,video_20260404_115542,8280
0,Right,couch,yolo,0.6856598258018494,68.671142578125,12.311370849609377,1915.10595703125,1071.21728515625,5,0.0,artificial_jewellery,video_20260404_115542,8310
0,Right,person,yolo,0.6845601201057434,349.6234130859375,167.98855590820312,1777.489013671875,1066.2159423828125,5,0.0,artificial_jewellery,video_20260404_115542,8310
1,Left,couch,yolo,0.6856598258018494,68.671142578125,12.311370849609377,1915.10595703125,1071.21728515625,5,0.0,artificial_jewellery,video_20260404_115542,8310
1,Left,person,yolo,0.6845601201057434,349.6234130859375,167.98855590820312,1777.489013671875,1066.2159423828125,5,0.0,artificial_jewellery,video_20260404_115542,8310
0,Left,person,yolo,0.7145330905914307,439.200439453125,141.7265625,1685.4312744140625,1066.7933349609375,5,0.0,artificial_jewellery,video_20260404_115542,8370
0,Left,couch,yolo,0.45553719997406,121.4857177734375,15.7386474609375,1916.086669921875,1073.85986328125,5,0.0,artificial_jewellery,video_20260404_115542,8370
0,Left,small_object_proposal,heuristic,1.0,1117.0,333.0,1183.0,378.0,0,14.560219778561036,artificial_jewellery,video_20260404_115542,8370
0,Left,small_object_proposal,heuristic,1.0,1179.0,314.0,1226.0,360.0,1,0.0,artificial_jewellery,video_20260404_115542,8370
1,Right,person,yolo,0.7145330905914307,439.200439453125,141.7265625,1685.4312744140625,1066.7933349609375,5,0.0,artificial_jewellery,video_20260404_115542,8370
1,Right,couch,yolo,0.45553719997406,121.4857177734375,15.7386474609375,1916.086669921875,1073.85986328125,5,0.0,artificial_jewellery,video_20260404_115542,8370
1,Right,small_object_proposal,heuristic,1.0,1117.0,333.0,1183.0,378.0,0,15.0,artificial_jewellery,video_20260404_115542,8370
1,Right,small_object_proposal,heuristic,1.0,1020.0,392.0,1061.0,460.0,0,5.0,artificial_jewellery,video_20260404_115542,8370
1,Right,small_object_proposal,heuristic,1.0,1083.0,229.0,1128.0,287.0,0,3.0,artificial_jewellery,video_20260404_115542,8370
1,Right,small_object_proposal,heuristic,1.0,1045.0,289.0,1093.0,343.0,0,7.0,artificial_jewellery,video_20260404_115542,8370
1,Right,small_object_proposal,heuristic,1.0,1071.0,267.0,1107.0,309.0,1,0.0,artificial_jewellery,video_20260404_115542,8370
0,Right,person,yolo,0.7208622694015503,469.5809631347656,158.78631591796875,1717.348388671875,1068.48046875,5,0.0,artificial_jewellery,video_20260404_115542,8400
0,Right,couch,yolo,0.4343200623989105,63.12176513671875,16.664703369140625,1914.6673583984375,1068.14892578125,5,0.0,artificial_jewellery,video_20260404_115542,8400
1,Left,person,yolo,0.7208622694015503,469.5809631347656,158.78631591796875,1717.348388671875,1068.48046875,5,0.0,artificial_jewellery,video_20260404_115542,8400
1,Left,couch,yolo,0.4343200623989105,63.12176513671875,16.664703369140625,1914.6673583984375,1068.14892578125,5,0.0,artificial_jewellery,video_20260404_115542,8400
1,Left,small_object_proposal,heuristic,1.0,1218.0,319.0,1262.0,375.0,0,2.0,artificial_jewellery,video_20260404_115542,8400
1,Left,small_object_proposal,heuristic,1.0,1196.0,310.0,1233.0,350.0,1,0.0,artificial_jewellery,video_20260404_115542,8400
0,Right,person,yolo,0.7189388871192932,469.43206787109375,47.9256591796875,1706.5660400390625,1068.570556640625,5,0.0,artificial_jewellery,video_20260404_115542,8430
0,Right,couch,yolo,0.5061073899269104,113.19525146484376,26.624908447265625,1916.170654296875,1076.6107177734375,5,0.0,artificial_jewellery,video_20260404_115542,8430
1,Left,person,yolo,0.7189388871192932,469.43206787109375,47.9256591796875,1706.5660400390625,1068.570556640625,5,0.0,artificial_jewellery,video_20260404_115542,8430
1,Left,couch,yolo,0.5061073899269104,113.19525146484376,26.624908447265625,1916.170654296875,1076.6107177734375,5,0.0,artificial_jewellery,video_20260404_115542,8430
0,Left,person,yolo,0.8628793954849243,2.641845703125,4.1956787109375,1916.8756103515625,1078.606689453125,5,0.0,artificial_jewellery,video_20260404_115542,8460
0,Left,hot dog,yolo,0.48091521859169,1000.4046020507812,192.6654052734375,1229.478271484375,483.6828918457031,1,0.0,artificial_jewellery,video_20260404_115542,8460
1,Right,person,yolo,0.8628793954849243,2.641845703125,4.1956787109375,1916.8756103515625,1078.606689453125,5,0.0,artificial_jewellery,video_20260404_115542,8460
1,Right,hot dog,yolo,0.48091521859169,1000.4046020507812,192.6654052734375,1229.478271484375,483.6828918457031,4,0.0,artificial_jewellery,video_20260404_115542,8460
0,Left,person,yolo,0.7245369553565979,460.7003173828125,11.166412353515623,1913.820556640625,1068.0374755859375,5,0.0,artificial_jewellery,video_20260404_115542,8490
0,Left,small_object_proposal,heuristic,1.0,1373.0,263.0,1426.0,302.0,0,13.0,artificial_jewellery,video_20260404_115542,8490
1,Right,person,yolo,0.7245369553565979,460.7003173828125,11.166412353515623,1913.820556640625,1068.0374755859375,5,0.0,artificial_jewellery,video_20260404_115542,8490
1,Right,small_object_proposal,heuristic,1.0,937.0,285.0,967.0,345.0,0,18.0,artificial_jewellery,video_20260404_115542,8490
1,Right,small_object_proposal,heuristic,1.0,1067.0,236.0,1094.0,280.0,0,18.0,artificial_jewellery,video_20260404_115542,8490
1,Right,small_object_proposal,heuristic,1.0,946.0,244.0,983.0,276.0,0,24.08318915758459,artificial_jewellery,video_20260404_115542,8490
0,Left,person,yolo,0.6622519493103027,64.83453369140625,0.0,1884.892822265625,1068.777587890625,5,0.0,artificial_jewellery,video_20260404_115542,8550
0,Right,person,yolo,0.7073172330856323,157.9940185546875,1.903472900390625,1867.3033447265625,1056.5845947265625,4,0.0,artificial_jewellery,video_20260404_115542,8580
0,Left,person,yolo,0.8317183256149292,307.70855712890625,19.921600341796875,1900.411865234375,1067.431640625,5,0.0,artificial_jewellery,video_20260404_115542,8610
0,Left,small_object_proposal,heuristic,1.0,1208.0,285.0,1233.0,330.0,1,0.0,artificial_jewellery,video_20260404_115542,8610
1,Right,person,yolo,0.8317183256149292,307.70855712890625,19.921600341796875,1900.411865234375,1067.431640625,5,0.0,artificial_jewellery,video_20260404_115542,8610
1,Right,small_object_proposal,heuristic,1.0,937.0,153.0,1009.0,191.0,0,18.35755975068582,artificial_jewellery,video_20260404_115542,8610
1,Right,small_object_proposal,heuristic,1.0,948.0,205.0,978.0,268.0,1,0.0,artificial_jewellery,video_20260404_115542,8610
1,Right,small_object_proposal,heuristic,1.0,982.0,175.0,1027.0,214.0,1,0.0,artificial_jewellery,video_20260404_115542,8610
0,Right,person,yolo,0.8053871989250183,49.204833984375,0.0,1907.4569091796875,1072.4307861328125,5,0.0,artificial_jewellery,video_20260404_115542,8670
0,Right,small_object_proposal,heuristic,1.0,1200.0,201.0,1237.0,313.0,1,0.0,artificial_jewellery,video_20260404_115542,8670
1,Left,person,yolo,0.8053871989250183,49.204833984375,0.0,1907.4569091796875,1072.4307861328125,5,0.0,artificial_jewellery,video_20260404_115542,8670
0,Right,person,yolo,0.8249609470367432,44.1053466796875,13.601806640625,1826.959716796875,1069.18212890625,5,0.0,artificial_jewellery,video_20260404_115542,8700
0,Right,small_object_proposal,heuristic,1.0,1171.0,164.0,1224.0,215.0,0,10.0,artificial_jewellery,video_20260404_115542,8700
0,Right,small_object_proposal,heuristic,1.0,1186.0,123.0,1228.0,173.0,0,12.0,artificial_jewellery,video_20260404_115542,8700
0,Right,small_object_proposal,heuristic,1.0,1138.0,196.0,1162.0,254.0,0,2.0,artificial_jewellery,video_20260404_115542,8700
1,Left,person,yolo,0.8249609470367432,44.1053466796875,13.601806640625,1826.959716796875,1069.18212890625,5,0.0,artificial_jewellery,video_20260404_115542,8700
1,Left,small_object_proposal,heuristic,1.0,1290.0,384.0,1357.0,428.0,1,0.0,artificial_jewellery,video_20260404_115542,8700
0,Left,person,yolo,0.8048059344291687,50.95440673828125,0.0,1866.106689453125,1068.7357177734375,5,0.0,artificial_jewellery,video_20260404_115542,8760
1,Right,person,yolo,0.8048059344291687,50.95440673828125,0.0,1866.106689453125,1068.7357177734375,5,0.0,artificial_jewellery,video_20260404_115542,8760
0,Right,person,yolo,0.8132423758506775,57.60498046875,14.455352783203123,1815.36767578125,1069.888916015625,5,0.0,artificial_jewellery,video_20260404_115542,8790
1,Left,person,yolo,0.8132423758506775,57.60498046875,14.455352783203123,1815.36767578125,1069.888916015625,5,0.0,artificial_jewellery,video_20260404_115542,8790
1,Left,small_object_proposal,heuristic,1.0,1354.0,282.0,1449.0,306.0,0,17.0,artificial_jewellery,video_20260404_115542,8790
1,Left,small_object_proposal,heuristic,1.0,1363.0,378.0,1389.0,456.0,1,0.0,artificial_jewellery,video_20260404_115542,8790
0,Right,person,yolo,0.7189577221870422,249.73956298828125,27.14776611328125,1857.2139892578125,1068.29296875,5,0.0,artificial_jewellery,video_20260404_115542,8820
0,Right,small_object_proposal,heuristic,1.0,1229.0,98.0,1275.0,176.0,0,5.0,artificial_jewellery,video_20260404_115542,8820
1,Left,person,yolo,0.7189577221870422,249.73956298828125,27.14776611328125,1857.2139892578125,1068.29296875,5,0.0,artificial_jewellery,video_20260404_115542,8820
1,Left,small_object_proposal,heuristic,1.0,1302.0,315.0,1331.0,379.0,0,11.0,artificial_jewellery,video_20260404_115542,8820
0,Right,person,yolo,0.6399409770965576,265.35662841796875,58.80377197265625,1883.6434326171875,1067.4700927734375,5,0.0,artificial_jewellery,video_20260404_115542,8850
0,Right,donut,yolo,0.3280199766159057,1114.1566162109375,93.42902374267578,1346.9154052734375,363.2231140136719,5,0.0,artificial_jewellery,video_20260404_115542,8850
0,Right,small_object_proposal,heuristic,1.0,1190.0,145.0,1236.0,182.0,1,0.0,artificial_jewellery,video_20260404_115542,8850
1,Left,person,yolo,0.6399409770965576,265.35662841796875,58.80377197265625,1883.6434326171875,1067.4700927734375,5,0.0,artificial_jewellery,video_20260404_115542,8850
1,Left,donut,yolo,0.3280199766159057,1114.1566162109375,93.42902374267578,1346.9154052734375,363.2231140136719,2,0.0,artificial_jewellery,video_20260404_115542,8850
0,Right,person,yolo,0.578167200088501,165.66412353515625,52.678802490234375,1915.7200927734375,1062.68017578125,5,0.0,artificial_jewellery,video_20260404_115542,8880
0,Right,small_object_proposal,heuristic,1.0,1263.0,266.0,1296.0,321.0,0,10.0,artificial_jewellery,video_20260404_115542,8880
0,Right,small_object_proposal,heuristic,1.0,1227.0,271.0,1266.0,306.0,0,11.0,artificial_jewellery,video_20260404_115542,8880
1,Left,person,yolo,0.578167200088501,165.66412353515625,52.678802490234375,1915.7200927734375,1062.68017578125,5,0.0,artificial_jewellery,video_20260404_115542,8880
0,Right,person,yolo,0.5714784860610962,20.4407958984375,5.8092041015625,1896.7423095703125,1056.5428466796875,5,0.0,artificial_jewellery,video_20260404_115542,9060
0,Right,tie,yolo,0.2712939381599426,268.45599365234375,372.0918273925781,1788.509033203125,1067.23779296875,5,0.0,artificial_jewellery,video_20260404_115542,9060
0,Right,small_object_proposal,heuristic,1.0,1173.0,606.0,1202.0,667.0,0,2.0,artificial_jewellery,video_20260404_115542,9060
0,Right,person,yolo,0.4625509679317474,390.818115234375,23.064697265625,1920.0,1065.6763916015625,5,0.0,artificial_jewellery,video_20260404_115542,9120
0,Right,sandwich,yolo,0.4393479228019714,1049.7066650390625,455.6731567382813,1388.2086181640625,598.7188110351562,5,0.0,artificial_jewellery,video_20260404_115542,9120
0,Right,couch,yolo,0.2730676233768463,97.6007080078125,14.808563232421877,1915.6322021484375,1065.760009765625,5,0.0,artificial_jewellery,video_20260404_115542,9120
1,Left,person,yolo,0.4625509679317474,390.818115234375,23.064697265625,1920.0,1065.6763916015625,5,0.0,artificial_jewellery,video_20260404_115542,9120
1,Left,couch,yolo,0.2730676233768463,97.6007080078125,14.808563232421877,1915.6322021484375,1065.760009765625,5,0.0,artificial_jewellery,video_20260404_115542,9120
1,Left,small_object_proposal,heuristic,1.0,1397.0,254.0,1433.0,360.0,0,2.0,artificial_jewellery,video_20260404_115542,9120
1,Left,small_object_proposal,heuristic,1.0,1354.0,361.0,1399.0,422.0,0,10.0,artificial_jewellery,video_20260404_115542,9120
0,Right,person,yolo,0.4272844493389129,434.9490966796875,30.96185302734375,1910.4755859375,1063.756103515625,5,0.0,artificial_jewellery,video_20260404_115542,9150
0,Right,pizza,yolo,0.3694801032543182,1064.7261962890625,438.1542053222656,1421.1939697265625,565.5808715820312,5,0.0,artificial_jewellery,video_20260404_115542,9150
0,Right,couch,yolo,0.332508385181427,4.1707763671875,0.0,1918.1773681640625,1062.8189697265625,5,0.0,artificial_jewellery,video_20260404_115542,9150
1,Left,person,yolo,0.4272844493389129,434.9490966796875,30.96185302734375,1910.4755859375,1063.756103515625,5,0.0,artificial_jewellery,video_20260404_115542,9150
1,Left,couch,yolo,0.332508385181427,4.1707763671875,0.0,1918.1773681640625,1062.8189697265625,5,0.0,artificial_jewellery,video_20260404_115542,9150
1,Left,small_object_proposal,heuristic,1.0,1372.0,401.0,1400.0,445.0,0,17.08800749063506,artificial_jewellery,video_20260404_115542,9150
0,Right,person,yolo,0.4397949278354645,66.17340087890625,110.80563354492188,1906.6728515625,1068.991943359375,5,0.0,artificial_jewellery,video_20260404_115542,9180
0,Right,small_object_proposal,heuristic,1.0,1061.0,304.0,1126.0,346.0,1,0.0,artificial_jewellery,video_20260404_115542,9180
0,Right,small_object_proposal,heuristic,1.0,1162.0,342.0,1185.0,443.0,0,19.6468827043885,artificial_jewellery,video_20260404_115542,9180
0,Right,small_object_proposal,heuristic,1.0,1203.0,297.0,1243.0,353.0,0,13.0,artificial_jewellery,video_20260404_115542,9180
0,Right,person,yolo,0.6860989332199097,454.14947509765625,42.09649658203125,1887.06298828125,1057.9654541015625,5,0.0,artificial_jewellery,video_20260404_115542,9210
0,Right,person,yolo,0.2604826688766479,14.053253173828123,26.431549072265625,1341.771728515625,1063.3701171875,5,0.0,artificial_jewellery,video_20260404_115542,9210
0,Right,small_object_proposal,heuristic,1.0,908.0,237.0,976.0,297.0,2,0.0,artificial_jewellery,video_20260404_115542,9210
0,Left,person,yolo,0.5860639214515686,238.8313751220703,238.95968627929688,1693.912353515625,1068.8172607421875,5,0.0,artificial_jewellery,video_20260404_115542,9240
0,Right,person,yolo,0.6446834206581116,511.638427734375,180.4525451660156,1749.415283203125,1065.4339599609375,5,0.0,artificial_jewellery,video_20260404_115542,9270
0,Right,small_object_proposal,heuristic,1.0,1018.0,379.0,1083.0,412.0,0,9.219544457292887,artificial_jewellery,video_20260404_115542,9270
1,Left,person,yolo,0.6446834206581116,511.638427734375,180.4525451660156,1749.415283203125,1065.4339599609375,5,0.0,artificial_jewellery,video_20260404_115542,9270
0,Right,person,yolo,0.5938029289245605,451.72064208984375,159.69525146484375,1907.3975830078125,1071.3306884765625,5,0.0,artificial_jewellery,video_20260404_115542,9300
0,Left,person,yolo,0.673521101474762,68.967041015625,15.22412109375,1891.795166015625,1071.89697265625,5,0.0,artificial_jewellery,video_20260404_115542,9330
0,Left,small_object_proposal,heuristic,1.0,1093.0,695.0,1150.0,758.0,0,20.0,artificial_jewellery,video_20260404_115542,9330
1,Right,person,yolo,0.673521101474762,68.967041015625,15.22412109375,1891.795166015625,1071.89697265625,5,0.0,artificial_jewellery,video_20260404_115542,9330
1,Right,small_object_proposal,heuristic,1.0,1246.0,409.0,1284.0,470.0,0,24.0,artificial_jewellery,video_20260404_115542,9330
1,Right,small_object_proposal,heuristic,1.0,1126.0,355.0,1167.0,389.0,0,17.0,artificial_jewellery,video_20260404_115542,9330
0,Right,person,yolo,0.7390475869178772,258.4207763671875,38.72039794921875,1915.4366455078125,1067.24462890625,5,0.0,artificial_jewellery,video_20260404_115542,9390
0,Right,small_object_proposal,heuristic,1.0,861.0,518.0,931.0,582.0,0,4.123105625617661,artificial_jewellery,video_20260404_115542,9390
0,Right,small_object_proposal,heuristic,1.0,963.0,518.0,1047.0,546.0,0,9.0,artificial_jewellery,video_20260404_115542,9390
0,Right,small_object_proposal,heuristic,1.0,897.0,496.0,939.0,536.0,1,0.0,artificial_jewellery,video_20260404_115542,9390
1,Left,person,yolo,0.7390475869178772,258.4207763671875,38.72039794921875,1915.4366455078125,1067.24462890625,5,0.0,artificial_jewellery,video_20260404_115542,9390
1,Left,small_object_proposal,heuristic,1.0,1240.0,491.0,1285.0,526.0,1,0.0,artificial_jewellery,video_20260404_115542,9390
0,Right,person,yolo,0.7182176113128662,351.85858154296875,40.3875732421875,1904.922119140625,1067.4744873046875,5,0.0,artificial_jewellery,video_20260404_115542,9420
1,Left,person,yolo,0.7182176113128662,351.85858154296875,40.3875732421875,1904.922119140625,1067.4744873046875,5,0.0,artificial_jewellery,video_20260404_115542,9420
0,Right,person,yolo,0.6223739981651306,479.2298583984375,58.633941650390625,1905.28125,1066.10986328125,5,0.0,artificial_jewellery,video_20260404_115542,9450
0,Right,small_object_proposal,heuristic,1.0,1001.0,341.0,1102.0,381.0,0,20.0,artificial_jewellery,video_20260404_115542,9450
0,Right,person,yolo,0.5979329347610474,414.14208984375,149.73651123046875,1916.5382080078125,1068.90966796875,5,0.0,artificial_jewellery,video_20260404_115542,9510
0,Right,person,yolo,0.7563136219978333,487.48150634765625,104.956787109375,1917.9156494140625,1070.5565185546875,5,0.0,artificial_jewellery,video_20260404_115542,9600
0,Right,person,yolo,0.6897006034851074,493.0711669921875,115.52188110351562,1911.06591796875,1073.113037109375,5,0.0,artificial_jewellery,video_20260404_115542,9630
0,Right,small_object_proposal,heuristic,1.0,1170.0,337.0,1223.0,379.0,0,14.317821063276353,artificial_jewellery,video_20260404_115542,9630
0,Right,dining table,yolo,0.3507913947105407,3.1138916015625,1.506866455078125,1858.6834716796875,1064.2945556640625,5,0.0,artificial_jewellery,video_20260404_115542,9660
0,Right,person,yolo,0.3289341032505035,911.032470703125,584.1832275390625,1917.240966796875,1067.1429443359375,5,0.0,artificial_jewellery,video_20260404_115542,9660
0,Right,dining table,yolo,0.4883794784545898,3.9364013671875,2.06396484375,1852.1824951171875,1059.1739501953125,5,0.0,artificial_jewellery,video_20260404_115542,9690
0,Right,person,yolo,0.355873703956604,628.2887573242188,638.3446655273438,1522.811279296875,1071.0418701171875,5,0.0,artificial_jewellery,video_20260404_115542,9690
0,Left,dining table,yolo,0.2869768142700195,0.0,0.0,1761.556396484375,1058.845947265625,5,0.0,artificial_jewellery,video_20260404_115542,9720
0,Left,small_object_proposal,heuristic,1.0,1434.0,633.0,1453.0,689.0,0,10.0,artificial_jewellery,video_20260404_115542,9720
0,Right,person,yolo,0.7609283328056335,491.3876953125,60.17999267578125,1913.5013427734375,1068.078125,5,0.0,artificial_jewellery,video_20260404_115542,9810
0,Right,small_object_proposal,heuristic,1.0,1038.0,494.0,1106.0,548.0,0,4.0,artificial_jewellery,video_20260404_115542,9810
0,Right,small_object_proposal,heuristic,1.0,1154.0,439.0,1212.0,483.0,2,0.0,artificial_jewellery,video_20260404_115542,9810
0,Left,person,yolo,0.8195194005966187,243.46453857421875,5.90606689453125,1912.5770263671875,1066.1473388671875,4,0.0,artificial_jewellery,video_20260404_115542,10110
0,Left,couch,yolo,0.2656079828739166,13.32586669921875,5.0137939453125,1855.1396484375,1065.488525390625,4,0.0,artificial_jewellery,video_20260404_115542,10110
0,Left,small_object_proposal,heuristic,1.0,1313.0,110.0,1358.0,194.0,1,0.0,artificial_jewellery,video_20260404_115542,10110
1,Right,person,yolo,0.8195194005966187,243.46453857421875,5.90606689453125,1912.5770263671875,1066.1473388671875,5,0.0,artificial_jewellery,video_20260404_115542,10110
1,Right,couch,yolo,0.2656079828739166,13.32586669921875,5.0137939453125,1855.1396484375,1065.488525390625,5,0.0,artificial_jewellery,video_20260404_115542,10110
0,Left,person,yolo,0.6971510648727417,105.2783203125,92.28643798828124,1701.6998291015625,1070.862548828125,5,0.0,artificial_jewellery,video_20260404_115542,10170
0,Left,small_object_proposal,heuristic,1.0,1216.0,210.0,1235.0,242.0,0,2.0,artificial_jewellery,video_20260404_115542,10170
0,Right,person,yolo,0.6575256586074829,197.25274658203125,121.23550415039062,1759.6422119140625,1066.4920654296875,5,0.0,artificial_jewellery,video_20260404_115542,10200
0,Right,couch,yolo,0.3425216376781463,50.02239990234375,12.2889404296875,1876.5853271484375,1070.5228271484375,5,0.0,artificial_jewellery,video_20260404_115542,10200
0,Right,small_object_proposal,heuristic,1.0,1078.0,200.0,1104.0,308.0,0,21.93171219946131,artificial_jewellery,video_20260404_115542,10200
0,Right,small_object_proposal,heuristic,1.0,1132.0,192.0,1168.0,231.0,0,20.591260281974,artificial_jewellery,video_20260404_115542,10200
0,Right,person,yolo,0.7927846312522888,172.21929931640625,151.2528076171875,1737.6771240234375,1067.203857421875,5,0.0,artificial_jewellery,video_20260404_115542,10230
1,Left,person,yolo,0.7927846312522888,172.21929931640625,151.2528076171875,1737.6771240234375,1067.203857421875,5,0.0,artificial_jewellery,video_20260404_115542,10230
0,Right,person,yolo,0.7864580154418945,381.2953796386719,78.21112060546875,1912.5634765625,1069.297119140625,5,0.0,artificial_jewellery,video_20260404_115542,10260
0,Right,small_object_proposal,heuristic,1.0,1156.0,253.0,1189.0,335.0,1,0.0,artificial_jewellery,video_20260404_115542,10260
0,Right,small_object_proposal,heuristic,1.0,1204.0,289.0,1259.0,329.0,1,0.0,artificial_jewellery,video_20260404_115542,10260
0,Right,small_object_proposal,heuristic,1.0,1252.0,319.0,1264.0,414.0,1,0.0,artificial_jewellery,video_20260404_115542,10260
1,Left,person,yolo,0.7864580154418945,381.2953796386719,78.21112060546875,1912.5634765625,1069.297119140625,5,0.0,artificial_jewellery,video_20260404_115542,10260
1,Left,small_object_proposal,heuristic,1.0,1372.0,297.0,1397.0,325.0,0,18.0,artificial_jewellery,video_20260404_115542,10260
0,Right,person,yolo,0.7272629141807556,88.839111328125,44.80023193359375,1832.394287109375,1068.8277587890625,5,0.0,artificial_jewellery,video_20260404_115542,10290
0,Right,small_object_proposal,heuristic,1.0,1154.0,417.0,1209.0,445.0,0,3.1622776601683795,artificial_jewellery,video_20260404_115542,10290
0,Right,person,yolo,0.7584382891654968,126.24591064453124,20.990386962890625,1913.120849609375,1066.0806884765625,5,0.0,artificial_jewellery,video_20260404_115542,10440
0,Right,small_object_proposal,heuristic,1.0,992.0,390.0,1042.0,447.0,1,0.0,artificial_jewellery,video_20260404_115542,10440
0,Right,small_object_proposal,heuristic,1.0,1190.0,387.0,1213.0,437.0,0,10.0,artificial_jewellery,video_20260404_115542,10440
1,Left,person,yolo,0.7584382891654968,126.24591064453124,20.990386962890625,1913.120849609375,1066.0806884765625,5,0.0,artificial_jewellery,video_20260404_115542,10440
1,Left,small_object_proposal,heuristic,1.0,1250.0,334.0,1293.0,384.0,0,22.0,artificial_jewellery,video_20260404_115542,10440
1,Left,small_object_proposal,heuristic,1.0,1207.0,266.0,1263.0,303.0,0,8.0,artificial_jewellery,video_20260404_115542,10440
0,Right,person,yolo,0.6807151436805725,97.54559326171876,38.47283935546875,1914.1414794921875,1070.4757080078125,5,0.0,artificial_jewellery,video_20260404_115542,10530
0,Right,small_object_proposal,heuristic,1.0,946.0,430.0,976.0,498.0,0,14.0,artificial_jewellery,video_20260404_115542,10530
0,Right,small_object_proposal,heuristic,1.0,975.0,424.0,1015.0,457.0,1,0.0,artificial_jewellery,video_20260404_115542,10530
0,Right,person,yolo,0.6691930294036865,389.54241943359375,14.979766845703123,1877.3031005859375,1069.54931640625,5,0.0,artificial_jewellery,video_20260404_115542,10560
1,Left,person,yolo,0.6691930294036865,389.54241943359375,14.979766845703123,1877.3031005859375,1069.54931640625,5,0.0,artificial_jewellery,video_20260404_115542,10560
1,Left,small_object_proposal,heuristic,1.0,1331.0,366.0,1366.0,429.0,0,17.11724276862369,artificial_jewellery,video_20260404_115542,10560
0,Right,person,yolo,0.8030117750167847,250.97607421875,0.0,1901.110595703125,1069.340087890625,5,0.0,artificial_jewellery,video_20260404_115542,10590
0,Right,cell phone,yolo,0.6919873952865601,1176.57275390625,1.2843017578125,1350.6719970703125,421.5167541503906,1,0.0,artificial_jewellery,video_20260404_115542,10590
1,Left,person,yolo,0.8030117750167847,250.97607421875,0.0,1901.110595703125,1069.340087890625,5,0.0,artificial_jewellery,video_20260404_115542,10590
1,Left,small_object_proposal,heuristic,1.0,1423.0,288.0,1512.0,343.0,0,12.0,artificial_jewellery,video_20260404_115542,10590
1,Left,small_object_proposal,heuristic,1.0,1476.0,232.0,1507.0,295.0,1,0.0,artificial_jewellery,video_20260404_115542,10590
0,Right,person,yolo,0.758215069770813,223.677978515625,46.100738525390625,1872.195556640625,1065.6258544921875,5,0.0,artificial_jewellery,video_20260404_115542,10620
0,Right,suitcase,yolo,0.2898502647876739,1155.5555419921875,198.05584716796875,1686.3798828125,1003.4628295898438,2,0.0,artificial_jewellery,video_20260404_115542,10620
0,Right,cell phone,yolo,0.2629519999027252,935.3475952148438,331.7701721191406,1112.82763671875,504.6319885253906,2,0.0,artificial_jewellery,video_20260404_115542,10620
0,Right,backpack,yolo,0.2564649283885956,1155.4390869140625,201.51251220703125,1687.3677978515625,998.1604614257812,2,0.0,artificial_jewellery,video_20260404_115542,10620
0,Right,small_object_proposal,heuristic,1.0,1141.0,388.0,1165.0,447.0,0,5.385164807134504,artificial_jewellery,video_20260404_115542,10620
0,Right,small_object_proposal,heuristic,1.0,1169.0,383.0,1192.0,423.0,1,0.0,artificial_jewellery,video_20260404_115542,10620
0,Right,person,yolo,0.721321165561676,183.37225341796875,30.090087890625,1916.151611328125,1071.7178955078125,5,0.0,artificial_jewellery,video_20260404_115542,10650
0,Right,small_object_proposal,heuristic,1.0,1208.0,435.0,1236.0,482.0,0,5.0,artificial_jewellery,video_20260404_115542,10650
0,Right,small_object_proposal,heuristic,1.0,1179.0,373.0,1231.0,393.0,1,0.0,artificial_jewellery,video_20260404_115542,10650
0,Right,person,yolo,0.738523542881012,116.21392822265624,26.322418212890625,1909.663818359375,1070.558349609375,5,0.0,artificial_jewellery,video_20260404_115542,10680
0,Right,small_object_proposal,heuristic,1.0,1108.0,437.0,1143.0,466.0,0,3.0,artificial_jewellery,video_20260404_115542,10680
0,Right,small_object_proposal,heuristic,1.0,1223.0,496.0,1252.0,529.0,0,5.0,artificial_jewellery,video_20260404_115542,10680
0,Right,person,yolo,0.7753663063049316,195.56597900390625,9.643798828125,1909.9659423828125,1071.8199462890625,5,0.0,artificial_jewellery,video_20260404_115542,10710
0,Right,small_object_proposal,heuristic,1.0,1214.0,500.0,1263.0,563.0,1,0.0,artificial_jewellery,video_20260404_115542,10710
0,Right,small_object_proposal,heuristic,1.0,1184.0,487.0,1220.0,546.0,1,0.0,artificial_jewellery,video_20260404_115542,10710
0,Right,small_object_proposal,heuristic,1.0,1191.0,424.0,1252.0,447.0,1,0.0,artificial_jewellery,video_20260404_115542,10710
0,Right,person,yolo,0.7583155035972595,391.3293762207031,21.4185791015625,1910.113037109375,1069.2803955078125,5,0.0,artificial_jewellery,video_20260404_115542,10740
0,Right,cell phone,yolo,0.3509845733642578,1210.9256591796875,19.7054443359375,1393.8817138671875,606.2498168945312,3,0.0,artificial_jewellery,video_20260404_115542,10740
0,Right,small_object_proposal,heuristic,1.0,1191.0,472.0,1241.0,503.0,0,9.0,artificial_jewellery,video_20260404_115542,10740
0,Right,person,yolo,0.5706254243850708,240.2926025390625,18.3812255859375,1919.041259765625,1074.006103515625,5,0.0,artificial_jewellery,video_20260404_115542,10770
0,Right,small_object_proposal,heuristic,1.0,1200.0,472.0,1224.0,516.0,1,0.0,artificial_jewellery,video_20260404_115542,10770
0,Right,person,yolo,0.638273298740387,162.27410888671875,0.0,1908.3165283203125,1069.3604736328125,5,0.0,artificial_jewellery,video_20260404_115542,10800
1,Left,person,yolo,0.638273298740387,162.27410888671875,0.0,1908.3165283203125,1069.3604736328125,5,0.0,artificial_jewellery,video_20260404_115542,10800
0,Right,person,yolo,0.8053439259529114,293.95953369140625,0.0,1884.423095703125,1064.8150634765625,5,0.0,artificial_jewellery,video_20260404_115542,10830
0,Right,small_object_proposal,heuristic,1.0,950.0,319.0,987.0,373.0,0,16.0,artificial_jewellery,video_20260404_115542,10830
0,Right,person,yolo,0.759058952331543,275.80242919921875,182.78741455078125,1732.461181640625,1066.90576171875,5,0.0,artificial_jewellery,video_20260404_115542,10860
0,Right,small_object_proposal,heuristic,1.0,1027.0,320.0,1082.0,368.0,1,0.0,artificial_jewellery,video_20260404_115542,10860
1,Left,person,yolo,0.759058952331543,275.80242919921875,182.78741455078125,1732.461181640625,1066.90576171875,5,0.0,artificial_jewellery,video_20260404_115542,10860
0,Right,person,yolo,0.7692655920982361,369.34625244140625,9.895843505859377,1915.453125,1063.1495361328125,5,0.0,artificial_jewellery,video_20260404_115542,10890
0,Right,small_object_proposal,heuristic,1.0,1050.0,246.0,1172.0,286.0,0,17.0,artificial_jewellery,video_20260404_115542,10890
0,Right,small_object_proposal,heuristic,1.0,1026.0,208.0,1160.0,221.0,0,8.0,artificial_jewellery,video_20260404_115542,10890
1,Left,person,yolo,0.7692655920982361,369.34625244140625,9.895843505859377,1915.453125,1063.1495361328125,5,0.0,artificial_jewellery,video_20260404_115542,10890
1,Left,small_object_proposal,heuristic,1.0,1432.0,300.0,1501.0,360.0,2,0.0,artificial_jewellery,video_20260404_115542,10890
0,Right,person,yolo,0.2634546160697937,196.57077026367188,328.4299621582031,1327.8658447265625,1065.2998046875,5,0.0,artificial_jewellery,video_20260404_115542,10920
0,Right,small_object_proposal,heuristic,1.0,1153.0,643.0,1174.0,673.0,1,0.0,artificial_jewellery,video_20260404_115542,10920
0,Left,person,yolo,0.7137514352798462,396.0446166992187,145.7061767578125,1900.1121826171875,1076.01025390625,5,0.0,artificial_jewellery,video_20260404_115542,10950
0,Left,small_object_proposal,heuristic,1.0,1384.0,408.0,1454.0,435.0,1,0.0,artificial_jewellery,video_20260404_115542,10950
0,Left,small_object_proposal,heuristic,1.0,1382.0,514.0,1426.0,551.0,1,0.0,artificial_jewellery,video_20260404_115542,10950
0,Left,small_object_proposal,heuristic,1.0,1317.0,432.0,1388.0,454.0,0,6.082762530298219,artificial_jewellery,video_20260404_115542,10950
1,Right,person,yolo,0.7137514352798462,396.0446166992187,145.7061767578125,1900.1121826171875,1076.01025390625,5,0.0,artificial_jewellery,video_20260404_115542,10950
0,Right,person,yolo,0.5746815204620361,412.80963134765625,138.02545166015625,1878.6109619140625,1067.7064208984375,5,0.0,artificial_jewellery,video_20260404_115542,10980
0,Right,person,yolo,0.3278362154960632,162.68206787109375,321.29119873046875,1336.756103515625,1065.219970703125,5,0.0,artificial_jewellery,video_20260404_115542,10980
0,Right,person,yolo,0.6467467546463013,406.5333557128906,301.92205810546875,1901.9073486328125,1067.4808349609375,5,0.0,artificial_jewellery,video_20260404_115542,11010
0,Right,small_object_proposal,heuristic,1.0,1227.0,591.0,1244.0,646.0,1,0.0,artificial_jewellery,video_20260404_115542,11010
0,Left,person,yolo,0.6635823249816895,296.91961669921875,12.364471435546877,1889.164794921875,1057.64697265625,5,0.0,artificial_jewellery,video_20260404_115542,11070
0,Left,person,yolo,0.7013019323348999,377.3902893066406,112.94403076171876,1912.6688232421875,1065.0908203125,5,0.0,artificial_jewellery,video_20260404_115542,11100
1,Right,person,yolo,0.7013019323348999,377.3902893066406,112.94403076171876,1912.6688232421875,1065.0908203125,5,0.0,artificial_jewellery,video_20260404_115542,11100
1,Right,small_object_proposal,heuristic,1.0,1118.0,292.0,1172.0,356.0,0,15.0,artificial_jewellery,video_20260404_115542,11100
0,Right,person,yolo,0.7463554739952087,384.8171997070313,38.5880126953125,1904.1826171875,1066.1572265625,5,0.0,artificial_jewellery,video_20260404_115542,11130
1,Left,person,yolo,0.7463554739952087,384.8171997070313,38.5880126953125,1904.1826171875,1066.1572265625,5,0.0,artificial_jewellery,video_20260404_115542,11130
0,Right,person,yolo,0.8005658984184265,526.0559692382812,20.32489013671875,1780.6107177734375,1061.0223388671875,5,0.0,artificial_jewellery,video_20260404_115542,11160
0,Right,donut,yolo,0.2902036011219024,1134.6549072265625,325.3541259765625,1362.021728515625,554.85595703125,3,0.0,artificial_jewellery,video_20260404_115542,11160
0,Right,small_object_proposal,heuristic,1.0,1174.0,386.0,1242.0,455.0,1,0.0,artificial_jewellery,video_20260404_115542,11160
0,Right,small_object_proposal,heuristic,1.0,1095.0,407.0,1139.0,441.0,1,0.0,artificial_jewellery,video_20260404_115542,11160
0,Right,small_object_proposal,heuristic,1.0,1196.0,420.0,1221.0,457.0,0,13.0,artificial_jewellery,video_20260404_115542,11160
1,Left,person,yolo,0.8005658984184265,526.0559692382812,20.32489013671875,1780.6107177734375,1061.0223388671875,5,0.0,artificial_jewellery,video_20260404_115542,11160
1,Left,donut,yolo,0.2902036011219024,1134.6549072265625,325.3541259765625,1362.021728515625,554.85595703125,2,0.0,artificial_jewellery,video_20260404_115542,11160
0,Left,person,yolo,0.7751594185829163,141.08807373046875,136.05194091796875,1897.76953125,1069.31103515625,5,0.0,artificial_jewellery,video_20260404_115542,11190
0,Left,small_object_proposal,heuristic,1.0,1407.0,235.0,1451.0,251.0,0,3.605551275463989,artificial_jewellery,video_20260404_115542,11190
1,Right,person,yolo,0.7751594185829163,141.08807373046875,136.05194091796875,1897.76953125,1069.31103515625,5,0.0,artificial_jewellery,video_20260404_115542,11190
1,Right,small_object_proposal,heuristic,1.0,1086.0,374.0,1131.0,407.0,0,6.0,artificial_jewellery,video_20260404_115542,11190
0,Right,person,yolo,0.768463134765625,146.86322021484375,70.5234375,1904.662109375,1068.64599609375,5,0.0,artificial_jewellery,video_20260404_115542,11220
1,Left,person,yolo,0.768463134765625,146.86322021484375,70.5234375,1904.662109375,1068.64599609375,5,0.0,artificial_jewellery,video_20260404_115542,11220
1,Left,small_object_proposal,heuristic,1.0,1366.0,209.0,1406.0,242.0,0,13.0,artificial_jewellery,video_20260404_115542,11220
0,Left,person,yolo,0.8210565447807312,182.8699951171875,54.33984375,1877.889404296875,1068.9598388671875,5,0.0,artificial_jewellery,video_20260404_115542,11250
1,Right,person,yolo,0.8210565447807312,182.8699951171875,54.33984375,1877.889404296875,1068.9598388671875,5,0.0,artificial_jewellery,video_20260404_115542,11250
1,Right,small_object_proposal,heuristic,1.0,1091.0,194.0,1110.0,230.0,0,18.0,artificial_jewellery,video_20260404_115542,11250
0,Left,person,yolo,0.6489769816398621,176.3184814453125,35.243316650390625,1889.767822265625,1073.451416015625,5,0.0,artificial_jewellery,video_20260404_115542,11280
1,Right,person,yolo,0.6489769816398621,176.3184814453125,35.243316650390625,1889.767822265625,1073.451416015625,5,0.0,artificial_jewellery,video_20260404_115542,11280
1,Right,small_object_proposal,heuristic,1.0,1128.0,262.0,1161.0,307.0,1,0.0,artificial_jewellery,video_20260404_115542,11280
1,Right,small_object_proposal,heuristic,1.0,1125.0,347.0,1163.0,384.0,0,22.0,artificial_jewellery,video_20260404_115542,11280
1,Right,small_object_proposal,heuristic,1.0,1155.0,249.0,1186.0,281.0,0,4.0,artificial_jewellery,video_20260404_115542,11280
0,Right,person,yolo,0.5414733290672302,230.4686279296875,296.09710693359375,1669.409912109375,1065.720703125,5,0.0,artificial_jewellery,video_20260404_115542,11310
0,Right,handbag,yolo,0.2979442775249481,976.553466796875,295.0697021484375,1601.392822265625,1049.75830078125,0,16.553466796875,artificial_jewellery,video_20260404_115542,11310
0,Right,small_object_proposal,heuristic,1.0,897.0,478.0,939.0,515.0,0,9.433981132056603,artificial_jewellery,video_20260404_115542,11310
0,Right,small_object_proposal,heuristic,1.0,983.0,530.0,1007.0,566.0,0,23.0,artificial_jewellery,video_20260404_115542,11310
0,Right,person,yolo,0.4599528014659881,106.69363403320312,301.6643981933594,1478.5992431640625,1067.4495849609375,5,0.0,artificial_jewellery,video_20260404_115542,11340
0,Right,person,yolo,0.4367913603782654,510.4951171875,59.60797119140625,1896.822509765625,1069.9061279296875,5,0.0,artificial_jewellery,video_20260404_115542,11340
0,Right,small_object_proposal,heuristic,1.0,1167.0,496.0,1213.0,553.0,0,1.0,artificial_jewellery,video_20260404_115542,11340
0,Right,small_object_proposal,heuristic,1.0,1219.0,519.0,1257.0,552.0,0,21.587033144922902,artificial_jewellery,video_20260404_115542,11340
0,Right,small_object_proposal,heuristic,1.0,1192.0,482.0,1219.0,511.0,1,0.0,artificial_jewellery,video_20260404_115542,11340
1,Left,person,yolo,0.4599528014659881,106.69363403320312,301.6643981933594,1478.5992431640625,1067.4495849609375,4,0.0,artificial_jewellery,video_20260404_115542,11340
1,Left,person,yolo,0.4367913603782654,510.4951171875,59.60797119140625,1896.822509765625,1069.9061279296875,5,0.0,artificial_jewellery,video_20260404_115542,11340
1,Left,small_object_proposal,heuristic,1.0,1465.0,329.0,1498.0,359.0,0,18.0,artificial_jewellery,video_20260404_115542,11340
1,Left,small_object_proposal,heuristic,1.0,1373.0,338.0,1417.0,360.0,0,9.0,artificial_jewellery,video_20260404_115542,11340
0,Right,person,yolo,0.556843638420105,104.26080322265624,289.10723876953125,1411.50634765625,1068.254150390625,5,0.0,artificial_jewellery,video_20260404_115542,11370
0,Right,person,yolo,0.3739705979824066,525.2891235351562,266.3770751953125,1848.4713134765625,1066.4300537109375,5,0.0,artificial_jewellery,video_20260404_115542,11370
0,Right,small_object_proposal,heuristic,1.0,1158.0,686.0,1221.0,755.0,0,12.727922061357855,artificial_jewellery,video_20260404_115542,11370
0,Right,small_object_proposal,heuristic,1.0,1240.0,436.0,1322.0,483.0,2,0.0,artificial_jewellery,video_20260404_115542,11370
0,Right,small_object_proposal,heuristic,1.0,1186.0,684.0,1250.0,736.0,0,19.026297590440446,artificial_jewellery,video_20260404_115542,11370
1,Left,person,yolo,0.556843638420105,104.26080322265624,289.10723876953125,1411.50634765625,1068.254150390625,3,0.0,artificial_jewellery,video_20260404_115542,11370
1,Left,person,yolo,0.3739705979824066,525.2891235351562,266.3770751953125,1848.4713134765625,1066.4300537109375,5,0.0,artificial_jewellery,video_20260404_115542,11370
1,Left,small_object_proposal,heuristic,1.0,1325.0,355.0,1369.0,375.0,2,0.0,artificial_jewellery,video_20260404_115542,11370
1,Left,small_object_proposal,heuristic,1.0,1381.0,407.0,1415.0,430.0,0,21.095023109728988,artificial_jewellery,video_20260404_115542,11370
0,Right,person,yolo,0.5805792808532715,201.40997314453125,74.13638305664062,1657.80029296875,1072.0498046875,5,0.0,artificial_jewellery,video_20260404_115542,11400
0,Right,person,yolo,0.7988914847373962,263.54425048828125,56.879058837890625,1915.874755859375,1072.1744384765625,5,0.0,artificial_jewellery,video_20260404_115542,11520
0,Right,small_object_proposal,heuristic,1.0,1006.0,473.0,1040.0,522.0,0,5.0,artificial_jewellery,video_20260404_115542,11520
0,Right,person,yolo,0.5034890174865723,153.8118438720703,190.44140625,1416.6287841796875,1062.94677734375,5,0.0,artificial_jewellery,video_20260404_115542,12090
0,Right,small_object_proposal,heuristic,1.0,984.0,370.0,1057.0,404.0,0,6.0,artificial_jewellery,video_20260404_115542,12090
0,Right,small_object_proposal,heuristic,1.0,1084.0,417.0,1130.0,466.0,0,15.0,artificial_jewellery,video_20260404_115542,12090
0,Right,small_object_proposal,heuristic,1.0,948.0,388.0,981.0,441.0,1,0.0,artificial_jewellery,video_20260404_115542,12090
