hand_id,handedness,object_label,object_source,object_conf,x1,y1,x2,y2,fingertips_inside,min_tip_dist_px,domain,video_stem,frame_id
0,Left,person,yolo,0.2691189646720886,530.2236328125,3.4155120849609375,1646.06103515625,689.8612060546875,5,0.0,artificial_jewellery,video_20260404_114752,0
1,Right,person,yolo,0.7243147492408752,1187.5401611328125,6.2403717041015625,1917.2813720703125,642.943603515625,5,0.0,artificial_jewellery,video_20260404_114752,0
1,Right,person,yolo,0.2691189646720886,530.2236328125,3.4155120849609375,1646.06103515625,689.8612060546875,5,0.0,artificial_jewellery,video_20260404_114752,0
0,Left,person,yolo,0.4618587791919708,541.4820556640625,2.3280487060546875,1807.31689453125,594.5076904296875,5,0.0,artificial_jewellery,video_20260404_114752,30
0,Left,person,yolo,0.3072608709335327,524.7073974609375,5.75518798828125,1067.7919921875,534.1402587890625,5,0.0,artificial_jewellery,video_20260404_114752,30
0,Left,small_object_proposal,heuristic,1.0,1009.0,414.0,1066.0,434.0,1,0.0,artificial_jewellery,video_20260404_114752,30
1,Right,person,yolo,0.4618587791919708,541.4820556640625,2.3280487060546875,1807.31689453125,594.5076904296875,5,0.0,artificial_jewellery,video_20260404_114752,30
1,Right,person,yolo,0.4574823677539825,1206.99462890625,4.9331817626953125,1865.696044921875,551.8462524414062,4,0.0,artificial_jewellery,video_20260404_114752,30
0,Left,person,yolo,0.4098721742630005,514.2379760742188,5.8123626708984375,1059.5050048828125,537.6463623046875,5,0.0,artificial_jewellery,video_20260404_114752,90
0,Left,person,yolo,0.3234318196773529,525.1382446289062,2.1591796875,1836.1524658203125,645.3162841796875,5,0.0,artificial_jewellery,video_20260404_114752,90
0,Left,dining table,yolo,0.3122532367706299,81.76885986328125,370.0885620117187,1914.522705078125,1062.82177734375,5,0.0,artificial_jewellery,video_20260404_114752,90
1,Right,person,yolo,0.372683048248291,1197.41357421875,5.94525146484375,1832.8267822265625,569.8043823242188,4,0.0,artificial_jewellery,video_20260404_114752,90
1,Right,person,yolo,0.3234318196773529,525.1382446289062,2.1591796875,1836.1524658203125,645.3162841796875,5,0.0,artificial_jewellery,video_20260404_114752,90
1,Right,dining table,yolo,0.3122532367706299,81.76885986328125,370.0885620117187,1914.522705078125,1062.82177734375,5,0.0,artificial_jewellery,video_20260404_114752,90
1,Right,small_object_proposal,heuristic,1.0,1112.0,338.0,1186.0,395.0,0,22.360679774997898,artificial_jewellery,video_20260404_114752,90
0,Left,person,yolo,0.4987436532974243,512.45947265625,6.63775634765625,1059.799072265625,556.0379028320312,5,0.0,artificial_jewellery,video_20260404_114752,120
0,Left,person,yolo,0.2758981883525848,543.5487670898438,2.3502960205078125,1802.47607421875,689.309326171875,5,0.0,artificial_jewellery,video_20260404_114752,120
1,Right,person,yolo,0.6529020071029663,1184.6627197265625,7.058624267578125,1903.8453369140625,586.018310546875,4,0.0,artificial_jewellery,video_20260404_114752,120
1,Right,person,yolo,0.2758981883525848,543.5487670898438,2.3502960205078125,1802.47607421875,689.309326171875,5,0.0,artificial_jewellery,video_20260404_114752,120
1,Right,small_object_proposal,heuristic,1.0,1099.0,405.0,1175.0,431.0,0,20.0,artificial_jewellery,video_20260404_114752,120
0,Left,person,yolo,0.5887297987937927,490.617919921875,5.0530242919921875,1026.1778564453125,536.0608520507812,5,0.0,artificial_jewellery,video_20260404_114752,150
0,Left,person,yolo,0.2859414219856262,503.7024536132813,2.419921875,1770.6307373046875,722.6361694335938,5,0.0,artificial_jewellery,video_20260404_114752,150
0,Left,dining table,yolo,0.2510551512241363,65.6484375,452.8570251464844,1918.729248046875,1067.9195556640625,2,0.0,artificial_jewellery,video_20260404_114752,150
0,Left,person,yolo,0.4246260523796081,498.487548828125,1.85760498046875,1745.668701171875,623.7410888671875,5,0.0,artificial_jewellery,video_20260404_114752,180
0,Left,dining table,yolo,0.2670860886573791,63.3841552734375,423.3050537109375,1854.9755859375,1065.130126953125,4,0.0,artificial_jewellery,video_20260404_114752,180
0,Left,person,yolo,0.2710913121700287,521.6072387695312,2.51092529296875,1836.0054931640625,826.0127563476562,5,0.0,artificial_jewellery,video_20260404_114752,210
0,Left,person,yolo,0.2513825893402099,515.1168212890625,7.524581909179688,1136.0494384765625,599.7172241210938,5,0.0,artificial_jewellery,video_20260404_114752,210
0,Left,small_object_proposal,heuristic,1.0,1044.0,482.0,1155.0,517.0,1,0.0,artificial_jewellery,video_20260404_114752,210
0,Left,small_object_proposal,heuristic,1.0,999.0,515.0,1061.0,564.0,0,1.0,artificial_jewellery,video_20260404_114752,210
0,Left,person,yolo,0.5627235770225525,512.674072265625,4.29638671875,1915.4183349609375,910.5673828125,5,0.0,artificial_jewellery,video_20260404_114752,240
0,Left,small_object_proposal,heuristic,1.0,1047.0,566.0,1093.0,583.0,1,0.0,artificial_jewellery,video_20260404_114752,240
1,Right,person,yolo,0.5627235770225525,512.674072265625,4.29638671875,1915.4183349609375,910.5673828125,5,0.0,artificial_jewellery,video_20260404_114752,240
0,Left,person,yolo,0.4086372554302215,547.2970581054688,4.000946044921875,1883.43603515625,844.2156982421875,5,0.0,artificial_jewellery,video_20260404_114752,270
0,Left,person,yolo,0.37116739153862,545.6585083007812,6.781402587890625,1222.70361328125,826.5281982421875,5,0.0,artificial_jewellery,video_20260404_114752,270
0,Left,small_object_proposal,heuristic,1.0,1094.0,751.0,1124.0,816.0,2,0.0,artificial_jewellery,video_20260404_114752,270
0,Left,small_object_proposal,heuristic,1.0,1189.0,748.0,1220.0,775.0,1,0.0,artificial_jewellery,video_20260404_114752,270
1,Right,person,yolo,0.4086372554302215,547.2970581054688,4.000946044921875,1883.43603515625,844.2156982421875,0,22.7843017578125,artificial_jewellery,video_20260404_114752,270
1,Right,person,yolo,0.2988165318965912,1290.8604736328125,20.9996337890625,1918.91455078125,1040.2900390625,5,0.0,artificial_jewellery,video_20260404_114752,270
1,Right,small_object_proposal,heuristic,1.0,1317.0,846.0,1347.0,874.0,1,0.0,artificial_jewellery,video_20260404_114752,270
0,Left,person,yolo,0.5880942344665527,537.648193359375,6.750091552734375,1178.448974609375,951.0906982421876,5,0.0,artificial_jewellery,video_20260404_114752,300
0,Left,person,yolo,0.4429048895835876,64.027587890625,0.84375,1912.8643798828125,1036.5369873046875,5,0.0,artificial_jewellery,video_20260404_114752,300
0,Left,small_object_proposal,heuristic,1.0,1144.0,871.0,1184.0,908.0,3,0.0,artificial_jewellery,video_20260404_114752,300
1,Right,person,yolo,0.4429048895835876,64.027587890625,0.84375,1912.8643798828125,1036.5369873046875,5,0.0,artificial_jewellery,video_20260404_114752,300
1,Right,small_object_proposal,heuristic,1.0,1325.0,948.0,1378.0,977.0,0,24.08318915758459,artificial_jewellery,video_20260404_114752,300
1,Right,small_object_proposal,heuristic,1.0,1378.0,928.0,1416.0,952.0,0,23.0,artificial_jewellery,video_20260404_114752,300
1,Right,small_object_proposal,heuristic,1.0,1444.0,982.0,1473.0,1005.0,0,13.0,artificial_jewellery,video_20260404_114752,300
0,Left,person,yolo,0.4148563146591186,521.2723388671875,2.339813232421875,1904.5191650390625,861.8245239257812,5,0.0,artificial_jewellery,video_20260404_114752,330
0,Left,person,yolo,0.3175170123577118,8.64532470703125,1.89129638671875,1162.4993896484375,940.67138671875,5,0.0,artificial_jewellery,video_20260404_114752,330
0,Left,small_object_proposal,heuristic,1.0,1041.0,770.0,1064.0,810.0,0,9.0,artificial_jewellery,video_20260404_114752,330
1,Right,person,yolo,0.4148563146591186,521.2723388671875,2.339813232421875,1904.5191650390625,861.8245239257812,5,0.0,artificial_jewellery,video_20260404_114752,330
1,Right,small_object_proposal,heuristic,1.0,1266.0,678.0,1290.0,784.0,3,0.0,artificial_jewellery,video_20260404_114752,330
0,Right,person,yolo,0.4175386130809784,1094.3946533203125,5.49462890625,1916.370849609375,1059.302001953125,5,0.0,artificial_jewellery,video_20260404_114752,360
0,Right,person,yolo,0.3376026153564453,468.32958984375,7.2231903076171875,1133.0325927734375,574.1566772460938,0,10.9674072265625,artificial_jewellery,video_20260404_114752,360
0,Right,small_object_proposal,heuristic,1.0,1222.0,516.0,1245.0,603.0,0,8.0,artificial_jewellery,video_20260404_114752,360
0,Right,person,yolo,0.5255586504936218,19.65325927734375,3.42352294921875,1155.13330078125,944.5219116210938,1,0.0,artificial_jewellery,video_20260404_114752,390
0,Right,person,yolo,0.2680152356624603,1150.3052978515625,5.542716979980469,1918.08251953125,715.161865234375,1,0.0,artificial_jewellery,video_20260404_114752,390
0,Right,small_object_proposal,heuristic,1.0,1090.0,595.0,1163.0,659.0,1,0.0,artificial_jewellery,video_20260404_114752,390
0,Right,small_object_proposal,heuristic,1.0,1215.0,635.0,1231.0,745.0,0,2.0,artificial_jewellery,video_20260404_114752,390
0,Left,person,yolo,0.3892390131950378,1105.9976806640625,7.010009765625,1856.9561767578125,370.3981018066406,3,0.0,artificial_jewellery,video_20260404_114752,420
0,Left,small_object_proposal,heuristic,1.0,1138.0,356.0,1178.0,472.0,2,0.0,artificial_jewellery,video_20260404_114752,420
1,Right,person,yolo,0.6169843673706055,435.8629760742187,5.551666259765625,1037.400146484375,444.6757507324219,4,0.0,artificial_jewellery,video_20260404_114752,420
1,Right,small_object_proposal,heuristic,1.0,1016.0,381.0,1068.0,457.0,0,2.0,artificial_jewellery,video_20260404_114752,420
0,Left,person,yolo,0.4784427285194397,482.6705932617187,6.792572021484375,1150.126953125,641.1837768554688,5,0.0,artificial_jewellery,video_20260404_114752,450
0,Left,dining table,yolo,0.4549756944179535,12.772705078125,428.3887023925781,1658.364990234375,1068.18115234375,5,0.0,artificial_jewellery,video_20260404_114752,450
0,Left,person,yolo,0.3199255764484405,1104.554443359375,1.074462890625,1919.3067626953125,1053.3369140625,1,0.0,artificial_jewellery,video_20260404_114752,450
0,Left,small_object_proposal,heuristic,1.0,993.0,596.0,1024.0,647.0,2,0.0,artificial_jewellery,video_20260404_114752,450
0,Left,small_object_proposal,heuristic,1.0,1017.0,560.0,1042.0,596.0,0,12.0,artificial_jewellery,video_20260404_114752,450
1,Right,person,yolo,0.4784427285194397,482.6705932617187,6.792572021484375,1150.126953125,641.1837768554688,1,0.0,artificial_jewellery,video_20260404_114752,450
1,Right,dining table,yolo,0.4549756944179535,12.772705078125,428.3887023925781,1658.364990234375,1068.18115234375,5,0.0,artificial_jewellery,video_20260404_114752,450
1,Right,person,yolo,0.3199255764484405,1104.554443359375,1.074462890625,1919.3067626953125,1053.3369140625,5,0.0,artificial_jewellery,video_20260404_114752,450
1,Right,small_object_proposal,heuristic,1.0,1208.0,523.0,1223.0,624.0,1,0.0,artificial_jewellery,video_20260404_114752,450
0,Right,person,yolo,0.3248897194862366,522.2772216796875,4.066314697265625,1847.640380859375,744.982177734375,5,0.0,artificial_jewellery,video_20260404_114752,480
0,Right,dining table,yolo,0.3143222033977508,5.063232421875,537.2311401367188,1706.901611328125,1073.36572265625,5,0.0,artificial_jewellery,video_20260404_114752,480
0,Right,small_object_proposal,heuristic,1.0,1160.0,563.0,1215.0,601.0,0,22.20360331117452,artificial_jewellery,video_20260404_114752,480
1,Right,person,yolo,0.3719482421875,12.54840087890625,4.6607666015625,1143.227783203125,943.8198852539062,5,0.0,artificial_jewellery,video_20260404_114752,480
1,Right,person,yolo,0.3248897194862366,522.2772216796875,4.066314697265625,1847.640380859375,744.982177734375,5,0.0,artificial_jewellery,video_20260404_114752,480
1,Right,dining table,yolo,0.3143222033977508,5.063232421875,537.2311401367188,1706.901611328125,1073.36572265625,5,0.0,artificial_jewellery,video_20260404_114752,480
1,Right,small_object_proposal,heuristic,1.0,1056.0,611.0,1092.0,682.0,0,20.0,artificial_jewellery,video_20260404_114752,480
0,Left,person,yolo,0.4611925780773163,520.0585327148438,3.8232421875,1881.9876708984375,796.8045043945312,5,0.0,artificial_jewellery,video_20260404_114752,510
0,Left,small_object_proposal,heuristic,1.0,1067.0,657.0,1096.0,754.0,0,12.0,artificial_jewellery,video_20260404_114752,510
0,Left,small_object_proposal,heuristic,1.0,1126.0,678.0,1152.0,719.0,1,0.0,artificial_jewellery,video_20260404_114752,510
1,Right,person,yolo,0.4611925780773163,520.0585327148438,3.8232421875,1881.9876708984375,796.8045043945312,5,0.0,artificial_jewellery,video_20260404_114752,510
1,Right,person,yolo,0.2853232622146606,1209.5167236328125,3.6317367553710938,1919.466064453125,751.935791015625,3,0.0,artificial_jewellery,video_20260404_114752,510
1,Right,small_object_proposal,heuristic,1.0,1279.0,641.0,1299.0,704.0,2,0.0,artificial_jewellery,video_20260404_114752,510
0,Left,person,yolo,0.4005362689495086,521.004638671875,4.890380859375,1859.1611328125,823.8574829101562,5,0.0,artificial_jewellery,video_20260404_114752,540
0,Left,person,yolo,0.2734974324703216,3.839813232421875,2.195159912109375,1254.7076416015625,1017.2827758789062,5,0.0,artificial_jewellery,video_20260404_114752,540
0,Left,small_object_proposal,heuristic,1.0,1089.0,664.0,1123.0,787.0,4,0.0,artificial_jewellery,video_20260404_114752,540
1,Right,person,yolo,0.4005362689495086,521.004638671875,4.890380859375,1859.1611328125,823.8574829101562,5,0.0,artificial_jewellery,video_20260404_114752,540
1,Right,person,yolo,0.2734974324703216,3.839813232421875,2.195159912109375,1254.7076416015625,1017.2827758789062,1,0.0,artificial_jewellery,video_20260404_114752,540
0,Left,person,yolo,0.3955855071544647,507.3492736816406,5.613555908203125,1281.824951171875,882.0596923828125,4,0.0,artificial_jewellery,video_20260404_114752,570
0,Left,dining table,yolo,0.3568765819072723,6.59912109375,556.083984375,1564.0323486328125,1070.7930908203125,5,0.0,artificial_jewellery,video_20260404_114752,570
0,Left,person,yolo,0.5749804377555847,508.0027770996094,8.6905517578125,1247.78466796875,828.6016845703125,5,0.0,artificial_jewellery,video_20260404_114752,600
0,Left,person,yolo,0.3748786151409149,1250.9490966796875,6.071136474609375,1918.883056640625,775.4945678710938,0,22.9490966796875,artificial_jewellery,video_20260404_114752,600
0,Left,person,yolo,0.5560566782951355,1221.0457763671875,4.1202392578125,1919.0533447265625,800.3219604492188,0,6.0457763671875,artificial_jewellery,video_20260404_114752,630
0,Left,person,yolo,0.4361656010150909,509.95660400390625,4.88250732421875,1867.0147705078125,847.279541015625,5,0.0,artificial_jewellery,video_20260404_114752,630
0,Left,person,yolo,0.2994876503944397,513.93408203125,5.913116455078125,1214.5191650390625,796.0825805664062,3,0.0,artificial_jewellery,video_20260404_114752,630
0,Left,cake,yolo,0.2639273107051849,1132.083740234375,691.7954711914062,1381.0009765625,878.6378173828125,3,0.0,artificial_jewellery,video_20260404_114752,630
0,Left,small_object_proposal,heuristic,1.0,1112.0,692.0,1144.0,815.0,3,0.0,artificial_jewellery,video_20260404_114752,630
0,Left,person,yolo,0.5631642937660217,1215.6690673828125,3.356689453125,1919.1654052734375,829.4906616210938,0,4.6690673828125,artificial_jewellery,video_20260404_114752,660
0,Left,person,yolo,0.3608649969100952,508.9641723632813,4.23797607421875,1816.3282470703125,856.1048583984375,5,0.0,artificial_jewellery,video_20260404_114752,660
1,Right,person,yolo,0.5631642937660217,1215.6690673828125,3.356689453125,1919.1654052734375,829.4906616210938,3,0.0,artificial_jewellery,video_20260404_114752,660
1,Right,person,yolo,0.3608649969100952,508.9641723632813,4.23797607421875,1816.3282470703125,856.1048583984375,5,0.0,artificial_jewellery,video_20260404_114752,660
0,Left,cake,yolo,0.4157500863075256,1120.05615234375,710.887939453125,1375.7735595703125,915.4248046875,5,0.0,artificial_jewellery,video_20260404_114752,690
0,Left,person,yolo,0.373072475194931,12.8096923828125,2.864501953125,1252.1392822265625,1054.848388671875,5,0.0,artificial_jewellery,video_20260404_114752,690
0,Left,small_object_proposal,heuristic,1.0,1172.0,787.0,1252.0,834.0,0,23.769728648009426,artificial_jewellery,video_20260404_114752,690
0,Left,small_object_proposal,heuristic,1.0,1176.0,729.0,1230.0,788.0,0,7.0,artificial_jewellery,video_20260404_114752,690
0,Left,small_object_proposal,heuristic,1.0,1114.0,747.0,1133.0,821.0,0,16.0,artificial_jewellery,video_20260404_114752,690
1,Right,person,yolo,0.7218214869499207,1264.732177734375,2.928131103515625,1919.21484375,753.5524291992188,3,0.0,artificial_jewellery,video_20260404_114752,690
1,Right,cake,yolo,0.4157500863075256,1120.05615234375,710.887939453125,1375.7735595703125,915.4248046875,4,0.0,artificial_jewellery,video_20260404_114752,690
1,Right,small_object_proposal,heuristic,1.0,1349.0,739.0,1366.0,828.0,1,0.0,artificial_jewellery,video_20260404_114752,690
0,Left,person,yolo,0.3223437070846557,504.7033081054687,4.848541259765625,1862.955322265625,863.5034790039062,5,0.0,artificial_jewellery,video_20260404_114752,720
0,Left,cake,yolo,0.2953381538391113,1114.4012451171875,688.54248046875,1358.926513671875,904.9486083984376,3,0.0,artificial_jewellery,video_20260404_114752,720
0,Left,dining table,yolo,0.2722112536430359,158.08447265625,554.3294067382812,1916.2452392578125,1063.522705078125,5,0.0,artificial_jewellery,video_20260404_114752,720
0,Left,person,yolo,0.2622927725315094,512.5321655273438,7.5772705078125,1216.1265869140625,834.8772583007812,4,0.0,artificial_jewellery,video_20260404_114752,720
0,Left,small_object_proposal,heuristic,1.0,1205.0,778.0,1246.0,833.0,1,0.0,artificial_jewellery,video_20260404_114752,720
0,Left,person,yolo,0.5170276761054993,530.2199096679688,2.284515380859375,1913.079345703125,937.1085815429688,5,0.0,artificial_jewellery,video_20260404_114752,750
0,Left,small_object_proposal,heuristic,1.0,1174.0,811.0,1225.0,861.0,0,12.0,artificial_jewellery,video_20260404_114752,750
0,Right,person,yolo,0.3789733350276947,859.3936157226562,2.70025634765625,1917.3692626953125,997.1575927734376,5,0.0,artificial_jewellery,video_20260404_114752,780
0,Right,small_object_proposal,heuristic,1.0,1445.0,849.0,1489.0,927.0,0,10.0,artificial_jewellery,video_20260404_114752,780
0,Left,person,yolo,0.4043842852115631,490.4150390625,3.36016845703125,1907.4609375,973.076171875,5,0.0,artificial_jewellery,video_20260404_114752,810
0,Left,person,yolo,0.3850843906402588,25.85504150390625,3.4215087890625,1242.3310546875,982.726318359375,5,0.0,artificial_jewellery,video_20260404_114752,810
0,Left,small_object_proposal,heuristic,1.0,1113.0,791.0,1171.0,837.0,0,20.12461179749811,artificial_jewellery,video_20260404_114752,810
1,Right,person,yolo,0.4594431221485138,1335.7254638671875,7.15704345703125,1918.6263427734375,1052.978515625,5,0.0,artificial_jewellery,video_20260404_114752,810
1,Right,person,yolo,0.4043842852115631,490.4150390625,3.36016845703125,1907.4609375,973.076171875,5,0.0,artificial_jewellery,video_20260404_114752,810
1,Right,small_object_proposal,heuristic,1.0,1444.0,782.0,1473.0,890.0,2,0.0,artificial_jewellery,video_20260404_114752,810
0,Left,person,yolo,0.5111069083213806,504.6800537109375,4.436370849609375,1904.4810791015625,875.2280883789062,5,0.0,artificial_jewellery,video_20260404_114752,840
0,Left,person,yolo,0.4061457812786102,1273.1021728515625,3.98583984375,1918.52783203125,807.322265625,0,21.1021728515625,artificial_jewellery,video_20260404_114752,840
0,Left,person,yolo,0.2607980668544769,510.472412109375,5.500396728515625,1241.047119140625,834.3533935546875,4,0.0,artificial_jewellery,video_20260404_114752,840
0,Left,dining table,yolo,0.256043016910553,152.7802734375,556.7334594726562,1916.885498046875,1062.3055419921875,5,0.0,artificial_jewellery,video_20260404_114752,840
0,Left,small_object_proposal,heuristic,1.0,1136.0,729.0,1175.0,812.0,3,0.0,artificial_jewellery,video_20260404_114752,840
0,Left,small_object_proposal,heuristic,1.0,1138.0,814.0,1180.0,847.0,1,0.0,artificial_jewellery,video_20260404_114752,840
0,Left,person,yolo,0.4956715703010559,494.1476440429687,4.940460205078125,1875.1688232421875,946.8869018554688,5,0.0,artificial_jewellery,video_20260404_114752,870
0,Left,cake,yolo,0.3805261254310608,1134.91845703125,731.2235107421875,1388.561279296875,931.0849609375,2,0.0,artificial_jewellery,video_20260404_114752,870
0,Left,small_object_proposal,heuristic,1.0,1235.0,746.0,1296.0,827.0,0,14.0,artificial_jewellery,video_20260404_114752,870
0,Left,small_object_proposal,heuristic,1.0,1104.0,744.0,1151.0,819.0,3,0.0,artificial_jewellery,video_20260404_114752,870
0,Left,small_object_proposal,heuristic,1.0,1110.0,777.0,1149.0,857.0,3,0.0,artificial_jewellery,video_20260404_114752,870
0,Left,person,yolo,0.7110252976417542,1278.0023193359375,3.416015625,1918.5191650390625,821.9727172851562,0,15.0023193359375,artificial_jewellery,video_20260404_114752,900
0,Left,person,yolo,0.4355788230895996,490.125732421875,4.807891845703125,1855.1729736328125,940.963623046875,5,0.0,artificial_jewellery,video_20260404_114752,900
0,Left,cake,yolo,0.3450972437858581,1131.8214111328125,751.6688842773438,1384.021728515625,942.2371826171876,4,0.0,artificial_jewellery,video_20260404_114752,900
0,Left,small_object_proposal,heuristic,1.0,1230.0,777.0,1267.0,812.0,0,6.0,artificial_jewellery,video_20260404_114752,900
0,Left,person,yolo,0.5334375500679016,487.7683715820313,4.66058349609375,1900.25830078125,944.6511840820312,5,0.0,artificial_jewellery,video_20260404_114752,930
0,Left,small_object_proposal,heuristic,1.0,1114.0,810.0,1145.0,885.0,2,0.0,artificial_jewellery,video_20260404_114752,930
1,Right,person,yolo,0.5508803725242615,1276.3096923828125,4.323394775390625,1919.0325927734375,809.1369018554688,3,0.0,artificial_jewellery,video_20260404_114752,930
1,Right,person,yolo,0.5334375500679016,487.7683715820313,4.66058349609375,1900.25830078125,944.6511840820312,5,0.0,artificial_jewellery,video_20260404_114752,930
1,Right,small_object_proposal,heuristic,1.0,1337.0,744.0,1382.0,846.0,2,0.0,artificial_jewellery,video_20260404_114752,930
1,Right,small_object_proposal,heuristic,1.0,1288.0,783.0,1334.0,808.0,1,0.0,artificial_jewellery,video_20260404_114752,930
0,Left,person,yolo,0.6625514626502991,1241.7513427734375,2.616943359375,1918.4322509765625,830.8771362304688,0,18.7513427734375,artificial_jewellery,video_20260404_114752,960
0,Left,cake,yolo,0.4402758777141571,1122.1973876953125,746.1299438476562,1374.7628173828125,957.8419799804688,5,0.0,artificial_jewellery,video_20260404_114752,960
0,Left,person,yolo,0.3606209754943847,36.822235107421875,0.728851318359375,1285.39599609375,1052.983154296875,5,0.0,artificial_jewellery,video_20260404_114752,960
0,Left,person,yolo,0.3397132754325866,496.5049743652344,3.194366455078125,1861.6572265625,978.989013671875,5,0.0,artificial_jewellery,video_20260404_114752,960
0,Left,small_object_proposal,heuristic,1.0,1107.0,808.0,1133.0,883.0,0,1.0,artificial_jewellery,video_20260404_114752,960
1,Right,person,yolo,0.6625514626502991,1241.7513427734375,2.616943359375,1918.4322509765625,830.8771362304688,4,0.0,artificial_jewellery,video_20260404_114752,960
1,Right,cake,yolo,0.4402758777141571,1122.1973876953125,746.1299438476562,1374.7628173828125,957.8419799804688,4,0.0,artificial_jewellery,video_20260404_114752,960
1,Right,person,yolo,0.3606209754943847,36.822235107421875,0.728851318359375,1285.39599609375,1052.983154296875,1,0.0,artificial_jewellery,video_20260404_114752,960
1,Right,person,yolo,0.3397132754325866,496.5049743652344,3.194366455078125,1861.6572265625,978.989013671875,5,0.0,artificial_jewellery,video_20260404_114752,960
1,Right,small_object_proposal,heuristic,1.0,1378.0,888.0,1420.0,920.0,0,15.0,artificial_jewellery,video_20260404_114752,960
0,Left,cake,yolo,0.4732407033443451,1115.3756103515625,754.355712890625,1366.3787841796875,951.210205078125,5,0.0,artificial_jewellery,video_20260404_114752,990
0,Left,person,yolo,0.4083400964736938,486.399169921875,4.866119384765625,1861.0660400390625,946.4727172851562,5,0.0,artificial_jewellery,video_20260404_114752,990
0,Left,person,yolo,0.3530209362506866,25.8189697265625,2.278106689453125,1318.8416748046875,1060.28466796875,5,0.0,artificial_jewellery,video_20260404_114752,990
0,Left,small_object_proposal,heuristic,1.0,1115.0,842.0,1127.0,902.0,0,7.0,artificial_jewellery,video_20260404_114752,990
1,Right,person,yolo,0.7682214379310608,1259.923828125,2.911651611328125,1918.44580078125,826.09375,5,0.0,artificial_jewellery,video_20260404_114752,990
1,Right,cake,yolo,0.4732407033443451,1115.3756103515625,754.355712890625,1366.3787841796875,951.210205078125,3,0.0,artificial_jewellery,video_20260404_114752,990
1,Right,person,yolo,0.4083400964736938,486.399169921875,4.866119384765625,1861.0660400390625,946.4727172851562,5,0.0,artificial_jewellery,video_20260404_114752,990
1,Right,person,yolo,0.3530209362506866,25.8189697265625,2.278106689453125,1318.8416748046875,1060.28466796875,2,0.0,artificial_jewellery,video_20260404_114752,990
1,Right,small_object_proposal,heuristic,1.0,1313.0,783.0,1337.0,821.0,0,10.0,artificial_jewellery,video_20260404_114752,990
1,Right,small_object_proposal,heuristic,1.0,1363.0,714.0,1391.0,740.0,0,16.0,artificial_jewellery,video_20260404_114752,990
0,Left,person,yolo,0.4749573171138763,552.369140625,3.92706298828125,1908.0494384765625,955.1414794921876,5,0.0,artificial_jewellery,video_20260404_114752,1020
0,Left,person,yolo,0.4053789973258972,48.856201171875,3.89447021484375,1418.5260009765625,1065.3524169921875,5,0.0,artificial_jewellery,video_20260404_114752,1020
0,Left,small_object_proposal,heuristic,1.0,1115.0,819.0,1147.0,879.0,0,13.152946437965905,artificial_jewellery,video_20260404_114752,1020
0,Left,person,yolo,0.4680353701114654,465.8201293945313,3.787353515625,1908.7789306640625,1004.029541015625,5,0.0,artificial_jewellery,video_20260404_114752,1080
0,Left,small_object_proposal,heuristic,1.0,1187.0,815.0,1244.0,865.0,3,0.0,artificial_jewellery,video_20260404_114752,1080
0,Left,small_object_proposal,heuristic,1.0,1123.0,799.0,1168.0,831.0,1,0.0,artificial_jewellery,video_20260404_114752,1080
1,Left,person,yolo,0.4680353701114654,465.8201293945313,3.787353515625,1908.7789306640625,1004.029541015625,5,0.0,artificial_jewellery,video_20260404_114752,1080
1,Left,small_object_proposal,heuristic,1.0,1426.0,775.0,1445.0,849.0,0,18.027756377319946,artificial_jewellery,video_20260404_114752,1080
1,Left,small_object_proposal,heuristic,1.0,1417.0,846.0,1433.0,916.0,1,0.0,artificial_jewellery,video_20260404_114752,1080
0,Left,person,yolo,0.5810880661010742,469.04827880859375,4.01715087890625,1911.144287109375,1017.9926147460938,5,0.0,artificial_jewellery,video_20260404_114752,1110
0,Left,person,yolo,0.3256624042987823,1249.953125,2.576202392578125,1918.5645751953125,834.5123901367188,0,4.953125,artificial_jewellery,video_20260404_114752,1110
0,Left,small_object_proposal,heuristic,1.0,1121.0,743.0,1161.0,866.0,4,0.0,artificial_jewellery,video_20260404_114752,1110
0,Left,small_object_proposal,heuristic,1.0,1244.0,693.0,1316.0,753.0,0,20.0,artificial_jewellery,video_20260404_114752,1110
0,Left,person,yolo,0.5087215304374695,498.86712646484375,4.857421875,1870.65234375,1000.6862182617188,5,0.0,artificial_jewellery,video_20260404_114752,1140
0,Left,cake,yolo,0.2844735085964203,1125.02392578125,722.55517578125,1377.7867431640625,898.7620239257812,4,0.0,artificial_jewellery,video_20260404_114752,1140
0,Left,small_object_proposal,heuristic,1.0,1107.0,744.0,1152.0,853.0,4,0.0,artificial_jewellery,video_20260404_114752,1140
1,Left,person,yolo,0.6185618042945862,1268.6405029296875,2.694671630859375,1918.5224609375,796.7783203125,4,0.0,artificial_jewellery,video_20260404_114752,1140
1,Left,person,yolo,0.5087215304374695,498.86712646484375,4.857421875,1870.65234375,1000.6862182617188,5,0.0,artificial_jewellery,video_20260404_114752,1140
1,Left,cake,yolo,0.2844735085964203,1125.02392578125,722.55517578125,1377.7867431640625,898.7620239257812,3,0.0,artificial_jewellery,video_20260404_114752,1140
1,Left,small_object_proposal,heuristic,1.0,1211.0,806.0,1298.0,844.0,0,15.0,artificial_jewellery,video_20260404_114752,1140
1,Left,small_object_proposal,heuristic,1.0,1352.0,777.0,1371.0,857.0,0,25.0,artificial_jewellery,video_20260404_114752,1140
0,Left,person,yolo,0.6089873909950256,379.30902099609375,4.1187744140625,1913.3360595703125,1043.07177734375,5,0.0,artificial_jewellery,video_20260404_114752,1170
0,Left,person,yolo,0.3320141136646271,1270.5526123046875,4.23358154296875,1918.5439453125,821.9210815429688,5,0.0,artificial_jewellery,video_20260404_114752,1170
0,Left,small_object_proposal,heuristic,1.0,1249.0,705.0,1309.0,750.0,0,18.0,artificial_jewellery,video_20260404_114752,1170
0,Left,small_object_proposal,heuristic,1.0,1353.0,743.0,1401.0,780.0,1,0.0,artificial_jewellery,video_20260404_114752,1170
0,Left,small_object_proposal,heuristic,1.0,1302.0,797.0,1326.0,844.0,0,15.0,artificial_jewellery,video_20260404_114752,1170
0,Left,small_object_proposal,heuristic,1.0,1252.0,792.0,1283.0,824.0,0,4.0,artificial_jewellery,video_20260404_114752,1170
0,Left,small_object_proposal,heuristic,1.0,1291.0,774.0,1324.0,798.0,0,6.0,artificial_jewellery,video_20260404_114752,1170
1,Left,person,yolo,0.6089873909950256,379.30902099609375,4.1187744140625,1913.3360595703125,1043.07177734375,5,0.0,artificial_jewellery,video_20260404_114752,1170
1,Left,small_object_proposal,heuristic,1.0,1213.0,833.0,1303.0,866.0,0,7.0710678118654755,artificial_jewellery,video_20260404_114752,1170
1,Left,small_object_proposal,heuristic,1.0,1123.0,796.0,1154.0,877.0,1,0.0,artificial_jewellery,video_20260404_114752,1170
1,Left,small_object_proposal,heuristic,1.0,1180.0,793.0,1218.0,827.0,0,5.0,artificial_jewellery,video_20260404_114752,1170
0,Left,person,yolo,0.5742081999778748,1202.788330078125,3.636932373046875,1918.8193359375,867.7194213867188,1,0.0,artificial_jewellery,video_20260404_114752,1200
0,Left,person,yolo,0.4103972315788269,13.56024169921875,2.642120361328125,1506.042236328125,1068.3035888671875,5,0.0,artificial_jewellery,video_20260404_114752,1200
0,Left,small_object_proposal,heuristic,1.0,1210.0,809.0,1278.0,855.0,0,1.0,artificial_jewellery,video_20260404_114752,1200
0,Left,small_object_proposal,heuristic,1.0,1116.0,770.0,1147.0,862.0,4,0.0,artificial_jewellery,video_20260404_114752,1200
0,Left,small_object_proposal,heuristic,1.0,1258.0,773.0,1288.0,824.0,0,17.0,artificial_jewellery,video_20260404_114752,1200
0,Left,small_object_proposal,heuristic,1.0,1219.0,782.0,1251.0,823.0,1,0.0,artificial_jewellery,video_20260404_114752,1200
0,Left,person,yolo,0.5222184062004089,501.6315612792969,5.23004150390625,1901.674560546875,1045.1597900390625,5,0.0,artificial_jewellery,video_20260404_114752,1230
0,Left,cake,yolo,0.3230142593383789,1155.4508056640625,726.2802124023438,1424.1258544921875,927.129150390625,5,0.0,artificial_jewellery,video_20260404_114752,1230
0,Left,person,yolo,0.2960023283958435,22.9302978515625,5.303924560546875,1380.083251953125,1068.7861328125,5,0.0,artificial_jewellery,video_20260404_114752,1230
0,Left,small_object_proposal,heuristic,1.0,1159.0,770.0,1175.0,881.0,3,0.0,artificial_jewellery,video_20260404_114752,1230
0,Left,small_object_proposal,heuristic,1.0,1204.0,795.0,1254.0,829.0,1,0.0,artificial_jewellery,video_20260404_114752,1230
0,Left,small_object_proposal,heuristic,1.0,1146.0,762.0,1168.0,835.0,2,0.0,artificial_jewellery,video_20260404_114752,1230
0,Left,person,yolo,0.4699637591838836,1265.35546875,3.174407958984375,1918.5626220703125,832.8762817382812,0,1.35546875,artificial_jewellery,video_20260404_114752,1260
0,Left,person,yolo,0.4201273918151855,472.9363403320313,5.57373046875,1888.2359619140625,1062.8792724609375,5,0.0,artificial_jewellery,video_20260404_114752,1260
0,Left,person,yolo,0.4012083709239959,44.520721435546875,3.59930419921875,1394.2393798828125,1075.0804443359375,5,0.0,artificial_jewellery,video_20260404_114752,1260
0,Left,small_object_proposal,heuristic,1.0,1212.0,760.0,1267.0,828.0,1,0.0,artificial_jewellery,video_20260404_114752,1260
0,Left,small_object_proposal,heuristic,1.0,1156.0,766.0,1181.0,848.0,2,0.0,artificial_jewellery,video_20260404_114752,1260
0,Left,small_object_proposal,heuristic,1.0,1275.0,794.0,1310.0,824.0,0,23.706539182259394,artificial_jewellery,video_20260404_114752,1260
0,Left,person,yolo,0.3809259533882141,23.80517578125,3.539886474609375,1258.4884033203125,1054.5509033203125,5,0.0,artificial_jewellery,video_20260404_114752,1290
0,Left,person,yolo,0.3135338723659515,473.72113037109375,4.754608154296875,1904.76904296875,1016.0626831054688,5,0.0,artificial_jewellery,video_20260404_114752,1290
0,Left,small_object_proposal,heuristic,1.0,1135.0,839.0,1160.0,910.0,2,0.0,artificial_jewellery,video_20260404_114752,1290
0,Left,small_object_proposal,heuristic,1.0,1118.0,774.0,1143.0,836.0,1,0.0,artificial_jewellery,video_20260404_114752,1290
0,Left,person,yolo,0.4272929430007934,18.275115966796875,3.822235107421875,1282.1246337890625,1078.5460205078125,5,0.0,artificial_jewellery,video_20260404_114752,1320
0,Left,person,yolo,0.3085283041000366,1233.8609619140625,4.73876953125,1918.880126953125,879.4625244140625,0,21.8609619140625,artificial_jewellery,video_20260404_114752,1320
0,Left,person,yolo,0.297063261270523,471.93896484375,4.236602783203125,1900.3802490234375,1066.455078125,5,0.0,artificial_jewellery,video_20260404_114752,1320
0,Left,small_object_proposal,heuristic,1.0,1140.0,776.0,1165.0,893.0,3,0.0,artificial_jewellery,video_20260404_114752,1320
0,Left,small_object_proposal,heuristic,1.0,1136.0,759.0,1166.0,786.0,0,13.341664064126334,artificial_jewellery,video_20260404_114752,1320
0,Left,person,yolo,0.6954225301742554,490.360107421875,4.75634765625,1911.374267578125,1047.3685302734375,5,0.0,artificial_jewellery,video_20260404_114752,1410
0,Left,person,yolo,0.5105092525482178,1291.220947265625,4.307281494140625,1918.7958984375,879.5742797851562,0,18.220947265625,artificial_jewellery,video_20260404_114752,1410
0,Left,small_object_proposal,heuristic,1.0,1267.0,789.0,1312.0,841.0,1,0.0,artificial_jewellery,video_20260404_114752,1410
0,Left,small_object_proposal,heuristic,1.0,1257.0,764.0,1277.0,798.0,1,0.0,artificial_jewellery,video_20260404_114752,1410
0,Left,person,yolo,0.5764378905296326,1161.9508056640625,3.4698486328125,1918.88427734375,902.9196166992188,2,0.0,artificial_jewellery,video_20260404_114752,1440
0,Left,person,yolo,0.5694136619567871,491.0504150390625,4.50274658203125,1890.7164306640625,1035.5028076171875,5,0.0,artificial_jewellery,video_20260404_114752,1440
0,Left,person,yolo,0.6335436701774597,1263.6915283203125,3.57403564453125,1918.933349609375,835.8665771484375,0,11.6915283203125,artificial_jewellery,video_20260404_114752,1470
0,Left,person,yolo,0.5371013879776001,498.5349731445313,5.496002197265625,1904.3594970703125,1048.0533447265625,5,0.0,artificial_jewellery,video_20260404_114752,1470
0,Left,sandwich,yolo,0.289330393075943,1142.1263427734375,751.1837768554688,1398.6697998046875,910.7891235351562,4,0.0,artificial_jewellery,video_20260404_114752,1470
0,Left,small_object_proposal,heuristic,1.0,1160.0,765.0,1232.0,822.0,0,10.816653826391969,artificial_jewellery,video_20260404_114752,1470
0,Left,small_object_proposal,heuristic,1.0,1140.0,826.0,1155.0,877.0,1,0.0,artificial_jewellery,video_20260404_114752,1470
1,Right,person,yolo,0.6335436701774597,1263.6915283203125,3.57403564453125,1918.933349609375,835.8665771484375,4,0.0,artificial_jewellery,video_20260404_114752,1470
1,Right,person,yolo,0.5371013879776001,498.5349731445313,5.496002197265625,1904.3594970703125,1048.0533447265625,5,0.0,artificial_jewellery,video_20260404_114752,1470
1,Right,sandwich,yolo,0.289330393075943,1142.1263427734375,751.1837768554688,1398.6697998046875,910.7891235351562,2,0.0,artificial_jewellery,video_20260404_114752,1470
1,Right,small_object_proposal,heuristic,1.0,1351.0,746.0,1385.0,843.0,1,0.0,artificial_jewellery,video_20260404_114752,1470
1,Right,small_object_proposal,heuristic,1.0,1281.0,776.0,1319.0,837.0,1,0.0,artificial_jewellery,video_20260404_114752,1470
1,Right,small_object_proposal,heuristic,1.0,1383.0,800.0,1396.0,861.0,1,0.0,artificial_jewellery,video_20260404_114752,1470
0,Left,person,yolo,0.551360547542572,498.4826965332031,4.271942138671875,1876.56005859375,918.0615234375,5,0.0,artificial_jewellery,video_20260404_114752,1500
0,Left,small_object_proposal,heuristic,1.0,1111.0,739.0,1144.0,847.0,3,0.0,artificial_jewellery,video_20260404_114752,1500
0,Left,person,yolo,0.4177844822406769,1192.60693359375,3.188140869140625,1918.7977294921875,865.1256103515625,2,0.0,artificial_jewellery,video_20260404_114752,1530
0,Left,person,yolo,0.4144318401813507,473.3497924804687,3.718505859375,1910.0648193359375,975.2947998046876,5,0.0,artificial_jewellery,video_20260404_114752,1530
0,Left,small_object_proposal,heuristic,1.0,1154.0,776.0,1170.0,863.0,0,1.0,artificial_jewellery,video_20260404_114752,1530
0,Right,person,yolo,0.4911268055438995,1208.2965087890625,4.3121337890625,1918.834716796875,844.4558715820312,2,0.0,artificial_jewellery,video_20260404_114752,1560
0,Right,person,yolo,0.4353856146335602,493.6085815429687,4.34564208984375,1884.84814453125,1005.892822265625,5,0.0,artificial_jewellery,video_20260404_114752,1560
0,Right,small_object_proposal,heuristic,1.0,1370.0,766.0,1394.0,830.0,0,2.0,artificial_jewellery,video_20260404_114752,1560
1,Left,person,yolo,0.4911268055438995,1208.2965087890625,4.3121337890625,1918.834716796875,844.4558715820312,1,0.0,artificial_jewellery,video_20260404_114752,1560
1,Left,person,yolo,0.4353856146335602,493.6085815429687,4.34564208984375,1884.84814453125,1005.892822265625,5,0.0,artificial_jewellery,video_20260404_114752,1560
1,Left,small_object_proposal,heuristic,1.0,1161.0,787.0,1174.0,854.0,1,0.0,artificial_jewellery,video_20260404_114752,1560
0,Left,person,yolo,0.498869240283966,1165.4322509765625,3.1314697265625,1918.899169921875,837.6187133789062,2,0.0,artificial_jewellery,video_20260404_114752,1590
0,Left,person,yolo,0.4380912482738495,461.7271728515625,5.042724609375,1886.0142822265625,1010.9562377929688,5,0.0,artificial_jewellery,video_20260404_114752,1590
0,Left,person,yolo,0.2698686718940735,6.789093017578125,4.417236328125,1240.4669189453125,1059.90673828125,5,0.0,artificial_jewellery,video_20260404_114752,1590
0,Left,small_object_proposal,heuristic,1.0,1120.0,738.0,1169.0,835.0,2,0.0,artificial_jewellery,video_20260404_114752,1590
0,Left,small_object_proposal,heuristic,1.0,1204.0,881.0,1277.0,943.0,0,18.788294228055936,artificial_jewellery,video_20260404_114752,1590
0,Left,small_object_proposal,heuristic,1.0,1145.0,810.0,1167.0,872.0,0,17.0,artificial_jewellery,video_20260404_114752,1590
1,Right,person,yolo,0.498869240283966,1165.4322509765625,3.1314697265625,1918.899169921875,837.6187133789062,4,0.0,artificial_jewellery,video_20260404_114752,1590
1,Right,person,yolo,0.4380912482738495,461.7271728515625,5.042724609375,1886.0142822265625,1010.9562377929688,5,0.0,artificial_jewellery,video_20260404_114752,1590
1,Right,person,yolo,0.2698686718940735,6.789093017578125,4.417236328125,1240.4669189453125,1059.90673828125,1,0.0,artificial_jewellery,video_20260404_114752,1590
0,Left,person,yolo,0.5225743055343628,1182.4532470703125,3.2431640625,1918.68896484375,839.5762939453125,1,0.0,artificial_jewellery,video_20260404_114752,1620
0,Left,person,yolo,0.4589478671550751,476.8712768554687,4.08380126953125,1905.165283203125,1053.6844482421875,5,0.0,artificial_jewellery,video_20260404_114752,1620
0,Left,small_object_proposal,heuristic,1.0,1127.0,779.0,1171.0,859.0,2,0.0,artificial_jewellery,video_20260404_114752,1620
1,Right,person,yolo,0.5225743055343628,1182.4532470703125,3.2431640625,1918.68896484375,839.5762939453125,4,0.0,artificial_jewellery,video_20260404_114752,1620
1,Right,person,yolo,0.4589478671550751,476.8712768554687,4.08380126953125,1905.165283203125,1053.6844482421875,5,0.0,artificial_jewellery,video_20260404_114752,1620
1,Right,small_object_proposal,heuristic,1.0,1328.0,725.0,1372.0,796.0,1,0.0,artificial_jewellery,video_20260404_114752,1620
1,Right,small_object_proposal,heuristic,1.0,1311.0,801.0,1365.0,843.0,2,0.0,artificial_jewellery,video_20260404_114752,1620
1,Right,small_object_proposal,heuristic,1.0,1241.0,763.0,1292.0,782.0,0,8.246211251235321,artificial_jewellery,video_20260404_114752,1620
0,Right,person,yolo,0.4738784730434418,495.5011596679687,3.8360595703125,1896.1270751953125,1043.7664794921875,5,0.0,artificial_jewellery,video_20260404_114752,1650
0,Right,person,yolo,0.435587078332901,1225.3538818359375,4.0037841796875,1918.844970703125,865.6939086914062,3,0.0,artificial_jewellery,video_20260404_114752,1650
0,Right,small_object_proposal,heuristic,1.0,1334.0,851.0,1374.0,886.0,2,0.0,artificial_jewellery,video_20260404_114752,1650
1,Left,person,yolo,0.4738784730434418,495.5011596679687,3.8360595703125,1896.1270751953125,1043.7664794921875,5,0.0,artificial_jewellery,video_20260404_114752,1650
1,Left,person,yolo,0.435587078332901,1225.3538818359375,4.0037841796875,1918.844970703125,865.6939086914062,0,22.3538818359375,artificial_jewellery,video_20260404_114752,1650
1,Left,small_object_proposal,heuristic,1.0,1194.0,805.0,1284.0,853.0,0,18.0,artificial_jewellery,video_20260404_114752,1650
0,Right,small_object_proposal,heuristic,1.0,1455.0,850.0,1483.0,940.0,0,4.0,artificial_jewellery,video_20260404_114752,1680
0,Right,small_object_proposal,heuristic,1.0,1550.0,861.0,1592.0,907.0,2,0.0,artificial_jewellery,video_20260404_114752,1680
0,Right,small_object_proposal,heuristic,1.0,1482.0,874.0,1531.0,908.0,1,0.0,artificial_jewellery,video_20260404_114752,1680
0,Left,person,yolo,0.6696926951408386,485.51324462890625,3.84393310546875,1914.2991943359375,1002.0260009765624,5,0.0,artificial_jewellery,video_20260404_114752,1710
0,Left,person,yolo,0.3705207705497741,1244.1905517578125,9.121490478515623,1918.102294921875,855.1878662109375,0,18.1905517578125,artificial_jewellery,video_20260404_114752,1710
0,Left,person,yolo,0.6345462799072266,482.841064453125,3.1259765625,1911.6522216796875,951.2512817382812,5,0.0,artificial_jewellery,video_20260404_114752,1740
0,Left,person,yolo,0.4802140593528747,1220.628662109375,4.154296875,1918.79736328125,851.9591674804688,0,4.628662109375,artificial_jewellery,video_20260404_114752,1740
0,Left,sandwich,yolo,0.3556563556194305,1122.24755859375,716.72607421875,1371.6661376953125,900.9605712890624,4,0.0,artificial_jewellery,video_20260404_114752,1740
0,Left,small_object_proposal,heuristic,1.0,1113.0,751.0,1137.0,835.0,1,0.0,artificial_jewellery,video_20260404_114752,1740
1,Right,person,yolo,0.6345462799072266,482.841064453125,3.1259765625,1911.6522216796875,951.2512817382812,5,0.0,artificial_jewellery,video_20260404_114752,1740
1,Right,person,yolo,0.4802140593528747,1220.628662109375,4.154296875,1918.79736328125,851.9591674804688,2,0.0,artificial_jewellery,video_20260404_114752,1740
1,Right,sandwich,yolo,0.3556563556194305,1122.24755859375,716.72607421875,1371.6661376953125,900.9605712890624,5,0.0,artificial_jewellery,video_20260404_114752,1740
1,Right,small_object_proposal,heuristic,1.0,1318.0,861.0,1363.0,899.0,3,0.0,artificial_jewellery,video_20260404_114752,1740
1,Right,small_object_proposal,heuristic,1.0,1239.0,762.0,1266.0,808.0,0,5.0,artificial_jewellery,video_20260404_114752,1740
1,Right,small_object_proposal,heuristic,1.0,1349.0,782.0,1369.0,836.0,0,13.0,artificial_jewellery,video_20260404_114752,1740
0,Left,person,yolo,0.6025709509849548,1205.7291259765625,4.74591064453125,1919.2080078125,853.8554077148438,0,7.7291259765625,artificial_jewellery,video_20260404_114752,1770
0,Left,person,yolo,0.5765036940574646,494.8330383300781,4.757904052734375,1898.8194580078125,913.59228515625,5,0.0,artificial_jewellery,video_20260404_114752,1770
0,Left,cake,yolo,0.4485698938369751,1103.6185302734375,737.3585815429688,1354.84765625,915.9483032226562,4,0.0,artificial_jewellery,video_20260404_114752,1770
0,Left,small_object_proposal,heuristic,1.0,1223.0,757.0,1257.0,806.0,0,25.0,artificial_jewellery,video_20260404_114752,1770
0,Left,person,yolo,0.5272671580314636,482.3176879882813,5.478607177734375,1886.50634765625,940.4403076171876,5,0.0,artificial_jewellery,video_20260404_114752,1800
0,Left,cake,yolo,0.4387439489364624,1084.0560302734375,750.2684326171875,1341.22802734375,960.41162109375,4,0.0,artificial_jewellery,video_20260404_114752,1800
0,Left,person,yolo,0.2618270218372345,17.1031494140625,3.714019775390625,1196.860107421875,1069.9530029296875,4,0.0,artificial_jewellery,video_20260404_114752,1800
0,Left,small_object_proposal,heuristic,1.0,1078.0,764.0,1111.0,832.0,0,15.0,artificial_jewellery,video_20260404_114752,1800
0,Left,small_object_proposal,heuristic,1.0,1134.0,772.0,1168.0,822.0,0,5.0,artificial_jewellery,video_20260404_114752,1800
0,Left,small_object_proposal,heuristic,1.0,1193.0,742.0,1229.0,776.0,1,0.0,artificial_jewellery,video_20260404_114752,1800
0,Left,person,yolo,0.4686505794525146,26.127685546875,4.629180908203125,1214.4180908203125,1055.9132080078125,4,0.0,artificial_jewellery,video_20260404_114752,1830
0,Left,small_object_proposal,heuristic,1.0,1095.0,817.0,1116.0,901.0,2,0.0,artificial_jewellery,video_20260404_114752,1830
0,Left,small_object_proposal,heuristic,1.0,1173.0,870.0,1265.0,889.0,0,25.0,artificial_jewellery,video_20260404_114752,1830
0,Left,small_object_proposal,heuristic,1.0,1195.0,822.0,1225.0,866.0,1,0.0,artificial_jewellery,video_20260404_114752,1830
0,Left,person,yolo,0.5675692558288574,12.32574462890625,3.941162109375,1223.01708984375,1055.4595947265625,5,0.0,artificial_jewellery,video_20260404_114752,1860
0,Left,cake,yolo,0.3186729848384857,1125.76611328125,772.0418701171875,1384.69091796875,983.067626953125,5,0.0,artificial_jewellery,video_20260404_114752,1860
0,Left,person,yolo,0.2747307419776916,493.196044921875,3.92962646484375,1899.3680419921875,980.2491455078124,5,0.0,artificial_jewellery,video_20260404_114752,1860
0,Left,small_object_proposal,heuristic,1.0,1110.0,782.0,1137.0,884.0,1,0.0,artificial_jewellery,video_20260404_114752,1860
0,Left,small_object_proposal,heuristic,1.0,1172.0,792.0,1218.0,848.0,1,0.0,artificial_jewellery,video_20260404_114752,1860
0,Left,person,yolo,0.6408583521842957,414.943359375,4.125823974609375,1897.5283203125,1062.7294921875,5,0.0,artificial_jewellery,video_20260404_114752,1920
0,Left,small_object_proposal,heuristic,1.0,1077.0,846.0,1180.0,869.0,2,0.0,artificial_jewellery,video_20260404_114752,1920
0,Left,small_object_proposal,heuristic,1.0,1023.0,813.0,1091.0,842.0,0,7.280109889280518,artificial_jewellery,video_20260404_114752,1920
0,Left,person,yolo,0.6641062498092651,479.66802978515625,1.5157470703125,1835.6429443359375,1068.321044921875,5,0.0,artificial_jewellery,video_20260404_114752,1950
1,Right,person,yolo,0.6641062498092651,479.66802978515625,1.5157470703125,1835.6429443359375,1068.321044921875,5,0.0,artificial_jewellery,video_20260404_114752,1950
1,Right,small_object_proposal,heuristic,1.0,1411.0,790.0,1435.0,844.0,0,10.0,artificial_jewellery,video_20260404_114752,1950
1,Right,small_object_proposal,heuristic,1.0,1401.0,785.0,1416.0,859.0,1,0.0,artificial_jewellery,video_20260404_114752,1950
1,Right,small_object_proposal,heuristic,1.0,1393.0,759.0,1419.0,792.0,0,21.0,artificial_jewellery,video_20260404_114752,1950
0,Left,person,yolo,0.6112774610519409,1190.540771484375,2.5283203125,1918.8079833984375,886.839111328125,1,0.0,artificial_jewellery,video_20260404_114752,1980
0,Left,person,yolo,0.5837146043777466,474.49456787109375,5.417724609375,1876.6138916015625,1022.6904296875,5,0.0,artificial_jewellery,video_20260404_114752,1980
0,Left,small_object_proposal,heuristic,1.0,1114.0,792.0,1178.0,845.0,1,0.0,artificial_jewellery,video_20260404_114752,1980
0,Left,small_object_proposal,heuristic,1.0,1151.0,857.0,1190.0,916.0,2,0.0,artificial_jewellery,video_20260404_114752,1980
1,Right,person,yolo,0.6112774610519409,1190.540771484375,2.5283203125,1918.8079833984375,886.839111328125,4,0.0,artificial_jewellery,video_20260404_114752,1980
1,Right,person,yolo,0.5837146043777466,474.49456787109375,5.417724609375,1876.6138916015625,1022.6904296875,5,0.0,artificial_jewellery,video_20260404_114752,1980
1,Right,small_object_proposal,heuristic,1.0,1258.0,834.0,1297.0,849.0,0,16.0,artificial_jewellery,video_20260404_114752,1980
0,Left,person,yolo,0.6186113953590393,458.3411865234375,4.493682861328125,1877.4873046875,1057.6739501953125,5,0.0,artificial_jewellery,video_20260404_114752,2010
0,Left,person,yolo,0.5582508444786072,1226.083740234375,3.3255615234375,1918.88232421875,835.5806274414062,0,4.083740234375,artificial_jewellery,video_20260404_114752,2010
0,Left,small_object_proposal,heuristic,1.0,1108.0,781.0,1139.0,869.0,1,0.0,artificial_jewellery,video_20260404_114752,2010
0,Left,person,yolo,0.6424548625946045,449.38128662109375,4.93963623046875,1862.28076171875,1005.0458374023438,5,0.0,artificial_jewellery,video_20260404_114752,2040
0,Left,person,yolo,0.5678572654724121,1180.864013671875,3.1754150390625,1918.9442138671875,845.7015380859375,1,0.0,artificial_jewellery,video_20260404_114752,2040
0,Left,small_object_proposal,heuristic,1.0,1058.0,804.0,1105.0,876.0,2,0.0,artificial_jewellery,video_20260404_114752,2040
0,Left,small_object_proposal,heuristic,1.0,1164.0,807.0,1190.0,840.0,1,0.0,artificial_jewellery,video_20260404_114752,2040
0,Left,person,yolo,0.5841048955917358,0.80419921875,4.82757568359375,1081.276123046875,1027.0943603515625,5,0.0,artificial_jewellery,video_20260404_114752,2070
0,Left,person,yolo,0.3400950133800506,1054.607421875,4.366424560546875,1915.2587890625,842.9549560546875,1,0.0,artificial_jewellery,video_20260404_114752,2070
0,Left,person,yolo,0.2869953513145447,307.99713134765625,4.75762939453125,1867.3216552734375,965.1795043945312,5,0.0,artificial_jewellery,video_20260404_114752,2070
0,Left,small_object_proposal,heuristic,1.0,1036.0,786.0,1105.0,854.0,0,17.0,artificial_jewellery,video_20260404_114752,2070
0,Left,small_object_proposal,heuristic,1.0,983.0,832.0,1001.0,896.0,1,0.0,artificial_jewellery,video_20260404_114752,2070
0,Left,person,yolo,0.6132230758666992,28.4915771484375,5.191497802734375,1245.1202392578125,1021.5244140625,5,0.0,artificial_jewellery,video_20260404_114752,2130
0,Left,person,yolo,0.5012831687927246,1212.9697265625,3.3555908203125,1918.76220703125,860.0634155273438,0,21.9697265625,artificial_jewellery,video_20260404_114752,2130
0,Left,person,yolo,0.2990432381629944,335.32269287109375,3.0322265625,1873.162353515625,948.8994750976562,5,0.0,artificial_jewellery,video_20260404_114752,2130
0,Left,small_object_proposal,heuristic,1.0,1087.0,779.0,1121.0,898.0,4,0.0,artificial_jewellery,video_20260404_114752,2130
0,Left,small_object_proposal,heuristic,1.0,1212.0,802.0,1273.0,859.0,0,21.0,artificial_jewellery,video_20260404_114752,2130
0,Left,small_object_proposal,heuristic,1.0,1160.0,830.0,1212.0,879.0,0,4.0,artificial_jewellery,video_20260404_114752,2130
0,Left,small_object_proposal,heuristic,1.0,1174.0,802.0,1201.0,843.0,1,0.0,artificial_jewellery,video_20260404_114752,2130
1,Left,person,yolo,0.6132230758666992,28.4915771484375,5.191497802734375,1245.1202392578125,1021.5244140625,0,6.8797607421875,artificial_jewellery,video_20260404_114752,2130
1,Left,person,yolo,0.5012831687927246,1212.9697265625,3.3555908203125,1918.76220703125,860.0634155273438,5,0.0,artificial_jewellery,video_20260404_114752,2130
1,Left,person,yolo,0.2990432381629944,335.32269287109375,3.0322265625,1873.162353515625,948.8994750976562,5,0.0,artificial_jewellery,video_20260404_114752,2130
1,Left,small_object_proposal,heuristic,1.0,1212.0,802.0,1273.0,859.0,0,15.0,artificial_jewellery,video_20260404_114752,2130
1,Left,small_object_proposal,heuristic,1.0,1256.0,620.0,1286.0,689.0,0,13.416407864998739,artificial_jewellery,video_20260404_114752,2130
1,Left,small_object_proposal,heuristic,1.0,1318.0,738.0,1347.0,789.0,0,18.867962264113206,artificial_jewellery,video_20260404_114752,2130
1,Left,small_object_proposal,heuristic,1.0,1246.0,692.0,1274.0,733.0,0,15.0,artificial_jewellery,video_20260404_114752,2130
0,Left,person,yolo,0.5360905528068542,15.77984619140625,5.048309326171875,1233.5084228515625,1034.208984375,5,0.0,artificial_jewellery,video_20260404_114752,2160
0,Left,person,yolo,0.4744573533535003,459.5753173828125,0.756866455078125,1879.88818359375,940.7080078125,5,0.0,artificial_jewellery,video_20260404_114752,2160
0,Left,person,yolo,0.3602192401885986,1221.809326171875,3.47772216796875,1918.7266845703125,812.6173095703125,0,4.809326171875,artificial_jewellery,video_20260404_114752,2160
0,Left,small_object_proposal,heuristic,1.0,1198.0,741.0,1223.0,776.0,1,0.0,artificial_jewellery,video_20260404_114752,2160
0,Left,small_object_proposal,heuristic,1.0,1168.0,774.0,1197.0,801.0,0,20.8806130178211,artificial_jewellery,video_20260404_114752,2160
0,Left,person,yolo,0.7273414731025696,1205.605224609375,3.56964111328125,1918.99365234375,840.0704956054688,1,0.0,artificial_jewellery,video_20260404_114752,2190
0,Left,person,yolo,0.4259197115898132,485.26715087890625,2.851593017578125,1852.60986328125,945.0233154296876,5,0.0,artificial_jewellery,video_20260404_114752,2190
0,Left,person,yolo,0.3141961097717285,13.8914794921875,5.098297119140625,1269.912109375,1027.8936767578125,5,0.0,artificial_jewellery,video_20260404_114752,2190
0,Left,small_object_proposal,heuristic,1.0,1176.0,765.0,1227.0,840.0,0,10.816653826391969,artificial_jewellery,video_20260404_114752,2190
1,Left,person,yolo,0.7273414731025696,1205.605224609375,3.56964111328125,1918.99365234375,840.0704956054688,5,0.0,artificial_jewellery,video_20260404_114752,2190
1,Left,person,yolo,0.4259197115898132,485.26715087890625,2.851593017578125,1852.60986328125,945.0233154296876,5,0.0,artificial_jewellery,video_20260404_114752,2190
1,Left,person,yolo,0.3141961097717285,13.8914794921875,5.098297119140625,1269.912109375,1027.8936767578125,0,6.087890625,artificial_jewellery,video_20260404_114752,2190
1,Left,small_object_proposal,heuristic,1.0,1353.0,731.0,1375.0,842.0,0,1.0,artificial_jewellery,video_20260404_114752,2190
1,Left,small_object_proposal,heuristic,1.0,1267.0,762.0,1303.0,790.0,1,0.0,artificial_jewellery,video_20260404_114752,2190
0,Left,person,yolo,0.4397450983524322,1.053955078125,3.701019287109375,1159.3077392578125,1011.7608032226562,5,0.0,artificial_jewellery,video_20260404_114752,2220
0,Left,person,yolo,0.4321699142456054,654.843017578125,2.847564697265625,1919.6531982421875,1060.639404296875,5,0.0,artificial_jewellery,video_20260404_114752,2220
1,Left,person,yolo,0.4321699142456054,654.843017578125,2.847564697265625,1919.6531982421875,1060.639404296875,5,0.0,artificial_jewellery,video_20260404_114752,2220
0,Right,person,yolo,0.5055228471755981,484.51373291015625,3.85968017578125,1913.123291015625,1002.3843383789062,5,0.0,artificial_jewellery,video_20260404_114752,2250
0,Right,person,yolo,0.3757591843605041,1323.9599609375,3.80712890625,1918.82861328125,878.5107421875,0,3.4892578125,artificial_jewellery,video_20260404_114752,2250
1,Left,person,yolo,0.5055228471755981,484.51373291015625,3.85968017578125,1913.123291015625,1002.3843383789062,5,0.0,artificial_jewellery,video_20260404_114752,2250
1,Left,small_object_proposal,heuristic,1.0,1190.0,819.0,1216.0,848.0,1,0.0,artificial_jewellery,video_20260404_114752,2250
0,Left,person,yolo,0.5324360728263855,486.11865234375,1.834442138671875,1891.033203125,1072.5189208984375,5,0.0,artificial_jewellery,video_20260404_114752,2280
0,Left,small_object_proposal,heuristic,1.0,1108.0,771.0,1145.0,850.0,0,11.0,artificial_jewellery,video_20260404_114752,2280
0,Left,small_object_proposal,heuristic,1.0,1186.0,806.0,1204.0,842.0,0,15.0,artificial_jewellery,video_20260404_114752,2280
0,Left,person,yolo,0.6043619513511658,489.5919799804687,4.626617431640625,1902.8961181640625,925.28125,5,0.0,artificial_jewellery,video_20260404_114752,2310
0,Left,cake,yolo,0.3180919289588928,630.9663696289062,733.5762329101562,1178.1156005859375,1067.642822265625,4,0.0,artificial_jewellery,video_20260404_114752,2310
0,Left,person,yolo,0.2964834868907928,485.7283935546875,6.343780517578125,1183.8568115234375,874.6943359375,4,0.0,artificial_jewellery,video_20260404_114752,2310
0,Left,dining table,yolo,0.2868272066116333,59.73504638671875,592.2808837890625,1918.5843505859375,1066.0626220703125,5,0.0,artificial_jewellery,video_20260404_114752,2310
0,Left,small_object_proposal,heuristic,1.0,1082.0,764.0,1124.0,834.0,1,0.0,artificial_jewellery,video_20260404_114752,2310
0,Left,small_object_proposal,heuristic,1.0,1165.0,800.0,1218.0,835.0,0,8.0,artificial_jewellery,video_20260404_114752,2310
0,Left,person,yolo,0.7134164571762085,473.2978210449219,4.76605224609375,1901.681884765625,1044.6834716796875,5,0.0,artificial_jewellery,video_20260404_114752,2340
0,Left,person,yolo,0.3157076239585876,1198.58544921875,5.075408935546875,1919.030029296875,842.1762084960938,1,0.0,artificial_jewellery,video_20260404_114752,2340
0,Left,small_object_proposal,heuristic,1.0,1192.0,785.0,1270.0,839.0,1,0.0,artificial_jewellery,video_20260404_114752,2340
0,Left,small_object_proposal,heuristic,1.0,1075.0,770.0,1105.0,869.0,1,0.0,artificial_jewellery,video_20260404_114752,2340
0,Left,small_object_proposal,heuristic,1.0,1167.0,728.0,1210.0,778.0,0,19.0,artificial_jewellery,video_20260404_114752,2340
0,Left,small_object_proposal,heuristic,1.0,1187.0,776.0,1219.0,816.0,1,0.0,artificial_jewellery,video_20260404_114752,2340
0,Left,person,yolo,0.5560416579246521,1227.12451171875,2.9915771484375,1918.7113037109375,864.3143920898438,0,8.12451171875,artificial_jewellery,video_20260404_114752,2370
0,Left,person,yolo,0.3593971133232116,483.860595703125,4.845245361328125,1902.573974609375,1001.2930297851562,5,0.0,artificial_jewellery,video_20260404_114752,2370
0,Left,person,yolo,0.3550361096858978,471.05474853515625,6.3277587890625,1170.4791259765625,867.3751831054688,3,0.0,artificial_jewellery,video_20260404_114752,2370
0,Left,small_object_proposal,heuristic,1.0,1205.0,695.0,1264.0,727.0,0,14.0,artificial_jewellery,video_20260404_114752,2370
0,Left,person,yolo,0.5012338757514954,466.6168518066406,3.7664794921875,1861.6036376953125,1062.62744140625,5,0.0,artificial_jewellery,video_20260404_114752,2400
0,Left,person,yolo,0.4800883531570434,1219.96142578125,3.744232177734375,1918.765869140625,844.57568359375,0,12.96142578125,artificial_jewellery,video_20260404_114752,2400
0,Left,person,yolo,0.2893502712249756,451.2202453613281,0.183197021484375,1172.4459228515625,1056.9058837890625,4,0.0,artificial_jewellery,video_20260404_114752,2400
0,Left,small_object_proposal,heuristic,1.0,1090.0,764.0,1123.0,849.0,2,0.0,artificial_jewellery,video_20260404_114752,2400
0,Left,small_object_proposal,heuristic,1.0,1224.0,765.0,1272.0,814.0,0,17.0,artificial_jewellery,video_20260404_114752,2400
0,Left,person,yolo,0.6524129509925842,457.2081604003906,0.957275390625,1863.903076171875,1068.886962890625,5,0.0,artificial_jewellery,video_20260404_114752,2430
0,Left,person,yolo,0.5863675475120544,1237.6607666015625,2.7711181640625,1918.620849609375,903.0173950195312,0,18.6607666015625,artificial_jewellery,video_20260404_114752,2430
0,Left,small_object_proposal,heuristic,1.0,1122.0,841.0,1137.0,922.0,0,3.0,artificial_jewellery,video_20260404_114752,2430
0,Left,small_object_proposal,heuristic,1.0,1135.0,904.0,1153.0,943.0,0,5.0,artificial_jewellery,video_20260404_114752,2430
0,Left,cake,yolo,0.530796468257904,1154.85498046875,783.4161987304688,1449.46435546875,1026.7230224609375,4,0.0,artificial_jewellery,video_20260404_114752,2460
0,Left,person,yolo,0.3572551310062408,454.90960693359375,3.185943603515625,1884.0792236328125,1032.561767578125,5,0.0,artificial_jewellery,video_20260404_114752,2460
0,Left,small_object_proposal,heuristic,1.0,1211.0,821.0,1252.0,853.0,1,0.0,artificial_jewellery,video_20260404_114752,2460
0,Left,person,yolo,0.3944206535816192,452.7903442382813,4.412109375,1876.30078125,1022.5402221679688,5,0.0,artificial_jewellery,video_20260404_114752,2520
0,Left,donut,yolo,0.306671530008316,1265.7037353515625,759.6075439453125,1401.7022705078125,904.2073974609376,1,0.0,artificial_jewellery,video_20260404_114752,2520
1,Right,person,yolo,0.5559377670288086,1359.1962890625,3.16845703125,1918.7545166015625,906.43359375,3,0.0,artificial_jewellery,video_20260404_114752,2520
1,Right,person,yolo,0.3944206535816192,452.7903442382813,4.412109375,1876.30078125,1022.5402221679688,5,0.0,artificial_jewellery,video_20260404_114752,2520
1,Right,donut,yolo,0.306671530008316,1265.7037353515625,759.6075439453125,1401.7022705078125,904.2073974609376,0,7.2977294921875,artificial_jewellery,video_20260404_114752,2520
0,Left,person,yolo,0.643844485282898,1238.143798828125,3.45538330078125,1918.339599609375,838.0328979492188,0,12.143798828125,artificial_jewellery,video_20260404_114752,2550
0,Left,person,yolo,0.5346940755844116,477.4625244140625,3.9261474609375,1893.3739013671875,932.2694091796876,5,0.0,artificial_jewellery,video_20260404_114752,2550
0,Left,small_object_proposal,heuristic,1.0,1217.0,688.0,1284.0,752.0,0,16.0,artificial_jewellery,video_20260404_114752,2550
0,Left,small_object_proposal,heuristic,1.0,1215.0,777.0,1280.0,832.0,0,9.0,artificial_jewellery,video_20260404_114752,2550
0,Left,small_object_proposal,heuristic,1.0,1103.0,754.0,1133.0,866.0,2,0.0,artificial_jewellery,video_20260404_114752,2550
0,Left,small_object_proposal,heuristic,1.0,1207.0,742.0,1245.0,811.0,1,0.0,artificial_jewellery,video_20260404_114752,2550
0,Left,small_object_proposal,heuristic,1.0,1122.0,817.0,1142.0,859.0,0,8.0,artificial_jewellery,video_20260404_114752,2550
0,Left,person,yolo,0.5330729484558105,477.7966918945313,4.4183349609375,1899.9627685546875,982.3778686523438,5,0.0,artificial_jewellery,video_20260404_114752,2580
0,Left,person,yolo,0.4646914899349212,1233.9986572265625,2.355377197265625,1918.1927490234375,834.8189086914062,4,0.0,artificial_jewellery,video_20260404_114752,2580
0,Left,small_object_proposal,heuristic,1.0,1344.0,892.0,1387.0,920.0,0,3.0,artificial_jewellery,video_20260404_114752,2580
0,Left,small_object_proposal,heuristic,1.0,1248.0,780.0,1271.0,807.0,1,0.0,artificial_jewellery,video_20260404_114752,2580
1,Left,person,yolo,0.5330729484558105,477.7966918945313,4.4183349609375,1899.9627685546875,982.3778686523438,5,0.0,artificial_jewellery,video_20260404_114752,2580
1,Left,person,yolo,0.4646914899349212,1233.9986572265625,2.355377197265625,1918.1927490234375,834.8189086914062,1,0.0,artificial_jewellery,video_20260404_114752,2580
1,Left,small_object_proposal,heuristic,1.0,1129.0,794.0,1146.0,875.0,1,0.0,artificial_jewellery,video_20260404_114752,2580
0,Left,person,yolo,0.5496688485145569,1199.504150390625,3.062255859375,1918.815673828125,839.9866333007812,0,4.504150390625,artificial_jewellery,video_20260404_114752,2610
0,Left,person,yolo,0.3695792257785797,472.698486328125,5.254119873046875,1873.4710693359375,966.1231079101562,5,0.0,artificial_jewellery,video_20260404_114752,2610
0,Left,cake,yolo,0.3445792496204376,1086.584228515625,729.5042724609375,1345.038330078125,922.3319091796876,3,0.0,artificial_jewellery,video_20260404_114752,2610
0,Left,person,yolo,0.2812774777412414,431.11871337890625,4.831787109375,1161.325927734375,879.7930297851562,3,0.0,artificial_jewellery,video_20260404_114752,2610
0,Left,dining table,yolo,0.2656024098396301,17.6619873046875,728.203125,1631.90478515625,1072.624267578125,5,0.0,artificial_jewellery,video_20260404_114752,2610
0,Left,small_object_proposal,heuristic,1.0,1177.0,724.0,1239.0,797.0,1,0.0,artificial_jewellery,video_20260404_114752,2610
0,Left,small_object_proposal,heuristic,1.0,1077.0,745.0,1106.0,848.0,1,0.0,artificial_jewellery,video_20260404_114752,2610
0,Left,person,yolo,0.6277552843093872,467.44537353515625,3.99810791015625,1894.2088623046875,1031.353759765625,5,0.0,artificial_jewellery,video_20260404_114752,2640
0,Left,person,yolo,0.4285916686058044,1183.2410888671875,3.963958740234375,1919.0042724609375,837.3098754882812,1,0.0,artificial_jewellery,video_20260404_114752,2640
0,Left,small_object_proposal,heuristic,1.0,1063.0,753.0,1107.0,860.0,1,0.0,artificial_jewellery,video_20260404_114752,2640
0,Left,small_object_proposal,heuristic,1.0,1162.0,748.0,1194.0,779.0,1,0.0,artificial_jewellery,video_20260404_114752,2640
0,Right,person,yolo,0.6033807992935181,465.6150512695313,5.163848876953125,1899.4359130859375,1045.890869140625,5,0.0,artificial_jewellery,video_20260404_114752,2670
0,Right,small_object_proposal,heuristic,1.0,1134.0,762.0,1176.0,811.0,1,0.0,artificial_jewellery,video_20260404_114752,2670
1,Left,person,yolo,0.6033807992935181,465.6150512695313,5.163848876953125,1899.4359130859375,1045.890869140625,5,0.0,artificial_jewellery,video_20260404_114752,2670
1,Left,person,yolo,0.2981006205081939,1218.35498046875,4.018524169921875,1918.915771484375,858.8253173828125,5,0.0,artificial_jewellery,video_20260404_114752,2670
0,Left,person,yolo,0.5044527053833008,452.9078979492187,4.224609375,1885.834716796875,1046.613037109375,5,0.0,artificial_jewellery,video_20260404_114752,2700
0,Left,person,yolo,0.4977596998214721,1205.0888671875,3.209564208984375,1918.825927734375,865.5807495117188,5,0.0,artificial_jewellery,video_20260404_114752,2700
0,Left,small_object_proposal,heuristic,1.0,1179.0,805.0,1239.0,853.0,0,11.180339887498949,artificial_jewellery,video_20260404_114752,2700
0,Left,person,yolo,0.5654699206352234,460.4518432617187,4.562530517578125,1902.3548583984375,1058.4671630859375,5,0.0,artificial_jewellery,video_20260404_114752,2730
0,Left,small_object_proposal,heuristic,1.0,1066.0,765.0,1096.0,885.0,0,8.0,artificial_jewellery,video_20260404_114752,2730
0,Left,small_object_proposal,heuristic,1.0,1119.0,772.0,1163.0,806.0,0,9.486832980505138,artificial_jewellery,video_20260404_114752,2730
0,Left,small_object_proposal,heuristic,1.0,1165.0,738.0,1187.0,776.0,1,0.0,artificial_jewellery,video_20260404_114752,2730
0,Right,person,yolo,0.5227329134941101,1183.01220703125,3.089263916015625,1918.92333984375,879.4911499023438,4,0.0,artificial_jewellery,video_20260404_114752,2760
0,Right,person,yolo,0.462424099445343,469.657470703125,4.596405029296875,1890.82470703125,938.337158203125,5,0.0,artificial_jewellery,video_20260404_114752,2760
1,Left,person,yolo,0.5227329134941101,1183.01220703125,3.089263916015625,1918.92333984375,879.4911499023438,1,0.0,artificial_jewellery,video_20260404_114752,2760
1,Left,person,yolo,0.462424099445343,469.657470703125,4.596405029296875,1890.82470703125,938.337158203125,5,0.0,artificial_jewellery,video_20260404_114752,2760
1,Left,small_object_proposal,heuristic,1.0,1077.0,810.0,1105.0,877.0,1,0.0,artificial_jewellery,video_20260404_114752,2760
0,Right,person,yolo,0.2854163646697998,665.31298828125,0.0,1881.6895751953125,951.954345703125,5,0.0,artificial_jewellery,video_20260404_114752,2820
0,Right,small_object_proposal,heuristic,1.0,1684.0,901.0,1722.0,935.0,1,0.0,artificial_jewellery,video_20260404_114752,2820
0,Left,person,yolo,0.5689322352409363,474.77984619140625,2.20751953125,1905.533203125,941.6015625,5,0.0,artificial_jewellery,video_20260404_114752,2850
0,Left,person,yolo,0.267564982175827,480.357177734375,5.6290283203125,1204.463134765625,1043.2501220703125,5,0.0,artificial_jewellery,video_20260404_114752,2850
1,Right,person,yolo,0.5689322352409363,474.77984619140625,2.20751953125,1905.533203125,941.6015625,5,0.0,artificial_jewellery,video_20260404_114752,2850
1,Right,person,yolo,0.4510424435138702,1290.0780029296875,3.379669189453125,1918.76220703125,858.7544555664062,3,0.0,artificial_jewellery,video_20260404_114752,2850
1,Right,small_object_proposal,heuristic,1.0,1356.0,896.0,1412.0,926.0,0,6.0,artificial_jewellery,video_20260404_114752,2850
1,Right,small_object_proposal,heuristic,1.0,1397.0,867.0,1433.0,883.0,0,21.18962010041709,artificial_jewellery,video_20260404_114752,2850
0,Left,person,yolo,0.6027113199234009,466.1649169921875,4.6571044921875,1861.3121337890625,1056.9244384765625,5,0.0,artificial_jewellery,video_20260404_114752,2880
0,Left,person,yolo,0.4054383933544159,1245.10595703125,4.69500732421875,1918.628662109375,862.7693481445312,0,21.10595703125,artificial_jewellery,video_20260404_114752,2880
0,Left,small_object_proposal,heuristic,1.0,1083.0,745.0,1130.0,819.0,1,0.0,artificial_jewellery,video_20260404_114752,2880
1,Left,person,yolo,0.6027113199234009,466.1649169921875,4.6571044921875,1861.3121337890625,1056.9244384765625,5,0.0,artificial_jewellery,video_20260404_114752,2880
1,Left,person,yolo,0.4054383933544159,1245.10595703125,4.69500732421875,1918.628662109375,862.7693481445312,3,0.0,artificial_jewellery,video_20260404_114752,2880
1,Left,small_object_proposal,heuristic,1.0,1339.0,741.0,1383.0,803.0,1,0.0,artificial_jewellery,video_20260404_114752,2880
1,Left,small_object_proposal,heuristic,1.0,1360.0,790.0,1374.0,852.0,1,0.0,artificial_jewellery,video_20260404_114752,2880
0,Left,person,yolo,0.5380299091339111,426.8551025390625,4.25738525390625,1892.1943359375,1058.6268310546875,5,0.0,artificial_jewellery,video_20260404_114752,2910
0,Left,dining table,yolo,0.4882412552833557,90.555908203125,536.0138549804688,1916.0677490234375,1063.2852783203125,5,0.0,artificial_jewellery,video_20260404_114752,2910
0,Left,person,yolo,0.2768846750259399,1203.00244140625,3.775634765625,1919.1705322265625,867.9990234375,0,20.00244140625,artificial_jewellery,video_20260404_114752,2910
0,Left,small_object_proposal,heuristic,1.0,1052.0,763.0,1092.0,855.0,3,0.0,artificial_jewellery,video_20260404_114752,2910
0,Left,small_object_proposal,heuristic,1.0,1202.0,800.0,1251.0,832.0,0,19.026297590440446,artificial_jewellery,video_20260404_114752,2910
0,Left,person,yolo,0.6537603139877319,432.9002685546875,5.831817626953125,1889.7254638671875,1062.6427001953125,5,0.0,artificial_jewellery,video_20260404_114752,2940
0,Left,person,yolo,0.5239746570587158,1223.60595703125,2.8004150390625,1918.93359375,842.7310180664062,0,15.60595703125,artificial_jewellery,video_20260404_114752,2940
0,Left,dining table,yolo,0.2815834283828735,72.9971923828125,535.2935180664062,1918.6439208984375,1066.573486328125,5,0.0,artificial_jewellery,video_20260404_114752,2940
0,Left,person,yolo,0.669522762298584,435.9021606445313,5.81414794921875,1882.1053466796875,1058.92822265625,5,0.0,artificial_jewellery,video_20260404_114752,2970
0,Left,cake,yolo,0.4068401157855987,1118.2412109375,757.9913330078125,1400.296875,990.2802124023438,3,0.0,artificial_jewellery,video_20260404_114752,2970
0,Left,cake,yolo,0.2994297742843628,565.44873046875,770.7315673828125,1156.6160888671875,1069.9482421875,4,0.0,artificial_jewellery,video_20260404_114752,2970
0,Left,small_object_proposal,heuristic,1.0,1200.0,761.0,1220.0,795.0,1,0.0,artificial_jewellery,video_20260404_114752,2970
0,Left,person,yolo,0.5398198366165161,405.4812316894531,5.807373046875,1864.6710205078125,1061.4305419921875,5,0.0,artificial_jewellery,video_20260404_114752,3000
0,Left,cake,yolo,0.268330842256546,1114.072998046875,769.5513305664062,1386.4892578125,997.0142822265624,4,0.0,artificial_jewellery,video_20260404_114752,3000
0,Left,small_object_proposal,heuristic,1.0,1106.0,793.0,1132.0,899.0,2,0.0,artificial_jewellery,video_20260404_114752,3000
1,Left,person,yolo,0.5433639287948608,1268.75830078125,1.919403076171875,1918.3502197265625,852.0869750976562,5,0.0,artificial_jewellery,video_20260404_114752,3000
1,Left,person,yolo,0.5398198366165161,405.4812316894531,5.807373046875,1864.6710205078125,1061.4305419921875,5,0.0,artificial_jewellery,video_20260404_114752,3000
1,Left,cake,yolo,0.268330842256546,1114.072998046875,769.5513305664062,1386.4892578125,997.0142822265624,2,0.0,artificial_jewellery,video_20260404_114752,3000
1,Left,small_object_proposal,heuristic,1.0,1339.0,788.0,1387.0,854.0,0,8.0,artificial_jewellery,video_20260404_114752,3000
1,Left,small_object_proposal,heuristic,1.0,1306.0,711.0,1324.0,758.0,0,20.0,artificial_jewellery,video_20260404_114752,3000
0,Left,person,yolo,0.5170685648918152,410.335693359375,3.72161865234375,1823.666015625,1024.5960693359375,5,0.0,artificial_jewellery,video_20260404_114752,3030
0,Left,small_object_proposal,heuristic,1.0,1091.0,802.0,1130.0,925.0,3,0.0,artificial_jewellery,video_20260404_114752,3030
0,Left,small_object_proposal,heuristic,1.0,1206.0,829.0,1278.0,875.0,0,22.0,artificial_jewellery,video_20260404_114752,3030
0,Left,small_object_proposal,heuristic,1.0,1173.0,812.0,1200.0,843.0,1,0.0,artificial_jewellery,video_20260404_114752,3030
0,Right,person,yolo,0.6127235293388367,439.7462768554687,1.783905029296875,1896.7237548828125,1004.70263671875,5,0.0,artificial_jewellery,video_20260404_114752,3060
0,Right,person,yolo,0.5732815861701965,1336.6246337890625,3.5218505859375,1918.4488525390625,912.07470703125,4,0.0,artificial_jewellery,video_20260404_114752,3060
0,Right,small_object_proposal,heuristic,1.0,1424.0,788.0,1459.0,912.0,0,5.0,artificial_jewellery,video_20260404_114752,3060
0,Right,small_object_proposal,heuristic,1.0,1339.0,769.0,1371.0,888.0,1,0.0,artificial_jewellery,video_20260404_114752,3060
0,Right,small_object_proposal,heuristic,1.0,1363.0,841.0,1405.0,864.0,1,0.0,artificial_jewellery,video_20260404_114752,3060
1,Left,person,yolo,0.6127235293388367,439.7462768554687,1.783905029296875,1896.7237548828125,1004.70263671875,5,0.0,artificial_jewellery,video_20260404_114752,3060
1,Left,person,yolo,0.3469912707805633,435.7973327636719,0.634002685546875,1167.5748291015625,1063.9346923828125,5,0.0,artificial_jewellery,video_20260404_114752,3060
1,Left,small_object_proposal,heuristic,1.0,1120.0,891.0,1153.0,916.0,1,0.0,artificial_jewellery,video_20260404_114752,3060
0,Left,person,yolo,0.5621050000190735,451.4469909667969,1.813751220703125,1376.4913330078125,1068.196044921875,5,0.0,artificial_jewellery,video_20260404_114752,3090
0,Left,person,yolo,0.3422502875328064,872.3618774414062,4.5087890625,1917.26220703125,995.134521484375,3,0.0,artificial_jewellery,video_20260404_114752,3090
0,Left,small_object_proposal,heuristic,1.0,1307.0,826.0,1375.0,887.0,0,10.0,artificial_jewellery,video_20260404_114752,3090
1,Right,person,yolo,0.3422502875328064,872.3618774414062,4.5087890625,1917.26220703125,995.134521484375,5,0.0,artificial_jewellery,video_20260404_114752,3090
1,Right,small_object_proposal,heuristic,1.0,1665.0,863.0,1722.0,926.0,3,0.0,artificial_jewellery,video_20260404_114752,3090
1,Right,small_object_proposal,heuristic,1.0,1637.0,811.0,1667.0,927.0,1,0.0,artificial_jewellery,video_20260404_114752,3090
0,Left,person,yolo,0.6752345561981201,425.81927490234375,3.83697509765625,1908.554443359375,1063.4891357421875,5,0.0,artificial_jewellery,video_20260404_114752,3180
0,Left,cake,yolo,0.3675930500030517,1122.6361083984375,777.3041381835938,1420.1103515625,1017.8036499023438,5,0.0,artificial_jewellery,video_20260404_114752,3180
0,Left,small_object_proposal,heuristic,1.0,1223.0,801.0,1252.0,842.0,1,0.0,artificial_jewellery,video_20260404_114752,3180
0,Left,small_object_proposal,heuristic,1.0,1138.0,961.0,1176.0,982.0,0,17.0,artificial_jewellery,video_20260404_114752,3180
0,Left,small_object_proposal,heuristic,1.0,1137.0,904.0,1155.0,924.0,1,0.0,artificial_jewellery,video_20260404_114752,3180
0,Left,person,yolo,0.630233645439148,395.2371826171875,4.7208251953125,1903.6446533203125,1066.156494140625,5,0.0,artificial_jewellery,video_20260404_114752,3210
0,Left,person,yolo,0.4944013059139251,1248.2283935546875,1.097625732421875,1918.163818359375,962.0252075195312,1,0.0,artificial_jewellery,video_20260404_114752,3210
0,Left,cake,yolo,0.2667919099330902,1130.915283203125,772.48095703125,1427.9925537109375,1023.1402587890624,4,0.0,artificial_jewellery,video_20260404_114752,3210
0,Left,small_object_proposal,heuristic,1.0,1199.0,800.0,1271.0,865.0,1,0.0,artificial_jewellery,video_20260404_114752,3210
0,Left,small_object_proposal,heuristic,1.0,1124.0,774.0,1162.0,893.0,2,0.0,artificial_jewellery,video_20260404_114752,3210
0,Left,small_object_proposal,heuristic,1.0,1236.0,732.0,1293.0,787.0,0,18.0,artificial_jewellery,video_20260404_114752,3210
0,Left,small_object_proposal,heuristic,1.0,1230.0,778.0,1253.0,811.0,1,0.0,artificial_jewellery,video_20260404_114752,3210
0,Left,small_object_proposal,heuristic,1.0,1151.0,892.0,1168.0,934.0,0,5.0,artificial_jewellery,video_20260404_114752,3210
0,Left,person,yolo,0.5891885757446289,406.3829956054687,4.154937744140625,1894.0654296875,1058.5755615234375,5,0.0,artificial_jewellery,video_20260404_114752,3240
0,Left,person,yolo,0.4425874948501587,1230.810546875,0.0,1918.2415771484375,996.03955078125,1,0.0,artificial_jewellery,video_20260404_114752,3240
0,Left,small_object_proposal,heuristic,1.0,1129.0,767.0,1163.0,872.0,1,0.0,artificial_jewellery,video_20260404_114752,3240
0,Left,small_object_proposal,heuristic,1.0,1171.0,920.0,1186.0,966.0,0,16.0,artificial_jewellery,video_20260404_114752,3240
0,Left,person,yolo,0.7108569741249084,1248.5733642578125,1.012481689453125,1918.011474609375,896.3240356445312,0,8.5733642578125,artificial_jewellery,video_20260404_114752,3270
0,Left,person,yolo,0.6540840268135071,405.43707275390625,4.3575439453125,1875.005615234375,1063.051025390625,5,0.0,artificial_jewellery,video_20260404_114752,3270
0,Left,cake,yolo,0.5554288029670715,1124.706298828125,770.7125244140625,1423.0411376953125,1019.145263671875,5,0.0,artificial_jewellery,video_20260404_114752,3270
0,Left,small_object_proposal,heuristic,1.0,1122.0,824.0,1141.0,902.0,1,0.0,artificial_jewellery,video_20260404_114752,3270
0,Left,small_object_proposal,heuristic,1.0,1256.0,780.0,1281.0,805.0,0,18.867962264113206,artificial_jewellery,video_20260404_114752,3270
0,Left,person,yolo,0.6171568632125854,397.09423828125,4.311767578125,1896.2003173828125,1050.6453857421875,5,0.0,artificial_jewellery,video_20260404_114752,3300
0,Left,cake,yolo,0.2819235324859619,1104.635009765625,793.0983276367188,1391.4378662109375,1034.1575927734375,4,0.0,artificial_jewellery,video_20260404_114752,3300
0,Left,small_object_proposal,heuristic,1.0,1098.0,820.0,1120.0,918.0,2,0.0,artificial_jewellery,video_20260404_114752,3300
0,Left,small_object_proposal,heuristic,1.0,1160.0,835.0,1221.0,868.0,0,24.08318915758459,artificial_jewellery,video_20260404_114752,3300
0,Left,small_object_proposal,heuristic,1.0,1220.0,791.0,1242.0,832.0,1,0.0,artificial_jewellery,video_20260404_114752,3300
0,Left,person,yolo,0.6883767247200012,408.56011962890625,4.26141357421875,1857.4332275390625,1056.5008544921875,5,0.0,artificial_jewellery,video_20260404_114752,3330
0,Left,small_object_proposal,heuristic,1.0,1172.0,840.0,1255.0,894.0,1,0.0,artificial_jewellery,video_20260404_114752,3330
0,Left,small_object_proposal,heuristic,1.0,1116.0,817.0,1166.0,856.0,0,22.0,artificial_jewellery,video_20260404_114752,3330
0,Left,person,yolo,0.5979596376419067,411.8360595703125,5.16156005859375,1892.0833740234375,1062.1480712890625,5,0.0,artificial_jewellery,video_20260404_114752,3360
0,Left,cake,yolo,0.2895324230194092,1131.359619140625,780.8631591796875,1430.430908203125,1027.5025634765625,3,0.0,artificial_jewellery,video_20260404_114752,3360
0,Left,small_object_proposal,heuristic,1.0,1124.0,795.0,1150.0,893.0,2,0.0,artificial_jewellery,video_20260404_114752,3360
0,Left,small_object_proposal,heuristic,1.0,1216.0,794.0,1239.0,831.0,1,0.0,artificial_jewellery,video_20260404_114752,3360
0,Left,small_object_proposal,heuristic,1.0,1155.0,897.0,1170.0,933.0,0,5.0,artificial_jewellery,video_20260404_114752,3360
0,Left,person,yolo,0.6364099979400635,406.6741333007813,3.94720458984375,1826.27783203125,1040.8646240234375,5,0.0,artificial_jewellery,video_20260404_114752,3390
0,Left,small_object_proposal,heuristic,1.0,1135.0,804.0,1157.0,919.0,2,0.0,artificial_jewellery,video_20260404_114752,3390
0,Left,small_object_proposal,heuristic,1.0,1197.0,811.0,1236.0,841.0,1,0.0,artificial_jewellery,video_20260404_114752,3390
0,Left,small_object_proposal,heuristic,1.0,1204.0,845.0,1233.0,871.0,0,13.0,artificial_jewellery,video_20260404_114752,3390
1,Left,person,yolo,0.6378520727157593,1272.941650390625,2.797210693359375,1918.6685791015625,907.7278442382812,3,0.0,artificial_jewellery,video_20260404_114752,3390
1,Left,person,yolo,0.6364099979400635,406.6741333007813,3.94720458984375,1826.27783203125,1040.8646240234375,5,0.0,artificial_jewellery,video_20260404_114752,3390
1,Left,small_object_proposal,heuristic,1.0,1388.0,829.0,1432.0,942.0,1,0.0,artificial_jewellery,video_20260404_114752,3390
1,Left,small_object_proposal,heuristic,1.0,1373.0,788.0,1418.0,848.0,0,12.083045973594572,artificial_jewellery,video_20260404_114752,3390
1,Left,small_object_proposal,heuristic,1.0,1273.0,845.0,1327.0,886.0,0,4.0,artificial_jewellery,video_20260404_114752,3390
0,Left,person,yolo,0.6181821227073669,443.2119140625,3.218536376953125,1891.251708984375,1066.37109375,5,0.0,artificial_jewellery,video_20260404_114752,3420
0,Left,small_object_proposal,heuristic,1.0,1338.0,1029.0,1440.0,1069.0,0,14.0,artificial_jewellery,video_20260404_114752,3420
0,Left,small_object_proposal,heuristic,1.0,1299.0,1003.0,1377.0,1052.0,0,1.0,artificial_jewellery,video_20260404_114752,3420
0,Left,small_object_proposal,heuristic,1.0,1352.0,836.0,1368.0,862.0,0,8.54400374531753,artificial_jewellery,video_20260404_114752,3420
1,Right,person,yolo,0.6181821227073669,443.2119140625,3.218536376953125,1891.251708984375,1066.37109375,5,0.0,artificial_jewellery,video_20260404_114752,3420
1,Right,person,yolo,0.2701461911201477,1511.6971435546875,2.731658935546875,1918.2755126953125,988.0615234375,5,0.0,artificial_jewellery,video_20260404_114752,3420
0,Left,person,yolo,0.5959653854370117,404.31500244140625,3.963134765625,1871.8194580078125,1036.62451171875,4,0.0,artificial_jewellery,video_20260404_114752,3450
0,Left,small_object_proposal,heuristic,1.0,1257.0,964.0,1321.0,993.0,0,5.0,artificial_jewellery,video_20260404_114752,3450
0,Left,person,yolo,0.5522996187210083,388.9685668945313,4.12078857421875,1914.599853515625,1047.5819091796875,5,0.0,artificial_jewellery,video_20260404_114752,3480
0,Left,small_object_proposal,heuristic,1.0,1107.0,756.0,1156.0,853.0,3,0.0,artificial_jewellery,video_20260404_114752,3480
0,Left,small_object_proposal,heuristic,1.0,1219.0,769.0,1242.0,801.0,1,0.0,artificial_jewellery,video_20260404_114752,3480
0,Left,small_object_proposal,heuristic,1.0,1114.0,856.0,1149.0,875.0,0,12.041594578792296,artificial_jewellery,video_20260404_114752,3480
0,Left,small_object_proposal,heuristic,1.0,1160.0,889.0,1177.0,915.0,0,9.0,artificial_jewellery,video_20260404_114752,3480
0,Left,person,yolo,0.5432137250900269,437.7625122070313,4.517303466796875,1906.2957763671875,1009.7464599609376,5,0.0,artificial_jewellery,video_20260404_114752,3510
0,Left,small_object_proposal,heuristic,1.0,1111.0,767.0,1146.0,887.0,2,0.0,artificial_jewellery,video_20260404_114752,3510
0,Left,small_object_proposal,heuristic,1.0,1155.0,897.0,1174.0,941.0,0,2.0,artificial_jewellery,video_20260404_114752,3510
0,Left,small_object_proposal,heuristic,1.0,1224.0,774.0,1244.0,809.0,1,0.0,artificial_jewellery,video_20260404_114752,3510
0,Left,person,yolo,0.4954825043678283,457.9537353515625,2.554595947265625,1500.7391357421875,1052.4735107421875,5,0.0,artificial_jewellery,video_20260404_114752,3660
0,Left,person,yolo,0.2903753519058227,908.9154052734376,3.610107421875,1918.594482421875,1058.296875,5,0.0,artificial_jewellery,video_20260404_114752,3660
0,Left,person,yolo,0.7204680442810059,262.8814392089844,3.54638671875,1493.4207763671875,1058.20361328125,5,0.0,artificial_jewellery,video_20260404_114752,3690
0,Left,cake,yolo,0.2982863485813141,987.3541259765624,676.7164306640625,1282.7841796875,901.99072265625,0,12.354125976562386,artificial_jewellery,video_20260404_114752,3690
0,Left,small_object_proposal,heuristic,1.0,862.0,846.0,950.0,892.0,1,0.0,artificial_jewellery,video_20260404_114752,3690
0,Left,small_object_proposal,heuristic,1.0,850.0,878.0,898.0,916.0,0,7.0710678118654755,artificial_jewellery,video_20260404_114752,3690
0,Left,person,yolo,0.4278822839260101,211.1802978515625,4.897705078125,1028.6917724609375,850.9147338867188,5,0.0,artificial_jewellery,video_20260404_114752,3720
0,Left,dining table,yolo,0.3186693787574768,3.4383544921875,427.29876708984375,1256.839599609375,1070.52587890625,5,0.0,artificial_jewellery,video_20260404_114752,3720
0,Left,small_object_proposal,heuristic,1.0,897.0,818.0,961.0,860.0,0,19.0,artificial_jewellery,video_20260404_114752,3720
0,Left,person,yolo,0.4245317578315735,427.87005615234375,1.55419921875,1863.728759765625,892.1350708007812,5,0.0,artificial_jewellery,video_20260404_114752,3750
0,Left,small_object_proposal,heuristic,1.0,1241.0,707.0,1312.0,766.0,0,25.0,artificial_jewellery,video_20260404_114752,3750
0,Left,small_object_proposal,heuristic,1.0,1176.0,841.0,1241.0,877.0,0,7.0,artificial_jewellery,video_20260404_114752,3750
0,Left,small_object_proposal,heuristic,1.0,1137.0,884.0,1171.0,916.0,0,14.0,artificial_jewellery,video_20260404_114752,3750
0,Left,small_object_proposal,heuristic,1.0,1243.0,803.0,1262.0,850.0,0,12.0,artificial_jewellery,video_20260404_114752,3750
1,Right,person,yolo,0.4245317578315735,427.87005615234375,1.55419921875,1863.728759765625,892.1350708007812,5,0.0,artificial_jewellery,video_20260404_114752,3750
1,Right,person,yolo,0.4078065156936645,1285.7977294921875,2.857177734375,1918.80029296875,795.3402099609375,3,0.0,artificial_jewellery,video_20260404_114752,3750
1,Right,small_object_proposal,heuristic,1.0,1241.0,707.0,1312.0,766.0,2,0.0,artificial_jewellery,video_20260404_114752,3750
1,Right,small_object_proposal,heuristic,1.0,1299.0,757.0,1328.0,826.0,1,0.0,artificial_jewellery,video_20260404_114752,3750
1,Right,small_object_proposal,heuristic,1.0,1304.0,744.0,1319.0,795.0,1,0.0,artificial_jewellery,video_20260404_114752,3750
0,Left,person,yolo,0.5684269070625305,464.8595581054687,3.440093994140625,1889.419921875,842.611083984375,5,0.0,artificial_jewellery,video_20260404_114752,3780
0,Left,dining table,yolo,0.2641502022743225,63.78094482421875,657.1304931640625,1543.302978515625,1072.180419921875,5,0.0,artificial_jewellery,video_20260404_114752,3780
0,Left,small_object_proposal,heuristic,1.0,1171.0,726.0,1210.0,756.0,1,0.0,artificial_jewellery,video_20260404_114752,3780
0,Left,person,yolo,0.5871536135673523,465.3092651367187,3.75494384765625,1861.8021240234375,856.3634033203125,5,0.0,artificial_jewellery,video_20260404_114752,3810
0,Left,person,yolo,0.3290553092956543,1168.2237548828125,3.39752197265625,1919.322509765625,807.3153076171875,1,0.0,artificial_jewellery,video_20260404_114752,3810
0,Left,dining table,yolo,0.3057631850242615,8.11376953125,681.6132202148438,1592.497314453125,1069.5384521484375,5,0.0,artificial_jewellery,video_20260404_114752,3810
0,Left,small_object_proposal,heuristic,1.0,1068.0,733.0,1112.0,838.0,3,0.0,artificial_jewellery,video_20260404_114752,3810
0,Left,small_object_proposal,heuristic,1.0,1163.0,763.0,1253.0,800.0,0,6.0,artificial_jewellery,video_20260404_114752,3810
0,Left,person,yolo,0.6253828406333923,451.6163024902344,4.470428466796875,1885.347412109375,875.8863525390625,5,0.0,artificial_jewellery,video_20260404_114752,3840
0,Left,person,yolo,0.4379591345787048,1168.220703125,3.45428466796875,1918.8648681640625,785.8031616210938,1,0.0,artificial_jewellery,video_20260404_114752,3840
0,Left,small_object_proposal,heuristic,1.0,1070.0,731.0,1105.0,847.0,3,0.0,artificial_jewellery,video_20260404_114752,3840
0,Left,small_object_proposal,heuristic,1.0,1130.0,714.0,1189.0,744.0,1,0.0,artificial_jewellery,video_20260404_114752,3840
0,Left,small_object_proposal,heuristic,1.0,1161.0,764.0,1227.0,786.0,0,20.0,artificial_jewellery,video_20260404_114752,3840
0,Left,person,yolo,0.6127125024795532,445.190185546875,3.368865966796875,1859.36279296875,884.35693359375,5,0.0,artificial_jewellery,video_20260404_114752,3870
0,Left,person,yolo,0.3672969341278076,1172.6522216796875,2.31884765625,1918.8677978515625,824.7308349609375,1,0.0,artificial_jewellery,video_20260404_114752,3870
0,Left,cake,yolo,0.341884583234787,582.8909912109375,700.8750610351562,1143.2191162109375,1061.2418212890625,4,0.0,artificial_jewellery,video_20260404_114752,3870
0,Left,dining table,yolo,0.3273352980613708,18.1124267578125,681.1228637695312,1779.577880859375,1072.190673828125,5,0.0,artificial_jewellery,video_20260404_114752,3870
0,Left,small_object_proposal,heuristic,1.0,1130.0,722.0,1198.0,790.0,1,0.0,artificial_jewellery,video_20260404_114752,3870
0,Left,small_object_proposal,heuristic,1.0,1069.0,727.0,1103.0,820.0,3,0.0,artificial_jewellery,video_20260404_114752,3870
0,Left,small_object_proposal,heuristic,1.0,1155.0,704.0,1186.0,731.0,1,0.0,artificial_jewellery,video_20260404_114752,3870
0,Left,person,yolo,0.6865251064300537,433.1485595703125,3.6881103515625,1874.08349609375,871.4842529296875,5,0.0,artificial_jewellery,video_20260404_114752,3900
0,Left,cake,yolo,0.2682951390743255,1114.874755859375,711.7545776367188,1240.7762451171875,817.1021118164062,1,0.0,artificial_jewellery,video_20260404_114752,3900
0,Left,small_object_proposal,heuristic,1.0,1045.0,709.0,1071.0,811.0,3,0.0,artificial_jewellery,video_20260404_114752,3900
0,Left,small_object_proposal,heuristic,1.0,1121.0,709.0,1151.0,742.0,1,0.0,artificial_jewellery,video_20260404_114752,3900
0,Left,small_object_proposal,heuristic,1.0,1111.0,755.0,1133.0,799.0,0,21.540659228538015,artificial_jewellery,video_20260404_114752,3900
0,Left,person,yolo,0.6800326704978943,426.7824096679687,4.470062255859375,1877.0577392578125,875.5206909179688,5,0.0,artificial_jewellery,video_20260404_114752,3930
0,Left,small_object_proposal,heuristic,1.0,1030.0,706.0,1073.0,818.0,3,0.0,artificial_jewellery,video_20260404_114752,3930
0,Left,small_object_proposal,heuristic,1.0,1152.0,704.0,1221.0,756.0,0,15.0,artificial_jewellery,video_20260404_114752,3930
0,Left,small_object_proposal,heuristic,1.0,1121.0,722.0,1155.0,750.0,1,0.0,artificial_jewellery,video_20260404_114752,3930
0,Right,person,yolo,0.6545777916908264,406.9175109863281,2.94049072265625,1901.59716796875,1066.593017578125,5,0.0,artificial_jewellery,video_20260404_114752,3960
0,Right,small_object_proposal,heuristic,1.0,1189.0,683.0,1257.0,721.0,0,7.0,artificial_jewellery,video_20260404_114752,3960
0,Right,small_object_proposal,heuristic,1.0,1189.0,724.0,1212.0,756.0,0,24.0,artificial_jewellery,video_20260404_114752,3960
1,Left,person,yolo,0.6545777916908264,406.9175109863281,2.94049072265625,1901.59716796875,1066.593017578125,5,0.0,artificial_jewellery,video_20260404_114752,3960
1,Left,small_object_proposal,heuristic,1.0,1039.0,823.0,1069.0,853.0,1,0.0,artificial_jewellery,video_20260404_114752,3960
1,Left,small_object_proposal,heuristic,1.0,1189.0,724.0,1212.0,756.0,1,0.0,artificial_jewellery,video_20260404_114752,3960
0,Left,person,yolo,0.5971779227256775,439.6213989257813,5.0950927734375,1904.1298828125,1009.95556640625,5,0.0,artificial_jewellery,video_20260404_114752,3990
0,Left,small_object_proposal,heuristic,1.0,1140.0,764.0,1197.0,799.0,0,2.0,artificial_jewellery,video_20260404_114752,3990
0,Left,small_object_proposal,heuristic,1.0,1098.0,797.0,1116.0,842.0,1,0.0,artificial_jewellery,video_20260404_114752,3990
0,Left,small_object_proposal,heuristic,1.0,1176.0,772.0,1211.0,795.0,0,10.0,artificial_jewellery,video_20260404_114752,3990
0,Left,small_object_proposal,heuristic,1.0,1084.0,852.0,1107.0,883.0,1,0.0,artificial_jewellery,video_20260404_114752,3990
1,Right,person,yolo,0.5971779227256775,439.6213989257813,5.0950927734375,1904.1298828125,1009.95556640625,5,0.0,artificial_jewellery,video_20260404_114752,3990
1,Right,small_object_proposal,heuristic,1.0,1325.0,811.0,1337.0,869.0,0,4.47213595499958,artificial_jewellery,video_20260404_114752,3990
1,Right,small_object_proposal,heuristic,1.0,1259.0,774.0,1290.0,795.0,0,5.0,artificial_jewellery,video_20260404_114752,3990
0,Left,person,yolo,0.7426771521568298,415.57708740234375,5.821929931640625,1894.6197509765625,1045.803955078125,5,0.0,artificial_jewellery,video_20260404_114752,4020
0,Left,person,yolo,0.2985948920249939,1184.7689208984375,3.1812744140625,1918.9610595703125,874.281005859375,1,0.0,artificial_jewellery,video_20260404_114752,4020
0,Left,small_object_proposal,heuristic,1.0,1192.0,758.0,1261.0,822.0,1,0.0,artificial_jewellery,video_20260404_114752,4020
0,Left,small_object_proposal,heuristic,1.0,1082.0,828.0,1107.0,903.0,0,6.0,artificial_jewellery,video_20260404_114752,4020
1,Right,person,yolo,0.7426771521568298,415.57708740234375,5.821929931640625,1894.6197509765625,1045.803955078125,5,0.0,artificial_jewellery,video_20260404_114752,4020
1,Right,person,yolo,0.2985948920249939,1184.7689208984375,3.1812744140625,1918.9610595703125,874.281005859375,4,0.0,artificial_jewellery,video_20260404_114752,4020
1,Right,small_object_proposal,heuristic,1.0,1192.0,758.0,1261.0,822.0,1,0.0,artificial_jewellery,video_20260404_114752,4020
1,Right,small_object_proposal,heuristic,1.0,1329.0,756.0,1354.0,792.0,0,15.0,artificial_jewellery,video_20260404_114752,4020
0,Left,person,yolo,0.4802727401256561,383.6193542480469,3.36309814453125,1893.858154296875,1054.60986328125,5,0.0,artificial_jewellery,video_20260404_114752,4050
0,Left,person,yolo,0.3157288134098053,1173.4066162109375,3.74652099609375,1919.111328125,851.5087890625,0,10.4066162109375,artificial_jewellery,video_20260404_114752,4050
0,Left,small_object_proposal,heuristic,1.0,1062.0,781.0,1095.0,882.0,1,0.0,artificial_jewellery,video_20260404_114752,4050
0,Left,person,yolo,0.4455650150775909,341.53070068359375,3.40264892578125,1885.033203125,1047.4212646484375,5,0.0,artificial_jewellery,video_20260404_114752,4080
0,Left,person,yolo,0.3858875930309295,20.6165771484375,1.32843017578125,1257.3914794921875,1055.7335205078125,5,0.0,artificial_jewellery,video_20260404_114752,4080
0,Left,person,yolo,0.3806309700012207,1175.895751953125,4.19256591796875,1919.2047119140625,828.0606079101562,0,2.895751953125,artificial_jewellery,video_20260404_114752,4080
0,Left,small_object_proposal,heuristic,1.0,1063.0,772.0,1094.0,864.0,3,0.0,artificial_jewellery,video_20260404_114752,4080
0,Left,small_object_proposal,heuristic,1.0,1196.0,759.0,1240.0,789.0,0,23.0,artificial_jewellery,video_20260404_114752,4080
0,Left,small_object_proposal,heuristic,1.0,1074.0,800.0,1092.0,852.0,1,0.0,artificial_jewellery,video_20260404_114752,4080
0,Left,person,yolo,0.4879505038261413,432.4486083984375,4.3172607421875,1872.9107666015625,993.2083740234376,5,0.0,artificial_jewellery,video_20260404_114752,4110
0,Left,person,yolo,0.4121325612068176,428.5278015136719,4.930206298828125,1109.78076171875,975.4369506835938,3,0.0,artificial_jewellery,video_20260404_114752,4110
0,Left,small_object_proposal,heuristic,1.0,1202.0,837.0,1253.0,887.0,0,24.08318915758459,artificial_jewellery,video_20260404_114752,4110
0,Left,small_object_proposal,heuristic,1.0,1079.0,909.0,1112.0,942.0,0,14.0,artificial_jewellery,video_20260404_114752,4110
1,Right,person,yolo,0.4879505038261413,432.4486083984375,4.3172607421875,1872.9107666015625,993.2083740234376,5,0.0,artificial_jewellery,video_20260404_114752,4110
1,Right,small_object_proposal,heuristic,1.0,1433.0,790.0,1480.0,876.0,2,0.0,artificial_jewellery,video_20260404_114752,4110
1,Right,small_object_proposal,heuristic,1.0,1480.0,767.0,1511.0,872.0,0,7.0,artificial_jewellery,video_20260404_114752,4110
0,Left,person,yolo,0.5573995113372803,404.7686767578125,2.953948974609375,1285.379638671875,1056.2169189453125,5,0.0,artificial_jewellery,video_20260404_114752,4200
0,Left,small_object_proposal,heuristic,1.0,1142.0,832.0,1200.0,882.0,0,5.0,artificial_jewellery,video_20260404_114752,4200
0,Left,person,yolo,0.6055862307548523,360.68756103515625,3.581817626953125,1884.15283203125,1008.4222412109376,5,0.0,artificial_jewellery,video_20260404_114752,4230
0,Left,donut,yolo,0.3447364270687103,1137.7225341796875,773.7280883789062,1424.9906005859375,978.7417602539062,3,0.0,artificial_jewellery,video_20260404_114752,4230
0,Left,person,yolo,0.3088563680648803,1273.7725830078125,4.281646728515625,1918.750244140625,908.7266235351562,0,5.7725830078125,artificial_jewellery,video_20260404_114752,4230
0,Left,small_object_proposal,heuristic,1.0,1122.0,820.0,1147.0,924.0,1,0.0,artificial_jewellery,video_20260404_114752,4230
0,Left,small_object_proposal,heuristic,1.0,1250.0,778.0,1273.0,815.0,1,0.0,artificial_jewellery,video_20260404_114752,4230
0,Left,person,yolo,0.6312508583068848,395.6365356445313,3.46856689453125,1880.238037109375,1027.178955078125,5,0.0,artificial_jewellery,video_20260404_114752,4260
0,Left,person,yolo,0.4228084683418274,1216.9853515625,3.6463623046875,1918.86083984375,910.907958984375,1,0.0,artificial_jewellery,video_20260404_114752,4260
0,Left,small_object_proposal,heuristic,1.0,1088.0,791.0,1127.0,891.0,2,0.0,artificial_jewellery,video_20260404_114752,4260
0,Left,small_object_proposal,heuristic,1.0,1204.0,743.0,1270.0,801.0,0,20.0,artificial_jewellery,video_20260404_114752,4260
0,Left,small_object_proposal,heuristic,1.0,1207.0,798.0,1243.0,849.0,1,0.0,artificial_jewellery,video_20260404_114752,4260
1,Left,person,yolo,0.6312508583068848,395.6365356445313,3.46856689453125,1880.238037109375,1027.178955078125,5,0.0,artificial_jewellery,video_20260404_114752,4260
1,Left,person,yolo,0.4228084683418274,1216.9853515625,3.6463623046875,1918.86083984375,910.907958984375,5,0.0,artificial_jewellery,video_20260404_114752,4260
1,Left,small_object_proposal,heuristic,1.0,1204.0,743.0,1270.0,801.0,0,20.615528128088304,artificial_jewellery,video_20260404_114752,4260
1,Left,small_object_proposal,heuristic,1.0,1343.0,802.0,1374.0,894.0,1,0.0,artificial_jewellery,video_20260404_114752,4260
1,Left,small_object_proposal,heuristic,1.0,1261.0,810.0,1299.0,853.0,1,0.0,artificial_jewellery,video_20260404_114752,4260
1,Left,small_object_proposal,heuristic,1.0,1252.0,779.0,1271.0,827.0,0,15.0,artificial_jewellery,video_20260404_114752,4260
0,Left,person,yolo,0.6766525506973267,406.1737060546875,4.814666748046875,1868.6546630859375,1052.044677734375,5,0.0,artificial_jewellery,video_20260404_114752,4320
0,Left,cake,yolo,0.2511449754238128,1116.3035888671875,773.578857421875,1400.4041748046875,987.475341796875,3,0.0,artificial_jewellery,video_20260404_114752,4320
0,Left,person,yolo,0.5506988763809204,419.8963623046875,4.949432373046875,1885.935791015625,1036.0584716796875,5,0.0,artificial_jewellery,video_20260404_114752,4350
0,Left,cake,yolo,0.3632737994194031,1112.3590087890625,758.9366455078125,1385.1337890625,1014.8135375976562,2,0.0,artificial_jewellery,video_20260404_114752,4350
0,Left,small_object_proposal,heuristic,1.0,1174.0,831.0,1254.0,882.0,1,0.0,artificial_jewellery,video_20260404_114752,4350
0,Left,small_object_proposal,heuristic,1.0,1098.0,807.0,1141.0,901.0,2,0.0,artificial_jewellery,video_20260404_114752,4350
0,Left,person,yolo,0.7051143050193787,420.44732666015625,3.2947998046875,1906.74951171875,1071.1168212890625,5,0.0,artificial_jewellery,video_20260404_114752,4380
0,Left,small_object_proposal,heuristic,1.0,1170.0,852.0,1251.0,899.0,0,17.0,artificial_jewellery,video_20260404_114752,4380
0,Left,small_object_proposal,heuristic,1.0,1102.0,815.0,1133.0,930.0,2,0.0,artificial_jewellery,video_20260404_114752,4380
0,Left,small_object_proposal,heuristic,1.0,1178.0,820.0,1213.0,847.0,1,0.0,artificial_jewellery,video_20260404_114752,4380
0,Left,person,yolo,0.6894044280052185,412.8704223632813,2.643768310546875,1884.5390625,1068.9769287109375,5,0.0,artificial_jewellery,video_20260404_114752,4470
0,Left,small_object_proposal,heuristic,1.0,1258.0,812.0,1314.0,894.0,1,0.0,artificial_jewellery,video_20260404_114752,4470
0,Left,small_object_proposal,heuristic,1.0,1135.0,810.0,1170.0,931.0,2,0.0,artificial_jewellery,video_20260404_114752,4470
0,Left,small_object_proposal,heuristic,1.0,1267.0,763.0,1331.0,818.0,0,16.0,artificial_jewellery,video_20260404_114752,4470
0,Left,small_object_proposal,heuristic,1.0,1154.0,897.0,1191.0,971.0,1,0.0,artificial_jewellery,video_20260404_114752,4470
0,Left,cake,yolo,0.6182010173797607,1114.686279296875,767.0971069335938,1400.491943359375,982.6021728515624,2,0.0,artificial_jewellery,video_20260404_114752,4500
0,Left,person,yolo,0.5908291339874268,398.8564453125,1.7332763671875,1884.9774169921875,1080.0,5,0.0,artificial_jewellery,video_20260404_114752,4500
0,Left,person,yolo,0.4379628002643585,1239.9627685546875,2.65887451171875,1918.91455078125,912.7371826171876,0,6.9627685546875,artificial_jewellery,video_20260404_114752,4500
0,Left,cake,yolo,0.2891274690628052,856.2753295898438,888.1547241210938,1140.853271484375,1079.1270751953125,0,4.15472412109375,artificial_jewellery,video_20260404_114752,4500
0,Left,small_object_proposal,heuristic,1.0,1216.0,773.0,1260.0,842.0,1,0.0,artificial_jewellery,video_20260404_114752,4500
0,Left,small_object_proposal,heuristic,1.0,1163.0,795.0,1212.0,828.0,0,21.0,artificial_jewellery,video_20260404_114752,4500
1,Left,cake,yolo,0.6182010173797607,1114.686279296875,767.0971069335938,1400.491943359375,982.6021728515624,5,0.0,artificial_jewellery,video_20260404_114752,4500
1,Left,person,yolo,0.5908291339874268,398.8564453125,1.7332763671875,1884.9774169921875,1080.0,5,0.0,artificial_jewellery,video_20260404_114752,4500
1,Left,person,yolo,0.4379628002643585,1239.9627685546875,2.65887451171875,1918.91455078125,912.7371826171876,5,0.0,artificial_jewellery,video_20260404_114752,4500
1,Left,small_object_proposal,heuristic,1.0,1341.0,762.0,1391.0,846.0,1,0.0,artificial_jewellery,video_20260404_114752,4500
1,Left,small_object_proposal,heuristic,1.0,1216.0,773.0,1260.0,842.0,0,13.0,artificial_jewellery,video_20260404_114752,4500
1,Left,small_object_proposal,heuristic,1.0,1214.0,729.0,1278.0,776.0,0,18.24828759089466,artificial_jewellery,video_20260404_114752,4500
1,Left,small_object_proposal,heuristic,1.0,1365.0,815.0,1390.0,892.0,1,0.0,artificial_jewellery,video_20260404_114752,4500
1,Left,small_object_proposal,heuristic,1.0,1387.0,840.0,1405.0,902.0,0,3.1622776601683795,artificial_jewellery,video_20260404_114752,4500
1,Left,small_object_proposal,heuristic,1.0,1366.0,890.0,1392.0,912.0,1,0.0,artificial_jewellery,video_20260404_114752,4500
0,Left,person,yolo,0.6461424827575684,404.1540832519531,4.19915771484375,1869.56689453125,1060.4996337890625,5,0.0,artificial_jewellery,video_20260404_114752,4530
0,Left,cake,yolo,0.4051896035671234,1088.353759765625,739.638427734375,1370.25048828125,1013.2399291992188,2,0.0,artificial_jewellery,video_20260404_114752,4530
0,Left,person,yolo,0.3687158524990082,1197.6663818359375,2.97216796875,1918.72412109375,847.54541015625,1,0.0,artificial_jewellery,video_20260404_114752,4530
0,Left,small_object_proposal,heuristic,1.0,1067.0,786.0,1103.0,905.0,2,0.0,artificial_jewellery,video_20260404_114752,4530
0,Left,small_object_proposal,heuristic,1.0,1202.0,825.0,1232.0,846.0,0,10.0,artificial_jewellery,video_20260404_114752,4530
0,Left,person,yolo,0.6426054835319519,406.4895629882813,5.29779052734375,1881.1885986328125,1022.3856811523438,5,0.0,artificial_jewellery,video_20260404_114752,4560
0,Left,cake,yolo,0.4570635855197906,1108.964111328125,772.93212890625,1389.640625,992.7330322265624,2,0.0,artificial_jewellery,video_20260404_114752,4560
0,Left,person,yolo,0.3905165493488312,1258.3741455078125,2.53033447265625,1918.7110595703125,896.4398803710938,0,19.3741455078125,artificial_jewellery,video_20260404_114752,4560
0,Left,cake,yolo,0.2772649526596069,860.4700927734375,899.3171997070312,1140.9671630859375,1078.0614013671875,0,0.31719970703125,artificial_jewellery,video_20260404_114752,4560
0,Left,small_object_proposal,heuristic,1.0,1148.0,795.0,1216.0,847.0,0,23.0,artificial_jewellery,video_20260404_114752,4560
0,Left,small_object_proposal,heuristic,1.0,1099.0,816.0,1127.0,914.0,1,0.0,artificial_jewellery,video_20260404_114752,4560
0,Left,small_object_proposal,heuristic,1.0,1120.0,896.0,1141.0,928.0,0,4.0,artificial_jewellery,video_20260404_114752,4560
1,Left,person,yolo,0.6426054835319519,406.4895629882813,5.29779052734375,1881.1885986328125,1022.3856811523438,5,0.0,artificial_jewellery,video_20260404_114752,4560
1,Left,cake,yolo,0.4570635855197906,1108.964111328125,772.93212890625,1389.640625,992.7330322265624,3,0.0,artificial_jewellery,video_20260404_114752,4560
1,Left,person,yolo,0.3905165493488312,1258.3741455078125,2.53033447265625,1918.7110595703125,896.4398803710938,5,0.0,artificial_jewellery,video_20260404_114752,4560
1,Left,small_object_proposal,heuristic,1.0,1351.0,796.0,1380.0,914.0,1,0.0,artificial_jewellery,video_20260404_114752,4560
1,Left,small_object_proposal,heuristic,1.0,1276.0,685.0,1320.0,720.0,1,0.0,artificial_jewellery,video_20260404_114752,4560
0,Left,person,yolo,0.6903294920921326,408.636474609375,2.4052734375,1876.5714111328125,1078.2001953125,5,0.0,artificial_jewellery,video_20260404_114752,4590
0,Left,person,yolo,0.4233647584915161,1251.2325439453125,2.085479736328125,1918.699951171875,927.6161499023438,0,24.2325439453125,artificial_jewellery,video_20260404_114752,4590
0,Left,small_object_proposal,heuristic,1.0,1090.0,831.0,1116.0,922.0,2,0.0,artificial_jewellery,video_20260404_114752,4590
0,Left,small_object_proposal,heuristic,1.0,1183.0,865.0,1288.0,887.0,0,22.0,artificial_jewellery,video_20260404_114752,4590
0,Left,small_object_proposal,heuristic,1.0,1208.0,852.0,1261.0,875.0,0,9.0,artificial_jewellery,video_20260404_114752,4590
0,Left,small_object_proposal,heuristic,1.0,1170.0,832.0,1206.0,863.0,0,21.0,artificial_jewellery,video_20260404_114752,4590
0,Left,small_object_proposal,heuristic,1.0,1213.0,815.0,1234.0,845.0,1,0.0,artificial_jewellery,video_20260404_114752,4590
0,Left,person,yolo,0.6641327738761902,406.0777587890625,2.58673095703125,1862.581787109375,1067.533203125,5,0.0,artificial_jewellery,video_20260404_114752,4620
0,Left,small_object_proposal,heuristic,1.0,1095.0,779.0,1132.0,828.0,1,0.0,artificial_jewellery,video_20260404_114752,4620
0,Left,person,yolo,0.7073792219161987,416.6348876953125,2.07110595703125,1884.503173828125,1070.48974609375,5,0.0,artificial_jewellery,video_20260404_114752,4680
0,Left,cake,yolo,0.4305387437343597,1135.0308837890625,756.5758666992188,1434.5277099609375,972.8966674804688,4,0.0,artificial_jewellery,video_20260404_114752,4680
0,Left,person,yolo,0.2814379334449768,1249.5067138671875,2.16412353515625,1918.962646484375,871.0364379882812,0,5.5067138671875,artificial_jewellery,video_20260404_114752,4680
0,Left,person,yolo,0.562047004699707,471.3352661132813,1.05670166015625,1868.7301025390625,1063.5721435546875,5,0.0,artificial_jewellery,video_20260404_114752,4710
0,Left,small_object_proposal,heuristic,1.0,1333.0,896.0,1379.0,927.0,1,0.0,artificial_jewellery,video_20260404_114752,4710
1,Right,person,yolo,0.562047004699707,471.3352661132813,1.05670166015625,1868.7301025390625,1063.5721435546875,5,0.0,artificial_jewellery,video_20260404_114752,4710
1,Right,small_object_proposal,heuristic,1.0,1638.0,775.0,1679.0,874.0,1,0.0,artificial_jewellery,video_20260404_114752,4710
1,Right,small_object_proposal,heuristic,1.0,1644.0,786.0,1691.0,842.0,1,0.0,artificial_jewellery,video_20260404_114752,4710
1,Right,small_object_proposal,heuristic,1.0,1575.0,840.0,1602.0,883.0,0,21.095023109728988,artificial_jewellery,video_20260404_114752,4710
0,Left,person,yolo,0.5469645261764526,392.0070190429687,4.994384765625,1875.720458984375,1061.3109130859375,5,0.0,artificial_jewellery,video_20260404_114752,4770
0,Left,person,yolo,0.381547749042511,383.81744384765625,5.106353759765625,1138.8404541015625,1053.65771484375,5,0.0,artificial_jewellery,video_20260404_114752,4770
0,Left,small_object_proposal,heuristic,1.0,1098.0,902.0,1123.0,929.0,1,0.0,artificial_jewellery,video_20260404_114752,4770
1,Right,person,yolo,0.5469645261764526,392.0070190429687,4.994384765625,1875.720458984375,1061.3109130859375,5,0.0,artificial_jewellery,video_20260404_114752,4770
1,Right,small_object_proposal,heuristic,1.0,1546.0,792.0,1586.0,882.0,1,0.0,artificial_jewellery,video_20260404_114752,4770
1,Right,small_object_proposal,heuristic,1.0,1594.0,888.0,1624.0,913.0,0,4.0,artificial_jewellery,video_20260404_114752,4770
1,Right,small_object_proposal,heuristic,1.0,1504.0,923.0,1524.0,946.0,0,13.92838827718412,artificial_jewellery,video_20260404_114752,4770
0,Left,person,yolo,0.6998246908187866,398.10443115234375,3.43597412109375,1906.57470703125,1064.766357421875,5,0.0,artificial_jewellery,video_20260404_114752,4800
0,Left,small_object_proposal,heuristic,1.0,1102.0,797.0,1136.0,876.0,2,0.0,artificial_jewellery,video_20260404_114752,4800
0,Left,person,yolo,0.7117770314216614,411.9983215332031,4.978179931640625,1895.9501953125,1059.34423828125,5,0.0,artificial_jewellery,video_20260404_114752,4830
0,Left,small_object_proposal,heuristic,1.0,1069.0,773.0,1107.0,876.0,3,0.0,artificial_jewellery,video_20260404_114752,4830
0,Left,person,yolo,0.7933928966522217,416.87017822265625,5.63726806640625,1891.3333740234375,1061.7979736328125,5,0.0,artificial_jewellery,video_20260404_114752,4860
0,Left,cake,yolo,0.312454342842102,1071.978271484375,739.9204711914062,1345.0496826171875,922.837158203125,5,0.0,artificial_jewellery,video_20260404_114752,4860
0,Left,small_object_proposal,heuristic,1.0,1140.0,816.0,1184.0,851.0,0,11.045361017187261,artificial_jewellery,video_20260404_114752,4860
1,Left,person,yolo,0.7933928966522217,416.87017822265625,5.63726806640625,1891.3333740234375,1061.7979736328125,5,0.0,artificial_jewellery,video_20260404_114752,4860
1,Left,cake,yolo,0.312454342842102,1071.978271484375,739.9204711914062,1345.0496826171875,922.837158203125,2,0.0,artificial_jewellery,video_20260404_114752,4860
1,Left,small_object_proposal,heuristic,1.0,1304.0,736.0,1343.0,813.0,0,1.0,artificial_jewellery,video_20260404_114752,4860
1,Left,small_object_proposal,heuristic,1.0,1310.0,761.0,1330.0,857.0,0,23.600847442411894,artificial_jewellery,video_20260404_114752,4860
0,Left,person,yolo,0.7522929310798645,417.12213134765625,5.51806640625,1899.1732177734375,1059.22412109375,5,0.0,artificial_jewellery,video_20260404_114752,4890
0,Left,small_object_proposal,heuristic,1.0,1080.0,779.0,1106.0,859.0,2,0.0,artificial_jewellery,video_20260404_114752,4890
0,Left,small_object_proposal,heuristic,1.0,1180.0,790.0,1203.0,821.0,1,0.0,artificial_jewellery,video_20260404_114752,4890
1,Left,person,yolo,0.7522929310798645,417.12213134765625,5.51806640625,1899.1732177734375,1059.22412109375,5,0.0,artificial_jewellery,video_20260404_114752,4890
1,Left,person,yolo,0.3422307968139648,1237.4637451171875,2.189208984375,1918.8848876953125,830.9694213867188,5,0.0,artificial_jewellery,video_20260404_114752,4890
1,Left,small_object_proposal,heuristic,1.0,1317.0,741.0,1366.0,782.0,1,0.0,artificial_jewellery,video_20260404_114752,4890
1,Left,small_object_proposal,heuristic,1.0,1286.0,782.0,1305.0,822.0,1,0.0,artificial_jewellery,video_20260404_114752,4890
0,Left,person,yolo,0.7102311849594116,415.518310546875,5.5880126953125,1886.86865234375,1058.7225341796875,5,0.0,artificial_jewellery,video_20260404_114752,4920
0,Left,small_object_proposal,heuristic,1.0,1082.0,767.0,1110.0,863.0,2,0.0,artificial_jewellery,video_20260404_114752,4920
0,Left,small_object_proposal,heuristic,1.0,1159.0,776.0,1185.0,806.0,1,0.0,artificial_jewellery,video_20260404_114752,4920
0,Left,small_object_proposal,heuristic,1.0,1108.0,858.0,1125.0,897.0,1,0.0,artificial_jewellery,video_20260404_114752,4920
0,Left,person,yolo,0.7019867300987244,415.60601806640625,5.097747802734375,1892.5081787109375,1060.961669921875,5,0.0,artificial_jewellery,video_20260404_114752,4950
0,Left,small_object_proposal,heuristic,1.0,1161.0,826.0,1252.0,864.0,0,3.0,artificial_jewellery,video_20260404_114752,4950
0,Left,small_object_proposal,heuristic,1.0,1089.0,774.0,1107.0,884.0,1,0.0,artificial_jewellery,video_20260404_114752,4950
0,Left,small_object_proposal,heuristic,1.0,1169.0,798.0,1201.0,837.0,1,0.0,artificial_jewellery,video_20260404_114752,4950
0,Left,person,yolo,0.4511820077896118,291.5448303222656,3.835235595703125,1131.2027587890625,1057.16455078125,5,0.0,artificial_jewellery,video_20260404_114752,4980
0,Left,person,yolo,0.3619201183319092,353.42852783203125,3.17486572265625,1888.929931640625,1068.8585205078125,5,0.0,artificial_jewellery,video_20260404_114752,4980
0,Left,person,yolo,0.5559948682785034,389.989013671875,5.740447998046875,1885.8984375,1067.828857421875,5,0.0,artificial_jewellery,video_20260404_114752,5010
0,Left,person,yolo,0.2539897859096527,287.73284912109375,4.4058837890625,1181.73828125,1049.25146484375,5,0.0,artificial_jewellery,video_20260404_114752,5010
0,Left,small_object_proposal,heuristic,1.0,1153.0,799.0,1197.0,836.0,0,10.0,artificial_jewellery,video_20260404_114752,5010
0,Left,small_object_proposal,heuristic,1.0,1137.0,829.0,1175.0,862.0,1,0.0,artificial_jewellery,video_20260404_114752,5010
1,Right,person,yolo,0.5559948682785034,389.989013671875,5.740447998046875,1885.8984375,1067.828857421875,5,0.0,artificial_jewellery,video_20260404_114752,5010
1,Right,small_object_proposal,heuristic,1.0,1507.0,809.0,1544.0,861.0,2,0.0,artificial_jewellery,video_20260404_114752,5010
0,Left,person,yolo,0.6705780625343323,432.8206787109375,4.78948974609375,1891.9893798828125,1054.9178466796875,5,0.0,artificial_jewellery,video_20260404_114752,5040
0,Left,small_object_proposal,heuristic,1.0,1109.0,770.0,1146.0,893.0,3,0.0,artificial_jewellery,video_20260404_114752,5040
0,Left,small_object_proposal,heuristic,1.0,1243.0,789.0,1302.0,857.0,0,10.0,artificial_jewellery,video_20260404_114752,5040
0,Left,small_object_proposal,heuristic,1.0,1173.0,796.0,1218.0,837.0,0,15.0,artificial_jewellery,video_20260404_114752,5040
0,Left,small_object_proposal,heuristic,1.0,1216.0,769.0,1242.0,803.0,1,0.0,artificial_jewellery,video_20260404_114752,5040
0,Left,person,yolo,0.5867300629615784,447.75933837890625,5.18682861328125,1883.514404296875,1048.294189453125,5,0.0,artificial_jewellery,video_20260404_114752,5070
0,Left,person,yolo,0.3003844320774078,1180.54541015625,2.662811279296875,1919.142333984375,861.2369995117188,1,0.0,artificial_jewellery,video_20260404_114752,5070
0,Left,small_object_proposal,heuristic,1.0,1158.0,814.0,1181.0,846.0,0,24.73863375370596,artificial_jewellery,video_20260404_114752,5070
0,Left,small_object_proposal,heuristic,1.0,1187.0,778.0,1207.0,807.0,0,1.0,artificial_jewellery,video_20260404_114752,5070
0,Left,person,yolo,0.5741190910339355,420.2579956054687,4.996124267578125,1860.2296142578125,1057.8934326171875,5,0.0,artificial_jewellery,video_20260404_114752,5100
0,Left,person,yolo,0.3199297785758972,1207.587890625,3.0670166015625,1919.18701171875,848.0101928710938,1,0.0,artificial_jewellery,video_20260404_114752,5100
0,Left,small_object_proposal,heuristic,1.0,1104.0,779.0,1132.0,904.0,1,0.0,artificial_jewellery,video_20260404_114752,5100
0,Left,small_object_proposal,heuristic,1.0,1240.0,736.0,1295.0,793.0,0,11.0,artificial_jewellery,video_20260404_114752,5100
0,Left,small_object_proposal,heuristic,1.0,1167.0,804.0,1213.0,832.0,0,21.095023109728988,artificial_jewellery,video_20260404_114752,5100
0,Left,person,yolo,0.5940769910812378,427.1526489257813,1.4154052734375,1288.8553466796875,1055.9630126953125,5,0.0,artificial_jewellery,video_20260404_114752,5130
0,Left,small_object_proposal,heuristic,1.0,1122.0,755.0,1156.0,877.0,2,0.0,artificial_jewellery,video_20260404_114752,5130
0,Left,small_object_proposal,heuristic,1.0,1040.0,807.0,1078.0,845.0,0,20.396078054371138,artificial_jewellery,video_20260404_114752,5130
0,Left,small_object_proposal,heuristic,1.0,1205.0,774.0,1225.0,805.0,0,2.0,artificial_jewellery,video_20260404_114752,5130
0,Left,person,yolo,0.671208381652832,444.80419921875,3.5672607421875,1907.2845458984375,999.8325805664062,5,0.0,artificial_jewellery,video_20260404_114752,5160
0,Left,person,yolo,0.3757424056529999,1254.6719970703125,2.949737548828125,1919.0225830078125,840.7584838867188,0,8.6719970703125,artificial_jewellery,video_20260404_114752,5160
0,Left,small_object_proposal,heuristic,1.0,1237.0,706.0,1267.0,738.0,0,1.0,artificial_jewellery,video_20260404_114752,5160
0,Left,person,yolo,0.6630198359489441,452.301025390625,5.015533447265625,1858.5946044921875,1054.9239501953125,5,0.0,artificial_jewellery,video_20260404_114752,5190
0,Left,person,yolo,0.4212176203727722,1209.8507080078125,3.280609130859375,1919.0701904296875,888.1620483398438,1,0.0,artificial_jewellery,video_20260404_114752,5190
0,Left,small_object_proposal,heuristic,1.0,1202.0,763.0,1231.0,793.0,1,0.0,artificial_jewellery,video_20260404_114752,5190
0,Left,small_object_proposal,heuristic,1.0,1108.0,816.0,1135.0,843.0,0,11.0,artificial_jewellery,video_20260404_114752,5190
0,Left,person,yolo,0.6997420191764832,399.8971252441406,4.240631103515625,1024.0531005859375,1063.162109375,3,0.0,artificial_jewellery,video_20260404_114752,5220
0,Left,small_object_proposal,heuristic,1.0,1066.0,915.0,1100.0,938.0,0,10.0,artificial_jewellery,video_20260404_114752,5220
0,Left,small_object_proposal,heuristic,1.0,1030.0,936.0,1052.0,958.0,0,16.492422502470642,artificial_jewellery,video_20260404_114752,5220
0,Left,person,yolo,0.484445184469223,368.4517822265625,0.976593017578125,1890.1373291015625,1064.1551513671875,5,0.0,artificial_jewellery,video_20260404_114752,5250
0,Left,person,yolo,0.6942471861839294,448.1077880859375,6.2080078125,1896.333740234375,1064.990234375,5,0.0,artificial_jewellery,video_20260404_114752,5280
0,Left,small_object_proposal,heuristic,1.0,1069.0,781.0,1135.0,842.0,0,3.0,artificial_jewellery,video_20260404_114752,5280
0,Left,small_object_proposal,heuristic,1.0,1110.0,850.0,1141.0,888.0,1,0.0,artificial_jewellery,video_20260404_114752,5280
1,Right,person,yolo,0.6942471861839294,448.1077880859375,6.2080078125,1896.333740234375,1064.990234375,5,0.0,artificial_jewellery,video_20260404_114752,5280
1,Right,person,yolo,0.3258202672004699,1291.37841796875,2.87493896484375,1919.006103515625,898.4959716796875,5,0.0,artificial_jewellery,video_20260404_114752,5280
1,Right,small_object_proposal,heuristic,1.0,1295.0,745.0,1330.0,846.0,1,0.0,artificial_jewellery,video_20260404_114752,5280
1,Right,small_object_proposal,heuristic,1.0,1371.0,779.0,1392.0,891.0,0,4.242640687119285,artificial_jewellery,video_20260404_114752,5280
1,Right,small_object_proposal,heuristic,1.0,1389.0,825.0,1404.0,917.0,1,0.0,artificial_jewellery,video_20260404_114752,5280
1,Right,small_object_proposal,heuristic,1.0,1403.0,894.0,1444.0,926.0,0,8.0,artificial_jewellery,video_20260404_114752,5280
1,Right,small_object_proposal,heuristic,1.0,1314.0,817.0,1368.0,839.0,1,0.0,artificial_jewellery,video_20260404_114752,5280
0,Left,person,yolo,0.5255998373031616,456.6907043457031,5.518707275390625,1882.0308837890625,1064.3629150390625,5,0.0,artificial_jewellery,video_20260404_114752,5310
0,Left,small_object_proposal,heuristic,1.0,1089.0,752.0,1140.0,832.0,2,0.0,artificial_jewellery,video_20260404_114752,5310
0,Left,person,yolo,0.6582781672477722,407.01654052734375,5.77313232421875,1893.739013671875,1067.412353515625,5,0.0,artificial_jewellery,video_20260404_114752,5340
0,Left,person,yolo,0.4810560941696167,1183.49267578125,3.186309814453125,1918.90576171875,879.6727294921875,0,5.49267578125,artificial_jewellery,video_20260404_114752,5340
0,Left,cake,yolo,0.334842711687088,725.033447265625,731.9381103515625,1164.89892578125,1075.882080078125,4,0.0,artificial_jewellery,video_20260404_114752,5340
0,Left,small_object_proposal,heuristic,1.0,1072.0,748.0,1118.0,828.0,1,0.0,artificial_jewellery,video_20260404_114752,5340
0,Left,small_object_proposal,heuristic,1.0,1171.0,735.0,1196.0,767.0,1,0.0,artificial_jewellery,video_20260404_114752,5340
0,Left,person,yolo,0.7519756555557251,407.87200927734375,5.63983154296875,1879.896240234375,1063.52978515625,5,0.0,artificial_jewellery,video_20260404_114752,5370
0,Left,person,yolo,0.390956848859787,1160.302734375,3.319061279296875,1919.1031494140625,856.4568481445312,1,0.0,artificial_jewellery,video_20260404_114752,5370
0,Left,small_object_proposal,heuristic,1.0,1172.0,795.0,1235.0,862.0,0,10.04987562112089,artificial_jewellery,video_20260404_114752,5370
0,Left,small_object_proposal,heuristic,1.0,1042.0,765.0,1080.0,822.0,1,0.0,artificial_jewellery,video_20260404_114752,5370
0,Left,small_object_proposal,heuristic,1.0,1142.0,768.0,1161.0,802.0,0,1.0,artificial_jewellery,video_20260404_114752,5370
0,Left,person,yolo,0.6741366386413574,411.70257568359375,5.417724609375,1884.8726806640625,1063.660400390625,5,0.0,artificial_jewellery,video_20260404_114752,5400
0,Left,person,yolo,0.2810550630092621,301.5760803222656,4.628173828125,1147.7010498046875,1055.3848876953125,4,0.0,artificial_jewellery,video_20260404_114752,5400
0,Left,small_object_proposal,heuristic,1.0,1034.0,791.0,1084.0,880.0,2,0.0,artificial_jewellery,video_20260404_114752,5400
0,Left,small_object_proposal,heuristic,1.0,1173.0,780.0,1200.0,841.0,0,18.0,artificial_jewellery,video_20260404_114752,5400
0,Left,small_object_proposal,heuristic,1.0,1046.0,830.0,1075.0,880.0,1,0.0,artificial_jewellery,video_20260404_114752,5400
0,Right,person,yolo,0.617919921875,375.680419921875,4.19329833984375,1906.3974609375,1055.2470703125,5,0.0,artificial_jewellery,video_20260404_114752,5430
0,Right,person,yolo,0.3245225548744201,296.91375732421875,4.93524169921875,1172.21142578125,1051.9896240234375,5,0.0,artificial_jewellery,video_20260404_114752,5430
0,Left,person,yolo,0.5514204502105713,415.9057922363281,5.209442138671875,1894.9639892578125,1063.092041015625,5,0.0,artificial_jewellery,video_20260404_114752,5460
0,Left,person,yolo,0.2535159587860107,1209.52294921875,3.548492431640625,1919.294677734375,866.5662231445312,1,0.0,artificial_jewellery,video_20260404_114752,5460
0,Left,small_object_proposal,heuristic,1.0,1239.0,778.0,1271.0,814.0,0,12.0,artificial_jewellery,video_20260404_114752,5460
0,Left,person,yolo,0.5650306940078735,513.2486572265625,2.287994384765625,1910.3712158203125,1056.6727294921875,5,0.0,artificial_jewellery,video_20260404_114752,5520
1,Left,person,yolo,0.5650306940078735,513.2486572265625,2.287994384765625,1910.3712158203125,1056.6727294921875,4,0.0,artificial_jewellery,video_20260404_114752,5520
1,Left,small_object_proposal,heuristic,1.0,1318.0,1035.0,1373.0,1070.0,0,12.36931687685298,artificial_jewellery,video_20260404_114752,5520
1,Left,small_object_proposal,heuristic,1.0,1399.0,978.0,1436.0,998.0,0,17.0,artificial_jewellery,video_20260404_114752,5520
0,Right,person,yolo,0.3492457568645477,853.4512939453125,2.848663330078125,1789.2674560546875,906.0001831054688,5,0.0,artificial_jewellery,video_20260404_114752,5550
0,Right,small_object_proposal,heuristic,1.0,1688.0,680.0,1732.0,763.0,0,9.0,artificial_jewellery,video_20260404_114752,5550
0,Right,small_object_proposal,heuristic,1.0,1629.0,775.0,1672.0,833.0,0,22.360679774997898,artificial_jewellery,video_20260404_114752,5550
0,Right,small_object_proposal,heuristic,1.0,1691.0,826.0,1718.0,854.0,1,0.0,artificial_jewellery,video_20260404_114752,5550
0,Left,person,yolo,0.5920354127883911,459.6622924804687,2.881072998046875,1773.9005126953125,1062.670166015625,5,0.0,artificial_jewellery,video_20260404_114752,5610
0,Left,person,yolo,0.3146105706691742,1345.26416015625,3.8353271484375,1919.014892578125,779.7903442382812,2,0.0,artificial_jewellery,video_20260404_114752,5610
0,Left,small_object_proposal,heuristic,1.0,1357.0,744.0,1401.0,834.0,0,24.0,artificial_jewellery,video_20260404_114752,5610
1,Left,person,yolo,0.5920354127883911,459.6622924804687,2.881072998046875,1773.9005126953125,1062.670166015625,5,0.0,artificial_jewellery,video_20260404_114752,5610
1,Left,small_object_proposal,heuristic,1.0,1271.0,763.0,1306.0,812.0,1,0.0,artificial_jewellery,video_20260404_114752,5610
1,Left,small_object_proposal,heuristic,1.0,1151.0,754.0,1188.0,797.0,0,6.0,artificial_jewellery,video_20260404_114752,5610
0,Left,person,yolo,0.6398749947547913,481.23724365234375,2.89801025390625,1898.120361328125,946.883056640625,5,0.0,artificial_jewellery,video_20260404_114752,5640
0,Left,small_object_proposal,heuristic,1.0,1103.0,733.0,1142.0,806.0,2,0.0,artificial_jewellery,video_20260404_114752,5640
0,Left,small_object_proposal,heuristic,1.0,1207.0,737.0,1228.0,771.0,0,6.0,artificial_jewellery,video_20260404_114752,5640
0,Left,small_object_proposal,heuristic,1.0,1145.0,838.0,1162.0,868.0,0,10.295630140987,artificial_jewellery,video_20260404_114752,5640
0,Left,person,yolo,0.5713596343994141,458.3291320800781,4.842315673828125,1850.255126953125,1008.7974243164062,5,0.0,artificial_jewellery,video_20260404_114752,5670
0,Left,person,yolo,0.2718716561794281,1219.3291015625,4.84881591796875,1918.9970703125,824.0238647460938,0,8.3291015625,artificial_jewellery,video_20260404_114752,5670
0,Left,cake,yolo,0.2606077492237091,1106.5947265625,716.6297607421875,1375.19970703125,930.8690185546876,1,0.0,artificial_jewellery,video_20260404_114752,5670
0,Left,small_object_proposal,heuristic,1.0,1079.0,740.0,1119.0,859.0,3,0.0,artificial_jewellery,video_20260404_114752,5670
0,Left,small_object_proposal,heuristic,1.0,1182.0,748.0,1211.0,778.0,1,0.0,artificial_jewellery,video_20260404_114752,5670
0,Left,person,yolo,0.5745317935943604,427.6917114257813,4.425384521484375,1829.6136474609375,1008.5149536132812,5,0.0,artificial_jewellery,video_20260404_114752,5700
0,Left,person,yolo,0.4474202394485473,1209.5888671875,2.691375732421875,1918.982666015625,801.0173950195312,4,0.0,artificial_jewellery,video_20260404_114752,5700
0,Left,small_object_proposal,heuristic,1.0,1303.0,704.0,1335.0,763.0,1,0.0,artificial_jewellery,video_20260404_114752,5700
0,Left,small_object_proposal,heuristic,1.0,1261.0,755.0,1292.0,791.0,0,14.0,artificial_jewellery,video_20260404_114752,5700
0,Left,small_object_proposal,heuristic,1.0,1239.0,735.0,1270.0,762.0,0,1.0,artificial_jewellery,video_20260404_114752,5700
1,Left,person,yolo,0.5745317935943604,427.6917114257813,4.425384521484375,1829.6136474609375,1008.5149536132812,5,0.0,artificial_jewellery,video_20260404_114752,5700
1,Left,person,yolo,0.4474202394485473,1209.5888671875,2.691375732421875,1918.982666015625,801.0173950195312,0,18.409576226483832,artificial_jewellery,video_20260404_114752,5700
1,Left,small_object_proposal,heuristic,1.0,1064.0,770.0,1093.0,842.0,1,0.0,artificial_jewellery,video_20260404_114752,5700
1,Left,small_object_proposal,heuristic,1.0,1146.0,803.0,1188.0,834.0,0,5.0,artificial_jewellery,video_20260404_114752,5700
0,Left,person,yolo,0.4820808470249176,428.8709106445313,3.250396728515625,1819.30078125,1003.70361328125,5,0.0,artificial_jewellery,video_20260404_114752,5730
0,Left,person,yolo,0.2987086772918701,17.8604736328125,4.31158447265625,1264.01953125,1054.3641357421875,5,0.0,artificial_jewellery,video_20260404_114752,5730
0,Left,person,yolo,0.2863230109214782,1220.0489501953125,3.1827392578125,1919.47119140625,826.3053588867188,0,6.0489501953125,artificial_jewellery,video_20260404_114752,5730
0,Left,small_object_proposal,heuristic,1.0,1191.0,703.0,1267.0,751.0,0,21.0,artificial_jewellery,video_20260404_114752,5730
0,Left,small_object_proposal,heuristic,1.0,1091.0,789.0,1116.0,897.0,2,0.0,artificial_jewellery,video_20260404_114752,5730
0,Left,small_object_proposal,heuristic,1.0,1199.0,750.0,1227.0,787.0,1,0.0,artificial_jewellery,video_20260404_114752,5730
0,Right,person,yolo,0.5630589723587036,426.9537963867187,4.87353515625,1863.5157470703125,1043.95166015625,5,0.0,artificial_jewellery,video_20260404_114752,5760
0,Right,cake,yolo,0.5082535147666931,1105.193115234375,723.427734375,1377.3599853515625,941.5204467773438,2,0.0,artificial_jewellery,video_20260404_114752,5760
0,Right,person,yolo,0.3663163483142853,1226.2745361328125,2.672332763671875,1919.5843505859375,840.1919555664062,5,0.0,artificial_jewellery,video_20260404_114752,5760
0,Right,small_object_proposal,heuristic,1.0,1264.0,652.0,1307.0,743.0,0,14.0,artificial_jewellery,video_20260404_114752,5760
1,Left,person,yolo,0.5630589723587036,426.9537963867187,4.87353515625,1863.5157470703125,1043.95166015625,5,0.0,artificial_jewellery,video_20260404_114752,5760
1,Left,cake,yolo,0.5082535147666931,1105.193115234375,723.427734375,1377.3599853515625,941.5204467773438,2,0.0,artificial_jewellery,video_20260404_114752,5760
1,Left,small_object_proposal,heuristic,1.0,1089.0,755.0,1119.0,831.0,1,0.0,artificial_jewellery,video_20260404_114752,5760
1,Left,small_object_proposal,heuristic,1.0,1175.0,742.0,1201.0,777.0,1,0.0,artificial_jewellery,video_20260404_114752,5760
1,Left,small_object_proposal,heuristic,1.0,1156.0,777.0,1184.0,808.0,0,19.313207915827967,artificial_jewellery,video_20260404_114752,5760
1,Left,small_object_proposal,heuristic,1.0,1106.0,765.0,1120.0,821.0,0,14.0,artificial_jewellery,video_20260404_114752,5760
0,Left,person,yolo,0.5926400423049927,419.0848388671875,3.55169677734375,1832.5645751953125,989.7236938476562,5,0.0,artificial_jewellery,video_20260404_114752,5790
0,Left,cake,yolo,0.4943558573722839,1077.66455078125,721.4923095703125,1339.661376953125,931.9698486328124,3,0.0,artificial_jewellery,video_20260404_114752,5790
0,Left,person,yolo,0.4065101146697998,1164.596923828125,2.840057373046875,1918.41650390625,841.7137451171875,1,0.0,artificial_jewellery,video_20260404_114752,5790
0,Left,small_object_proposal,heuristic,1.0,1168.0,644.0,1253.0,675.0,0,13.038404810405298,artificial_jewellery,video_20260404_114752,5790
0,Left,small_object_proposal,heuristic,1.0,1176.0,708.0,1225.0,756.0,0,1.0,artificial_jewellery,video_20260404_114752,5790
0,Left,small_object_proposal,heuristic,1.0,1155.0,749.0,1176.0,803.0,1,0.0,artificial_jewellery,video_20260404_114752,5790
0,Left,small_object_proposal,heuristic,1.0,1176.0,758.0,1211.0,784.0,0,15.297058540778355,artificial_jewellery,video_20260404_114752,5790
0,Left,person,yolo,0.5268586874008179,448.05615234375,5.234161376953125,1858.54443359375,1046.3197021484375,5,0.0,artificial_jewellery,video_20260404_114752,5820
0,Left,small_object_proposal,heuristic,1.0,1092.0,766.0,1130.0,792.0,0,6.0,artificial_jewellery,video_20260404_114752,5820
0,Left,small_object_proposal,heuristic,1.0,1180.0,812.0,1210.0,837.0,1,0.0,artificial_jewellery,video_20260404_114752,5820
0,Right,person,yolo,0.2559424340724945,701.9144897460938,2.406829833984375,1917.1004638671875,857.2214965820312,5,0.0,artificial_jewellery,video_20260404_114752,5850
0,Right,small_object_proposal,heuristic,1.0,1484.0,751.0,1539.0,833.0,0,7.0,artificial_jewellery,video_20260404_114752,5850
0,Right,small_object_proposal,heuristic,1.0,1588.0,793.0,1617.0,830.0,0,18.0,artificial_jewellery,video_20260404_114752,5850
0,Right,small_object_proposal,heuristic,1.0,1539.0,807.0,1560.0,835.0,1,0.0,artificial_jewellery,video_20260404_114752,5850
0,Right,person,yolo,0.6064857840538025,457.8750305175781,2.456451416015625,1890.4442138671875,967.2403564453124,5,0.0,artificial_jewellery,video_20260404_114752,5880
0,Right,small_object_proposal,heuristic,1.0,1348.0,764.0,1389.0,805.0,0,3.0,artificial_jewellery,video_20260404_114752,5880
1,Left,person,yolo,0.6064857840538025,457.8750305175781,2.456451416015625,1890.4442138671875,967.2403564453124,5,0.0,artificial_jewellery,video_20260404_114752,5880
1,Left,small_object_proposal,heuristic,1.0,1075.0,720.0,1125.0,782.0,1,0.0,artificial_jewellery,video_20260404_114752,5880
1,Left,small_object_proposal,heuristic,1.0,1086.0,809.0,1128.0,862.0,1,0.0,artificial_jewellery,video_20260404_114752,5880
0,Left,person,yolo,0.5959544777870178,454.767333984375,4.6021728515625,1889.75537109375,1008.9673461914062,5,0.0,artificial_jewellery,video_20260404_114752,5910
0,Left,small_object_proposal,heuristic,1.0,1090.0,694.0,1127.0,768.0,1,0.0,artificial_jewellery,video_20260404_114752,5910
0,Left,small_object_proposal,heuristic,1.0,1189.0,733.0,1242.0,781.0,1,0.0,artificial_jewellery,video_20260404_114752,5910
1,Left,person,yolo,0.5959544777870178,454.767333984375,4.6021728515625,1889.75537109375,1008.9673461914062,5,0.0,artificial_jewellery,video_20260404_114752,5910
1,Left,small_object_proposal,heuristic,1.0,1189.0,733.0,1242.0,781.0,0,17.11724276862369,artificial_jewellery,video_20260404_114752,5910
1,Left,small_object_proposal,heuristic,1.0,1326.0,687.0,1374.0,723.0,0,13.0,artificial_jewellery,video_20260404_114752,5910
1,Left,small_object_proposal,heuristic,1.0,1378.0,824.0,1419.0,854.0,0,17.204650534085253,artificial_jewellery,video_20260404_114752,5910
0,Left,person,yolo,0.6077491044998169,444.79632568359375,3.82269287109375,1876.215087890625,1050.68408203125,5,0.0,artificial_jewellery,video_20260404_114752,5940
0,Left,small_object_proposal,heuristic,1.0,1061.0,711.0,1108.0,765.0,1,0.0,artificial_jewellery,video_20260404_114752,5940
0,Left,small_object_proposal,heuristic,1.0,1149.0,708.0,1184.0,742.0,1,0.0,artificial_jewellery,video_20260404_114752,5940
0,Left,person,yolo,0.5996162295341492,440.7421875,2.60504150390625,1889.339111328125,886.0988159179688,5,0.0,artificial_jewellery,video_20260404_114752,5970
0,Left,person,yolo,0.343092679977417,1189.586669921875,3.202239990234375,1919.1866455078125,786.4597778320312,1,0.0,artificial_jewellery,video_20260404_114752,5970
0,Left,small_object_proposal,heuristic,1.0,1076.0,696.0,1115.0,791.0,0,1.0,artificial_jewellery,video_20260404_114752,5970
0,Left,small_object_proposal,heuristic,1.0,1212.0,638.0,1264.0,701.0,0,21.0,artificial_jewellery,video_20260404_114752,5970
0,Left,small_object_proposal,heuristic,1.0,1172.0,675.0,1194.0,711.0,1,0.0,artificial_jewellery,video_20260404_114752,5970
1,Right,person,yolo,0.5996162295341492,440.7421875,2.60504150390625,1889.339111328125,886.0988159179688,5,0.0,artificial_jewellery,video_20260404_114752,5970
1,Right,person,yolo,0.343092679977417,1189.586669921875,3.202239990234375,1919.1866455078125,786.4597778320312,4,0.0,artificial_jewellery,video_20260404_114752,5970
1,Right,small_object_proposal,heuristic,1.0,1294.0,694.0,1367.0,748.0,1,0.0,artificial_jewellery,video_20260404_114752,5970
0,Left,person,yolo,0.5281710624694824,425.39410400390625,2.078155517578125,1883.416748046875,934.3115844726562,5,0.0,artificial_jewellery,video_20260404_114752,6000
0,Left,person,yolo,0.3944903910160064,1161.0673828125,3.324920654296875,1918.6754150390625,796.2852783203125,0,10.0673828125,artificial_jewellery,video_20260404_114752,6000
0,Left,small_object_proposal,heuristic,1.0,1040.0,722.0,1077.0,818.0,4,0.0,artificial_jewellery,video_20260404_114752,6000
0,Left,small_object_proposal,heuristic,1.0,1174.0,706.0,1215.0,742.0,0,23.0,artificial_jewellery,video_20260404_114752,6000
0,Left,small_object_proposal,heuristic,1.0,1131.0,712.0,1158.0,747.0,1,0.0,artificial_jewellery,video_20260404_114752,6000
0,Left,person,yolo,0.687591016292572,408.1085815429687,2.51275634765625,1873.7113037109375,936.1052856445312,5,0.0,artificial_jewellery,video_20260404_114752,6030
0,Left,small_object_proposal,heuristic,1.0,1068.0,809.0,1083.0,877.0,1,0.0,artificial_jewellery,video_20260404_114752,6030
0,Left,small_object_proposal,heuristic,1.0,1082.0,828.0,1098.0,884.0,1,0.0,artificial_jewellery,video_20260404_114752,6030
0,Left,person,yolo,0.6816450953483582,406.9398193359375,2.964935302734375,1884.7738037109375,943.900146484375,5,0.0,artificial_jewellery,video_20260404_114752,6060
0,Left,small_object_proposal,heuristic,1.0,1210.0,754.0,1253.0,780.0,1,0.0,artificial_jewellery,video_20260404_114752,6060
1,Left,person,yolo,0.6816450953483582,406.9398193359375,2.964935302734375,1884.7738037109375,943.900146484375,5,0.0,artificial_jewellery,video_20260404_114752,6060
1,Left,small_object_proposal,heuristic,1.0,1210.0,754.0,1253.0,780.0,0,22.0,artificial_jewellery,video_20260404_114752,6060
1,Left,small_object_proposal,heuristic,1.0,1329.0,675.0,1348.0,705.0,0,25.0,artificial_jewellery,video_20260404_114752,6060
0,Left,person,yolo,0.6657547950744629,412.7259521484375,3.479461669921875,1881.59619140625,993.5608520507812,5,0.0,artificial_jewellery,video_20260404_114752,6090
0,Left,small_object_proposal,heuristic,1.0,1070.0,808.0,1106.0,896.0,3,0.0,artificial_jewellery,video_20260404_114752,6090
0,Left,small_object_proposal,heuristic,1.0,1183.0,781.0,1244.0,829.0,1,0.0,artificial_jewellery,video_20260404_114752,6090
0,Left,small_object_proposal,heuristic,1.0,1151.0,794.0,1197.0,813.0,0,7.0,artificial_jewellery,video_20260404_114752,6090
0,Left,small_object_proposal,heuristic,1.0,1171.0,759.0,1193.0,793.0,0,1.0,artificial_jewellery,video_20260404_114752,6090
1,Left,person,yolo,0.6657547950744629,412.7259521484375,3.479461669921875,1881.59619140625,993.5608520507812,5,0.0,artificial_jewellery,video_20260404_114752,6090
1,Left,small_object_proposal,heuristic,1.0,1312.0,719.0,1356.0,790.0,2,0.0,artificial_jewellery,video_20260404_114752,6090
1,Left,small_object_proposal,heuristic,1.0,1183.0,781.0,1244.0,829.0,0,18.0,artificial_jewellery,video_20260404_114752,6090
1,Left,small_object_proposal,heuristic,1.0,1319.0,746.0,1338.0,847.0,0,10.0,artificial_jewellery,video_20260404_114752,6090
0,Right,person,yolo,0.5228750109672546,320.211181640625,4.85504150390625,1909.2894287109375,1056.0032958984375,5,0.0,artificial_jewellery,video_20260404_114752,6120
0,Right,person,yolo,0.2600812911987304,1434.9405517578125,2.373687744140625,1918.5751953125,840.3665771484375,5,0.0,artificial_jewellery,video_20260404_114752,6120
0,Right,small_object_proposal,heuristic,1.0,1641.0,735.0,1697.0,822.0,0,1.0,artificial_jewellery,video_20260404_114752,6120
0,Right,small_object_proposal,heuristic,1.0,1568.0,767.0,1620.0,850.0,2,0.0,artificial_jewellery,video_20260404_114752,6120
0,Right,small_object_proposal,heuristic,1.0,1612.0,811.0,1635.0,843.0,0,2.0,artificial_jewellery,video_20260404_114752,6120
0,Left,person,yolo,0.3369658291339874,196.85870361328125,2.20843505859375,1852.9608154296875,1049.0921630859375,5,0.0,artificial_jewellery,video_20260404_114752,6150
0,Left,small_object_proposal,heuristic,1.0,1626.0,792.0,1679.0,863.0,4,0.0,artificial_jewellery,video_20260404_114752,6150
0,Left,small_object_proposal,heuristic,1.0,1591.0,797.0,1632.0,866.0,2,0.0,artificial_jewellery,video_20260404_114752,6150
0,Right,person,yolo,0.525094747543335,362.98040771484375,3.428192138671875,1879.7684326171875,1074.7506103515625,5,0.0,artificial_jewellery,video_20260404_114752,6180
0,Right,small_object_proposal,heuristic,1.0,1440.0,805.0,1490.0,892.0,0,2.0,artificial_jewellery,video_20260404_114752,6180
0,Right,small_object_proposal,heuristic,1.0,1526.0,773.0,1572.0,825.0,1,0.0,artificial_jewellery,video_20260404_114752,6180
0,Right,person,yolo,0.5972687005996704,400.80084228515625,5.18792724609375,1862.4451904296875,1023.5015258789062,5,0.0,artificial_jewellery,video_20260404_114752,6210
0,Right,small_object_proposal,heuristic,1.0,1340.0,762.0,1370.0,849.0,0,4.0,artificial_jewellery,video_20260404_114752,6210
1,Left,person,yolo,0.5972687005996704,400.80084228515625,5.18792724609375,1862.4451904296875,1023.5015258789062,5,0.0,artificial_jewellery,video_20260404_114752,6210
1,Left,small_object_proposal,heuristic,1.0,1061.0,762.0,1095.0,881.0,1,0.0,artificial_jewellery,video_20260404_114752,6210
1,Left,small_object_proposal,heuristic,1.0,1154.0,801.0,1206.0,841.0,0,16.0,artificial_jewellery,video_20260404_114752,6210
1,Left,small_object_proposal,heuristic,1.0,1189.0,757.0,1212.0,792.0,1,0.0,artificial_jewellery,video_20260404_114752,6210
0,Left,person,yolo,0.5310049057006836,423.0465087890625,3.830108642578125,1845.7587890625,917.3125,5,0.0,artificial_jewellery,video_20260404_114752,6240
0,Left,small_object_proposal,heuristic,1.0,1112.0,739.0,1164.0,802.0,0,10.0,artificial_jewellery,video_20260404_114752,6240
0,Left,small_object_proposal,heuristic,1.0,1046.0,719.0,1085.0,800.0,2,0.0,artificial_jewellery,video_20260404_114752,6240
0,Left,small_object_proposal,heuristic,1.0,1058.0,808.0,1094.0,856.0,2,0.0,artificial_jewellery,video_20260404_114752,6240
0,Left,person,yolo,0.5155926942825317,411.9699401855469,4.50384521484375,1861.1884765625,1012.5842895507812,5,0.0,artificial_jewellery,video_20260404_114752,6270
0,Left,dining table,yolo,0.2539554536342621,125.15625,511.8240966796875,1918.20556640625,1060.3624267578125,5,0.0,artificial_jewellery,video_20260404_114752,6270
0,Left,small_object_proposal,heuristic,1.0,1029.0,729.0,1070.0,826.0,1,0.0,artificial_jewellery,video_20260404_114752,6270
0,Left,small_object_proposal,heuristic,1.0,1120.0,728.0,1151.0,770.0,1,0.0,artificial_jewellery,video_20260404_114752,6270
1,Right,person,yolo,0.5155926942825317,411.9699401855469,4.50384521484375,1861.1884765625,1012.5842895507812,5,0.0,artificial_jewellery,video_20260404_114752,6270
1,Right,dining table,yolo,0.2539554536342621,125.15625,511.8240966796875,1918.20556640625,1060.3624267578125,5,0.0,artificial_jewellery,video_20260404_114752,6270
1,Right,small_object_proposal,heuristic,1.0,1269.0,893.0,1318.0,921.0,0,20.0,artificial_jewellery,video_20260404_114752,6270
0,Left,person,yolo,0.6529885530471802,398.72991943359375,4.22039794921875,1876.5677490234375,1028.11376953125,5,0.0,artificial_jewellery,video_20260404_114752,6300
0,Left,small_object_proposal,heuristic,1.0,1031.0,826.0,1073.0,894.0,0,18.681541692269406,artificial_jewellery,video_20260404_114752,6300
0,Left,small_object_proposal,heuristic,1.0,1039.0,777.0,1066.0,829.0,1,0.0,artificial_jewellery,video_20260404_114752,6300
0,Left,person,yolo,0.6436449885368347,411.2332763671875,4.18267822265625,1887.81591796875,1023.9387817382812,5,0.0,artificial_jewellery,video_20260404_114752,6330
0,Left,small_object_proposal,heuristic,1.0,1235.0,729.0,1265.0,756.0,0,3.0,artificial_jewellery,video_20260404_114752,6330
0,Left,small_object_proposal,heuristic,1.0,1246.0,757.0,1273.0,785.0,0,3.0,artificial_jewellery,video_20260404_114752,6330
0,Left,small_object_proposal,heuristic,1.0,1318.0,671.0,1343.0,697.0,0,17.0,artificial_jewellery,video_20260404_114752,6330
1,Left,person,yolo,0.6436449885368347,411.2332763671875,4.18267822265625,1887.81591796875,1023.9387817382812,5,0.0,artificial_jewellery,video_20260404_114752,6330
1,Left,small_object_proposal,heuristic,1.0,1198.0,662.0,1258.0,698.0,1,0.0,artificial_jewellery,video_20260404_114752,6330
1,Left,small_object_proposal,heuristic,1.0,1107.0,736.0,1147.0,787.0,0,12.041594578792296,artificial_jewellery,video_20260404_114752,6330
1,Left,small_object_proposal,heuristic,1.0,1197.0,700.0,1227.0,731.0,0,11.0,artificial_jewellery,video_20260404_114752,6330
1,Left,small_object_proposal,heuristic,1.0,1150.0,676.0,1196.0,696.0,0,2.0,artificial_jewellery,video_20260404_114752,6330
1,Left,small_object_proposal,heuristic,1.0,1065.0,842.0,1099.0,864.0,1,0.0,artificial_jewellery,video_20260404_114752,6330
0,Left,person,yolo,0.7099044919013977,435.22552490234375,4.196044921875,1890.3475341796875,1017.7305908203124,5,0.0,artificial_jewellery,video_20260404_114752,6360
0,Left,small_object_proposal,heuristic,1.0,1092.0,814.0,1147.0,895.0,1,0.0,artificial_jewellery,video_20260404_114752,6360
0,Left,small_object_proposal,heuristic,1.0,1219.0,745.0,1300.0,796.0,1,0.0,artificial_jewellery,video_20260404_114752,6360
0,Left,small_object_proposal,heuristic,1.0,1209.0,768.0,1240.0,829.0,1,0.0,artificial_jewellery,video_20260404_114752,6360
0,Left,person,yolo,0.6660586595535278,402.220458984375,4.0982666015625,1877.044921875,1012.81640625,5,0.0,artificial_jewellery,video_20260404_114752,6390
0,Left,person,yolo,0.2516150772571563,1224.2899169921875,4.11328125,1919.3994140625,807.8168334960938,0,8.2899169921875,artificial_jewellery,video_20260404_114752,6390
1,Left,person,yolo,0.6660586595535278,402.220458984375,4.0982666015625,1877.044921875,1012.81640625,5,0.0,artificial_jewellery,video_20260404_114752,6390
1,Left,person,yolo,0.2516150772571563,1224.2899169921875,4.11328125,1919.3994140625,807.8168334960938,5,0.0,artificial_jewellery,video_20260404_114752,6390
1,Left,small_object_proposal,heuristic,1.0,1320.0,712.0,1366.0,742.0,0,18.439088914585774,artificial_jewellery,video_20260404_114752,6390
0,Left,person,yolo,0.6707016825675964,355.7618408203125,3.6416015625,1869.867919921875,1011.6156005859376,5,0.0,artificial_jewellery,video_20260404_114752,6420
0,Left,cake,yolo,0.3342578709125519,1120.1309814453125,716.055419921875,1376.9481201171875,910.4249877929688,3,0.0,artificial_jewellery,video_20260404_114752,6420
0,Left,small_object_proposal,heuristic,1.0,1207.0,693.0,1262.0,747.0,0,17.204650534085253,artificial_jewellery,video_20260404_114752,6420
0,Left,small_object_proposal,heuristic,1.0,1192.0,731.0,1218.0,783.0,1,0.0,artificial_jewellery,video_20260404_114752,6420
0,Left,small_object_proposal,heuristic,1.0,1124.0,876.0,1156.0,909.0,1,0.0,artificial_jewellery,video_20260404_114752,6420
0,Left,person,yolo,0.7709743976593018,384.580810546875,4.690338134765625,1874.1761474609375,964.6346435546876,5,0.0,artificial_jewellery,video_20260404_114752,6450
0,Left,small_object_proposal,heuristic,1.0,1168.0,773.0,1214.0,818.0,1,0.0,artificial_jewellery,video_20260404_114752,6450
0,Left,small_object_proposal,heuristic,1.0,1218.0,772.0,1250.0,815.0,0,6.0,artificial_jewellery,video_20260404_114752,6450
0,Left,small_object_proposal,heuristic,1.0,1166.0,819.0,1231.0,839.0,0,11.0,artificial_jewellery,video_20260404_114752,6450
0,Left,small_object_proposal,heuristic,1.0,1085.0,819.0,1102.0,879.0,0,1.0,artificial_jewellery,video_20260404_114752,6450
0,Left,small_object_proposal,heuristic,1.0,1090.0,880.0,1116.0,910.0,1,0.0,artificial_jewellery,video_20260404_114752,6450
0,Left,person,yolo,0.4428881108760834,396.0281982421875,4.60418701171875,1888.6966552734375,1042.4315185546875,5,0.0,artificial_jewellery,video_20260404_114752,6480
0,Left,small_object_proposal,heuristic,1.0,1585.0,809.0,1647.0,868.0,4,0.0,artificial_jewellery,video_20260404_114752,6480
0,Left,small_object_proposal,heuristic,1.0,1586.0,838.0,1602.0,867.0,0,5.0,artificial_jewellery,video_20260404_114752,6480
0,Left,person,yolo,0.461900532245636,406.9046630859375,5.100677490234375,1875.95849609375,1055.5633544921875,2,0.0,artificial_jewellery,video_20260404_114752,6510
0,Left,person,yolo,0.4595107734203338,366.5679931640625,6.12249755859375,968.4347534179688,1056.3011474609375,2,0.0,artificial_jewellery,video_20260404_114752,6510
0,Left,small_object_proposal,heuristic,1.0,896.0,1025.0,914.0,1069.0,0,12.649110640673518,artificial_jewellery,video_20260404_114752,6510
1,Left,person,yolo,0.461900532245636,406.9046630859375,5.100677490234375,1875.95849609375,1055.5633544921875,5,0.0,artificial_jewellery,video_20260404_114752,6510
1,Left,small_object_proposal,heuristic,1.0,1705.0,814.0,1741.0,868.0,0,4.0,artificial_jewellery,video_20260404_114752,6510
1,Left,small_object_proposal,heuristic,1.0,1617.0,794.0,1648.0,847.0,0,4.0,artificial_jewellery,video_20260404_114752,6510
1,Left,small_object_proposal,heuristic,1.0,1671.0,833.0,1694.0,878.0,1,0.0,artificial_jewellery,video_20260404_114752,6510
1,Left,small_object_proposal,heuristic,1.0,1663.0,849.0,1681.0,876.0,1,0.0,artificial_jewellery,video_20260404_114752,6510
0,Right,person,yolo,0.6055631041526794,315.04541015625,5.00042724609375,1866.5745849609375,1049.6217041015625,5,0.0,artificial_jewellery,video_20260404_114752,6540
0,Right,small_object_proposal,heuristic,1.0,1514.0,854.0,1550.0,903.0,1,0.0,artificial_jewellery,video_20260404_114752,6540
1,Left,person,yolo,0.6055631041526794,315.04541015625,5.00042724609375,1866.5745849609375,1049.6217041015625,5,0.0,artificial_jewellery,video_20260404_114752,6540
0,Left,person,yolo,0.6643191576004028,395.4900512695313,3.978515625,1876.7801513671875,1039.412109375,5,0.0,artificial_jewellery,video_20260404_114752,6570
0,Left,small_object_proposal,heuristic,1.0,1117.0,778.0,1151.0,861.0,1,0.0,artificial_jewellery,video_20260404_114752,6570
0,Left,small_object_proposal,heuristic,1.0,1232.0,766.0,1254.0,800.0,0,1.0,artificial_jewellery,video_20260404_114752,6570
0,Left,small_object_proposal,heuristic,1.0,1125.0,859.0,1151.0,877.0,0,12.165525060596439,artificial_jewellery,video_20260404_114752,6570
0,Left,person,yolo,0.5619921684265137,388.3253173828125,5.05169677734375,1892.11083984375,1049.1646728515625,5,0.0,artificial_jewellery,video_20260404_114752,6600
0,Left,small_object_proposal,heuristic,1.0,1103.0,759.0,1127.0,864.0,1,0.0,artificial_jewellery,video_20260404_114752,6600
0,Left,small_object_proposal,heuristic,1.0,1119.0,768.0,1141.0,878.0,1,0.0,artificial_jewellery,video_20260404_114752,6600
0,Left,person,yolo,0.6492487192153931,370.3902587890625,4.01092529296875,1873.5389404296875,1051.442626953125,5,0.0,artificial_jewellery,video_20260404_114752,6630
0,Left,small_object_proposal,heuristic,1.0,1070.0,790.0,1105.0,912.0,3,0.0,artificial_jewellery,video_20260404_114752,6630
0,Left,small_object_proposal,heuristic,1.0,1174.0,782.0,1199.0,815.0,0,3.0,artificial_jewellery,video_20260404_114752,6630
0,Left,person,yolo,0.5376482605934143,373.22900390625,5.74072265625,1798.7589111328125,1057.265625,5,0.0,artificial_jewellery,video_20260404_114752,6660
0,Left,small_object_proposal,heuristic,1.0,1239.0,774.0,1274.0,839.0,0,24.0,artificial_jewellery,video_20260404_114752,6660
1,Left,person,yolo,0.5376482605934143,373.22900390625,5.74072265625,1798.7589111328125,1057.265625,5,0.0,artificial_jewellery,video_20260404_114752,6660
1,Left,small_object_proposal,heuristic,1.0,1239.0,774.0,1274.0,839.0,0,12.0,artificial_jewellery,video_20260404_114752,6660
1,Left,small_object_proposal,heuristic,1.0,1163.0,796.0,1203.0,828.0,0,24.186773244895647,artificial_jewellery,video_20260404_114752,6660
0,Left,person,yolo,0.6215109825134277,349.1246337890625,4.56024169921875,1881.547119140625,1013.184814453125,5,0.0,artificial_jewellery,video_20260404_114752,6690
0,Left,small_object_proposal,heuristic,1.0,1284.0,793.0,1344.0,855.0,1,0.0,artificial_jewellery,video_20260404_114752,6690
0,Left,small_object_proposal,heuristic,1.0,1299.0,688.0,1329.0,732.0,0,22.627416997969522,artificial_jewellery,video_20260404_114752,6690
0,Left,small_object_proposal,heuristic,1.0,1369.0,753.0,1399.0,777.0,0,11.0,artificial_jewellery,video_20260404_114752,6690
1,Left,person,yolo,0.6215109825134277,349.1246337890625,4.56024169921875,1881.547119140625,1013.184814453125,5,0.0,artificial_jewellery,video_20260404_114752,6690
1,Left,small_object_proposal,heuristic,1.0,1284.0,793.0,1344.0,855.0,0,19.0,artificial_jewellery,video_20260404_114752,6690
1,Left,small_object_proposal,heuristic,1.0,1129.0,854.0,1147.0,941.0,0,1.0,artificial_jewellery,video_20260404_114752,6690
0,Left,person,yolo,0.5870254039764404,344.95916748046875,5.725067138671875,1867.8218994140625,1056.2039794921875,5,0.0,artificial_jewellery,video_20260404_114752,6720
0,Left,small_object_proposal,heuristic,1.0,1134.0,788.0,1169.0,876.0,1,0.0,artificial_jewellery,video_20260404_114752,6720
0,Left,small_object_proposal,heuristic,1.0,1221.0,756.0,1263.0,794.0,0,17.0,artificial_jewellery,video_20260404_114752,6720
0,Left,small_object_proposal,heuristic,1.0,1225.0,795.0,1244.0,828.0,0,1.0,artificial_jewellery,video_20260404_114752,6720
0,Left,person,yolo,0.5741164684295654,367.8634643554687,5.6663818359375,1844.2166748046875,1039.0245361328125,5,0.0,artificial_jewellery,video_20260404_114752,6750
0,Left,small_object_proposal,heuristic,1.0,1118.0,784.0,1185.0,848.0,0,18.439088914585774,artificial_jewellery,video_20260404_114752,6750
0,Left,small_object_proposal,heuristic,1.0,1178.0,864.0,1229.0,907.0,1,0.0,artificial_jewellery,video_20260404_114752,6750
0,Right,person,yolo,0.5406234264373779,31.74700927734375,0.0,1909.0323486328125,1060.6707763671875,5,0.0,artificial_jewellery,video_20260404_114752,6840
0,Right,person,yolo,0.2562718391418457,1535.9459228515625,3.985931396484375,1919.3922119140625,850.2566528320312,4,0.0,artificial_jewellery,video_20260404_114752,6840
0,Right,small_object_proposal,heuristic,1.0,1869.0,706.0,1884.0,758.0,0,14.0,artificial_jewellery,video_20260404_114752,6840
0,Right,person,yolo,0.3053790330886841,519.75,8.278564453125,1902.3486328125,1044.7967529296875,5,0.0,artificial_jewellery,video_20260404_114752,6870
0,Right,person,yolo,0.3827406466007232,44.96685791015625,8.48583984375,1904.21484375,1055.5609130859375,3,0.0,artificial_jewellery,video_20260404_114752,6960
0,Left,person,yolo,0.6071546077728271,164.1324462890625,0.0,1907.490966796875,1068.3284912109375,5,0.0,artificial_jewellery,video_20260404_114752,6990
0,Left,person,yolo,0.7133396863937378,56.023681640625,4.1759033203125,1008.7175903320312,1068.2069091796875,0,17.7930908203125,artificial_jewellery,video_20260404_114752,7020
0,Left,person,yolo,0.4652011692523956,438.9605712890625,2.5740966796875,1916.02587890625,1071.351318359375,0,14.648681640625,artificial_jewellery,video_20260404_114752,7020
0,Left,person,yolo,0.67665034532547,1.0557861328125,4.437744140625,1066.5501708984375,1066.658203125,5,0.0,artificial_jewellery,video_20260404_114752,7230
0,Left,person,yolo,0.4310914576053619,425.3617248535156,4.218109130859375,1913.883544921875,1042.7227783203125,5,0.0,artificial_jewellery,video_20260404_114752,7230
0,Left,person,yolo,0.5659880042076111,19.71844482421875,9.48394775390625,1042.1671142578125,1066.69482421875,5,0.0,artificial_jewellery,video_20260404_114752,7320
0,Left,person,yolo,0.4931696057319641,102.62603759765624,3.320526123046875,1914.437744140625,1044.097900390625,5,0.0,artificial_jewellery,video_20260404_114752,7320
0,Left,person,yolo,0.831646740436554,9.030853271484377,4.61334228515625,987.3934936523438,1062.52734375,4,0.0,artificial_jewellery,video_20260404_114752,7350
0,Left,person,yolo,0.5202600359916687,294.22503662109375,4.560516357421875,1913.76708984375,1051.5858154296875,5,0.0,artificial_jewellery,video_20260404_114752,7350
0,Left,small_object_proposal,heuristic,1.0,955.0,872.0,988.0,903.0,0,4.242640687119285,artificial_jewellery,video_20260404_114752,7350
0,Right,person,yolo,0.4262116551399231,1492.333740234375,2.06011962890625,1918.98193359375,1052.9366455078125,5,0.0,artificial_jewellery,video_20260404_114752,7440
0,Right,person,yolo,0.2736803293228149,78.66595458984375,52.43939208984375,1909.540283203125,1061.9326171875,5,0.0,artificial_jewellery,video_20260404_114752,7440
0,Right,person,yolo,0.6590433120727539,401.2159729003906,0.0,1747.2703857421875,1067.0372314453125,5,0.0,artificial_jewellery,video_20260404_114752,7530
0,Right,person,yolo,0.5234695672988892,1213.7425537109375,6.05419921875,1918.94140625,895.0354614257812,5,0.0,artificial_jewellery,video_20260404_114752,7530
0,Right,small_object_proposal,heuristic,1.0,1363.0,903.0,1467.0,950.0,0,20.0,artificial_jewellery,video_20260404_114752,7530
0,Right,small_object_proposal,heuristic,1.0,1404.0,836.0,1429.0,935.0,1,0.0,artificial_jewellery,video_20260404_114752,7530
1,Left,person,yolo,0.6590433120727539,401.2159729003906,0.0,1747.2703857421875,1067.0372314453125,5,0.0,artificial_jewellery,video_20260404_114752,7530
1,Left,person,yolo,0.5234695672988892,1213.7425537109375,6.05419921875,1918.94140625,895.0354614257812,1,0.0,artificial_jewellery,video_20260404_114752,7530
1,Left,small_object_proposal,heuristic,1.0,1069.0,794.0,1138.0,837.0,0,23.08679276123039,artificial_jewellery,video_20260404_114752,7530
1,Left,small_object_proposal,heuristic,1.0,1197.0,798.0,1227.0,830.0,1,0.0,artificial_jewellery,video_20260404_114752,7530
0,Left,person,yolo,0.6336321830749512,1236.91259765625,3.808685302734375,1919.0240478515625,886.7217407226562,1,0.0,artificial_jewellery,video_20260404_114752,7560
0,Left,person,yolo,0.4395754337310791,394.74755859375,6.221923828125,1467.4259033203125,1065.191162109375,5,0.0,artificial_jewellery,video_20260404_114752,7560
0,Left,small_object_proposal,heuristic,1.0,1114.0,768.0,1145.0,900.0,2,0.0,artificial_jewellery,video_20260404_114752,7560
0,Left,small_object_proposal,heuristic,1.0,1210.0,787.0,1260.0,820.0,1,0.0,artificial_jewellery,video_20260404_114752,7560
0,Left,person,yolo,0.5762120485305786,376.5631713867187,3.7225341796875,1771.8121337890625,1050.758056640625,5,0.0,artificial_jewellery,video_20260404_114752,7590
0,Left,person,yolo,0.4843373298645019,1181.2452392578125,3.58685302734375,1919.600830078125,883.1678466796875,2,0.0,artificial_jewellery,video_20260404_114752,7590
0,Left,small_object_proposal,heuristic,1.0,1204.0,722.0,1246.0,794.0,1,0.0,artificial_jewellery,video_20260404_114752,7590
0,Left,small_object_proposal,heuristic,1.0,1148.0,785.0,1167.0,892.0,1,0.0,artificial_jewellery,video_20260404_114752,7590
0,Left,small_object_proposal,heuristic,1.0,1240.0,764.0,1277.0,797.0,0,10.816653826391969,artificial_jewellery,video_20260404_114752,7590
0,Left,person,yolo,0.6793897151947021,1137.979248046875,2.956878662109375,1919.265380859375,897.3726806640625,1,0.0,artificial_jewellery,video_20260404_114752,7620
0,Left,person,yolo,0.613149881362915,333.50994873046875,3.033416748046875,1579.7296142578125,1060.9508056640625,5,0.0,artificial_jewellery,video_20260404_114752,7620
0,Left,small_object_proposal,heuristic,1.0,1070.0,757.0,1097.0,862.0,2,0.0,artificial_jewellery,video_20260404_114752,7620
0,Left,small_object_proposal,heuristic,1.0,1146.0,783.0,1177.0,813.0,1,0.0,artificial_jewellery,video_20260404_114752,7620
0,Left,person,yolo,0.5170877575874329,352.69732666015625,0.0,1824.81005859375,1064.260498046875,5,0.0,artificial_jewellery,video_20260404_114752,7650
0,Left,small_object_proposal,heuristic,1.0,1066.0,777.0,1109.0,892.0,2,0.0,artificial_jewellery,video_20260404_114752,7650
0,Left,small_object_proposal,heuristic,1.0,1110.0,799.0,1153.0,851.0,1,0.0,artificial_jewellery,video_20260404_114752,7650
0,Left,small_object_proposal,heuristic,1.0,1154.0,793.0,1182.0,823.0,1,0.0,artificial_jewellery,video_20260404_114752,7650
0,Left,person,yolo,0.6210727691650391,348.0296936035156,0.0,1720.491943359375,1063.927734375,5,0.0,artificial_jewellery,video_20260404_114752,7680
0,Left,person,yolo,0.604286789894104,1111.368896484375,3.683349609375,1918.968505859375,886.94091796875,1,0.0,artificial_jewellery,video_20260404_114752,7680
0,Left,small_object_proposal,heuristic,1.0,1051.0,788.0,1090.0,886.0,4,0.0,artificial_jewellery,video_20260404_114752,7680
0,Left,person,yolo,0.687347412109375,347.548583984375,0.0,1811.54345703125,1065.38916015625,5,0.0,artificial_jewellery,video_20260404_114752,7710
0,Left,person,yolo,0.6255092620849609,1163.108154296875,3.97869873046875,1919.2042236328125,864.7402954101562,3,0.0,artificial_jewellery,video_20260404_114752,7710
0,Left,small_object_proposal,heuristic,1.0,1283.0,789.0,1307.0,907.0,1,0.0,artificial_jewellery,video_20260404_114752,7710
0,Left,small_object_proposal,heuristic,1.0,1225.0,776.0,1258.0,800.0,0,15.0,artificial_jewellery,video_20260404_114752,7710
0,Left,small_object_proposal,heuristic,1.0,1306.0,747.0,1332.0,777.0,1,0.0,artificial_jewellery,video_20260404_114752,7710
1,Left,person,yolo,0.687347412109375,347.548583984375,0.0,1811.54345703125,1065.38916015625,5,0.0,artificial_jewellery,video_20260404_114752,7710
1,Left,person,yolo,0.6255092620849609,1163.108154296875,3.97869873046875,1919.2042236328125,864.7402954101562,0,8.108154296875,artificial_jewellery,video_20260404_114752,7710
1,Left,small_object_proposal,heuristic,1.0,1028.0,766.0,1077.0,858.0,2,0.0,artificial_jewellery,video_20260404_114752,7710
0,Left,person,yolo,0.5940306186676025,358.38226318359375,3.21478271484375,1784.1097412109375,1059.487060546875,5,0.0,artificial_jewellery,video_20260404_114752,7740
0,Left,small_object_proposal,heuristic,1.0,1036.0,772.0,1078.0,876.0,4,0.0,artificial_jewellery,video_20260404_114752,7740
0,Left,small_object_proposal,heuristic,1.0,1104.0,800.0,1144.0,826.0,0,11.0,artificial_jewellery,video_20260404_114752,7740
0,Left,small_object_proposal,heuristic,1.0,1145.0,784.0,1171.0,819.0,1,0.0,artificial_jewellery,video_20260404_114752,7740
1,Right,person,yolo,0.5940306186676025,358.38226318359375,3.21478271484375,1784.1097412109375,1059.487060546875,5,0.0,artificial_jewellery,video_20260404_114752,7740
1,Right,person,yolo,0.582570493221283,1244.1544189453125,2.971343994140625,1918.9647216796875,829.7968139648438,5,0.0,artificial_jewellery,video_20260404_114752,7740
1,Right,small_object_proposal,heuristic,1.0,1260.0,769.0,1290.0,794.0,0,12.0,artificial_jewellery,video_20260404_114752,7740
1,Right,small_object_proposal,heuristic,1.0,1354.0,730.0,1379.0,759.0,0,1.0,artificial_jewellery,video_20260404_114752,7740
0,Left,person,yolo,0.5676904320716858,342.4046630859375,1.49432373046875,1787.0914306640625,1063.172607421875,5,0.0,artificial_jewellery,video_20260404_114752,7770
0,Left,person,yolo,0.5603287816047668,1110.91455078125,2.962921142578125,1919.4122314453125,920.5250244140624,1,0.0,artificial_jewellery,video_20260404_114752,7770
0,Left,small_object_proposal,heuristic,1.0,1065.0,848.0,1095.0,895.0,1,0.0,artificial_jewellery,video_20260404_114752,7770
0,Left,small_object_proposal,heuristic,1.0,1191.0,763.0,1216.0,803.0,1,0.0,artificial_jewellery,video_20260404_114752,7770
0,Left,person,yolo,0.657538890838623,1123.8651123046875,3.3497314453125,1919.32080078125,915.5963745117188,1,0.0,artificial_jewellery,video_20260404_114752,7800
0,Left,person,yolo,0.6473693251609802,334.5924987792969,0.0,1719.647216796875,1065.6439208984375,5,0.0,artificial_jewellery,video_20260404_114752,7800
0,Left,small_object_proposal,heuristic,1.0,1170.0,794.0,1264.0,844.0,0,17.0,artificial_jewellery,video_20260404_114752,7800
0,Left,small_object_proposal,heuristic,1.0,1141.0,759.0,1211.0,807.0,1,0.0,artificial_jewellery,video_20260404_114752,7800
0,Left,small_object_proposal,heuristic,1.0,1088.0,840.0,1109.0,892.0,0,2.0,artificial_jewellery,video_20260404_114752,7800
0,Left,small_object_proposal,heuristic,1.0,1082.0,805.0,1100.0,856.0,1,0.0,artificial_jewellery,video_20260404_114752,7800
0,Left,small_object_proposal,heuristic,1.0,1218.0,745.0,1248.0,772.0,0,12.083045973594572,artificial_jewellery,video_20260404_114752,7800
1,Left,person,yolo,0.657538890838623,1123.8651123046875,3.3497314453125,1919.32080078125,915.5963745117188,5,0.0,artificial_jewellery,video_20260404_114752,7800
1,Left,person,yolo,0.6473693251609802,334.5924987792969,0.0,1719.647216796875,1065.6439208984375,5,0.0,artificial_jewellery,video_20260404_114752,7800
1,Left,small_object_proposal,heuristic,1.0,1141.0,759.0,1211.0,807.0,0,4.0,artificial_jewellery,video_20260404_114752,7800
1,Left,small_object_proposal,heuristic,1.0,1324.0,833.0,1342.0,920.0,1,0.0,artificial_jewellery,video_20260404_114752,7800
1,Left,small_object_proposal,heuristic,1.0,1187.0,714.0,1220.0,749.0,0,19.0,artificial_jewellery,video_20260404_114752,7800
1,Left,small_object_proposal,heuristic,1.0,1218.0,745.0,1248.0,772.0,0,3.0,artificial_jewellery,video_20260404_114752,7800
1,Left,small_object_proposal,heuristic,1.0,1334.0,907.0,1352.0,938.0,0,3.0,artificial_jewellery,video_20260404_114752,7800
0,Left,person,yolo,0.5191565752029419,329.583251953125,0.0,1716.4998779296875,1065.3592529296875,5,0.0,artificial_jewellery,video_20260404_114752,7830
0,Left,small_object_proposal,heuristic,1.0,1062.0,802.0,1087.0,830.0,1,0.0,artificial_jewellery,video_20260404_114752,7830
0,Left,small_object_proposal,heuristic,1.0,1125.0,833.0,1153.0,856.0,1,0.0,artificial_jewellery,video_20260404_114752,7830
0,Right,person,yolo,0.4931455552577972,386.7224426269531,5.48126220703125,1845.82470703125,1067.000732421875,5,0.0,artificial_jewellery,video_20260404_114752,7860
0,Right,person,yolo,0.321323812007904,1437.7401123046875,2.88409423828125,1918.4278564453125,1005.8347778320312,5,0.0,artificial_jewellery,video_20260404_114752,7860
0,Right,small_object_proposal,heuristic,1.0,1562.0,885.0,1606.0,897.0,0,4.0,artificial_jewellery,video_20260404_114752,7860
1,Left,person,yolo,0.4931455552577972,386.7224426269531,5.48126220703125,1845.82470703125,1067.000732421875,5,0.0,artificial_jewellery,video_20260404_114752,7860
1,Left,person,yolo,0.4033245146274566,379.1808166503906,6.123504638671875,1048.447998046875,1054.8126220703125,1,0.0,artificial_jewellery,video_20260404_114752,7860
0,Right,person,yolo,0.3743241429328918,707.2327880859375,2.546905517578125,1913.30859375,1037.8719482421875,5,0.0,artificial_jewellery,video_20260404_114752,7890
0,Right,small_object_proposal,heuristic,1.0,1572.0,903.0,1615.0,1002.0,1,0.0,artificial_jewellery,video_20260404_114752,7890
0,Right,small_object_proposal,heuristic,1.0,1533.0,956.0,1564.0,999.0,1,0.0,artificial_jewellery,video_20260404_114752,7890
0,Right,person,yolo,0.3773398399353027,1368.549560546875,1.623046875,1918.3809814453125,1032.719970703125,5,0.0,artificial_jewellery,video_20260404_114752,7920
0,Right,person,yolo,0.2704971432685852,646.5986938476562,3.75201416015625,1917.7662353515625,1038.0887451171875,5,0.0,artificial_jewellery,video_20260404_114752,7920
0,Right,small_object_proposal,heuristic,1.0,1508.0,959.0,1544.0,1013.0,1,0.0,artificial_jewellery,video_20260404_114752,7920
0,Right,small_object_proposal,heuristic,1.0,1541.0,834.0,1565.0,904.0,0,15.0,artificial_jewellery,video_20260404_114752,7920
0,Right,small_object_proposal,heuristic,1.0,1560.0,951.0,1576.0,1000.0,1,0.0,artificial_jewellery,video_20260404_114752,7920
0,Right,person,yolo,0.4965429306030273,308.1148986816406,5.62078857421875,1651.5574951171875,1069.035400390625,5,0.0,artificial_jewellery,video_20260404_114752,7950
0,Right,person,yolo,0.4868302047252655,1308.2640380859375,2.24395751953125,1918.9405517578125,941.818359375,5,0.0,artificial_jewellery,video_20260404_114752,7950
0,Right,small_object_proposal,heuristic,1.0,1396.0,917.0,1414.0,958.0,0,16.1245154965971,artificial_jewellery,video_20260404_114752,7950
1,Left,person,yolo,0.4965429306030273,308.1148986816406,5.62078857421875,1651.5574951171875,1069.035400390625,5,0.0,artificial_jewellery,video_20260404_114752,7950
1,Left,small_object_proposal,heuristic,1.0,1058.0,772.0,1101.0,811.0,0,24.331050121192877,artificial_jewellery,video_20260404_114752,7950
1,Left,small_object_proposal,heuristic,1.0,1080.0,785.0,1132.0,813.0,0,4.0,artificial_jewellery,video_20260404_114752,7950
0,Left,person,yolo,0.5649245977401733,399.615966796875,2.7806396484375,1739.1240234375,1068.27099609375,5,0.0,artificial_jewellery,video_20260404_114752,7980
0,Left,small_object_proposal,heuristic,1.0,1065.0,752.0,1113.0,805.0,1,0.0,artificial_jewellery,video_20260404_114752,7980
0,Left,small_object_proposal,heuristic,1.0,1118.0,864.0,1131.0,920.0,0,24.186773244895647,artificial_jewellery,video_20260404_114752,7980
0,Left,person,yolo,0.6312884092330933,1182.9124755859375,2.3367919921875,1918.900634765625,880.5574951171875,5,0.0,artificial_jewellery,video_20260404_114752,8010
0,Left,person,yolo,0.6173390746116638,359.55596923828125,5.77203369140625,1692.51123046875,1062.7742919921875,5,0.0,artificial_jewellery,video_20260404_114752,8010
0,Left,small_object_proposal,heuristic,1.0,1295.0,746.0,1355.0,806.0,0,5.0,artificial_jewellery,video_20260404_114752,8010
0,Left,small_object_proposal,heuristic,1.0,1241.0,782.0,1269.0,804.0,0,20.615528128088304,artificial_jewellery,video_20260404_114752,8010
0,Left,small_object_proposal,heuristic,1.0,1344.0,829.0,1353.0,889.0,0,25.0,artificial_jewellery,video_20260404_114752,8010
0,Left,small_object_proposal,heuristic,1.0,1327.0,804.0,1339.0,849.0,0,21.0,artificial_jewellery,video_20260404_114752,8010
1,Left,person,yolo,0.6312884092330933,1182.9124755859375,2.3367919921875,1918.900634765625,880.5574951171875,0,10.9124755859375,artificial_jewellery,video_20260404_114752,8010
1,Left,person,yolo,0.6173390746116638,359.55596923828125,5.77203369140625,1692.51123046875,1062.7742919921875,5,0.0,artificial_jewellery,video_20260404_114752,8010
1,Left,small_object_proposal,heuristic,1.0,1062.0,739.0,1089.0,821.0,2,0.0,artificial_jewellery,video_20260404_114752,8010
1,Left,small_object_proposal,heuristic,1.0,1156.0,717.0,1172.0,752.0,1,0.0,artificial_jewellery,video_20260404_114752,8010
0,Left,person,yolo,0.7037004232406616,1188.4537353515625,2.53857421875,1919.9666748046875,869.9954223632812,5,0.0,artificial_jewellery,video_20260404_114752,8040
0,Left,person,yolo,0.5720964670181274,377.5039978027344,5.650909423828125,1760.7716064453125,1060.2685546875,5,0.0,artificial_jewellery,video_20260404_114752,8040
0,Left,small_object_proposal,heuristic,1.0,1319.0,766.0,1350.0,891.0,0,12.0,artificial_jewellery,video_20260404_114752,8040
0,Left,small_object_proposal,heuristic,1.0,1244.0,626.0,1288.0,711.0,0,16.0,artificial_jewellery,video_20260404_114752,8040
0,Left,small_object_proposal,heuristic,1.0,1226.0,783.0,1254.0,815.0,2,0.0,artificial_jewellery,video_20260404_114752,8040
0,Left,person,yolo,0.6161603331565857,384.696533203125,2.71435546875,1798.47412109375,1065.85986328125,5,0.0,artificial_jewellery,video_20260404_114752,8070
0,Left,person,yolo,0.5935257077217102,1195.959716796875,3.048980712890625,1919.429931640625,881.1258544921875,0,4.959716796875,artificial_jewellery,video_20260404_114752,8070
0,Left,small_object_proposal,heuristic,1.0,1073.0,735.0,1101.0,779.0,0,10.198039027185569,artificial_jewellery,video_20260404_114752,8070
0,Left,small_object_proposal,heuristic,1.0,1093.0,824.0,1114.0,881.0,1,0.0,artificial_jewellery,video_20260404_114752,8070
0,Left,small_object_proposal,heuristic,1.0,1177.0,726.0,1204.0,756.0,1,0.0,artificial_jewellery,video_20260404_114752,8070
0,Right,person,yolo,0.6381922960281372,1149.3402099609375,2.75225830078125,1919.746337890625,897.0316772460938,3,0.0,artificial_jewellery,video_20260404_114752,8100
0,Right,person,yolo,0.5317165851593018,407.88720703125,2.225006103515625,1775.7916259765625,1067.2962646484375,5,0.0,artificial_jewellery,video_20260404_114752,8100
0,Right,small_object_proposal,heuristic,1.0,1274.0,903.0,1352.0,967.0,0,5.0,artificial_jewellery,video_20260404_114752,8100
1,Left,person,yolo,0.6381922960281372,1149.3402099609375,2.75225830078125,1919.746337890625,897.0316772460938,1,0.0,artificial_jewellery,video_20260404_114752,8100
1,Left,person,yolo,0.5317165851593018,407.88720703125,2.225006103515625,1775.7916259765625,1067.2962646484375,5,0.0,artificial_jewellery,video_20260404_114752,8100
1,Left,small_object_proposal,heuristic,1.0,1074.0,766.0,1093.0,875.0,2,0.0,artificial_jewellery,video_20260404_114752,8100
1,Left,small_object_proposal,heuristic,1.0,1157.0,777.0,1183.0,804.0,1,0.0,artificial_jewellery,video_20260404_114752,8100
1,Left,small_object_proposal,heuristic,1.0,1172.0,747.0,1192.0,782.0,0,17.0,artificial_jewellery,video_20260404_114752,8100
1,Left,small_object_proposal,heuristic,1.0,1165.0,800.0,1190.0,821.0,0,1.0,artificial_jewellery,video_20260404_114752,8100
0,Left,person,yolo,0.6599372029304504,352.64501953125,0.3885498046875,1824.6767578125,1067.2137451171875,5,0.0,artificial_jewellery,video_20260404_114752,8130
0,Left,person,yolo,0.6666679382324219,377.3748168945313,0.0,1884.8638916015625,1071.19970703125,5,0.0,artificial_jewellery,video_20260404_114752,8160
0,Left,cake,yolo,0.3248999118804931,1051.0133056640625,739.661865234375,1306.07373046875,951.7664794921876,4,0.0,artificial_jewellery,video_20260404_114752,8160
0,Left,small_object_proposal,heuristic,1.0,1159.0,698.0,1227.0,759.0,0,18.24828759089466,artificial_jewellery,video_20260404_114752,8160
0,Left,small_object_proposal,heuristic,1.0,1038.0,806.0,1075.0,911.0,2,0.0,artificial_jewellery,video_20260404_114752,8160
0,Left,person,yolo,0.6845596432685852,377.3115234375,1.05963134765625,1726.4268798828125,1062.3560791015625,5,0.0,artificial_jewellery,video_20260404_114752,8190
0,Left,person,yolo,0.6700633764266968,1165.7183837890625,2.738433837890625,1919.1790771484375,858.9009399414062,5,0.0,artificial_jewellery,video_20260404_114752,8190
1,Left,person,yolo,0.6845596432685852,377.3115234375,1.05963134765625,1726.4268798828125,1062.3560791015625,5,0.0,artificial_jewellery,video_20260404_114752,8190
1,Left,person,yolo,0.6700633764266968,1165.7183837890625,2.738433837890625,1919.1790771484375,858.9009399414062,1,0.0,artificial_jewellery,video_20260404_114752,8190
1,Left,small_object_proposal,heuristic,1.0,1067.0,778.0,1094.0,857.0,3,0.0,artificial_jewellery,video_20260404_114752,8190
1,Left,small_object_proposal,heuristic,1.0,1150.0,749.0,1191.0,783.0,1,0.0,artificial_jewellery,video_20260404_114752,8190
1,Left,small_object_proposal,heuristic,1.0,1096.0,856.0,1109.0,893.0,0,16.55294535724685,artificial_jewellery,video_20260404_114752,8190
0,Left,person,yolo,0.644305408000946,384.638671875,0.156829833984375,1735.7384033203125,1068.3167724609375,5,0.0,artificial_jewellery,video_20260404_114752,8220
0,Left,person,yolo,0.6748833060264587,390.43023681640625,3.600677490234375,1820.918701171875,1074.25439453125,5,0.0,artificial_jewellery,video_20260404_114752,8250
0,Left,person,yolo,0.4053175151348114,1455.2852783203125,5.51678466796875,1919.1463623046875,951.2823486328124,5,0.0,artificial_jewellery,video_20260404_114752,8250
0,Left,small_object_proposal,heuristic,1.0,1601.0,856.0,1647.0,895.0,2,0.0,artificial_jewellery,video_20260404_114752,8250
0,Left,person,yolo,0.5604121685028076,317.64239501953125,4.8629150390625,1840.7750244140625,1066.975341796875,5,0.0,artificial_jewellery,video_20260404_114752,8310
1,Right,person,yolo,0.5604121685028076,317.64239501953125,4.8629150390625,1840.7750244140625,1066.975341796875,5,0.0,artificial_jewellery,video_20260404_114752,8310
1,Right,small_object_proposal,heuristic,1.0,1516.0,926.0,1563.0,1023.0,0,2.0,artificial_jewellery,video_20260404_114752,8310
1,Right,small_object_proposal,heuristic,1.0,1560.0,951.0,1611.0,984.0,0,8.0,artificial_jewellery,video_20260404_114752,8310
0,Left,person,yolo,0.565708339214325,1229.2685546875,3.8115234375,1919.1265869140625,895.317626953125,0,18.2685546875,artificial_jewellery,video_20260404_114752,8340
0,Left,person,yolo,0.4697925448417663,372.0001831054687,1.401123046875,1836.4871826171875,1065.58642578125,5,0.0,artificial_jewellery,video_20260404_114752,8340
0,Left,small_object_proposal,heuristic,1.0,1202.0,784.0,1225.0,818.0,1,0.0,artificial_jewellery,video_20260404_114752,8340
0,Left,person,yolo,0.6370025873184204,343.48992919921875,0.0,1755.334716796875,1067.98388671875,5,0.0,artificial_jewellery,video_20260404_114752,8370
0,Left,person,yolo,0.5679136514663696,1119.6639404296875,3.606170654296875,1919.5799560546875,894.1887817382812,1,0.0,artificial_jewellery,video_20260404_114752,8370
0,Left,small_object_proposal,heuristic,1.0,1166.0,799.0,1220.0,851.0,0,19.0,artificial_jewellery,video_20260404_114752,8370
0,Left,small_object_proposal,heuristic,1.0,1069.0,762.0,1090.0,871.0,0,13.0,artificial_jewellery,video_20260404_114752,8370
0,Left,small_object_proposal,heuristic,1.0,1138.0,786.0,1174.0,826.0,0,18.973665961010276,artificial_jewellery,video_20260404_114752,8370
0,Left,small_object_proposal,heuristic,1.0,1164.0,762.0,1190.0,793.0,0,2.0,artificial_jewellery,video_20260404_114752,8370
0,Left,small_object_proposal,heuristic,1.0,1087.0,849.0,1103.0,880.0,1,0.0,artificial_jewellery,video_20260404_114752,8370
0,Left,person,yolo,0.6417320966720581,355.717529296875,3.495758056640625,1771.2034912109375,1056.3486328125,5,0.0,artificial_jewellery,video_20260404_114752,8400
0,Left,person,yolo,0.5502755641937256,1114.3419189453125,4.043060302734375,1919.79638671875,866.8557739257812,5,0.0,artificial_jewellery,video_20260404_114752,8400
0,Left,small_object_proposal,heuristic,1.0,1133.0,763.0,1183.0,812.0,0,6.0,artificial_jewellery,video_20260404_114752,8400
0,Left,small_object_proposal,heuristic,1.0,1161.0,803.0,1211.0,842.0,1,0.0,artificial_jewellery,video_20260404_114752,8400
1,Left,person,yolo,0.6417320966720581,355.717529296875,3.495758056640625,1771.2034912109375,1056.3486328125,5,0.0,artificial_jewellery,video_20260404_114752,8400
1,Left,person,yolo,0.5502755641937256,1114.3419189453125,4.043060302734375,1919.79638671875,866.8557739257812,5,0.0,artificial_jewellery,video_20260404_114752,8400
1,Left,small_object_proposal,heuristic,1.0,1291.0,721.0,1323.0,767.0,0,18.35755975068582,artificial_jewellery,video_20260404_114752,8400
1,Left,small_object_proposal,heuristic,1.0,1301.0,785.0,1319.0,855.0,0,13.152946437965905,artificial_jewellery,video_20260404_114752,8400
1,Left,small_object_proposal,heuristic,1.0,1312.0,785.0,1325.0,866.0,0,7.280109889280518,artificial_jewellery,video_20260404_114752,8400
0,Left,person,yolo,0.7108118534088135,346.94970703125,5.1163330078125,1772.47412109375,1055.0322265625,5,0.0,artificial_jewellery,video_20260404_114752,8430
0,Left,person,yolo,0.675958514213562,1179.3817138671875,2.09527587890625,1919.5877685546875,857.9095458984375,5,0.0,artificial_jewellery,video_20260404_114752,8430
0,Left,small_object_proposal,heuristic,1.0,1250.0,687.0,1272.0,718.0,0,14.422205101855956,artificial_jewellery,video_20260404_114752,8430
0,Left,small_object_proposal,heuristic,1.0,1209.0,776.0,1226.0,805.0,0,11.0,artificial_jewellery,video_20260404_114752,8430
0,Left,person,yolo,0.6711446046829224,337.896240234375,2.94305419921875,1747.368896484375,1049.36279296875,5,0.0,artificial_jewellery,video_20260404_114752,8460
0,Left,person,yolo,0.5415858030319214,1198.4227294921875,2.78997802734375,1919.4814453125,867.3411254882812,0,6.4227294921875,artificial_jewellery,video_20260404_114752,8460
0,Left,small_object_proposal,heuristic,1.0,1176.0,752.0,1200.0,782.0,1,0.0,artificial_jewellery,video_20260404_114752,8460
0,Left,person,yolo,0.7089855074882507,331.26983642578125,3.597747802734375,1775.134765625,1060.3616943359375,5,0.0,artificial_jewellery,video_20260404_114752,8490
0,Left,person,yolo,0.4781219661235809,1154.94140625,3.020599365234375,1919.4825439453125,848.2923583984375,1,0.0,artificial_jewellery,video_20260404_114752,8490
0,Left,small_object_proposal,heuristic,1.0,1064.0,781.0,1090.0,838.0,0,10.0,artificial_jewellery,video_20260404_114752,8490
0,Left,person,yolo,0.7518570423126221,1186.2462158203125,2.149566650390625,1919.9652099609375,854.203369140625,1,0.0,artificial_jewellery,video_20260404_114752,8520
0,Left,person,yolo,0.6410456895828247,358.0690002441406,3.151519775390625,1709.927490234375,1001.3983154296876,5,0.0,artificial_jewellery,video_20260404_114752,8520
0,Left,small_object_proposal,heuristic,1.0,1179.0,729.0,1223.0,781.0,1,0.0,artificial_jewellery,video_20260404_114752,8520
0,Left,small_object_proposal,heuristic,1.0,1199.0,698.0,1237.0,752.0,0,15.811388300841896,artificial_jewellery,video_20260404_114752,8520
0,Left,small_object_proposal,heuristic,1.0,1168.0,782.0,1215.0,806.0,0,17.0,artificial_jewellery,video_20260404_114752,8520
0,Left,small_object_proposal,heuristic,1.0,1163.0,763.0,1209.0,787.0,1,0.0,artificial_jewellery,video_20260404_114752,8520
0,Left,small_object_proposal,heuristic,1.0,1077.0,788.0,1097.0,843.0,0,8.0,artificial_jewellery,video_20260404_114752,8520
0,Left,person,yolo,0.6288970708847046,360.57330322265625,3.347900390625,1686.6446533203125,1009.9700317382812,5,0.0,artificial_jewellery,video_20260404_114752,8550
0,Left,small_object_proposal,heuristic,1.0,1041.0,793.0,1103.0,867.0,0,8.0,artificial_jewellery,video_20260404_114752,8550
0,Left,small_object_proposal,heuristic,1.0,1111.0,831.0,1136.0,857.0,0,3.0,artificial_jewellery,video_20260404_114752,8550
0,Left,small_object_proposal,heuristic,1.0,1143.0,882.0,1175.0,894.0,0,6.0,artificial_jewellery,video_20260404_114752,8550
1,Right,person,yolo,0.6288970708847046,360.57330322265625,3.347900390625,1686.6446533203125,1009.9700317382812,5,0.0,artificial_jewellery,video_20260404_114752,8550
1,Right,person,yolo,0.4945497810840606,1374.4017333984375,2.4078369140625,1918.587158203125,923.0341186523438,5,0.0,artificial_jewellery,video_20260404_114752,8550
1,Right,small_object_proposal,heuristic,1.0,1498.0,915.0,1535.0,942.0,1,0.0,artificial_jewellery,video_20260404_114752,8550
1,Right,small_object_proposal,heuristic,1.0,1454.0,881.0,1484.0,899.0,0,22.0,artificial_jewellery,video_20260404_114752,8550
0,Left,person,yolo,0.6046297550201416,349.7816162109375,3.42938232421875,1643.81396484375,1047.3095703125,5,0.0,artificial_jewellery,video_20260404_114752,8580
0,Left,small_object_proposal,heuristic,1.0,1251.0,885.0,1298.0,928.0,1,0.0,artificial_jewellery,video_20260404_114752,8580
0,Left,person,yolo,0.4933708012104034,413.7061462402344,4.30389404296875,1740.335205078125,1047.719970703125,5,0.0,artificial_jewellery,video_20260404_114752,8670
1,Right,person,yolo,0.4933708012104034,413.7061462402344,4.30389404296875,1740.335205078125,1047.719970703125,5,0.0,artificial_jewellery,video_20260404_114752,8670
1,Right,small_object_proposal,heuristic,1.0,1375.0,968.0,1483.0,1005.0,0,3.0,artificial_jewellery,video_20260404_114752,8670
1,Right,small_object_proposal,heuristic,1.0,1439.0,842.0,1450.0,945.0,0,18.0,artificial_jewellery,video_20260404_114752,8670
1,Right,small_object_proposal,heuristic,1.0,1469.0,945.0,1497.0,975.0,0,22.0,artificial_jewellery,video_20260404_114752,8670
0,Left,person,yolo,0.5868247747421265,1202.2049560546875,2.588470458984375,1918.72412109375,921.203125,1,0.0,artificial_jewellery,video_20260404_114752,8700
0,Left,person,yolo,0.5621212124824524,387.55023193359375,1.20501708984375,1765.4219970703125,1072.364013671875,5,0.0,artificial_jewellery,video_20260404_114752,8700
0,Left,small_object_proposal,heuristic,1.0,1212.0,821.0,1232.0,848.0,0,3.0,artificial_jewellery,video_20260404_114752,8700
0,Left,person,yolo,0.6437720060348511,1181.385498046875,3.248291015625,1918.834716796875,898.177734375,1,0.0,artificial_jewellery,video_20260404_114752,8730
0,Left,person,yolo,0.5104195475578308,368.31939697265625,0.76116943359375,1727.2825927734375,1068.2537841796875,5,0.0,artificial_jewellery,video_20260404_114752,8730
0,Left,small_object_proposal,heuristic,1.0,1107.0,783.0,1138.0,889.0,2,0.0,artificial_jewellery,video_20260404_114752,8730
0,Left,person,yolo,0.5809023976325989,384.84613037109375,2.39007568359375,1764.164794921875,1070.89306640625,5,0.0,artificial_jewellery,video_20260404_114752,8760
0,Left,person,yolo,0.5296052098274231,1199.509033203125,2.707122802734375,1918.8095703125,964.0601806640624,0,20.509033203125,artificial_jewellery,video_20260404_114752,8760
0,Left,small_object_proposal,heuristic,1.0,1081.0,782.0,1125.0,883.0,2,0.0,artificial_jewellery,video_20260404_114752,8760
0,Left,person,yolo,0.7009440064430237,1175.799072265625,3.13330078125,1918.877685546875,984.7783813476562,1,0.0,artificial_jewellery,video_20260404_114752,8790
0,Left,person,yolo,0.6109175682067871,377.4470520019531,2.3602294921875,1768.0543212890625,1072.0467529296875,5,0.0,artificial_jewellery,video_20260404_114752,8790
0,Left,small_object_proposal,heuristic,1.0,1218.0,765.0,1271.0,846.0,0,9.0,artificial_jewellery,video_20260404_114752,8790
0,Left,small_object_proposal,heuristic,1.0,1198.0,752.0,1217.0,789.0,1,0.0,artificial_jewellery,video_20260404_114752,8790
0,Left,person,yolo,0.6731972098350525,1179.93212890625,2.274169921875,1918.7685546875,885.5462646484375,1,0.0,artificial_jewellery,video_20260404_114752,8820
0,Left,person,yolo,0.5574277639389038,369.3299560546875,2.986724853515625,1602.1146240234375,1034.344482421875,5,0.0,artificial_jewellery,video_20260404_114752,8820
0,Left,small_object_proposal,heuristic,1.0,1081.0,797.0,1125.0,882.0,3,0.0,artificial_jewellery,video_20260404_114752,8820
0,Left,person,yolo,0.6478869318962097,350.990478515625,2.534088134765625,1784.4178466796875,1064.96337890625,5,0.0,artificial_jewellery,video_20260404_114752,8850
0,Left,person,yolo,0.5743193626403809,1178.69140625,2.6590576171875,1918.9326171875,887.2186889648438,0,9.69140625,artificial_jewellery,video_20260404_114752,8850
0,Left,small_object_proposal,heuristic,1.0,1152.0,820.0,1226.0,878.0,1,0.0,artificial_jewellery,video_20260404_114752,8850
0,Left,small_object_proposal,heuristic,1.0,1146.0,809.0,1196.0,857.0,1,0.0,artificial_jewellery,video_20260404_114752,8850
0,Left,small_object_proposal,heuristic,1.0,1071.0,823.0,1088.0,910.0,0,10.0,artificial_jewellery,video_20260404_114752,8850
0,Left,small_object_proposal,heuristic,1.0,1095.0,893.0,1120.0,932.0,0,15.0,artificial_jewellery,video_20260404_114752,8850
1,Left,person,yolo,0.6478869318962097,350.990478515625,2.534088134765625,1784.4178466796875,1064.96337890625,5,0.0,artificial_jewellery,video_20260404_114752,8850
1,Left,person,yolo,0.5743193626403809,1178.69140625,2.6590576171875,1918.9326171875,887.2186889648438,5,0.0,artificial_jewellery,video_20260404_114752,8850
1,Left,small_object_proposal,heuristic,1.0,1308.0,769.0,1355.0,810.0,0,11.0,artificial_jewellery,video_20260404_114752,8850
1,Left,small_object_proposal,heuristic,1.0,1331.0,815.0,1348.0,892.0,1,0.0,artificial_jewellery,video_20260404_114752,8850
1,Left,small_object_proposal,heuristic,1.0,1234.0,800.0,1264.0,831.0,1,0.0,artificial_jewellery,video_20260404_114752,8850
1,Left,small_object_proposal,heuristic,1.0,1347.0,844.0,1364.0,898.0,0,15.0,artificial_jewellery,video_20260404_114752,8850
0,Left,person,yolo,0.6645064353942871,432.3469848632813,3.184112548828125,1879.343994140625,1048.3304443359375,5,0.0,artificial_jewellery,video_20260404_114752,8880
0,Left,small_object_proposal,heuristic,1.0,1076.0,955.0,1119.0,980.0,1,0.0,artificial_jewellery,video_20260404_114752,8880
0,Left,small_object_proposal,heuristic,1.0,1105.0,1000.0,1127.0,1022.0,0,19.1049731745428,artificial_jewellery,video_20260404_114752,8880
0,Left,person,yolo,0.6896153092384338,296.31317138671875,2.2532958984375,1898.5079345703125,1061.122314453125,5,0.0,artificial_jewellery,video_20260404_114752,8910
0,Left,small_object_proposal,heuristic,1.0,1041.0,770.0,1090.0,860.0,0,6.0,artificial_jewellery,video_20260404_114752,8910
0,Left,small_object_proposal,heuristic,1.0,1077.0,851.0,1110.0,874.0,1,0.0,artificial_jewellery,video_20260404_114752,8910
1,Left,person,yolo,0.6896153092384338,296.31317138671875,2.2532958984375,1898.5079345703125,1061.122314453125,5,0.0,artificial_jewellery,video_20260404_114752,8910
0,Left,person,yolo,0.7173961400985718,367.880126953125,3.619720458984375,1876.928466796875,1052.537109375,5,0.0,artificial_jewellery,video_20260404_114752,8940
0,Left,small_object_proposal,heuristic,1.0,1079.0,733.0,1112.0,825.0,2,0.0,artificial_jewellery,video_20260404_114752,8940
0,Left,small_object_proposal,heuristic,1.0,1196.0,751.0,1240.0,797.0,0,3.605551275463989,artificial_jewellery,video_20260404_114752,8940
0,Left,person,yolo,0.7369347810745239,277.09259033203125,3.394134521484375,1890.397705078125,1055.8233642578125,5,0.0,artificial_jewellery,video_20260404_114752,8970
0,Left,small_object_proposal,heuristic,1.0,1074.0,743.0,1099.0,844.0,2,0.0,artificial_jewellery,video_20260404_114752,8970
0,Left,small_object_proposal,heuristic,1.0,1138.0,761.0,1176.0,790.0,0,20.0,artificial_jewellery,video_20260404_114752,8970
1,Right,person,yolo,0.7369347810745239,277.09259033203125,3.394134521484375,1890.397705078125,1055.8233642578125,5,0.0,artificial_jewellery,video_20260404_114752,8970
0,Left,person,yolo,0.7153157591819763,368.9500122070313,4.25592041015625,1862.7451171875,1055.692626953125,5,0.0,artificial_jewellery,video_20260404_114752,9000
0,Left,small_object_proposal,heuristic,1.0,1302.0,700.0,1331.0,872.0,0,22.0,artificial_jewellery,video_20260404_114752,9000
0,Left,small_object_proposal,heuristic,1.0,1200.0,710.0,1246.0,784.0,2,0.0,artificial_jewellery,video_20260404_114752,9000
0,Left,person,yolo,0.7053992748260498,302.04400634765625,3.641326904296875,1882.30078125,1055.4500732421875,5,0.0,artificial_jewellery,video_20260404_114752,9030
0,Left,small_object_proposal,heuristic,1.0,1124.0,683.0,1155.0,708.0,0,23.345235059857504,artificial_jewellery,video_20260404_114752,9030
1,Right,person,yolo,0.7053992748260498,302.04400634765625,3.641326904296875,1882.30078125,1055.4500732421875,5,0.0,artificial_jewellery,video_20260404_114752,9030
1,Right,small_object_proposal,heuristic,1.0,1334.0,723.0,1373.0,840.0,1,0.0,artificial_jewellery,video_20260404_114752,9030
1,Right,small_object_proposal,heuristic,1.0,1361.0,784.0,1378.0,871.0,1,0.0,artificial_jewellery,video_20260404_114752,9030
0,Left,person,yolo,0.7533001899719238,332.53564453125,4.234771728515625,1876.2359619140625,1059.9227294921875,5,0.0,artificial_jewellery,video_20260404_114752,9060
0,Left,small_object_proposal,heuristic,1.0,1199.0,759.0,1256.0,830.0,0,11.661903789690601,artificial_jewellery,video_20260404_114752,9060
0,Left,small_object_proposal,heuristic,1.0,1210.0,721.0,1234.0,763.0,0,21.0,artificial_jewellery,video_20260404_114752,9060
0,Left,small_object_proposal,heuristic,1.0,1176.0,715.0,1229.0,732.0,0,21.0,artificial_jewellery,video_20260404_114752,9060
0,Left,small_object_proposal,heuristic,1.0,1174.0,732.0,1189.0,763.0,1,0.0,artificial_jewellery,video_20260404_114752,9060
0,Right,person,yolo,0.5900837182998657,467.5296020507813,4.628814697265625,1883.6444091796875,1036.1678466796875,5,0.0,artificial_jewellery,video_20260404_114752,9090
0,Right,small_object_proposal,heuristic,1.0,1269.0,685.0,1340.0,727.0,2,0.0,artificial_jewellery,video_20260404_114752,9090
0,Right,small_object_proposal,heuristic,1.0,1354.0,685.0,1379.0,768.0,0,7.0,artificial_jewellery,video_20260404_114752,9090
0,Right,small_object_proposal,heuristic,1.0,1342.0,651.0,1380.0,687.0,0,4.0,artificial_jewellery,video_20260404_114752,9090
0,Right,small_object_proposal,heuristic,1.0,1371.0,703.0,1392.0,761.0,0,24.0,artificial_jewellery,video_20260404_114752,9090
0,Right,small_object_proposal,heuristic,1.0,1261.0,700.0,1280.0,748.0,0,7.0710678118654755,artificial_jewellery,video_20260404_114752,9090
1,Left,person,yolo,0.5900837182998657,467.5296020507813,4.628814697265625,1883.6444091796875,1036.1678466796875,5,0.0,artificial_jewellery,video_20260404_114752,9090
1,Left,small_object_proposal,heuristic,1.0,1123.0,708.0,1149.0,813.0,0,15.620499351813308,artificial_jewellery,video_20260404_114752,9090
0,Left,person,yolo,0.4264115989208221,438.7068176269531,5.350433349609375,1908.724365234375,1055.8594970703125,5,0.0,artificial_jewellery,video_20260404_114752,9120
0,Left,small_object_proposal,heuristic,1.0,1147.0,710.0,1196.0,796.0,1,0.0,artificial_jewellery,video_20260404_114752,9120
0,Left,small_object_proposal,heuristic,1.0,1240.0,769.0,1272.0,797.0,1,0.0,artificial_jewellery,video_20260404_114752,9120
1,Right,person,yolo,0.4264115989208221,438.7068176269531,5.350433349609375,1908.724365234375,1055.8594970703125,5,0.0,artificial_jewellery,video_20260404_114752,9120
1,Right,person,yolo,0.2771700322628021,1347.0611572265625,3.4742431640625,1918.9691162109375,848.9133911132812,5,0.0,artificial_jewellery,video_20260404_114752,9120
1,Right,small_object_proposal,heuristic,1.0,1338.0,690.0,1359.0,750.0,0,10.0,artificial_jewellery,video_20260404_114752,9120
0,Left,person,yolo,0.5951547622680664,364.623046875,3.82708740234375,1907.96337890625,1057.98974609375,5,0.0,artificial_jewellery,video_20260404_114752,9180
0,Left,small_object_proposal,heuristic,1.0,1215.0,842.0,1231.0,870.0,0,5.0,artificial_jewellery,video_20260404_114752,9180
1,Right,person,yolo,0.5951547622680664,364.623046875,3.82708740234375,1907.96337890625,1057.98974609375,5,0.0,artificial_jewellery,video_20260404_114752,9180
1,Right,person,yolo,0.3218310475349426,1473.78515625,3.76995849609375,1918.21142578125,817.7319946289062,5,0.0,artificial_jewellery,video_20260404_114752,9180
1,Right,small_object_proposal,heuristic,1.0,1665.0,736.0,1726.0,798.0,1,0.0,artificial_jewellery,video_20260404_114752,9180
1,Right,small_object_proposal,heuristic,1.0,1721.0,650.0,1757.0,705.0,1,0.0,artificial_jewellery,video_20260404_114752,9180
1,Right,small_object_proposal,heuristic,1.0,1746.0,751.0,1773.0,787.0,0,2.0,artificial_jewellery,video_20260404_114752,9180
1,Right,small_object_proposal,heuristic,1.0,1719.0,768.0,1745.0,795.0,1,0.0,artificial_jewellery,video_20260404_114752,9180
0,Left,person,yolo,0.5221607685089111,415.84222412109375,5.119354248046875,1886.5030517578125,1054.5284423828125,5,0.0,artificial_jewellery,video_20260404_114752,9210
0,Left,small_object_proposal,heuristic,1.0,1206.0,817.0,1257.0,896.0,0,12.529964086141668,artificial_jewellery,video_20260404_114752,9210
0,Left,small_object_proposal,heuristic,1.0,1244.0,922.0,1291.0,982.0,0,15.0,artificial_jewellery,video_20260404_114752,9210
0,Left,person,yolo,0.5850587487220764,359.32928466796875,4.54595947265625,1891.204833984375,1063.904296875,5,0.0,artificial_jewellery,video_20260404_114752,9240
0,Left,small_object_proposal,heuristic,1.0,1245.0,682.0,1302.0,761.0,1,0.0,artificial_jewellery,video_20260404_114752,9240
0,Left,small_object_proposal,heuristic,1.0,1114.0,738.0,1149.0,813.0,0,3.0,artificial_jewellery,video_20260404_114752,9240
0,Left,small_object_proposal,heuristic,1.0,1138.0,799.0,1167.0,837.0,0,3.0,artificial_jewellery,video_20260404_114752,9240
0,Left,small_object_proposal,heuristic,1.0,1233.0,728.0,1251.0,762.0,1,0.0,artificial_jewellery,video_20260404_114752,9240
0,Left,small_object_proposal,heuristic,1.0,1167.0,837.0,1181.0,869.0,1,0.0,artificial_jewellery,video_20260404_114752,9240
0,Left,person,yolo,0.6173529624938965,384.228515625,4.709564208984375,1891.9423828125,1054.9501953125,5,0.0,artificial_jewellery,video_20260404_114752,9270
0,Left,person,yolo,0.2708381414413452,1183.20654296875,3.656158447265625,1918.7325439453125,864.1674194335938,1,0.0,artificial_jewellery,video_20260404_114752,9270
0,Left,small_object_proposal,heuristic,1.0,1201.0,706.0,1261.0,745.0,0,19.1049731745428,artificial_jewellery,video_20260404_114752,9270
0,Left,person,yolo,0.7006487846374512,385.292724609375,4.89111328125,1887.9599609375,1048.9951171875,5,0.0,artificial_jewellery,video_20260404_114752,9300
0,Left,small_object_proposal,heuristic,1.0,1095.0,735.0,1131.0,860.0,1,0.0,artificial_jewellery,video_20260404_114752,9300
0,Left,small_object_proposal,heuristic,1.0,1131.0,827.0,1148.0,868.0,0,2.0,artificial_jewellery,video_20260404_114752,9300
0,Left,small_object_proposal,heuristic,1.0,1206.0,714.0,1224.0,748.0,0,8.0,artificial_jewellery,video_20260404_114752,9300
0,Left,small_object_proposal,heuristic,1.0,1175.0,753.0,1198.0,770.0,0,18.0,artificial_jewellery,video_20260404_114752,9300
0,Left,person,yolo,0.7697055339813232,407.489501953125,4.27899169921875,1892.162109375,1056.5848388671875,5,0.0,artificial_jewellery,video_20260404_114752,9330
0,Left,small_object_proposal,heuristic,1.0,1122.0,733.0,1154.0,831.0,1,0.0,artificial_jewellery,video_20260404_114752,9330
0,Left,small_object_proposal,heuristic,1.0,1213.0,712.0,1239.0,749.0,1,0.0,artificial_jewellery,video_20260404_114752,9330
0,Left,small_object_proposal,heuristic,1.0,1174.0,862.0,1190.0,897.0,0,5.0,artificial_jewellery,video_20260404_114752,9330
0,Left,small_object_proposal,heuristic,1.0,1156.0,798.0,1169.0,838.0,0,20.518284528683193,artificial_jewellery,video_20260404_114752,9330
0,Left,person,yolo,0.7160491943359375,365.88427734375,4.59942626953125,1890.7142333984375,1057.6151123046875,5,0.0,artificial_jewellery,video_20260404_114752,9360
0,Left,person,yolo,0.3023370206356048,1210.6883544921875,3.09906005859375,1918.7110595703125,863.2029418945312,1,0.0,artificial_jewellery,video_20260404_114752,9360
0,Left,small_object_proposal,heuristic,1.0,1098.0,758.0,1126.0,836.0,0,5.0,artificial_jewellery,video_20260404_114752,9360
0,Left,small_object_proposal,heuristic,1.0,1231.0,745.0,1272.0,798.0,0,17.0,artificial_jewellery,video_20260404_114752,9360
0,Left,small_object_proposal,heuristic,1.0,1122.0,844.0,1157.0,904.0,0,6.0,artificial_jewellery,video_20260404_114752,9360
0,Left,small_object_proposal,heuristic,1.0,1127.0,762.0,1151.0,832.0,1,0.0,artificial_jewellery,video_20260404_114752,9360
0,Left,small_object_proposal,heuristic,1.0,1214.0,775.0,1243.0,821.0,1,0.0,artificial_jewellery,video_20260404_114752,9360
0,Left,small_object_proposal,heuristic,1.0,1201.0,749.0,1221.0,782.0,1,0.0,artificial_jewellery,video_20260404_114752,9360
0,Left,person,yolo,0.6806957721710205,354.3797607421875,5.011322021484375,1881.8638916015625,1047.6617431640625,5,0.0,artificial_jewellery,video_20260404_114752,9390
0,Left,small_object_proposal,heuristic,1.0,1103.0,752.0,1137.0,838.0,1,0.0,artificial_jewellery,video_20260404_114752,9390
0,Left,small_object_proposal,heuristic,1.0,1176.0,870.0,1212.0,950.0,0,11.0,artificial_jewellery,video_20260404_114752,9390
0,Left,small_object_proposal,heuristic,1.0,1145.0,779.0,1176.0,865.0,0,18.0,artificial_jewellery,video_20260404_114752,9390
0,Left,small_object_proposal,heuristic,1.0,1225.0,726.0,1240.0,761.0,0,4.0,artificial_jewellery,video_20260404_114752,9390
0,Left,person,yolo,0.6320250630378723,329.52685546875,4.4835205078125,1882.6292724609375,1063.54248046875,5,0.0,artificial_jewellery,video_20260404_114752,9420
0,Left,person,yolo,0.2747992873191833,1205.1383056640625,3.08770751953125,1918.762939453125,879.320068359375,1,0.0,artificial_jewellery,video_20260404_114752,9420
0,Left,small_object_proposal,heuristic,1.0,1091.0,796.0,1138.0,878.0,3,0.0,artificial_jewellery,video_20260404_114752,9420
0,Left,small_object_proposal,heuristic,1.0,1200.0,821.0,1233.0,872.0,1,0.0,artificial_jewellery,video_20260404_114752,9420
0,Left,person,yolo,0.6838693618774414,367.5602416992187,4.65325927734375,1892.4541015625,1056.1534423828125,5,0.0,artificial_jewellery,video_20260404_114752,9450
0,Left,small_object_proposal,heuristic,1.0,1082.0,807.0,1116.0,906.0,3,0.0,artificial_jewellery,video_20260404_114752,9450
0,Left,small_object_proposal,heuristic,1.0,1198.0,778.0,1227.0,815.0,1,0.0,artificial_jewellery,video_20260404_114752,9450
0,Left,person,yolo,0.7184827327728271,344.022216796875,1.3985595703125,1897.078125,1074.5252685546875,5,0.0,artificial_jewellery,video_20260404_114752,9480
0,Left,small_object_proposal,heuristic,1.0,1152.0,848.0,1189.0,869.0,0,3.0,artificial_jewellery,video_20260404_114752,9480
0,Left,person,yolo,0.4562056958675384,352.31597900390625,4.26214599609375,1861.2257080078125,1059.7847900390625,5,0.0,artificial_jewellery,video_20260404_114752,9540
0,Left,small_object_proposal,heuristic,1.0,1112.0,904.0,1142.0,937.0,2,0.0,artificial_jewellery,video_20260404_114752,9540
0,Left,person,yolo,0.4988907277584076,304.8122863769531,5.08740234375,1134.2232666015625,1049.783203125,5,0.0,artificial_jewellery,video_20260404_114752,9570
0,Left,person,yolo,0.3030174374580383,708.1389770507812,2.0555419921875,1906.7117919921875,978.0990600585938,4,0.0,artificial_jewellery,video_20260404_114752,9570
0,Left,small_object_proposal,heuristic,1.0,1102.0,962.0,1186.0,989.0,1,0.0,artificial_jewellery,video_20260404_114752,9570
1,Right,person,yolo,0.3030174374580383,708.1389770507812,2.0555419921875,1906.7117919921875,978.0990600585938,5,0.0,artificial_jewellery,video_20260404_114752,9570
1,Right,small_object_proposal,heuristic,1.0,1499.0,832.0,1544.0,929.0,0,10.0,artificial_jewellery,video_20260404_114752,9570
1,Right,small_object_proposal,heuristic,1.0,1548.0,901.0,1569.0,935.0,2,0.0,artificial_jewellery,video_20260404_114752,9570
1,Right,small_object_proposal,heuristic,1.0,1549.0,884.0,1579.0,903.0,0,8.0,artificial_jewellery,video_20260404_114752,9570
0,Left,person,yolo,0.6010888814926147,312.7923278808594,1.070526123046875,1361.6412353515625,1058.106201171875,5,0.0,artificial_jewellery,video_20260404_114752,9600
0,Left,person,yolo,0.2964684069156647,723.7362670898438,1.96197509765625,1910.9359130859375,929.9593505859376,3,0.0,artificial_jewellery,video_20260404_114752,9600
0,Left,small_object_proposal,heuristic,1.0,1121.0,914.0,1175.0,969.0,2,0.0,artificial_jewellery,video_20260404_114752,9600
0,Left,small_object_proposal,heuristic,1.0,1151.0,864.0,1185.0,947.0,1,0.0,artificial_jewellery,video_20260404_114752,9600
0,Left,small_object_proposal,heuristic,1.0,1111.0,823.0,1143.0,884.0,1,0.0,artificial_jewellery,video_20260404_114752,9600
0,Left,small_object_proposal,heuristic,1.0,1227.0,815.0,1250.0,853.0,1,0.0,artificial_jewellery,video_20260404_114752,9600
0,Left,person,yolo,0.4357136189937591,311.85345458984375,1.06951904296875,1321.52490234375,1060.6658935546875,5,0.0,artificial_jewellery,video_20260404_114752,9630
0,Left,person,yolo,0.2748644649982452,1204.379638671875,1.10650634765625,1918.7235107421875,895.5803833007812,1,0.0,artificial_jewellery,video_20260404_114752,9630
0,Left,small_object_proposal,heuristic,1.0,1186.0,845.0,1215.0,872.0,0,12.806248474865697,artificial_jewellery,video_20260404_114752,9630
0,Left,person,yolo,0.6901015639305115,315.8236083984375,2.010406494140625,1321.099853515625,1063.266357421875,5,0.0,artificial_jewellery,video_20260404_114752,9660
0,Left,person,yolo,0.3423061668872833,722.0667114257812,2.37725830078125,1911.5029296875,933.3834228515624,4,0.0,artificial_jewellery,video_20260404_114752,9660
0,Left,small_object_proposal,heuristic,1.0,1105.0,823.0,1144.0,944.0,2,0.0,artificial_jewellery,video_20260404_114752,9660
0,Left,person,yolo,0.5305381417274475,293.4046630859375,0.0,1345.26171875,1062.6563720703125,5,0.0,artificial_jewellery,video_20260404_114752,9690
0,Left,small_object_proposal,heuristic,1.0,1142.0,825.0,1181.0,943.0,2,0.0,artificial_jewellery,video_20260404_114752,9690
0,Left,small_object_proposal,heuristic,1.0,1259.0,761.0,1306.0,831.0,1,0.0,artificial_jewellery,video_20260404_114752,9690
0,Left,small_object_proposal,heuristic,1.0,1250.0,806.0,1280.0,840.0,0,19.0,artificial_jewellery,video_20260404_114752,9690
1,Right,person,yolo,0.5305381417274475,293.4046630859375,0.0,1345.26171875,1062.6563720703125,2,0.0,artificial_jewellery,video_20260404_114752,9690
1,Right,small_object_proposal,heuristic,1.0,1384.0,757.0,1421.0,873.0,0,15.556349186104045,artificial_jewellery,video_20260404_114752,9690
1,Right,small_object_proposal,heuristic,1.0,1259.0,761.0,1306.0,831.0,0,16.0,artificial_jewellery,video_20260404_114752,9690
1,Right,small_object_proposal,heuristic,1.0,1380.0,738.0,1432.0,766.0,0,20.0,artificial_jewellery,video_20260404_114752,9690
0,Left,person,yolo,0.6345388889312744,332.39520263671875,0.0,1827.2938232421875,1069.609619140625,5,0.0,artificial_jewellery,video_20260404_114752,9720
0,Left,small_object_proposal,heuristic,1.0,1112.0,807.0,1167.0,854.0,0,2.0,artificial_jewellery,video_20260404_114752,9720
0,Left,small_object_proposal,heuristic,1.0,1225.0,843.0,1271.0,875.0,0,19.0,artificial_jewellery,video_20260404_114752,9720
1,Right,person,yolo,0.6345388889312744,332.39520263671875,0.0,1827.2938232421875,1069.609619140625,5,0.0,artificial_jewellery,video_20260404_114752,9720
1,Right,small_object_proposal,heuristic,1.0,1344.0,676.0,1369.0,755.0,1,0.0,artificial_jewellery,video_20260404_114752,9720
1,Right,small_object_proposal,heuristic,1.0,1437.0,805.0,1468.0,859.0,0,6.0,artificial_jewellery,video_20260404_114752,9720
0,Left,person,yolo,0.3989419341087341,277.8922119140625,3.64068603515625,1851.5921630859375,1046.7791748046875,5,0.0,artificial_jewellery,video_20260404_114752,9750
0,Left,small_object_proposal,heuristic,1.0,1348.0,701.0,1401.0,773.0,1,0.0,artificial_jewellery,video_20260404_114752,9750
0,Left,small_object_proposal,heuristic,1.0,1269.0,767.0,1315.0,828.0,1,0.0,artificial_jewellery,video_20260404_114752,9750
0,Left,small_object_proposal,heuristic,1.0,1276.0,743.0,1318.0,770.0,0,1.0,artificial_jewellery,video_20260404_114752,9750
1,Left,person,yolo,0.3989419341087341,277.8922119140625,3.64068603515625,1851.5921630859375,1046.7791748046875,5,0.0,artificial_jewellery,video_20260404_114752,9750
1,Left,small_object_proposal,heuristic,1.0,1130.0,826.0,1155.0,904.0,0,19.1049731745428,artificial_jewellery,video_20260404_114752,9750
0,Left,person,yolo,0.4855342209339142,349.80377197265625,2.501312255859375,1859.7821044921875,1071.81005859375,5,0.0,artificial_jewellery,video_20260404_114752,9780
0,Left,small_object_proposal,heuristic,1.0,1089.0,869.0,1132.0,891.0,0,22.0,artificial_jewellery,video_20260404_114752,9780
0,Left,small_object_proposal,heuristic,1.0,1139.0,880.0,1169.0,905.0,0,3.0,artificial_jewellery,video_20260404_114752,9780
0,Left,person,yolo,0.4538822472095489,356.37432861328125,1.20428466796875,1827.302490234375,1059.5478515625,5,0.0,artificial_jewellery,video_20260404_114752,9870
0,Left,small_object_proposal,heuristic,1.0,1082.0,799.0,1144.0,838.0,0,21.095023109728988,artificial_jewellery,video_20260404_114752,9870
0,Left,small_object_proposal,heuristic,1.0,1212.0,809.0,1242.0,844.0,1,0.0,artificial_jewellery,video_20260404_114752,9870
1,Left,person,yolo,0.4538822472095489,356.37432861328125,1.20428466796875,1827.302490234375,1059.5478515625,5,0.0,artificial_jewellery,video_20260404_114752,9870
0,Left,person,yolo,0.5029067993164062,356.9285888671875,3.11553955078125,1877.0526123046875,1042.0023193359375,5,0.0,artificial_jewellery,video_20260404_114752,9900
0,Left,small_object_proposal,heuristic,1.0,1108.0,765.0,1146.0,841.0,1,0.0,artificial_jewellery,video_20260404_114752,9900
0,Left,person,yolo,0.5265015959739685,379.32275390625,3.15545654296875,1881.5855712890625,1065.4493408203125,5,0.0,artificial_jewellery,video_20260404_114752,9930
0,Left,small_object_proposal,heuristic,1.0,1203.0,813.0,1315.0,854.0,0,13.0,artificial_jewellery,video_20260404_114752,9930
0,Left,small_object_proposal,heuristic,1.0,1185.0,777.0,1261.0,822.0,1,0.0,artificial_jewellery,video_20260404_114752,9930
0,Left,small_object_proposal,heuristic,1.0,1105.0,763.0,1134.0,822.0,1,0.0,artificial_jewellery,video_20260404_114752,9930
0,Left,small_object_proposal,heuristic,1.0,1216.0,772.0,1240.0,809.0,1,0.0,artificial_jewellery,video_20260404_114752,9930
0,Left,person,yolo,0.7427255511283875,365.8225708007813,4.74114990234375,1882.59521484375,1051.124267578125,5,0.0,artificial_jewellery,video_20260404_114752,9990
0,Left,small_object_proposal,heuristic,1.0,1061.0,773.0,1115.0,854.0,1,0.0,artificial_jewellery,video_20260404_114752,9990
0,Left,small_object_proposal,heuristic,1.0,1204.0,773.0,1243.0,833.0,0,16.0,artificial_jewellery,video_20260404_114752,9990
0,Left,small_object_proposal,heuristic,1.0,1168.0,759.0,1194.0,796.0,1,0.0,artificial_jewellery,video_20260404_114752,9990
0,Left,person,yolo,0.6328240633010864,365.495361328125,0.0,1887.9298095703125,1066.9793701171875,5,0.0,artificial_jewellery,video_20260404_114752,10020
0,Left,person,yolo,0.3418217599391937,1224.706298828125,1.456329345703125,1918.4095458984375,845.3291015625,0,8.706298828125,artificial_jewellery,video_20260404_114752,10020
0,Left,small_object_proposal,heuristic,1.0,1091.0,762.0,1121.0,848.0,1,0.0,artificial_jewellery,video_20260404_114752,10020
0,Left,small_object_proposal,heuristic,1.0,1117.0,795.0,1139.0,872.0,1,0.0,artificial_jewellery,video_20260404_114752,10020
0,Left,small_object_proposal,heuristic,1.0,1195.0,759.0,1222.0,794.0,1,0.0,artificial_jewellery,video_20260404_114752,10020
0,Left,person,yolo,0.5958683490753174,352.545166015625,3.1497802734375,1885.912109375,1042.004150390625,5,0.0,artificial_jewellery,video_20260404_114752,10050
0,Left,person,yolo,0.3080869317054748,1204.353271484375,0.690216064453125,1918.778076171875,861.8580932617188,5,0.0,artificial_jewellery,video_20260404_114752,10050
0,Left,small_object_proposal,heuristic,1.0,1332.0,778.0,1359.0,885.0,0,2.0,artificial_jewellery,video_20260404_114752,10050
0,Left,small_object_proposal,heuristic,1.0,1137.0,814.0,1213.0,848.0,0,24.186773244895647,artificial_jewellery,video_20260404_114752,10050
0,Left,small_object_proposal,heuristic,1.0,1309.0,740.0,1363.0,781.0,1,0.0,artificial_jewellery,video_20260404_114752,10050
0,Left,small_object_proposal,heuristic,1.0,1234.0,777.0,1262.0,809.0,1,0.0,artificial_jewellery,video_20260404_114752,10050
0,Left,small_object_proposal,heuristic,1.0,1259.0,798.0,1287.0,826.0,0,25.0,artificial_jewellery,video_20260404_114752,10050
0,Left,small_object_proposal,heuristic,1.0,1347.0,816.0,1365.0,857.0,0,1.0,artificial_jewellery,video_20260404_114752,10050
1,Left,person,yolo,0.5958683490753174,352.545166015625,3.1497802734375,1885.912109375,1042.004150390625,5,0.0,artificial_jewellery,video_20260404_114752,10050
1,Left,person,yolo,0.3080869317054748,1204.353271484375,0.690216064453125,1918.778076171875,861.8580932617188,0,9.353271484375,artificial_jewellery,video_20260404_114752,10050
1,Left,small_object_proposal,heuristic,1.0,1068.0,787.0,1102.0,900.0,3,0.0,artificial_jewellery,video_20260404_114752,10050
1,Left,small_object_proposal,heuristic,1.0,1137.0,814.0,1213.0,848.0,1,0.0,artificial_jewellery,video_20260404_114752,10050
1,Left,small_object_proposal,heuristic,1.0,1174.0,799.0,1198.0,828.0,1,0.0,artificial_jewellery,video_20260404_114752,10050
0,Left,person,yolo,0.7676339745521545,334.82427978515625,3.95452880859375,1875.144287109375,1064.7542724609375,5,0.0,artificial_jewellery,video_20260404_114752,10110
0,Left,small_object_proposal,heuristic,1.0,1078.0,881.0,1109.0,950.0,1,0.0,artificial_jewellery,video_20260404_114752,10110
0,Left,small_object_proposal,heuristic,1.0,1203.0,781.0,1230.0,820.0,1,0.0,artificial_jewellery,video_20260404_114752,10110
0,Left,small_object_proposal,heuristic,1.0,1212.0,822.0,1234.0,851.0,0,14.0,artificial_jewellery,video_20260404_114752,10110
0,Left,person,yolo,0.6678541302680969,331.29144287109375,4.082244873046875,1867.53369140625,1043.9259033203125,5,0.0,artificial_jewellery,video_20260404_114752,10170
0,Left,person,yolo,0.3086521923542022,1233.5732421875,2.4364013671875,1918.8992919921875,869.5997314453125,3,0.0,artificial_jewellery,video_20260404_114752,10170
0,Left,small_object_proposal,heuristic,1.0,1394.0,835.0,1416.0,896.0,0,3.0,artificial_jewellery,video_20260404_114752,10170
1,Left,person,yolo,0.6678541302680969,331.29144287109375,4.082244873046875,1867.53369140625,1043.9259033203125,5,0.0,artificial_jewellery,video_20260404_114752,10170
1,Left,person,yolo,0.3086521923542022,1233.5732421875,2.4364013671875,1918.8992919921875,869.5997314453125,0,18.5732421875,artificial_jewellery,video_20260404_114752,10170
1,Left,small_object_proposal,heuristic,1.0,1112.0,810.0,1136.0,957.0,1,0.0,artificial_jewellery,video_20260404_114752,10170
0,Left,person,yolo,0.4860758781433105,333.7130432128906,3.342315673828125,1790.3975830078125,1044.0919189453125,5,0.0,artificial_jewellery,video_20260404_114752,10230
0,Left,person,yolo,0.2728858888149261,338.0030822753906,6.291961669921875,1067.5142822265625,1038.109130859375,0,13.4857177734375,artificial_jewellery,video_20260404_114752,10230
0,Left,person,yolo,0.6571182012557983,345.799072265625,4.3271484375,1905.8175048828125,1078.0323486328125,5,0.0,artificial_jewellery,video_20260404_114752,10260
0,Left,person,yolo,0.4205195009708404,60.90399169921875,1.917388916015625,1906.770263671875,1041.1790771484375,5,0.0,artificial_jewellery,video_20260404_114752,10380
0,Left,person,yolo,0.3997117280960083,3.46875,4.840576171875,1045.7637939453125,982.6646118164062,5,0.0,artificial_jewellery,video_20260404_114752,10380
0,Left,small_object_proposal,heuristic,1.0,992.0,623.0,1053.0,682.0,1,0.0,artificial_jewellery,video_20260404_114752,10380
0,Left,small_object_proposal,heuristic,1.0,915.0,658.0,959.0,717.0,2,0.0,artificial_jewellery,video_20260404_114752,10380
0,Left,small_object_proposal,heuristic,1.0,1000.0,649.0,1027.0,686.0,0,1.0,artificial_jewellery,video_20260404_114752,10380
1,Right,person,yolo,0.4205195009708404,60.90399169921875,1.917388916015625,1906.770263671875,1041.1790771484375,5,0.0,artificial_jewellery,video_20260404_114752,10380
1,Right,small_object_proposal,heuristic,1.0,1190.0,830.0,1207.0,864.0,0,20.0,artificial_jewellery,video_20260404_114752,10380
0,Left,person,yolo,0.6253644227981567,347.54351806640625,2.48876953125,1886.5006103515625,1074.3883056640625,5,0.0,artificial_jewellery,video_20260404_114752,10410
0,Left,small_object_proposal,heuristic,1.0,1103.0,745.0,1125.0,781.0,1,0.0,artificial_jewellery,video_20260404_114752,10410
0,Left,person,yolo,0.6562313437461853,362.4343872070313,2.955047607421875,1842.7525634765625,1056.431640625,5,0.0,artificial_jewellery,video_20260404_114752,10440
1,Right,person,yolo,0.6562313437461853,362.4343872070313,2.955047607421875,1842.7525634765625,1056.431640625,5,0.0,artificial_jewellery,video_20260404_114752,10440
1,Right,small_object_proposal,heuristic,1.0,1261.0,742.0,1312.0,797.0,1,0.0,artificial_jewellery,video_20260404_114752,10440
1,Right,small_object_proposal,heuristic,1.0,1267.0,830.0,1296.0,891.0,2,0.0,artificial_jewellery,video_20260404_114752,10440
1,Right,small_object_proposal,heuristic,1.0,1273.0,787.0,1288.0,843.0,1,0.0,artificial_jewellery,video_20260404_114752,10440
1,Right,small_object_proposal,heuristic,1.0,1180.0,765.0,1204.0,790.0,0,7.280109889280518,artificial_jewellery,video_20260404_114752,10440
0,Left,person,yolo,0.6489988565444946,356.57666015625,4.0740966796875,1805.1925048828125,1046.8323974609375,5,0.0,artificial_jewellery,video_20260404_114752,10470
0,Left,small_object_proposal,heuristic,1.0,1033.0,751.0,1069.0,847.0,1,0.0,artificial_jewellery,video_20260404_114752,10470
0,Left,small_object_proposal,heuristic,1.0,1132.0,747.0,1157.0,776.0,0,4.0,artificial_jewellery,video_20260404_114752,10470
0,Left,person,yolo,0.611672043800354,320.70428466796875,2.6839599609375,1857.826904296875,1059.5716552734375,5,0.0,artificial_jewellery,video_20260404_114752,10500
0,Left,person,yolo,0.319790244102478,1165.123779296875,5.236083984375,1919.1888427734375,843.5989990234375,0,17.123779296875,artificial_jewellery,video_20260404_114752,10500
0,Left,small_object_proposal,heuristic,1.0,1146.0,699.0,1162.0,741.0,1,0.0,artificial_jewellery,video_20260404_114752,10500
1,Right,person,yolo,0.611672043800354,320.70428466796875,2.6839599609375,1857.826904296875,1059.5716552734375,5,0.0,artificial_jewellery,video_20260404_114752,10500
1,Right,person,yolo,0.319790244102478,1165.123779296875,5.236083984375,1919.1888427734375,843.5989990234375,2,0.0,artificial_jewellery,video_20260404_114752,10500
1,Right,small_object_proposal,heuristic,1.0,1301.0,748.0,1336.0,814.0,0,8.0,artificial_jewellery,video_20260404_114752,10500
1,Right,small_object_proposal,heuristic,1.0,1308.0,780.0,1331.0,846.0,1,0.0,artificial_jewellery,video_20260404_114752,10500
1,Right,small_object_proposal,heuristic,1.0,1201.0,775.0,1235.0,801.0,1,0.0,artificial_jewellery,video_20260404_114752,10500
0,Left,person,yolo,0.6422958970069885,322.48077392578125,0.130279541015625,1832.1075439453125,1074.0875244140625,5,0.0,artificial_jewellery,video_20260404_114752,10530
0,Left,small_object_proposal,heuristic,1.0,1070.0,742.0,1108.0,835.0,2,0.0,artificial_jewellery,video_20260404_114752,10530
0,Left,small_object_proposal,heuristic,1.0,1147.0,726.0,1197.0,791.0,1,0.0,artificial_jewellery,video_20260404_114752,10530
0,Left,small_object_proposal,heuristic,1.0,1177.0,736.0,1204.0,777.0,0,8.48528137423857,artificial_jewellery,video_20260404_114752,10530
1,Left,person,yolo,0.6422958970069885,322.48077392578125,0.130279541015625,1832.1075439453125,1074.0875244140625,5,0.0,artificial_jewellery,video_20260404_114752,10530
1,Left,small_object_proposal,heuristic,1.0,1147.0,726.0,1197.0,791.0,1,0.0,artificial_jewellery,video_20260404_114752,10530
1,Left,small_object_proposal,heuristic,1.0,1177.0,736.0,1204.0,777.0,1,0.0,artificial_jewellery,video_20260404_114752,10530
1,Left,small_object_proposal,heuristic,1.0,1317.0,807.0,1334.0,852.0,0,10.0,artificial_jewellery,video_20260404_114752,10530
1,Left,small_object_proposal,heuristic,1.0,1301.0,914.0,1332.0,932.0,0,22.20360331117452,artificial_jewellery,video_20260404_114752,10530
0,Left,person,yolo,0.6156338453292847,306.17230224609375,4.050933837890625,1790.5731201171875,1039.2559814453125,5,0.0,artificial_jewellery,video_20260404_114752,10560
0,Left,small_object_proposal,heuristic,1.0,1056.0,770.0,1096.0,883.0,3,0.0,artificial_jewellery,video_20260404_114752,10560
0,Left,small_object_proposal,heuristic,1.0,1142.0,746.0,1158.0,778.0,1,0.0,artificial_jewellery,video_20260404_114752,10560
0,Left,person,yolo,0.5170638561248779,291.6939697265625,4.354156494140625,1707.7122802734375,998.9443359375,5,0.0,artificial_jewellery,video_20260404_114752,10590
0,Left,person,yolo,0.3262247741222381,1113.0380859375,4.9207763671875,1919.02294921875,890.6819458007812,2,0.0,artificial_jewellery,video_20260404_114752,10590
0,Left,small_object_proposal,heuristic,1.0,1070.0,764.0,1108.0,831.0,1,0.0,artificial_jewellery,video_20260404_114752,10590
0,Left,small_object_proposal,heuristic,1.0,1189.0,740.0,1214.0,767.0,0,21.0,artificial_jewellery,video_20260404_114752,10590
0,Left,small_object_proposal,heuristic,1.0,1170.0,704.0,1186.0,734.0,0,13.152946437965905,artificial_jewellery,video_20260404_114752,10590
1,Right,person,yolo,0.5170638561248779,291.6939697265625,4.354156494140625,1707.7122802734375,998.9443359375,5,0.0,artificial_jewellery,video_20260404_114752,10590
1,Right,person,yolo,0.3262247741222381,1113.0380859375,4.9207763671875,1919.02294921875,890.6819458007812,5,0.0,artificial_jewellery,video_20260404_114752,10590
1,Right,small_object_proposal,heuristic,1.0,1191.0,837.0,1229.0,884.0,0,21.0,artificial_jewellery,video_20260404_114752,10590
1,Right,small_object_proposal,heuristic,1.0,1189.0,740.0,1214.0,767.0,0,6.0,artificial_jewellery,video_20260404_114752,10590
1,Right,small_object_proposal,heuristic,1.0,1170.0,704.0,1186.0,734.0,0,9.0,artificial_jewellery,video_20260404_114752,10590
0,Left,person,yolo,0.559821605682373,268.8544921875,2.517608642578125,1710.9686279296875,1065.7052001953125,5,0.0,artificial_jewellery,video_20260404_114752,10620
0,Left,person,yolo,0.299761414527893,1176.851806640625,4.072265625,1919.378173828125,908.1763916015624,0,9.851806640625,artificial_jewellery,video_20260404_114752,10620
0,Left,small_object_proposal,heuristic,1.0,1078.0,777.0,1098.0,856.0,1,0.0,artificial_jewellery,video_20260404_114752,10620
1,Right,person,yolo,0.559821605682373,268.8544921875,2.517608642578125,1710.9686279296875,1065.7052001953125,5,0.0,artificial_jewellery,video_20260404_114752,10620
1,Right,person,yolo,0.299761414527893,1176.851806640625,4.072265625,1919.378173828125,908.1763916015624,5,0.0,artificial_jewellery,video_20260404_114752,10620
1,Right,small_object_proposal,heuristic,1.0,1166.0,795.0,1262.0,824.0,0,9.0,artificial_jewellery,video_20260404_114752,10620
1,Right,small_object_proposal,heuristic,1.0,1166.0,786.0,1236.0,809.0,1,0.0,artificial_jewellery,video_20260404_114752,10620
0,Left,person,yolo,0.502710223197937,285.9093017578125,2.373138427734375,1738.61181640625,1049.0284423828125,5,0.0,artificial_jewellery,video_20260404_114752,10650
1,Right,person,yolo,0.502710223197937,285.9093017578125,2.373138427734375,1738.61181640625,1049.0284423828125,5,0.0,artificial_jewellery,video_20260404_114752,10650
1,Right,person,yolo,0.2575606107711792,1305.790771484375,2.64862060546875,1918.703369140625,920.4182739257812,3,0.0,artificial_jewellery,video_20260404_114752,10650
1,Right,small_object_proposal,heuristic,1.0,1364.0,924.0,1448.0,983.0,2,0.0,artificial_jewellery,video_20260404_114752,10650
1,Right,small_object_proposal,heuristic,1.0,1326.0,943.0,1384.0,989.0,1,0.0,artificial_jewellery,video_20260404_114752,10650
1,Right,small_object_proposal,heuristic,1.0,1327.0,851.0,1359.0,883.0,2,0.0,artificial_jewellery,video_20260404_114752,10650
1,Right,small_object_proposal,heuristic,1.0,1381.0,902.0,1398.0,929.0,0,17.204650534085253,artificial_jewellery,video_20260404_114752,10650
0,Right,person,yolo,0.3207189440727234,918.7124633789062,1.155120849609375,1915.4644775390625,962.69384765625,5,0.0,artificial_jewellery,video_20260404_114752,10740
0,Right,small_object_proposal,heuristic,1.0,1335.0,954.0,1429.0,993.0,0,4.0,artificial_jewellery,video_20260404_114752,10740
0,Right,small_object_proposal,heuristic,1.0,1371.0,776.0,1406.0,864.0,0,2.0,artificial_jewellery,video_20260404_114752,10740
0,Right,small_object_proposal,heuristic,1.0,1430.0,862.0,1446.0,921.0,0,11.40175425099138,artificial_jewellery,video_20260404_114752,10740
0,Right,small_object_proposal,heuristic,1.0,1395.0,880.0,1430.0,896.0,0,16.0,artificial_jewellery,video_20260404_114752,10740
1,Left,person,yolo,0.5133455395698547,300.223388671875,3.838623046875,1272.7518310546875,1055.633056640625,5,0.0,artificial_jewellery,video_20260404_114752,10740
1,Left,person,yolo,0.3207189440727234,918.7124633789062,1.155120849609375,1915.4644775390625,962.69384765625,5,0.0,artificial_jewellery,video_20260404_114752,10740
1,Left,small_object_proposal,heuristic,1.0,1120.0,830.0,1181.0,906.0,0,5.0,artificial_jewellery,video_20260404_114752,10740
1,Left,small_object_proposal,heuristic,1.0,1230.0,826.0,1258.0,863.0,1,0.0,artificial_jewellery,video_20260404_114752,10740
0,Left,person,yolo,0.3950630724430084,268.6348571777344,0.0,1499.2423095703125,1050.091064453125,5,0.0,artificial_jewellery,video_20260404_114752,10770
0,Left,person,yolo,0.2967793643474579,1129.778076171875,6.0325927734375,1910.3662109375,957.1522216796876,3,0.0,artificial_jewellery,video_20260404_114752,10770
0,Left,small_object_proposal,heuristic,1.0,1217.0,771.0,1256.0,841.0,1,0.0,artificial_jewellery,video_20260404_114752,10770
0,Left,small_object_proposal,heuristic,1.0,1115.0,800.0,1135.0,881.0,1,0.0,artificial_jewellery,video_20260404_114752,10770
0,Left,small_object_proposal,heuristic,1.0,1254.0,813.0,1279.0,844.0,0,18.867962264113206,artificial_jewellery,video_20260404_114752,10770
0,Right,person,yolo,0.6076958775520325,302.2237243652344,0.0,1532.3389892578125,1060.1229248046875,5,0.0,artificial_jewellery,video_20260404_114752,10800
0,Right,small_object_proposal,heuristic,1.0,1183.0,804.0,1265.0,863.0,1,0.0,artificial_jewellery,video_20260404_114752,10800
0,Right,small_object_proposal,heuristic,1.0,1338.0,842.0,1356.0,899.0,0,20.518284528683193,artificial_jewellery,video_20260404_114752,10800
1,Left,person,yolo,0.6076958775520325,302.2237243652344,0.0,1532.3389892578125,1060.1229248046875,5,0.0,artificial_jewellery,video_20260404_114752,10800
1,Left,small_object_proposal,heuristic,1.0,1183.0,804.0,1265.0,863.0,1,0.0,artificial_jewellery,video_20260404_114752,10800
1,Left,small_object_proposal,heuristic,1.0,1202.0,854.0,1273.0,904.0,0,23.345235059857504,artificial_jewellery,video_20260404_114752,10800
1,Left,small_object_proposal,heuristic,1.0,1070.0,815.0,1101.0,891.0,2,0.0,artificial_jewellery,video_20260404_114752,10800
0,Right,person,yolo,0.6468994617462158,349.7186584472656,2.388427734375,1821.3446044921875,1052.6383056640625,5,0.0,artificial_jewellery,video_20260404_114752,10830
0,Right,person,yolo,0.2514275908470154,1176.741455078125,4.186981201171875,1918.0565185546875,914.7462158203124,5,0.0,artificial_jewellery,video_20260404_114752,10830
0,Right,small_object_proposal,heuristic,1.0,1320.0,780.0,1341.0,887.0,0,4.0,artificial_jewellery,video_20260404_114752,10830
0,Right,small_object_proposal,heuristic,1.0,1307.0,767.0,1355.0,809.0,0,3.0,artificial_jewellery,video_20260404_114752,10830
1,Left,person,yolo,0.6468994617462158,349.7186584472656,2.388427734375,1821.3446044921875,1052.6383056640625,5,0.0,artificial_jewellery,video_20260404_114752,10830
1,Left,person,yolo,0.2514275908470154,1176.741455078125,4.186981201171875,1918.0565185546875,914.7462158203124,1,0.0,artificial_jewellery,video_20260404_114752,10830
1,Left,small_object_proposal,heuristic,1.0,1074.0,823.0,1110.0,921.0,1,0.0,artificial_jewellery,video_20260404_114752,10830
1,Left,small_object_proposal,heuristic,1.0,1184.0,811.0,1210.0,847.0,1,0.0,artificial_jewellery,video_20260404_114752,10830
0,Right,person,yolo,0.435716837644577,315.47076416015625,0.0,1295.783935546875,1060.5234375,1,0.0,artificial_jewellery,video_20260404_114752,10860
0,Right,person,yolo,0.360624760389328,888.3942260742188,1.357635498046875,1913.7623291015625,900.6718139648438,4,0.0,artificial_jewellery,video_20260404_114752,10860
0,Right,small_object_proposal,heuristic,1.0,1306.0,792.0,1326.0,890.0,0,3.0,artificial_jewellery,video_20260404_114752,10860
0,Right,small_object_proposal,heuristic,1.0,1306.0,762.0,1345.0,805.0,1,0.0,artificial_jewellery,video_20260404_114752,10860
0,Right,small_object_proposal,heuristic,1.0,1225.0,767.0,1264.0,796.0,1,0.0,artificial_jewellery,video_20260404_114752,10860
0,Right,person,yolo,0.4992232620716095,314.67755126953125,0.39056396484375,1336.7821044921875,1069.211181640625,5,0.0,artificial_jewellery,video_20260404_114752,10890
0,Right,person,yolo,0.3393680453300476,734.5391235351562,6.50079345703125,1908.54345703125,885.4900512695312,3,0.0,artificial_jewellery,video_20260404_114752,10890
0,Right,small_object_proposal,heuristic,1.0,1285.0,849.0,1322.0,956.0,1,0.0,artificial_jewellery,video_20260404_114752,10890
0,Right,small_object_proposal,heuristic,1.0,1283.0,822.0,1307.0,918.0,0,4.0,artificial_jewellery,video_20260404_114752,10890
0,Right,small_object_proposal,heuristic,1.0,1290.0,770.0,1323.0,814.0,0,22.20360331117452,artificial_jewellery,video_20260404_114752,10890
0,Right,small_object_proposal,heuristic,1.0,1211.0,781.0,1248.0,808.0,1,0.0,artificial_jewellery,video_20260404_114752,10890
0,Right,small_object_proposal,heuristic,1.0,1194.0,810.0,1231.0,835.0,0,8.0,artificial_jewellery,video_20260404_114752,10890
0,Left,person,yolo,0.5112813115119934,325.23211669921875,3.311004638671875,1825.2093505859375,1048.7310791015625,5,0.0,artificial_jewellery,video_20260404_114752,10920
0,Left,person,yolo,0.2809191644191742,1170.1932373046875,6.340301513671875,1918.661865234375,895.9725952148438,0,8.1932373046875,artificial_jewellery,video_20260404_114752,10920
0,Left,small_object_proposal,heuristic,1.0,1062.0,793.0,1087.0,897.0,0,23.0,artificial_jewellery,video_20260404_114752,10920
0,Left,small_object_proposal,heuristic,1.0,1153.0,782.0,1178.0,817.0,1,0.0,artificial_jewellery,video_20260404_114752,10920
0,Left,small_object_proposal,heuristic,1.0,1079.0,843.0,1096.0,884.0,0,16.0,artificial_jewellery,video_20260404_114752,10920
0,Left,person,yolo,0.6403835415840149,353.9915771484375,3.657989501953125,1836.7698974609375,1052.1533203125,5,0.0,artificial_jewellery,video_20260404_114752,10950
0,Right,person,yolo,0.5445683002471924,12.62530517578125,9.53594970703125,1847.5496826171875,1065.37646484375,5,0.0,artificial_jewellery,video_20260404_114752,10980
0,Right,person,yolo,0.2766112983226776,1110.3416748046875,1.926177978515625,1918.1024169921875,1046.1334228515625,5,0.0,artificial_jewellery,video_20260404_114752,10980
0,Right,small_object_proposal,heuristic,1.0,1605.0,901.0,1644.0,913.0,1,0.0,artificial_jewellery,video_20260404_114752,10980
0,Right,person,yolo,0.2505620419979095,740.265380859375,4.166473388671875,1855.4429931640625,1060.99951171875,5,0.0,artificial_jewellery,video_20260404_114752,11010
0,Right,small_object_proposal,heuristic,1.0,1717.0,753.0,1737.0,797.0,0,19.72308292331602,artificial_jewellery,video_20260404_114752,11010
0,Right,small_object_proposal,heuristic,1.0,1670.0,760.0,1706.0,782.0,1,0.0,artificial_jewellery,video_20260404_114752,11010
0,Right,person,yolo,0.3547805249691009,3.3292236328125,15.791656494140623,1862.147216796875,1044.1214599609375,5,0.0,artificial_jewellery,video_20260404_114752,11040
0,Right,small_object_proposal,heuristic,1.0,1606.0,663.0,1649.0,742.0,0,14.7648230602334,artificial_jewellery,video_20260404_114752,11040
0,Right,small_object_proposal,heuristic,1.0,1627.0,754.0,1659.0,823.0,1,0.0,artificial_jewellery,video_20260404_114752,11040
0,Right,person,yolo,0.371652215719223,24.1805419921875,0.0,1906.2059326171875,1050.81884765625,5,0.0,artificial_jewellery,video_20260404_114752,11070
0,Right,small_object_proposal,heuristic,1.0,1475.0,643.0,1516.0,702.0,0,9.219544457292887,artificial_jewellery,video_20260404_114752,11070
0,Right,small_object_proposal,heuristic,1.0,1427.0,726.0,1474.0,742.0,1,0.0,artificial_jewellery,video_20260404_114752,11070
1,Left,person,yolo,0.6419456601142883,1.87005615234375,4.5384521484375,888.5390625,1062.3699951171875,5,0.0,artificial_jewellery,video_20260404_114752,11070
1,Left,person,yolo,0.371652215719223,24.1805419921875,0.0,1906.2059326171875,1050.81884765625,5,0.0,artificial_jewellery,video_20260404_114752,11070
0,Right,person,yolo,0.5385853052139282,160.10101318359375,2.43438720703125,1895.8092041015625,1080.0,5,0.0,artificial_jewellery,video_20260404_114752,11100
0,Right,small_object_proposal,heuristic,1.0,1425.0,517.0,1459.0,616.0,1,0.0,artificial_jewellery,video_20260404_114752,11100
0,Right,small_object_proposal,heuristic,1.0,1458.0,668.0,1490.0,705.0,2,0.0,artificial_jewellery,video_20260404_114752,11100
0,Right,small_object_proposal,heuristic,1.0,1371.0,599.0,1418.0,618.0,1,0.0,artificial_jewellery,video_20260404_114752,11100
0,Right,person,yolo,0.3576632440090179,1442.90966796875,4.998779296875,1918.504150390625,782.2584228515625,3,0.0,artificial_jewellery,video_20260404_114752,11130
0,Right,person,yolo,0.2748405039310455,4.2103271484375,6.12982177734375,1854.98046875,1056.042236328125,5,0.0,artificial_jewellery,video_20260404_114752,11130
0,Right,small_object_proposal,heuristic,1.0,1535.0,630.0,1570.0,694.0,0,24.0,artificial_jewellery,video_20260404_114752,11130
0,Right,small_object_proposal,heuristic,1.0,1547.0,786.0,1592.0,811.0,1,0.0,artificial_jewellery,video_20260404_114752,11130
0,Right,small_object_proposal,heuristic,1.0,1567.0,737.0,1583.0,784.0,0,3.0,artificial_jewellery,video_20260404_114752,11130
0,Right,person,yolo,0.3321740329265594,1396.654541015625,4.52490234375,1918.843505859375,747.11279296875,3,0.0,artificial_jewellery,video_20260404_114752,11160
0,Right,small_object_proposal,heuristic,1.0,1457.0,769.0,1542.0,796.0,1,0.0,artificial_jewellery,video_20260404_114752,11160
0,Right,person,yolo,0.4876570403575897,6.366943359375,10.8336181640625,1773.38232421875,1015.812744140625,5,0.0,artificial_jewellery,video_20260404_114752,11190
0,Right,small_object_proposal,heuristic,1.0,1599.0,732.0,1652.0,807.0,3,0.0,artificial_jewellery,video_20260404_114752,11190
0,Right,person,yolo,0.4137721955776214,1476.6827392578125,1.749664306640625,1918.8267822265625,779.0274047851562,5,0.0,artificial_jewellery,video_20260404_114752,11220
0,Right,person,yolo,0.3927602171897888,36.690673828125,12.0933837890625,1764.238037109375,1017.510498046875,5,0.0,artificial_jewellery,video_20260404_114752,11220
0,Right,small_object_proposal,heuristic,1.0,1568.0,594.0,1620.0,684.0,1,0.0,artificial_jewellery,video_20260404_114752,11220
0,Right,small_object_proposal,heuristic,1.0,1580.0,737.0,1636.0,777.0,2,0.0,artificial_jewellery,video_20260404_114752,11220
0,Right,small_object_proposal,heuristic,1.0,1602.0,693.0,1619.0,748.0,1,0.0,artificial_jewellery,video_20260404_114752,11220
0,Right,small_object_proposal,heuristic,1.0,1522.0,676.0,1565.0,694.0,0,2.0,artificial_jewellery,video_20260404_114752,11220
0,Right,person,yolo,0.510383665561676,1.11932373046875,2.070281982421875,1739.9796142578125,1058.53173828125,5,0.0,artificial_jewellery,video_20260404_114752,11250
0,Right,person,yolo,0.4781890213489532,1401.8477783203125,3.79888916015625,1918.8563232421875,739.704345703125,4,0.0,artificial_jewellery,video_20260404_114752,11250
0,Right,small_object_proposal,heuristic,1.0,1488.0,589.0,1540.0,626.0,0,19.0,artificial_jewellery,video_20260404_114752,11250
0,Right,small_object_proposal,heuristic,1.0,1518.0,695.0,1538.0,757.0,2,0.0,artificial_jewellery,video_20260404_114752,11250
0,Right,person,yolo,0.3067657351493835,9.10015869140625,1.039031982421875,1826.3441162109375,994.7955932617188,5,0.0,artificial_jewellery,video_20260404_114752,11280
0,Right,small_object_proposal,heuristic,1.0,1436.0,694.0,1475.0,726.0,1,0.0,artificial_jewellery,video_20260404_114752,11280
0,Right,person,yolo,0.3639281988143921,1271.8729248046875,3.871742248535156,1919.5513916015625,732.732421875,4,0.0,artificial_jewellery,video_20260404_114752,11310
0,Right,person,yolo,0.3236360549926758,233.7279052734375,3.75,1893.777099609375,971.4827270507812,5,0.0,artificial_jewellery,video_20260404_114752,11310
0,Right,small_object_proposal,heuristic,1.0,1322.0,749.0,1412.0,773.0,0,13.0,artificial_jewellery,video_20260404_114752,11310
0,Right,small_object_proposal,heuristic,1.0,1317.0,666.0,1366.0,699.0,0,4.0,artificial_jewellery,video_20260404_114752,11310
1,Left,person,yolo,0.4156610667705536,2.1390380859375,5.1156005859375,1038.984130859375,961.1173095703124,5,0.0,artificial_jewellery,video_20260404_114752,11310
1,Left,person,yolo,0.3236360549926758,233.7279052734375,3.75,1893.777099609375,971.4827270507812,5,0.0,artificial_jewellery,video_20260404_114752,11310
1,Left,small_object_proposal,heuristic,1.0,858.0,826.0,964.0,856.0,0,12.727922061357855,artificial_jewellery,video_20260404_114752,11310
0,Left,person,yolo,0.4953891038894653,324.96441650390625,0.8609619140625,1806.1739501953125,1013.9122924804688,5,0.0,artificial_jewellery,video_20260404_114752,11340
0,Left,person,yolo,0.3646993935108185,0.68133544921875,3.62164306640625,836.11328125,1014.6527709960938,4,0.0,artificial_jewellery,video_20260404_114752,11340
0,Left,small_object_proposal,heuristic,1.0,848.0,916.0,872.0,933.0,0,18.0,artificial_jewellery,video_20260404_114752,11340
1,Right,person,yolo,0.4953891038894653,324.96441650390625,0.8609619140625,1806.1739501953125,1013.9122924804688,5,0.0,artificial_jewellery,video_20260404_114752,11340
1,Right,small_object_proposal,heuristic,1.0,1325.0,710.0,1377.0,736.0,1,0.0,artificial_jewellery,video_20260404_114752,11340
1,Right,small_object_proposal,heuristic,1.0,1418.0,746.0,1438.0,774.0,1,0.0,artificial_jewellery,video_20260404_114752,11340
1,Right,small_object_proposal,heuristic,1.0,1419.0,726.0,1435.0,753.0,0,2.0,artificial_jewellery,video_20260404_114752,11340
0,Right,person,yolo,0.4272915422916412,204.8778076171875,3.132476806640625,1762.0594482421875,991.0166015625,5,0.0,artificial_jewellery,video_20260404_114752,11370
0,Right,small_object_proposal,heuristic,1.0,1408.0,626.0,1458.0,661.0,0,17.0,artificial_jewellery,video_20260404_114752,11370
0,Right,small_object_proposal,heuristic,1.0,1354.0,704.0,1386.0,724.0,1,0.0,artificial_jewellery,video_20260404_114752,11370
1,Left,person,yolo,0.6472505331039429,1.38922119140625,3.79229736328125,868.9297485351562,1022.0358276367188,5,0.0,artificial_jewellery,video_20260404_114752,11370
1,Left,person,yolo,0.4272915422916412,204.8778076171875,3.132476806640625,1762.0594482421875,991.0166015625,5,0.0,artificial_jewellery,video_20260404_114752,11370
1,Left,small_object_proposal,heuristic,1.0,753.0,895.0,819.0,955.0,3,0.0,artificial_jewellery,video_20260404_114752,11370
1,Left,small_object_proposal,heuristic,1.0,856.0,916.0,878.0,948.0,0,3.605551275463989,artificial_jewellery,video_20260404_114752,11370
0,Left,person,yolo,0.3927377462387085,239.3961181640625,2.1529541015625,1671.462158203125,983.7035522460938,5,0.0,artificial_jewellery,video_20260404_114752,11400
0,Left,person,yolo,0.3790109753608703,14.45050048828125,4.2835693359375,789.2671508789062,819.3491821289062,5,0.0,artificial_jewellery,video_20260404_114752,11400
0,Left,small_object_proposal,heuristic,1.0,650.0,592.0,699.0,630.0,1,0.0,artificial_jewellery,video_20260404_114752,11400
1,Right,person,yolo,0.3927377462387085,239.3961181640625,2.1529541015625,1671.462158203125,983.7035522460938,5,0.0,artificial_jewellery,video_20260404_114752,11400
0,Left,person,yolo,0.3551025092601776,443.1013488769531,5.35235595703125,1483.880126953125,917.9429321289062,5,0.0,artificial_jewellery,video_20260404_114752,11430
0,Left,person,yolo,0.303218811750412,0.65789794921875,5.3931427001953125,754.9895629882812,473.0790710449219,5,0.0,artificial_jewellery,video_20260404_114752,11430
0,Left,small_object_proposal,heuristic,1.0,609.0,368.0,648.0,430.0,1,0.0,artificial_jewellery,video_20260404_114752,11430
0,Left,small_object_proposal,heuristic,1.0,709.0,323.0,741.0,389.0,1,0.0,artificial_jewellery,video_20260404_114752,11430
0,Left,small_object_proposal,heuristic,1.0,748.0,325.0,784.0,379.0,0,24.0,artificial_jewellery,video_20260404_114752,11430
0,Left,person,yolo,0.4433643519878387,424.9956970214844,3.5624542236328125,1404.8043212890625,627.6056518554688,5,0.0,artificial_jewellery,video_20260404_114752,11460
0,Left,person,yolo,0.4343966543674469,229.62982177734375,1.223876953125,1899.8138427734375,999.0571899414062,5,0.0,artificial_jewellery,video_20260404_114752,11460
0,Left,person,yolo,0.3173761069774627,1.048553466796875,3.9230804443359375,780.9307861328125,437.9146728515625,5,0.0,artificial_jewellery,video_20260404_114752,11460
1,Right,person,yolo,0.4343966543674469,229.62982177734375,1.223876953125,1899.8138427734375,999.0571899414062,5,0.0,artificial_jewellery,video_20260404_114752,11460
1,Right,small_object_proposal,heuristic,1.0,1712.0,598.0,1775.0,640.0,1,0.0,artificial_jewellery,video_20260404_114752,11460
1,Right,small_object_proposal,heuristic,1.0,1794.0,686.0,1826.0,742.0,0,18.0,artificial_jewellery,video_20260404_114752,11460
1,Right,small_object_proposal,heuristic,1.0,1720.0,629.0,1759.0,664.0,1,0.0,artificial_jewellery,video_20260404_114752,11460
0,Left,person,yolo,0.3110952973365783,402.185302734375,4.14788818359375,1393.79736328125,1004.0828247070312,5,0.0,artificial_jewellery,video_20260404_114752,11490
0,Left,person,yolo,0.3086755573749542,1.329620361328125,4.4295501708984375,674.215087890625,448.50787353515625,5,0.0,artificial_jewellery,video_20260404_114752,11490
0,Left,small_object_proposal,heuristic,1.0,672.0,361.0,708.0,407.0,1,0.0,artificial_jewellery,video_20260404_114752,11490
0,Left,small_object_proposal,heuristic,1.0,521.0,408.0,565.0,427.0,0,2.0,artificial_jewellery,video_20260404_114752,11490
0,Left,person,yolo,0.4936307668685913,437.14508056640625,4.245025634765625,1839.598388671875,716.3319091796875,4,0.0,artificial_jewellery,video_20260404_114752,11550
0,Left,small_object_proposal,heuristic,1.0,1017.0,736.0,1056.0,760.0,0,13.0,artificial_jewellery,video_20260404_114752,11550
0,Left,person,yolo,0.366079568862915,401.8064575195313,2.3653564453125,1873.59521484375,881.515869140625,5,0.0,artificial_jewellery,video_20260404_114752,11580
0,Left,small_object_proposal,heuristic,1.0,1076.0,745.0,1126.0,815.0,2,0.0,artificial_jewellery,video_20260404_114752,11580
0,Left,person,yolo,0.6338933706283569,215.00588989257812,4.591094970703125,899.1718139648438,994.580810546875,5,0.0,artificial_jewellery,video_20260404_114752,11610
0,Left,person,yolo,0.2638686299324035,757.283203125,1.697845458984375,1896.3670654296875,1042.75634765625,3,0.0,artificial_jewellery,video_20260404_114752,11610
0,Left,person,yolo,0.3297304511070251,819.810791015625,4.3556671142578125,1916.323974609375,587.1597290039062,5,0.0,artificial_jewellery,video_20260404_114752,11670
0,Left,small_object_proposal,heuristic,1.0,1086.0,320.0,1189.0,362.0,1,0.0,artificial_jewellery,video_20260404_114752,11670
0,Left,person,yolo,0.4013811647891998,398.98297119140625,2.53125,1777.1729736328125,955.6598510742188,5,0.0,artificial_jewellery,video_20260404_114752,11700
0,Left,small_object_proposal,heuristic,1.0,1078.0,658.0,1126.0,689.0,0,12.206555615733702,artificial_jewellery,video_20260404_114752,11700
1,Right,person,yolo,0.4013811647891998,398.98297119140625,2.53125,1777.1729736328125,955.6598510742188,5,0.0,artificial_jewellery,video_20260404_114752,11700
1,Right,small_object_proposal,heuristic,1.0,1373.0,451.0,1426.0,506.0,0,14.0,artificial_jewellery,video_20260404_114752,11700
1,Right,small_object_proposal,heuristic,1.0,1376.0,542.0,1415.0,582.0,1,0.0,artificial_jewellery,video_20260404_114752,11700
1,Right,small_object_proposal,heuristic,1.0,1482.0,550.0,1512.0,587.0,0,3.0,artificial_jewellery,video_20260404_114752,11700
0,Left,person,yolo,0.3805784881114959,396.100341796875,2.8128662109375,1807.1693115234375,889.1431274414062,5,0.0,artificial_jewellery,video_20260404_114752,11730
0,Left,small_object_proposal,heuristic,1.0,1020.0,712.0,1109.0,761.0,2,0.0,artificial_jewellery,video_20260404_114752,11730
0,Left,small_object_proposal,heuristic,1.0,994.0,667.0,1034.0,730.0,0,16.401219466856727,artificial_jewellery,video_20260404_114752,11730
1,Right,person,yolo,0.3805784881114959,396.100341796875,2.8128662109375,1807.1693115234375,889.1431274414062,5,0.0,artificial_jewellery,video_20260404_114752,11730
1,Right,sandwich,yolo,0.2794411480426788,1041.9158935546875,359.6798400878906,1367.4158935546875,591.3322143554688,1,0.0,artificial_jewellery,video_20260404_114752,11730
1,Right,small_object_proposal,heuristic,1.0,1317.0,542.0,1378.0,567.0,0,21.0,artificial_jewellery,video_20260404_114752,11730
1,Right,small_object_proposal,heuristic,1.0,1321.0,678.0,1353.0,715.0,1,0.0,artificial_jewellery,video_20260404_114752,11730
1,Right,small_object_proposal,heuristic,1.0,1345.0,616.0,1375.0,642.0,0,8.602325267042627,artificial_jewellery,video_20260404_114752,11730
0,Left,person,yolo,0.4152989983558655,370.130126953125,5.5023193359375,1390.8427734375,982.9257202148438,5,0.0,artificial_jewellery,video_20260404_114752,11760
1,Right,person,yolo,0.4152989983558655,370.130126953125,5.5023193359375,1390.8427734375,982.9257202148438,5,0.0,artificial_jewellery,video_20260404_114752,11760
1,Right,small_object_proposal,heuristic,1.0,1301.0,650.0,1331.0,706.0,2,0.0,artificial_jewellery,video_20260404_114752,11760
0,Left,person,yolo,0.658247709274292,3.33197021484375,2.873565673828125,1304.67919921875,994.2539672851562,5,0.0,artificial_jewellery,video_20260404_114752,11790
0,Left,sandwich,yolo,0.3243201076984405,1050.0435791015625,407.6708679199219,1492.6629638671875,774.5615844726562,5,0.0,artificial_jewellery,video_20260404_114752,11790
0,Left,dining table,yolo,0.2991425395011902,121.83984375,399.89788818359375,1920.0,1065.352294921875,5,0.0,artificial_jewellery,video_20260404_114752,11790
0,Left,small_object_proposal,heuristic,1.0,1239.0,723.0,1265.0,771.0,0,6.0,artificial_jewellery,video_20260404_114752,11790
1,Right,person,yolo,0.658247709274292,3.33197021484375,2.873565673828125,1304.67919921875,994.2539672851562,2,0.0,artificial_jewellery,video_20260404_114752,11790
1,Right,sandwich,yolo,0.3243201076984405,1050.0435791015625,407.6708679199219,1492.6629638671875,774.5615844726562,5,0.0,artificial_jewellery,video_20260404_114752,11790
1,Right,dining table,yolo,0.2991425395011902,121.83984375,399.89788818359375,1920.0,1065.352294921875,5,0.0,artificial_jewellery,video_20260404_114752,11790
1,Right,small_object_proposal,heuristic,1.0,1287.0,666.0,1331.0,701.0,1,0.0,artificial_jewellery,video_20260404_114752,11790
0,Right,person,yolo,0.661896824836731,3.837982177734375,1.961151123046875,1332.9891357421875,1039.1253662109375,1,0.0,artificial_jewellery,video_20260404_114752,11820
0,Right,sandwich,yolo,0.3097145855426788,1055.933837890625,420.9479370117187,1404.3934326171875,702.0186767578125,3,0.0,artificial_jewellery,video_20260404_114752,11820
0,Right,small_object_proposal,heuristic,1.0,1252.0,719.0,1293.0,764.0,0,23.0,artificial_jewellery,video_20260404_114752,11820
0,Right,small_object_proposal,heuristic,1.0,1310.0,767.0,1372.0,795.0,0,10.0,artificial_jewellery,video_20260404_114752,11820
0,Right,small_object_proposal,heuristic,1.0,1324.0,725.0,1373.0,744.0,0,12.0,artificial_jewellery,video_20260404_114752,11820
1,Left,person,yolo,0.661896824836731,3.837982177734375,1.961151123046875,1332.9891357421875,1039.1253662109375,5,0.0,artificial_jewellery,video_20260404_114752,11820
1,Left,sandwich,yolo,0.3097145855426788,1055.933837890625,420.9479370117187,1404.3934326171875,702.0186767578125,3,0.0,artificial_jewellery,video_20260404_114752,11820
1,Left,small_object_proposal,heuristic,1.0,1125.0,744.0,1272.0,776.0,0,6.0,artificial_jewellery,video_20260404_114752,11820
1,Left,small_object_proposal,heuristic,1.0,1252.0,719.0,1293.0,764.0,1,0.0,artificial_jewellery,video_20260404_114752,11820
0,Left,person,yolo,0.5664446353912354,7.083984375,1.067138671875,1312.2711181640625,1046.3369140625,5,0.0,artificial_jewellery,video_20260404_114752,11850
0,Left,person,yolo,0.3168241083621979,707.1295166015625,3.94573974609375,1912.7271728515625,824.5607299804688,5,0.0,artificial_jewellery,video_20260404_114752,11850
0,Left,sandwich,yolo,0.2613379061222076,1050.97412109375,429.7246398925781,1435.5084228515625,725.5897216796875,3,0.0,artificial_jewellery,video_20260404_114752,11850
0,Left,small_object_proposal,heuristic,1.0,1257.0,738.0,1273.0,784.0,0,6.0,artificial_jewellery,video_20260404_114752,11850
1,Right,person,yolo,0.5664446353912354,7.083984375,1.067138671875,1312.2711181640625,1046.3369140625,0,6.7288818359375,artificial_jewellery,video_20260404_114752,11850
1,Right,person,yolo,0.3168241083621979,707.1295166015625,3.94573974609375,1912.7271728515625,824.5607299804688,5,0.0,artificial_jewellery,video_20260404_114752,11850
1,Right,sandwich,yolo,0.2613379061222076,1050.97412109375,429.7246398925781,1435.5084228515625,725.5897216796875,3,0.0,artificial_jewellery,video_20260404_114752,11850
1,Right,small_object_proposal,heuristic,1.0,1326.0,621.0,1376.0,671.0,0,12.0,artificial_jewellery,video_20260404_114752,11850
1,Right,small_object_proposal,heuristic,1.0,1335.0,678.0,1368.0,737.0,2,0.0,artificial_jewellery,video_20260404_114752,11850
1,Right,small_object_proposal,heuristic,1.0,1308.0,788.0,1358.0,807.0,0,1.0,artificial_jewellery,video_20260404_114752,11850
0,Left,person,yolo,0.6045411229133606,0.0,1.94769287109375,1403.8062744140625,1037.44775390625,5,0.0,artificial_jewellery,video_20260404_114752,11880
0,Left,small_object_proposal,heuristic,1.0,1277.0,841.0,1318.0,871.0,0,24.041630560342615,artificial_jewellery,video_20260404_114752,11880
1,Right,person,yolo,0.6045411229133606,0.0,1.94769287109375,1403.8062744140625,1037.44775390625,5,0.0,artificial_jewellery,video_20260404_114752,11880
0,Right,person,yolo,0.6422442197799683,5.47265625,6.725006103515625,1400.6917724609375,1036.584228515625,4,0.0,artificial_jewellery,video_20260404_114752,11910
0,Right,small_object_proposal,heuristic,1.0,1369.0,712.0,1398.0,775.0,2,0.0,artificial_jewellery,video_20260404_114752,11910
1,Left,person,yolo,0.6422442197799683,5.47265625,6.725006103515625,1400.6917724609375,1036.584228515625,5,0.0,artificial_jewellery,video_20260404_114752,11910
0,Right,person,yolo,0.6137747764587402,5.6986083984375,0.82855224609375,1382.2816162109375,1040.344970703125,5,0.0,artificial_jewellery,video_20260404_114752,11940
0,Right,pizza,yolo,0.4688702225685119,1028.9578857421875,421.30224609375,1417.6376953125,740.4701538085938,4,0.0,artificial_jewellery,video_20260404_114752,11940
0,Right,person,yolo,0.4108669757843017,665.0185546875,4.97442626953125,1890.229736328125,806.3611450195312,5,0.0,artificial_jewellery,video_20260404_114752,11940
0,Right,small_object_proposal,heuristic,1.0,1290.0,668.0,1335.0,717.0,0,16.0,artificial_jewellery,video_20260404_114752,11940
0,Right,small_object_proposal,heuristic,1.0,1355.0,696.0,1383.0,752.0,0,4.0,artificial_jewellery,video_20260404_114752,11940
1,Left,person,yolo,0.6137747764587402,5.6986083984375,0.82855224609375,1382.2816162109375,1040.344970703125,5,0.0,artificial_jewellery,video_20260404_114752,11940
1,Left,pizza,yolo,0.4688702225685119,1028.9578857421875,421.30224609375,1417.6376953125,740.4701538085938,4,0.0,artificial_jewellery,video_20260404_114752,11940
1,Left,person,yolo,0.4108669757843017,665.0185546875,4.97442626953125,1890.229736328125,806.3611450195312,5,0.0,artificial_jewellery,video_20260404_114752,11940
1,Left,small_object_proposal,heuristic,1.0,1290.0,668.0,1335.0,717.0,0,12.806248474865697,artificial_jewellery,video_20260404_114752,11940
1,Left,small_object_proposal,heuristic,1.0,1170.0,675.0,1199.0,705.0,0,11.0,artificial_jewellery,video_20260404_114752,11940
0,Right,person,yolo,0.7006126642227173,4.791229248046875,2.5660400390625,1396.086181640625,1026.87451171875,2,0.0,artificial_jewellery,video_20260404_114752,11970
0,Right,person,yolo,0.4644090831279754,538.7579345703125,0.60736083984375,1911.4150390625,1021.9375,5,0.0,artificial_jewellery,video_20260404_114752,11970
0,Right,small_object_proposal,heuristic,1.0,1416.0,630.0,1472.0,697.0,1,0.0,artificial_jewellery,video_20260404_114752,11970
0,Right,small_object_proposal,heuristic,1.0,1299.0,659.0,1318.0,705.0,0,12.0,artificial_jewellery,video_20260404_114752,11970
1,Left,person,yolo,0.7006126642227173,4.791229248046875,2.5660400390625,1396.086181640625,1026.87451171875,5,0.0,artificial_jewellery,video_20260404_114752,11970
1,Left,person,yolo,0.4644090831279754,538.7579345703125,0.60736083984375,1911.4150390625,1021.9375,5,0.0,artificial_jewellery,video_20260404_114752,11970
1,Left,small_object_proposal,heuristic,1.0,1292.0,728.0,1327.0,757.0,0,15.652475842498529,artificial_jewellery,video_20260404_114752,11970
1,Left,small_object_proposal,heuristic,1.0,1299.0,659.0,1318.0,705.0,1,0.0,artificial_jewellery,video_20260404_114752,11970
1,Left,small_object_proposal,heuristic,1.0,1173.0,677.0,1196.0,713.0,1,0.0,artificial_jewellery,video_20260404_114752,11970
0,Left,person,yolo,0.6797434091567993,4.352508544921875,2.396759033203125,1346.03173828125,1032.4962158203125,5,0.0,artificial_jewellery,video_20260404_114752,12000
1,Right,person,yolo,0.6797434091567993,4.352508544921875,2.396759033203125,1346.03173828125,1032.4962158203125,0,20.96826171875,artificial_jewellery,video_20260404_114752,12000
1,Right,small_object_proposal,heuristic,1.0,1336.0,689.0,1379.0,787.0,2,0.0,artificial_jewellery,video_20260404_114752,12000
1,Right,small_object_proposal,heuristic,1.0,1386.0,744.0,1429.0,778.0,0,8.0,artificial_jewellery,video_20260404_114752,12000
1,Left,person,yolo,0.7337342500686646,0.0,4.271942138671875,1141.5341796875,1008.722900390625,5,0.0,artificial_jewellery,video_20260404_114752,12030
1,Left,small_object_proposal,heuristic,1.0,1137.0,725.0,1172.0,764.0,0,21.0,artificial_jewellery,video_20260404_114752,12030
1,Left,small_object_proposal,heuristic,1.0,1108.0,695.0,1133.0,740.0,1,0.0,artificial_jewellery,video_20260404_114752,12030
0,Left,person,yolo,0.4452380836009979,239.23599243164065,4.11163330078125,1215.7796630859375,919.2559204101562,5,0.0,artificial_jewellery,video_20260404_114752,12060
0,Left,person,yolo,0.3070661425590515,1128.283935546875,6.933563232421875,1917.5904541015625,1043.531494140625,2,0.0,artificial_jewellery,video_20260404_114752,12060
0,Left,small_object_proposal,heuristic,1.0,1113.0,617.0,1139.0,667.0,1,0.0,artificial_jewellery,video_20260404_114752,12060
1,Right,person,yolo,0.4452380836009979,239.23599243164065,4.11163330078125,1215.7796630859375,919.2559204101562,4,0.0,artificial_jewellery,video_20260404_114752,12060
1,Right,person,yolo,0.3070661425590515,1128.283935546875,6.933563232421875,1917.5904541015625,1043.531494140625,5,0.0,artificial_jewellery,video_20260404_114752,12060
0,Left,person,yolo,0.3849504292011261,277.32879638671875,2.90826416015625,1363.0645751953125,915.1439208984376,5,0.0,artificial_jewellery,video_20260404_114752,12090
0,Left,small_object_proposal,heuristic,1.0,1147.0,626.0,1176.0,663.0,0,16.64331697709324,artificial_jewellery,video_20260404_114752,12090
0,Left,small_object_proposal,heuristic,1.0,1129.0,725.0,1155.0,763.0,0,12.0,artificial_jewellery,video_20260404_114752,12090
1,Right,person,yolo,0.3849504292011261,277.32879638671875,2.90826416015625,1363.0645751953125,915.1439208984376,5,0.0,artificial_jewellery,video_20260404_114752,12090
1,Right,small_object_proposal,heuristic,1.0,1195.0,638.0,1255.0,673.0,0,14.0,artificial_jewellery,video_20260404_114752,12090
0,Left,person,yolo,0.5563740730285645,268.96893310546875,4.258209228515625,1270.5618896484375,891.199951171875,5,0.0,artificial_jewellery,video_20260404_114752,12120
1,Right,person,yolo,0.5563740730285645,268.96893310546875,4.258209228515625,1270.5618896484375,891.199951171875,5,0.0,artificial_jewellery,video_20260404_114752,12120
1,Right,person,yolo,0.2565679550170898,1187.784423828125,5.650726318359375,1919.1318359375,974.6435546875,4,0.0,artificial_jewellery,video_20260404_114752,12120
1,Right,small_object_proposal,heuristic,1.0,1196.0,621.0,1226.0,647.0,1,0.0,artificial_jewellery,video_20260404_114752,12120
